Date,SPY,QQQ,IWM,TLT,LQD,GLD,SLV,USO,AAPL,MSFT,NVDA,TSLA,ARKK,COIN,XLE,CAT,LMT,XLF,JPM,VNQ,JNJ,PG,WMT,DIS,AMD
2021-05-06,0.007953792181294711,0.007509264714480078,0.000853898843658072,0.0016450313047058807,0.0019004453165069643,0.016542002735280385,0.03204123257852464,-0.005613577127234463,0.012721346813056117,0.01314002809883287,0.004451049350460004,-0.011090612633393284,-0.029198507252515767,-0.061329960707323994,0.005137508044168121,-0.003410769996142323,0.0025075899681348936,0.014743918868837613,0.019924401997543185,0.005573697105378262,0.00400228474187714,0.012509472137916398,0.007114938053137962,0.0015413497532878614,0.0007705825981542196
2021-05-07,0.007251780800216768,0.00808150138592529,0.012500855891980384,-0.004943752234917743,0.00037957188241290933,0.00895658735382193,0.003933855341428456,0.0004502579483839958,0.005313073484811775,0.010872489132090744,0.019721002616577842,0.013219694470214068,0.012657266220918128,0.026670305172962726,0.017682910761318088,0.016400111670188924,0.007715257924688721,0.005307551432497926,0.0034170688177294554,0.013087884833422866,0.004520813660190728,7.37980669154807e-05,-0.00604439967937082,0.01663841819291693,0.011742294291389961
2021-05-10,-0.009951606506557744,-0.025578792004108744,-0.025751346239320128,-0.010178680164538528,-0.00540366785729934,0.0030259218728549953,-0.004722516947066376,0.001124715834372839,-0.026143178169175694,-0.021136037693014635,-0.03759304385161319,-0.0666139869184463,-0.05373305612838856,0.10689516895207857,0.0003727974607727237,0.006699612136341701,0.007147678164088219,-0.0007941571788319503,-0.00012392381471830325,-0.00030450203251480374,0.01044942758166681,0.01847415570474542,0.004412445116595312,-0.002925618620626552,-0.03643813681747763
2021-05-11,-0.00896488916418343,-0.0013822843874449224,-0.003191995643999314,-0.00567588300663394,-0.0036696918167943055,0.0001742848474817966,0.012544252769846992,0.008729756532351094,-0.0074378845990097624,-0.0038506020470431292,0.0028351084594450916,-0.019001672485714622,0.02037191786295312,0.03202549690669212,-0.026058414084320077,-0.013737182681788371,-0.013624689471395193,-0.01790745829816148,-0.016763186453368616,-0.012680692558713397,-0.008197078071996274,-0.004951433494097759,-0.009059570004846102,-0.01437317311984849,0.010993488142393083
2021-05-12,-0.021474123836944095,-0.026224053914620602,-0.03301045838316689,-0.01056312179372017,-0.005452770271594783,-0.009983483413452903,-0.022853631395201756,0.007770097661356669,-0.025254778426093395,-0.029802596837785505,-0.039039929271232364,-0.04525703659502094,-0.03803028131402145,-0.06613280219209451,0.004771274277714194,-0.008308583072439665,-0.018739489141122848,-0.010301282914632717,-0.006898847875538616,-0.025642329454392807,-0.004034341533443347,-0.01064116577919198,-0.02620941612596044,-0.02125121591364621,-0.028918664350275007
2021-05-13,0.011940860335030272,0.007701686863417609,0.018241996688911112,0.0015472977475101768,0.003766500184469186,0.004098917859921596,0.0027860593075855755,-0.03167736067225913,0.017761094302411438,0.016721382066530486,-0.006800570129931932,-0.03133918628539079,-0.026583571357806382,-0.06749286699884871,-0.012260782090223212,0.01152101956395482,0.01861068922827654,0.015948337098361468,0.025397072690891587,0.012903353607982027,0.010409039404562448,0.015955888970231768,0.016777920618948908,0.002751359305313841,-0.020985039973627197
2021-05-14,0.015238592592025025,0.021836683737371968,0.024132524421357333,0.0093080405790293,0.005432538147665427,0.009074563611959028,0.01185313140228154,0.020335036596548024,0.01965033763298812,0.020848330675398433,0.04140939794967468,0.031084853734470938,0.04741053769221581,-0.025714489119732915,0.030561042939786013,0.008957198208531355,0.00773238880599445,0.015698195020053495,0.01542244542768454,0.011812482241713792,0.0015289455033444135,0.0021035146771251063,0.00921658723288326,-0.026362190923923726,0.02031489248236191
2021-05-17,-0.0025477692775302844,-0.006084824705881911,0.0013566707592677575,-0.002117905745921469,-0.0011457303015025187,0.011572105937362132,0.028269121741462164,0.015094633252671224,-0.009301606504503457,-0.012040670104531082,-0.005456172516523687,-0.02213414578006038,-0.00963308765417395,-0.03999660493012787,0.022917583613465263,0.010513122058335034,0.0008694861065047265,0.0018460321353296612,0.004015999206969605,0.0010295532264892385,0.0009981312437398067,-0.0020310990597690376,-0.00452596709587281,-0.02106075924551975,0.0008041435550885848
2021-05-18,-0.008653039650162857,-0.006773709854115035,-0.007619739479428502,-0.00256202652356538,-0.0032898322768512,0.0019442812059788442,-0.0015285029881024774,-0.012191201414644755,-0.011309570250033542,-0.008601899044608993,-0.010627429320384983,0.0018013224952045325,0.0142241760779254,-0.03793249033705447,-0.023478290680349016,-0.02197262750935033,-0.010021303398053532,-0.01406432426025479,-0.014188929341544497,0.0002056125782879592,0.00035211059213950853,-0.010289855700458561,0.021511009718247678,-0.0023546715306225143,-0.002817079854623155
2021-05-19,-0.0026252529414652476,0.00114765914931192,-0.00772417510731334,-0.002421667061414128,-0.0017644094344262124,0.0006853819629941132,-0.016191567420575082,-0.03195014803332725,-0.001282180340709731,0.0024708011470925897,0.003560999259252551,-0.025252562795766022,-0.017520667491503644,-0.061252420336539645,-0.02519301489760933,-0.01091665143264357,-0.004347871454424024,-0.006165196741708489,-0.007667054078136387,-0.003194470635414244,-0.0021735157903174426,0.002051641098525769,7.060628885340679e-05,-0.0024191863104539887,0.02376166546607382
2021-05-20,0.01070054722423448,0.019158723237738956,0.006630769540000021,0.008195043164932157,0.006810116028088158,0.004556871795741219,0.002329246889963728,-0.022117087415870915,0.0207942989374616,0.013725845216318273,0.038134455477531304,0.040553601408475165,0.034551983831198646,0.0375425621070319,-0.0015359144091678296,-0.007968576565597333,0.007184626555659491,0.0005375912027617992,-0.001739564573147261,0.011187439976977362,0.005804202676360931,0.0101969194036713,0.0035168779117310065,0.012271544116521283,0.023722600439356055
2021-05-21,-0.000818932852898059,-0.005550121626100605,0.002594833482581848,0.0032010043824323357,0.0006861785797967027,0.00045446916842239933,-0.010132597243543148,0.02831475340241061,-0.014877215147867112,-0.0053291689992068635,0.025622808413712374,-0.010105809239520404,-0.007061201150185791,-0.03954633407468171,0.002111098687526202,0.009529293975977796,-0.0028367551012354894,0.009894712504584876,0.01131439196011841,-0.0010215197704263642,-0.0006433073678956178,0.0,-0.00471580195097355,0.006050724208645417,-0.01146697373448092
2021-05-24,0.010142625267886663,0.016679012850012352,0.0064797260598331114,0.003697859817384459,0.0027394537749778603,0.001759487487714246,0.008580368960720267,0.029758726086480065,0.013226328957877356,0.022624254115386034,0.040539603403086384,0.04306162202970284,0.026939354930264347,0.004225501356185225,0.009920061611783574,0.007600502092885269,0.001264666509704494,0.00477796295091209,0.005395133784072714,0.012387285472898385,0.0038184297151042756,-0.000289943493821857,7.094365281863388e-05,0.01101798200761283,0.0034927177527787753
2021-05-25,-0.0022211021710442764,0.0013827856242038927,-0.009712796338087804,0.009220759263966058,0.0037176313131616844,0.009031903514378268,0.009277212737119046,-0.0022237565389224214,-0.0015747371019325745,0.0037413578122404687,0.0022873275121149434,-0.002889839951081735,0.005960288386279763,0.07319766159322608,-0.02052076241600182,-0.00789555005896248,-0.00480908721240892,-0.010114391579038411,-0.010387367812066787,-0.00030266009951089617,-0.002759725250113817,0.0034009278981228814,0.0040830499137332835,0.010614078937492496,0.005408875526655007
2021-05-26,0.0019823101813926263,0.003477657367961309,0.018481674838682318,-0.0017227358366422496,-0.0005305447747008905,-0.0017435678186662285,-0.012388841991709757,0.006214014609706075,-0.00039408746058895033,-0.0009140613990746755,0.0033336761806217765,0.023599290742317446,0.018568505864398926,-0.0036782194882646366,0.008873713792207485,0.0022744146628640004,-0.004467451749607723,0.0029385814047533355,-0.00012356369919652198,0.00443143715149511,-0.005955875917763759,-0.0022419716625040613,-0.001195127337199513,0.0017014123573648146,0.006145931469930392
2021-05-27,0.0005251424434091896,-0.0037481854595233888,0.010245119873842806,-0.004030235029791538,-0.0030344981514470104,0.0003940189892895408,0.006987617856332976,0.007713503239096368,-0.012453977724396003,-0.008706036973113108,-0.013595290496724916,0.018752900206065452,0.00759915615700133,0.02280032482066447,0.0007678690839414705,0.014906626207155754,0.00845097744094566,0.011404356496922985,0.015451704993698887,-0.0023139938262656153,-0.00153911193149176,-0.022996096716460836,-0.0033817982576459667,0.014458407121594024,0.001020692023522268
2021-05-28,0.0017871737816653756,0.0031495132436679158,-0.0006649449788180045,-0.0015876311433207745,0.0008350668461502809,0.0037630876338542248,0.001932338265443886,-0.002858110592903192,-0.005362568670251233,0.0014827773749441263,0.04768889593450769,-0.008964584890580655,-0.001604404234413853,-0.04363532946980597,0.0019174047366957289,-0.0008295254506151582,-0.006753769766705235,0.0018445250151102929,-0.0006697089935405367,0.006025169959240754,0.0026032173580946994,-0.0009636437214108367,0.0023963105161474837,-0.0021807486305300034,0.020947184357430877
2021-06-01,-0.0008815088745631864,-0.0033295910120518437,0.011288761267813193,-0.0002242581755929447,0.00012935963561060796,-0.0026945732480542135,-0.0023192691574259864,0.019837242586995457,-0.0026516794757068547,-0.009173544370473867,0.0012306170712946434,-0.002113500469111133,-0.007611404615853892,0.010053292908867466,0.03777558758263078,0.006944754259548579,-0.0007327320548663471,0.006035431605396477,0.01096045948433003,0.0178612534103997,-0.02222444329668359,-0.014716399010653252,-0.0026082303820131915,0.0010631108432476474,0.009074532161387903
2021-06-02,0.0015714960668387241,0.0019507834238213135,0.0011831587591660277,0.0023124669876704307,0.0015959754255718253,0.004878526963101577,0.011925491103674258,0.012227969036399085,0.006256618587328713,-0.00040427959649705505,0.031098492766895976,-0.030563287475861584,0.00044932467523278545,0.00646631689008241,0.018456596861320847,0.002879227715792438,0.008265666116521747,0.0015687196001114444,5.995297915711273e-05,0.01163543344170952,0.004039455829305825,0.004355290681114077,-0.0021905774217887545,-0.01034183256741864,0.014252651523339899
2021-06-03,-0.00371816342795493,-0.01045989910182247,-0.008400366744236009,-0.0037610738648962616,-0.003956614317506896,-0.019772420864664846,-0.026740618753359716,0.0014914180409343815,-0.012228745165607211,-0.006450186320436543,0.011348859209979426,-0.05482031154624073,-0.03538983302982613,-0.028769825276461696,0.002712097476115548,0.0015596345814995116,0.005851734902751037,0.0023480952315509955,0.0006625798612278252,-0.003700913243688591,-0.0009632159603959033,0.01774948912110115,0.0017669468412576852,-0.004302993470789171,-0.02083283283444329
2021-06-04,0.0091040904590316,0.016827157142230476,0.004318921106669821,0.013601802936365983,0.007065194498751658,0.010725633264657355,0.012490466976035362,0.006155110215271782,0.018843649379204037,0.02046389197666998,0.0352298680917327,0.04473860632554938,0.01917646168289763,-0.021062560050134106,0.006658960041682545,0.0007379441275357816,0.017276012452588644,0.0026032536884360385,0.0016233765573691037,0.0004878260576402398,-0.00042161341599232033,0.0007356661170340793,0.0017640877381861798,0.005319331427645799,0.016063647611741335
2021-06-07,-0.0009705821264434888,0.002975395412485299,0.01332333803584229,-0.0030782209947031124,-0.0008328550462990285,0.003999619209610979,0.004643929831076067,0.00021161824599503278,7.931922124102194e-05,0.011970123994656474,0.0023157377714717285,0.01009827208586457,0.02862481224542923,0.011559331380212045,-0.004314206714344832,-0.017611847530261952,-0.006593429703346471,-0.006520068520098268,-0.004697230514890921,0.011731127622656374,-0.0068320733327693495,0.003451250880932446,-0.006719808169980011,-0.0010729001084182556,-0.0028233414262249855
2021-06-08,0.00021319571675760355,0.0004753361663721785,0.01053236186369346,0.00700206976991395,0.003781172155961818,-0.003096867753862795,-0.011260029932949422,0.012822048508777403,0.006649955432726052,-0.004897496736209311,-0.009237136971124802,-0.0025481655598922595,0.0038968875077913965,-0.04774078236356948,0.008609880973338117,0.0016669992911242787,-0.007641001094062015,-0.0026196497761331963,-0.00399195061764669,0.008255085606543935,-0.008835029111909951,-0.011649517082125435,-0.007623156464338581,-0.00373585329315719,-0.005670615423674207
2021-06-09,-0.0014930154311605592,0.00023725661991664713,-0.006677897343088605,0.008789766399350673,0.00361691213415812,-0.0019193434836643904,0.006616100101873249,-0.006285359639427327,0.0030722344290659287,0.0040303182775915415,-0.005443682702107664,-0.008000903407653626,-0.0024780548626440395,0.016450564568662954,-0.006270695142950249,-0.02321055637797939,-0.0044626038954056705,-0.009488853167011462,-0.012563482075649338,0.0013371871115703136,0.013374679615542628,-0.0003709862569392668,-0.005378071929682514,-0.0016460709156693456,-0.011563701302027277
2021-06-10,0.004637532783854424,0.010366489678229934,-0.007443368771693505,0.005981307692171689,0.0045021993575781565,0.004285131517665339,0.007342975088851299,0.005240552616245622,-0.008055643618569754,0.014290722193436491,0.0038381420922592446,0.018761400839628444,0.018611718405318015,-0.011072131160165201,-0.0012588879869054055,-0.038755244720306434,0.0023758103464585818,-0.011720688383673242,-0.015711664442019133,0.00713460668032132,0.008957949129891426,0.007391786366200075,0.005735519918538594,0.0030060738479527702,0.01981241759000372
2021-06-11,0.001651151406353639,0.002611619743720044,0.01049934492188912,-0.0016147225549593104,0.0008233515911530387,-0.011316177890912231,-0.0038579705963594094,0.005005179582537335,0.00978461807530552,0.002523630410354356,0.02270963821498795,-0.00037708912038201647,0.009952904566073353,0.00928733169310556,-0.0034250511708198714,-0.022535093618759397,0.0,0.006410317910203507,-0.0006856668264880227,-0.0039889381089680265,-0.012769445803747675,-0.006872495536119124,0.0062005779857919816,0.0045771177735085085,-0.003069935578544554
2021-06-14,0.002236540446598713,0.009536900820973018,-0.0029390020594024643,-0.007689147543823568,-0.0036727270277832494,-0.005878166410042197,-0.0011603438188416777,0.005187271753536714,0.024280722142792057,0.0077251547103440905,0.010796908063201976,0.012708130416930218,0.018853181305629914,0.0655930629613939,-0.004343176625187809,-0.007687136644452496,0.0035786218976824793,-0.010437776547309,-0.017114841152563637,0.0038940939062488645,0.0024820708694870282,0.0003708579210535481,-0.0013508537204787762,0.004499728182727001,0.0029473862951033903
2021-06-15,-0.001836032422769539,-0.00655235604050349,-0.002860950578495986,-0.0012041054997301939,0.0007509035699292522,-0.0037848631237422004,-0.007380128074840786,0.013566494867255767,-0.006458488783656221,-0.005904302029384101,-0.012860445122987233,-0.03012429716067012,-0.027762935779692938,-0.0292397364198092,0.018863524403570645,0.002052631163905472,0.0017717032659942092,0.001881372755195317,-0.015284468275025711,-0.010769739255258587,-0.005335660075048446,-0.0019292183400400125,-0.003992143921179744,-0.013105931439679861,-0.013331907161236407
2021-06-16,-0.00559892656941622,-0.0036588044686280585,-0.002129320172091258,-0.0008511797832450104,-0.0028555083873279294,-0.01703600368035545,-0.01532143076128068,-0.00470684473423503,0.003926673994050478,-0.0038005357802423333,0.0012218241453328125,0.009151155788618984,-0.004877551258172094,-0.018077247031833502,-0.005353472623012312,-0.010535593552495627,-0.016033520725563397,-0.0010744928433397737,0.006999746565623865,-0.006536976657460671,-0.000364626246744773,-0.013985184242845389,-0.02056705710325519,-0.006846924446777471,-0.0044837614817647194
2021-06-17,-0.00033174802984828496,0.01261764468741948,-0.011287392773394462,0.014860750607874762,0.005552873727223654,-0.03122282591641038,-0.0490871611546683,-0.014671181174468589,0.012521704718539285,0.013583491769005777,0.046460782775350214,0.0192069740346885,0.03407611539236812,0.011379864134770637,-0.034586536894555424,-0.03614936646872055,-0.0018264597242796316,-0.030015747178035256,-0.029285250847395524,-0.0012548113804108937,0.004792902906866887,0.009071619271624433,0.004147337929025352,-5.731995755953678e-05,0.054060614844156946
2021-06-18,-0.013582230250938685,-0.00787815892448544,-0.0229638346731122,0.018631273600764924,0.005224662608593509,-0.005562705142465907,-0.007093711448091927,0.006639022098204193,-0.010143025582518367,-0.005650249854857766,-0.0009923548490865294,0.010823457790849946,0.003369814329734543,-0.005957232032662479,-0.030083300054321884,-0.002820710920239118,-0.009736528070381856,-0.02439518371108103,-0.0256286098370893,-0.017142771956409522,-0.01980485318841837,-0.01473621181811286,-0.01868946586570643,-0.01285071615595338,0.0010638139147835012
2021-06-21,0.014214430749601875,0.006195733327203034,0.021158519655284688,-0.01688522016276967,-0.00582355608178826,0.012173251058176099,0.008340363891643427,0.020467353594847686,0.014005527569334132,0.012259530012023161,-0.011411841987338201,-0.003986737073227453,0.005117285396653452,-0.02961108238113393,0.04173195453493952,0.020613334013037936,0.008691259320769348,0.023071115927086678,0.01682636099929312,0.0204209722102734,0.011417192274761227,0.007846477373807243,0.009058498658951503,0.008949540041530113,-0.02463656312309244
2021-06-22,0.005332265882189266,0.009278156021480945,0.004529297771680433,0.002439765091533087,0.0016457500886233292,-0.00420166857422807,-0.009597383943379018,0.0012147715471398123,0.01261828386002005,0.010906185743459553,0.024629994763298312,0.004628256702323365,0.012555730095521774,-0.000584199718563428,0.006635804771400893,-0.0003752056071692575,-5.2156066018540766e-05,0.0016694191403543424,-0.00146359595317795,-0.0052116011106185835,-0.0013436350918143757,0.00037552005541266226,0.004608309447261182,-0.002705249509753262,0.011915715445786316
2021-06-23,-0.00120635772700052,0.0004890710165250152,0.0032855832859572153,-0.0025793924812545573,-0.001570696175953984,-0.0006618767987564016,0.003348681344247447,0.006052127684481837,-0.002091787319172011,-0.0009043045648104529,0.008986707776297776,0.0513438209840323,0.020528268420385607,0.01578695523394342,0.002752238612221912,0.0030916930400173275,-0.013556435792394475,0.0019441206050086087,0.006039916115742421,-0.0017432536261554996,-0.006069121879448155,-0.0014282876218903885,-0.007839384913579706,0.010492263529509866,0.002867359928500396
2021-06-24,0.0058983920568056025,0.006163900921245759,0.014027046639607481,0.0016041003253973367,0.0019446723464654541,-0.0006021199876096117,0.004586233077371019,0.0024105863466912614,-0.0021715479190322546,0.005338707036195795,0.007749285738465341,0.03479874196476401,0.014067171512744447,0.017195661143753507,0.00857433270747296,0.025628984316148847,0.00105958302964845,0.012408764938880852,0.009156134807188665,-0.002159454615857958,0.004540059468243298,0.0006769110205879105,0.006963209299394572,0.01472036863152502,0.026837754855435637
2021-06-25,0.0035458598796328316,-0.0012297624138212146,0.0016802154287483312,-0.0104373761815464,-0.0026188404390393707,0.003306999189259349,0.005806710057140289,0.008192669398432578,-0.0022512321038179964,-0.006281603757806614,-0.00912725178401556,-0.011763228305736263,0.0016748445587473596,-0.02372104778969177,0.005253930773969449,-0.013910672808431276,0.01126726817278875,0.01198639953363789,0.010046956169995997,0.006727627200276238,0.005128645018870066,0.014182298179997853,0.011763162354253415,0.002357711903316863,-0.005590460915970975
2021-06-28,0.002013848534809786,0.012088284653174547,-0.0079529098071955,0.010228108926500284,0.0042611350488755044,-5.999643961855651e-05,0.0012398753262378706,-0.014230104397403666,0.012467833903972209,0.013864452313004713,0.04891269953662938,0.024769941961746585,0.037075991416464574,0.0940786624174773,-0.03437500915869866,-0.00018485807219297278,-0.0050910564323416885,-0.007338020074270663,0.0018158318964482207,-0.002919771298605497,-0.0011577864176879195,0.002960359138847381,-0.0031089327056318403,-0.01003058855239351,0.01690832459807357
2021-06-29,0.000537971585941287,0.0036122512101287928,-0.004784849851577966,0.00167253755886535,0.0011931228237095886,-0.010561034647227364,-0.013305797344578459,0.007040127097218515,0.011434448923416704,0.009923755473818477,0.0020869834039019554,-0.011624991064810086,0.004978853380418643,0.0327387898897536,-0.004874411546039066,-0.005424832524871934,-0.01765205690227921,-0.0035525440631396055,-0.0012319042491300367,-0.00273242688437947,6.110963602909261e-05,-0.006821980962369799,-0.005809483414172194,-0.01506444574706364,0.027634769110794186
2021-06-30,0.0008413758901831055,-0.0015786548850378944,0.00013074226342813588,0.004443065527188816,0.0011170939525314294,0.004841763592293601,0.01371877398528843,-0.000200427413466966,0.004610687652624595,-0.0018436793748044852,-0.0012116210299967063,-0.0015582931945794674,-0.0007644479334986641,-0.006296718381696993,0.012327195717705942,0.011693445352551794,0.01311593744840641,0.004370129485060525,0.009041553734576038,-0.005290961330604439,0.004319196760606939,0.003935861330996744,0.026733136411878133,0.01052341729299295,0.04808780075098334
2021-07-01,0.005521217441435639,0.00039500815827113233,0.0087682094351931,5.552263422727263e-05,-0.0008728419716308033,0.0034354496150826534,-0.0045519922662285005,0.014726591790788236,0.0022608244372233416,0.002580784553065861,0.01041909721726528,-0.0026222581937176714,-0.012464502560447515,-0.047953563924233535,0.01729914367552687,-0.0042359730469947714,0.004930296139661147,0.007873089153786001,0.00985275152392058,0.004313436043900125,0.007378135370899014,0.002294979143803996,-0.012128238996308684,0.008441261020354708,-0.0066225701739291145
2021-07-02,0.007614526814550297,0.011413197646655722,-0.00955320227844042,0.006015536298286811,0.0028319858456113418,0.0065369291506959725,0.018085105655199784,0.006105412872255298,0.019407089048203874,0.022030756645492654,0.013513987681717207,0.001444593124038416,-0.007850563143387201,-0.002986567738554,-0.0021919208787780993,0.004833344240645917,0.003334648807421408,-0.0010822689714421881,-0.0009612793330364375,0.0030277685334124025,0.018033317196683284,0.004868323289786119,0.005654414875907687,-0.0008465529126883918,0.014786710885035656
2021-07-06,-0.0018231985468208764,0.004312507942590062,-0.014636141105436751,0.0116533920584879,0.00363996888020193,0.004949187883217545,-0.013120307227565317,-0.02043111355236838,0.014611134849431993,3.588397955551647e-05,0.010270836097084837,-0.02887058319813403,-0.007126357059425254,-0.022305747029044965,-0.03308838362878599,-0.019663165335922776,-0.007419564960416278,-0.015825568668845033,-0.016934050078828058,0.007287437621143471,-0.0059948670292005206,0.0005883341854237874,-0.0012139867142050632,-0.019498965214928474,-0.002431631263862545
2021-07-07,0.003527868697584172,0.002107747081192857,-0.009341232209255267,0.008820284973177644,0.0034051731195194924,0.0037995736126820853,0.0004126358227933784,-0.02516369911662871,0.017796196331350694,0.008142220060970862,-0.015912229124724554,-0.022895747206025715,-0.023698901572224925,0.06798134728648751,-0.016387606165465782,0.005464709128514787,0.012622552154047218,0.0013740729449770951,0.0011725060317626722,0.0034794717953632315,0.0085366129682229,0.007473005624477485,-0.0016449095702212855,-0.0050214646835011825,-0.04249058458297099
2021-07-08,-0.008181401905186915,-0.006057636465499626,-0.009249028915093459,0.003910122428896949,0.0005171132709560948,-0.0006520293887520076,-0.009533731992860594,0.017519303400777134,-0.009242548567853837,-0.00900676496145511,-0.023291120460941502,0.012578594031283601,-0.007674671013532466,-0.030954020986317658,-0.005780423635200376,-0.012089969433433875,-0.009326875367207159,-0.020252996707969116,-0.01740416817727807,-0.0028019737683250847,-0.0019497772322301947,-0.00014592457268869157,-0.0008595354931500077,-0.00011577349746098917,-0.00887517537649346
2021-07-09,0.010618078287934464,0.006224098072097589,0.020890100821216038,-0.01416280074515278,-0.004219035069563481,0.0033150614410246745,0.007468926933622075,0.017812927447246028,0.012970619746043757,0.0018725412805182893,0.007383733995968094,0.006321812249023811,0.01855999716303427,0.0385057170070623,0.021033270204005246,0.024725906149983257,0.008361434908026433,0.028458696857713895,0.03149823826692841,0.01631342598486064,0.003954604872978394,0.00036486636502327933,0.005073447653029944,0.024240800001445025,0.012843441226605693
2021-07-12,0.0035757037406383176,0.0038979551791397597,0.0008388502814474056,-0.001297540622056522,-0.0005192318558545564,-0.0012418718351821449,0.003713647772034672,-0.0019856732677942016,-0.004212835887983218,-0.0022332369431482912,0.022792810241284253,0.042832279170544864,-0.007029920194087155,-0.024764526154868984,-0.0015147029579069074,0.005320912108948593,-0.010601459365745091,0.009758979495157066,0.014214200818112784,0.008530190451530164,-0.0015917736447616077,0.0008023767062382666,-0.001783420899011699,0.04062342417631435,-0.0009906331528159507
2021-07-13,-0.0034147156909052406,0.0,-0.01902594036439459,-0.007682650670955991,-0.003717473219929503,0.0013009357869861221,-0.008271377199322947,0.016558630429281487,0.007858335834709566,0.013111468900430712,-0.01287965665048128,-0.02534398967789309,-0.019999838247224646,-0.017760867084707744,-0.007609076264462505,-0.015630521965133752,-0.0032498212095655767,-0.010849099823666962,-0.014984887607141189,-0.014065786578490036,-0.0012399836731915225,-0.0012401184503469831,0.0037773468494960156,-0.003967279245406559,-0.006074966750587357
2021-07-14,0.001490879706366731,0.0017916883413124946,-0.015550238869202386,0.011298073328240572,0.004607575979861232,0.010697757313475486,0.010328536387366949,-0.02875757377561238,0.023814786183175483,0.005430383527290171,-0.020379169278256275,-0.022937323111711275,-0.034107528955195504,-0.05651792448827649,-0.030240705902355104,-0.016634585515791105,-0.0027032319235756478,-0.004646542162066184,-0.003411035702163214,0.0069625459272620914,0.006770989808732598,0.007346660580448226,0.0068763814883657515,-0.0012531262779466733,-0.013496374060545435
2021-07-15,-0.0034213775408617787,-0.007048076403477695,-0.0056812972131658835,0.010969740248473903,0.002147770999693999,0.00017546425482688882,0.0020529359704638925,-0.013368638156530003,-0.004502143936015975,-0.005252425080569266,-0.045114792182437996,-0.004263873629526309,-0.015091679720390438,-0.02336379002896071,-0.014072193363178782,-0.0010875095933049826,0.0037877101398001408,0.0032819920781405054,0.0021895009961036866,0.0016144447713146723,-0.012102038044315701,0.008515498578793761,0.0007766498513524625,0.003971989560516492,-0.024094843404265567
2021-07-16,-0.007874463562983618,-0.00813248242774687,-0.012391076640479807,-0.0018875772898030317,-0.001406373372939031,-0.009751038308664077,-0.025338788999952875,0.0020370443754190552,-0.014176080610400401,-0.0009970206561655474,-0.043384442169197436,-0.009854715165981515,0.0011162107645558872,0.001690195334048815,-0.028752586400966944,-0.016501679482069466,-0.0029387151768379333,-0.013747522231134074,-0.023100206773047194,-0.0006645069421361954,-0.0016048306334494778,0.009654571206415902,-0.0007061220331735872,-0.026634460396447558,-0.012035799929632291
2021-07-19,-0.014878058529062942,-0.008227413905365055,-0.015093629833104907,0.021691781153542245,0.007160811658324716,0.001179853512608669,-0.020400177424005798,-0.06951627893717599,-0.027282972654862583,-0.013410898206540667,0.03350274585577623,0.003099673103658058,0.006415507440201277,-0.019748381773935907,-0.035972091725040865,-0.018345457712984865,-0.013669129183840709,-0.028360938231083824,-0.03305962524603554,-0.018400047115032667,-0.00728417882782399,-0.0004982194325667894,-0.002333841504691736,-0.03611359888214919,0.008001462490604131
2021-07-20,0.014228811047204118,0.011549825116844752,0.030558465982709653,-0.009686595057295175,-0.0013984336951138254,-0.0012979424872485647,-0.006461427817080758,0.014510231412515527,0.025642240217696538,0.008304506446377096,-0.008972287901315037,0.021857165705963834,0.029240922343766493,0.019526198992689217,0.013326292241483005,0.023745600725294923,0.021171182569031572,0.024477317626807615,0.018471564662618612,0.02332566273532761,0.009364120476340733,-0.005354675611867641,0.004521344712733368,0.021733851753042585,0.006102831674939754
2021-07-21,0.008063643787483954,0.007690607425372329,0.017077113284597222,-0.012747688561228817,-0.00354236203697519,-0.003726190289074976,0.012027666038153684,0.037142952008094726,-0.005144695325056627,0.0074190509423114085,0.04198139303079602,-0.007919294852611359,0.015611204418352658,0.02593212192759867,0.03428677910679396,0.013231896526988625,0.002391985325987446,0.017085344697413477,0.020822131746178075,-9.448661105334204e-05,0.006154752777906167,-0.003514232471680763,-0.004946437836515133,0.0007915939185223839,0.02606087886835969
2021-07-22,0.0020920474480817172,0.006588414947746751,-0.016024030413175225,0.009408507268560568,0.004131707070325955,0.0019535411866020086,0.005959974688193254,0.018473385028781236,0.009582306207401465,0.016704141220484657,0.009435048127678891,-0.00924460786068585,-0.007775170670400279,-0.020965833359251635,-0.011230518140364933,-0.007478026060247985,-0.002523656329830355,-0.01098929804690424,-0.012706146363012693,-0.007969529074403462,0.002886749258638301,-0.0038386429512433304,0.0007080721770746043,-0.009999374329787265,0.01993195644865417
2021-07-23,0.010235345783716144,0.011609880660032117,0.004656724537175388,-0.006710911365684433,-0.0004424846915761005,-0.003139340880551927,-0.008953335663465902,0.006082805730659389,0.011917827426541629,0.012261410569040187,-0.0018390622999483633,-0.009097683584931696,0.005898209110004571,-0.00514415175227665,-0.0037027608579802917,0.0017673037787185283,0.0022085359754358672,0.0016560560493214208,-0.0019230320683916646,0.008253135298720033,0.01059229174589115,0.014337730654184562,0.00817782082002312,0.005750448560229524,0.010253170519984001
2021-07-26,0.00245199962421093,0.0007874398218835667,0.002910892319436947,-0.002967446713659749,-0.0022116279921682094,-0.0023758261058627853,0.00042818363614986185,0.004034642339618615,0.00289045250892233,-0.002142815627199716,-0.01358997799015596,0.02189168871378688,-0.006802431197332429,0.08734847278765821,0.02443134414887012,0.0071334003364403945,-0.03397674399832137,0.005774864229187514,0.006682030179203533,0.00047238298265448836,0.0004654514673546765,0.00349956849337184,0.0014031285931284936,0.014653168633553959,-0.003587565177029519
2021-07-27,-0.004568121786827547,-0.011079176161748772,-0.0117404634339713,0.010614748699146158,0.004271906544197641,0.0016636888817755746,-0.017271652511608702,-0.004034642339618609,-0.015012638549528435,-0.008721784860004498,-0.0044675342957514385,-0.019718078031379663,-0.024811841289054698,-0.04316735853722361,-0.009295142472961175,-0.00536913533379302,0.017986847128486173,-0.0002745526698792256,-0.0013196989848797747,0.005649623569619709,0.004586204238790212,0.004054980315758095,7.007916943083558e-05,0.004242936040164655,-0.008641026390147015
2021-07-28,-0.0004101065232547332,0.0038342279225975356,0.01459742277967679,6.693726332993304e-05,0.0017626290990925841,0.0050335632022407,0.009104810160594322,0.005040841278820103,-0.012271046357991627,-0.0011172919355909746,0.015241689735815708,0.0034062276545409947,0.022753797569269315,0.02797824479988347,0.009093731866969938,0.007310312266027229,-0.005136801302737698,-0.0013723011610379788,0.001649295045422577,-0.0034803258385005887,-0.002784166917594744,-0.014949943169272435,-0.004074445807424046,-0.0022308753969149117,0.07306383174166953
2021-07-29,0.004138749889872723,0.0017751738518284503,0.0076691242948461755,-0.005561800254919814,-0.002865725078779622,0.011044023020098688,0.02346020344449364,0.018334474589103467,0.004541964890118268,0.000977754069272924,0.00811921981812083,0.04587275846182953,0.0020580437197853314,-0.0250049726467195,0.00960956752951659,0.005282968638181337,-0.0005632730754021972,0.010926376298108957,0.008532937950728313,0.00018849872050668908,0.0,0.00517550607460298,0.0012664141526735474,-0.004196385820448029,0.04999046298172411
2021-07-30,-0.004868260194095459,-0.005225489064996613,-0.006628052995887749,0.004692768241171984,0.0008093492804065373,-0.007918108309762988,-0.00380148949834297,0.00039487577836507583,0.0015096657025234846,-0.005565243266757332,-0.008324400317635346,0.014437208664382839,-0.013245177421201916,0.0033872631705915996,-0.016067757124082743,-0.027714217926632367,-0.002499222712335081,-0.007909477879515845,-0.008005628637456881,0.0013178935045488843,0.00011632241279803935,0.019524247451123005,0.0021770568512058447,-0.013150229397899007,0.030986561575986404
2021-08-02,-0.0021001067659943847,8.253706181541738e-05,-0.004988834295481977,0.008879391420187356,0.002890335876507975,-0.0012374082182159806,-0.004240823762250366,-0.029649598568201038,-0.0023337589203564287,-0.00031589562296138843,0.012790063314310892,0.032174725947111446,0.009290018644081952,-0.00500025595937341,-0.007519497486562737,-0.007719934492960214,-0.009108413217672227,0.00027364763787055034,-0.0040268632065268576,-0.002166201666178534,0.00040636303418071986,-0.002463755582956008,-0.002317785479904075,-0.002673789594623303,0.022717621755154807
2021-08-03,0.00810237863048096,0.006042845899739876,0.004128734101756484,0.0005313049722574345,0.001027434296872388,-0.0007077270423842932,0.006354590982320281,-0.006732695740543896,0.012564829300482234,0.008043116988481086,0.0032858483092445797,9.862134908680057e-05,-0.007458376321137024,-0.022424589177084998,0.01699076802751939,0.016148763791183372,0.003117520226130896,0.011160949667404343,0.011313604174306257,0.0012250264251975126,0.012231097529090783,0.014484209662132454,0.011187366742795423,-0.014690101858916012,0.03553880395447956
2021-08-04,-0.004930907890116308,0.0014438428968821383,-0.01252934730899209,0.002053976572199135,0.0002204171690305511,0.00023593466942563418,-0.005929682178755231,-0.034360438497303795,-0.002786235326180354,-0.002126870310372704,0.022900221360521108,0.001661168327351945,0.0251347785165656,0.059780970558504586,-0.02744921963546491,-0.019273304712222446,-0.021366114899843813,-0.008427225890463179,-0.010850576134621662,-0.003112524455588299,-0.005923477536686652,-0.010615417946232214,-0.0068373715263320076,-0.00237293284295287,0.05370243040568184
2021-08-05,0.0063129990911605415,0.006323143707089895,0.01781292984630817,-0.0051105138794093905,-0.004116462966336869,-0.003959922253451811,-0.0102478128970686,0.018888236633179716,0.0007485482599272196,0.010450772020537461,0.017746062985639008,0.005205072568156722,0.018405115821250477,0.04457985936443715,0.011274441950274905,0.012970489539620874,-0.002381080200422713,0.013018997000512168,0.012549546170303091,0.011645603437189577,0.0019014845808095543,0.000491574594978986,0.01838234288368817,0.023649219378344268,-0.05556983647213301
2021-08-06,0.0016507073468615026,-0.00439189748416771,0.006106682089306962,-0.016842001686338703,-0.008209189112500749,-0.025308704477345147,-0.034049504228998745,-0.01107984135976976,-0.0047785778741570644,-0.00020726902744404391,-0.013218520920434441,-0.02197113034608947,-0.02059763041379032,0.010744457587899133,0.009130356190711175,0.005583057696124944,0.0035141110436227394,0.020008470922234012,0.028007727756414712,-0.0017755342785929565,-0.003344777918535139,-0.007678694086019576,-0.001788822712572814,0.0023739698747916697,-0.020139113381254195
2021-08-09,-0.0008138532355403773,0.001845747429701687,-0.005521174839100472,-0.003592577662440677,-0.0043162509120483125,-0.017894816057729707,-0.03479006606377996,-0.02060179564147391,-0.0003423245300937867,-0.003911519935598769,-0.003492446408810747,0.020752939609055845,0.013645081793794799,0.08249990449202402,-0.014239392490091523,0.0025885630107606254,-0.002793521859673817,0.002638034898102982,-0.0010800263773116966,-0.005346199998397974,0.003459686999992573,0.005430576213871089,0.002407301873424005,-0.002317494867110782,-0.02324509780311045
2021-08-10,0.0012431547397515096,-0.005138974744859499,0.001978499558511469,-0.004629005639185878,-0.002239993691794427,0.00030914743149373187,-0.005994906506175655,0.02291152077017612,-0.0033596665449360207,-0.006576434159935315,-0.01784738737328119,-0.005295892009324611,-0.02649041692000651,-0.03926773267705797,0.017466056711019196,0.024495331959710157,0.003318037818923903,0.010482228672498234,0.012192737914220007,-0.009543011295514506,0.0003455524727867642,0.0006328660247182104,0.021070297398428292,0.001978499556356575,-0.010277568252217362
2021-08-11,0.0024819763143213835,-0.0017187055178391833,0.004884688198149068,-0.0006142082791427471,0.0015687965737963456,0.01369082807188368,0.010124306834811792,0.012919515705086015,0.0017841906197547104,0.0017790180229717949,-0.011959340637290117,-0.003061037245157465,-0.001153542128154948,0.03185986749009255,0.007820764961608617,0.03484147846502697,0.0029218068609070755,0.011404753065970476,0.011859485027083238,0.005868879301459438,0.00017253051921266614,0.0024570098569280585,0.00890565311947277,0.005744016979260619,0.011206663117237222
2021-08-12,0.0029923893643923937,0.0035980559813640627,-0.00237231865104743,-0.0016397559336679486,0.0014166567473354067,0.00024383177142714218,-0.01569022272971224,-0.004149399474018302,0.02056030464373275,0.00991730898298488,0.010403133533130075,0.020181504916966016,0.004523965301976719,-0.08193024192589267,-0.0009991598228334994,-0.006426745751766807,-0.009819254871841815,0.0018027678343299231,0.003901363217049911,0.0021684483954986294,0.008023113630801671,0.002311127444267022,-0.0026798167619973817,0.006715408264117717,-0.011018883581036924
2021-08-13,0.0018182707727573844,0.00350357036943701,-0.009138105961336247,0.01567275720735681,0.006685267484668097,0.014224167163591615,0.02162492000912274,-0.014027199064934987,0.0014098042460115492,0.010435324712233374,0.01411728016051943,-0.007058409103322423,-0.014466095878671996,0.018349138668196617,-0.01186783078920497,-0.007611401207395031,-0.004932114765295826,-0.007488724725390853,-0.01125031433706708,0.005447811833358698,0.005975100151903364,0.004815651074306066,0.003148172987107115,0.009934452380391782,0.03732294975920166
2021-08-16,0.0023517596139506934,0.00043374314537367745,-0.009359400577173469,0.002420469994701552,0.0005920932839214391,0.004975891262677384,0.00589977064204062,-0.008256623270613174,0.013456616450625474,0.005957857515021496,-0.011858905236631643,-0.044187544712866594,-0.026321641479001495,-0.01706346813909558,-0.018585236711484026,-0.003942614741798197,0.006320943577488082,-0.002595369840034385,-0.0065849110706461015,-0.0012185677677619578,0.008980932624271234,0.0069372871291740685,0.008125760168253822,-0.011050530977348294,-0.028163119928291493
2021-08-17,-0.006576735155254218,-0.008846844981422143,-0.0122627844054286,-0.00040277395659583584,-0.0017770602030099045,-0.001496155150116038,-0.009091006381034395,-0.00982701928702805,-0.006172808238619835,-0.005173057509919275,-0.024970827753470867,-0.030271235169467253,-0.009361599278136777,-0.023758514213066243,-0.010360686648634891,-0.019808119670715284,0.003740164498951113,-0.0070416141467177515,-0.012154179563329396,-0.0010321245127536383,0.009123739033841045,0.0016580499356279477,-0.00033158014660250275,-0.018370779468159584,0.0007439937221865503
2021-08-18,-0.011005391735577586,-0.009671329215488052,-0.008772120296512097,0.0033533254992766572,-0.0006673573931402255,0.0007783092556947036,-0.006413186897537406,-0.025659165109115145,-0.025831834155708524,-0.006137858441355851,-0.021716513100032343,0.03437259258571844,-0.0004315916153991151,-0.025890513494249992,-0.02104888108577371,-0.017153712653230905,-0.013923609850644605,-0.012376513958706179,-0.009149586659631864,-0.009147890445887829,-0.012785554069337249,-0.010965711568192937,-0.010674080480831622,-0.006218400765901803,-0.039057050636826504
2021-08-19,0.001547193250120686,0.004819825937461056,-0.012053220416664607,0.0073377689784685516,0.002296070180644868,-0.0029367165231408677,-0.011555478585852314,-0.013973856179309099,0.0023203196873215625,0.020562129560241733,0.03903879685722801,-0.022783267048393733,-0.017328071415316035,0.015630734835956093,-0.02629437596946185,-0.02587846339552271,-0.007233171634129155,-0.007446964030314002,-0.008390949610331983,0.00482008336179312,0.0077583515109031975,0.011724520519383302,0.006751007962525971,-0.008563608144720264,0.0025103277410154397
2021-08-20,0.007925581076591677,0.010305043850448649,0.01675062961649499,0.0006648194934484001,0.0006658273609429858,0.0005400158455303154,-0.007466196378288468,-0.030387828904086894,0.010105588274225051,0.02525397164119707,0.050141250055089036,0.010031571629142373,0.016982838111024526,0.03592443273769883,0.0021814911219825697,0.002393555558077165,0.00883030042824241,0.006121127381353658,0.0028478364300740305,0.004984940071028027,0.004860220578281995,0.0006893917655502943,0.00888742989753358,0.010735843344128032,0.009119377666025642
2021-08-23,0.008758216386891596,0.014845819731574218,0.018844932711162818,-0.0006648194934484847,0.0007394621132381172,0.012104007439095057,0.02452118165552351,0.05422471184909816,0.010204781055342801,0.0009522636480341912,0.05340965640330621,0.03756503320848816,0.031284370847010266,-0.005143030526701424,0.0367952092546512,0.02028703324452212,0.0005038167526583515,0.008191403651219627,0.012716227756070807,-0.0018781035595693526,-0.004326130426950017,-0.005113337867213782,-0.006624796205571241,0.01440010850929431,0.03861406677028818
2021-08-24,0.0015860054200692523,0.0030496797870594285,0.009787084552134319,-0.007806613454905379,-0.0022934545752210725,-0.0004742535717267673,0.009099278755961069,0.03261392896464085,-0.0006012136934354838,-0.006685595322190408,-0.007542999603759338,0.0030958501857260845,0.013137342504288786,0.012731109645679757,0.016457020720787183,0.016361179457017087,0.004606756157779266,0.0060341875718555316,0.006171178452488134,-0.0044278494050273695,-0.012578111644074325,-0.00813833651909078,-0.010356050443522172,0.0045490118640659615,-0.010350292258263406
2021-08-25,0.0020962588409384184,0.001148066712286263,0.003510767721645208,-0.008341291815563194,-0.0025954796556698872,-0.006961609676564189,0.0004528063860281657,0.00924575697462749,-0.008457166731200613,-0.0020177394165728155,0.019089001261530306,0.003817748987326931,-0.0002479244986804899,-0.0097278543502652,0.0076156429182442165,0.01015567670071422,-0.0006967361717329488,0.011702287523852167,0.020403083876424182,-0.0006608583790821217,-0.006635843423860003,-0.0035682190167987847,0.00040318061995112,-0.0008969543683898917,0.006019944200870888
2021-08-26,-0.00592068480404438,-0.00637025449750539,-0.010660499311570036,0.0027654019329605784,-0.0002971823890231061,0.001133835388463418,-0.01092408533941312,-0.006926291261662087,-0.005542479116959235,-0.0097155658264012,-0.006549106822922402,-0.014217568331421201,-0.01557124752945001,-0.032576928410354956,-0.015289540041938235,-0.016525970857812308,0.007968195745150466,-0.0049239875169865745,0.005144626352035598,0.00037778575236144035,-0.005351741855323282,-0.001753706505887684,-0.01086735514698581,-0.009862907864644744,-0.009556192870593873
2021-08-27,0.008901135023625557,0.00967334419410528,0.027811445595313625,0.006780728810356054,0.005555473047529268,0.014917723322635659,0.02173012343524182,0.014012609833968386,0.007159107122339009,0.002104200719493387,0.025413135948371975,0.015229452832627464,0.02379974050944103,0.041687484654624365,0.026301259812797316,0.007498566781090684,0.0010228801625617179,0.0131630967294701,0.008004769999816518,0.010428137268645317,-0.002137699794400576,-0.0007726885392819864,-0.0056488631262865754,0.02007357699765827,0.03777835187538774
2021-08-30,0.0043878682794618665,0.011159567992111733,-0.004116120571349747,0.002605944192079628,0.001697243973476529,-0.004947859047149437,-0.00313970630580787,0.0051786753147627825,0.02996351677605227,0.01282936905167942,0.0022944503313751924,0.026324794631828158,0.006208667035300176,0.01356917808016197,-0.01183209834379055,-0.006505079810928007,0.00016550715065571066,-0.014203100431055622,-0.016136900402537725,0.009950062016895734,0.004212863298474553,0.004347340210863119,0.00802158772079918,-0.0008886354783404551,-0.0007184072742188927
2021-08-31,-0.0014826983497109633,-0.0008155523777937,0.0019496116212614704,-0.006829698860261295,-0.002288239012096701,0.00200564206756742,-0.00540545641693235,-0.007465828979621637,-0.008460307712092554,-0.005648561405854026,-0.0132686179297877,0.006559274920001271,-0.0062086670353001475,-0.014032372399870667,-0.006795264345312822,-0.0027464714437900116,0.0009730342716111771,-0.0013012306021007128,-0.0030587692001817187,0.004708290299348666,-0.003056806853737419,-0.0037852597337505903,0.0027044584248546314,0.007307540583348528,-0.005404431021765876
2021-09-01,0.0005314094466020226,0.0016567690704111621,0.006705401327900832,0.001673478746428027,0.001287520081363623,5.88968847449306e-05,0.010334913305389496,-0.002292396730733525,0.0044688498175070035,-0.0001658743921283449,0.002498279176204719,-0.0022179812627514755,0.013754038865773277,0.026292213595259278,-0.014777909542770425,-0.013896379691388922,-0.008765119822549522,-0.005745572359250679,-0.0014389113113938725,0.015897825862500096,0.0035170259211355554,0.010131384392183479,-0.0021632111322465943,0.01195243007468469,-0.006615069747513665
2021-09-02,0.0030718034525124686,-0.0004731179564031455,0.0069228518229044805,0.004356344979412589,0.00177277478833258,-0.002655242464544409,-0.010334913305389602,0.021057765023962303,0.00744701472179865,-0.002255619953486455,-0.0020071702816551918,-0.00231847373209337,0.008931913688087663,0.008538094245867186,0.025055724952918405,0.018202243841121256,0.00388958696284456,0.0033991684455914628,0.004622566180731868,0.005243905427046043,0.006826190051301021,0.0007645926206164897,0.005264233263849193,-0.008868454583752019,-0.007208397782678043
2021-09-03,-0.00024271470586812967,0.0030710673206644514,-0.004639112878012885,-0.009136376027718772,-0.0036233039397210428,0.010637446088029513,0.03287723011914564,-0.005942050343037052,0.004221430481139691,-3.270623767680694e-05,0.019762492705914386,0.0016098361025145228,0.0019207275975545513,0.03754423552796067,-0.005742418993870475,-0.006680079191311619,-0.0057418081973216835,-0.00628459936856031,-0.006063443005872945,0.00018006125354016813,0.0006284642935826025,0.0006943707633899798,0.004634023794478365,-0.00474019539198267,0.006571776451668316
2021-09-07,-0.00358194205283171,0.0014140069472977346,-0.006911002027779522,-0.00847149458294431,-0.004751923249755263,-0.019778020504279115,-0.01630346474516712,-0.012823317950191726,0.015370568995646724,-0.003193108957419302,-0.007955300566629532,0.026035942688487673,-0.0028825077163708236,-0.042665819620546115,-0.005982557951048367,-0.010224578505665343,-0.01928602292703693,-0.006059624711739105,-0.001757228003848615,-0.011333195488566176,-0.01566126558504874,-0.0037557151104758942,-0.013355220883822926,0.018284839501288275,-0.00702971484036872
2021-09-08,-0.001218963003173927,-0.0034868437229146013,-0.01097046359170033,0.006783145320373392,0.0031951382923502357,-0.002507544166051433,-0.015219638017113216,0.01138373528873871,-0.010134801413826895,0.0001000116681113161,-0.014355416414706744,0.0012609548743898497,-0.028796615359455095,-0.032802259758112295,-0.01291167224487497,-0.007036107970427767,0.0064510120418471845,-0.002381499323973892,-0.004469401658321741,0.005002367230132887,-0.002440262762937487,0.007566814772816212,0.0012893098521757449,0.004384359765206196,-0.027681531196563577
2021-09-09,-0.004289462052244976,-0.0034459834869370615,-0.0004912170804954778,0.01202773981678062,0.006508033202109717,0.004413734414974538,0.004500474754912914,-0.01743868463138708,-0.006727454097897331,-0.009908764599924076,-0.007278358379900583,0.001312369553312357,0.004446727861251002,-0.006917748199239047,0.002093983819502064,-0.006550429917154793,-0.007224450862447713,0.0029097452405857063,0.004343751687184576,-0.02053214583405075,-0.02253228068544638,-0.004227293488273259,-0.007077689306309457,0.004096596166121507,-0.00018836325503282227
2021-09-10,-0.007915692968124428,-0.007618603172478987,-0.00983346979913559,-0.008856101364496119,-0.0028791622039489742,-0.005071495164425335,-0.01265270766622886,0.021751230298356867,-0.0336620401098245,-0.005194321897326021,0.01348135609444748,-0.024935356375548032,-0.01032345004046926,-0.03209851100079196,-0.00041848415539058825,-0.001997959837737582,-0.0087795546375603,-0.007422942824076388,-0.011562444491876458,-0.014740319482104617,-0.006566690959677481,0.000971666113110409,-0.0036263966396940512,-0.009675098788797569,-0.008989931229502833
2021-09-13,0.0025560297015687957,-0.0006906991521451444,0.0056695052026554974,0.006046612810198432,0.0024367325587345613,0.0033441618437189445,0.0,0.013838241047701913,0.0038856453397378794,0.0043192230597754264,-0.014609066006291145,0.009099139444443169,-0.019193544535616208,-0.02231549130804051,0.028264049649022065,0.005787805917784394,0.0012426677889188075,0.011377062845949817,0.015762286174577443,0.006743908456258082,-0.007031743784400114,0.010696579326419185,-0.005705304894752045,0.004659972944757158,-0.0038094702877368397
2021-09-14,-0.005411054184782224,-0.002847260905996461,-0.01282419702576641,0.012050344778221344,0.003018655866564958,0.006417907636002404,0.0049898316265617445,-0.003441610186611406,-0.009608085668505325,0.009383634172438158,0.004054488121211113,0.002003341828722264,-0.011147501948443987,0.0006586681586535155,-0.014548148683995841,-0.01894659235678193,-0.005704833506172299,-0.013508158331491993,-0.01760677715415016,-0.001775373933157227,-0.006049450004358177,-0.0017173816990272556,-0.005253127318147543,-0.014045575244863853,0.008834905487724502
2021-09-15,0.008317812816573764,0.007407237112409256,0.009003107415632063,-0.0035131437888926385,-0.001176984126878959,-0.005881528710091136,-0.00135841934376503,0.02760169730611926,0.006125212914591316,0.01663960489457407,0.004441074541088979,0.015117058319369686,0.008181355183249204,0.016610283591027265,0.03667711135200839,0.01666466259682644,0.002117736737586728,0.00955403830961854,0.006915613679593811,0.0031745595217652083,0.0037547076468676197,-0.0021339424249421993,0.0017309770649471619,0.010959408554369492,-0.0012303496719421306
2021-09-16,-0.0015865428196345,0.0006874748006682743,0.0007203288616955557,-0.004593161638110119,-0.0013992420944715395,-0.022902242747818987,-0.03786231107058967,0.00019730025294666215,-0.0016119596587914318,0.001310941543521786,-0.004441074541089007,0.0015335851645735571,0.006345486815075622,-0.015746431658623987,-0.011405528416512533,-0.010407149422287288,-0.010399685949233798,-0.0029097452405856994,-0.00044265582893583807,0.0008387433450851531,-0.0012094462173473008,-0.006984109288418351,0.0033153276749144102,-0.005819174881233386,0.0058540696639183135
2021-09-17,-0.00978883760209119,-0.011912733201902913,0.0013043296208925367,-0.004815106311932712,-0.002213837211882031,-0.0015862999324902439,-0.024292703604813032,-0.007523319317769283,-0.018518392535887475,-0.017683629577098955,-0.015495821273142163,0.0032970919669145526,0.02441074868232892,0.0081081348803977,-0.007474111332927119,-0.019090823550660496,-0.0015237026482459058,-0.004513197583490725,-0.0025968434565432196,-0.0089818373899513,-0.002848675631738026,0.0015947642631088195,-0.002070833294182131,0.0007088426023359065,-0.022276066131871504
2021-09-20,-0.016814731192128063,-0.020879630339483767,-0.024064657044640808,0.012325707212348803,0.0030981097029988626,0.007118755657039398,-0.00725866331513817,-0.014411803360290014,-0.021592502147174533,-0.018749378286794866,-0.03659783154357777,-0.03936976129858423,-0.0451179347290984,-0.03595838553271848,-0.03101278988251997,-0.045736100604785584,-0.007417908882321663,-0.023470977269680678,-0.03039128725726186,-0.006128210235616699,-0.00572213023730034,-0.010096349192471809,-0.013845223152975495,-0.02684642772792047,-0.022685042276428206
2021-09-21,-0.0009451847115619416,0.0012294983538721624,0.0015181616386235606,-0.0008613794178518966,-7.41774711875492e-05,0.00664689654260444,0.012068695756567108,-0.00040323942883302525,0.003422080146569072,0.0016974091094684137,0.006279930099522285,0.012534643183807646,0.008573467149363067,0.008126564912463033,0.0023256984288817745,-0.005148946517830483,-0.007146215285933309,-0.0013686689553057776,0.00013076732303036396,0.00047308957394950733,0.004385485442202182,0.0015380935523350366,0.001959905898191513,-0.042547566421315054,0.012428565581131227
2021-09-22,0.009707609037960098,0.009297370124938526,0.01541948609406075,0.005946949425700296,0.002795076120234653,-0.0037409995549623856,0.007171898721172171,0.017989645626378586,0.0167317889736092,0.012740906449454721,0.03218816988729038,0.01684451236014587,0.008246599784976282,0.014116114972679297,0.030368544435603138,0.007922497995554889,0.01676106920872831,0.01657433397129534,0.018971789063183482,0.009688115751077806,-0.0036532696092200826,0.0034185206865971146,-0.0023101813261184145,0.0143844868061152,0.015058176242668884
2021-09-23,0.012076764058689512,0.009184553290847405,0.01754560037813904,-0.022856183682297283,-0.006928174613036769,-0.011613566243419594,-0.0038186167850362274,0.017671803305539066,0.006696515884117873,0.003276587455837858,0.024358004765154342,0.002258262820491851,0.010360101246250464,-0.01815010103107742,0.0344338503078828,0.027168857994928453,0.007201693335231134,0.024225581048548932,0.033242750153671216,-0.001967658245073836,0.0056573041715332496,0.004100092232425246,0.0005605857230595373,0.014861730627257623,0.016815142622038478
2021-09-24,0.0016459504254124524,0.0009380377840202473,-0.004834876516189745,-0.00982156380476103,-0.0021468358659576577,-0.0012850982867509395,-0.009610874942703969,0.008527156774534996,0.0006130594611937482,-0.0007013888992818454,-0.017997481477145257,0.027160841972020323,-0.018692123201550313,-0.0242063834196761,0.007493595108102695,0.0010166374950011999,0.015338019480341284,0.005246592832448091,0.011473794082616657,-0.010750107048322837,-0.0030377134551334136,-0.004448425134963841,0.002797716071786653,-0.0014193541387384249,-0.0033026542552171165
2021-09-27,-0.0028651047320592004,-0.008014471722320948,0.015083986695638924,-0.003682331106011181,-0.0005189281906863153,0.0020798706668898187,0.011044599746100855,0.020816184787313022,-0.010606454696454604,-0.017455030765687187,-0.01925039151522087,0.021677401377557137,-0.000854093050139524,0.0018101033143172957,0.034942430715193366,0.01602760442978185,0.010926792104877344,0.013513717717077952,0.023878557885805445,-0.013541484954913861,-0.007266463887984055,-0.013253758270094187,-0.006446726854033179,0.012759104255952594,0.022061097884122926
2021-09-28,-0.020357562267217463,-0.028705604187746692,-0.023006006396510844,-0.01570009605131666,-0.01073606774824252,-0.009763940911599527,-0.007670212231918003,-0.009685733585303844,-0.024088669490864228,-0.036875361739931535,-0.04538168469884625,-0.017592195347548873,-0.04268226244955559,-0.010387944631601618,0.00340906624370263,0.0027463151564999034,-0.0034303022869448955,-0.016658282385195025,-0.005404557491921713,-0.006791627892421791,-0.002208614619117727,-0.007582174913306426,-0.012378659493605023,-0.021203777825244675,-0.06335585581350323
2021-09-29,0.0016816709205191977,-0.0016405618970635374,-0.0021259456239770564,0.001733926755974316,-0.0002247149454314256,-0.0045149330127863515,-0.0407618371362059,-0.00152791913074966,0.006461934694774196,0.001691528454946189,-0.008831660929047962,0.0048111864344248965,-0.021816346783432507,-0.020039331186661947,0.0,-0.013453149083881483,-0.00529593427281157,0.0007872039964898762,-0.000782886859957446,0.007468154999382268,0.007404192200958849,0.010120268913289664,-0.000427117383028838,-0.010599282400308904,-0.011591730302632455
2021-09-30,-0.012297487380103252,-0.003681039910546034,-0.009418433738884732,-0.00013827321611167628,-0.0026275727897433943,0.01781698430701417,0.028170861032288816,0.004576698988345329,-0.009355628635282526,-0.007350935791152558,0.009652610908562606,-0.0074897880450971975,0.007355302798083572,0.009718236105825992,-0.015241282437446449,-0.030271300564115627,-0.014927084548822635,-0.01586084033338694,-0.013712333475382225,-0.016661398906565747,-0.01548320288930218,-0.015755012965897222,-0.007576209588781388,-0.020535871681626225,0.02509359763198144
2021-10-01,0.011813752687783008,0.0061828202102810394,0.01600825326626166,0.00838010588392099,0.007241758930217387,0.0022505110921036547,0.014994208999445272,0.013230148566782401,0.008094537511241083,0.025149398956744933,0.0012544906387611846,-0.0003353450129375683,0.005773576467624471,0.01600452037233536,0.03304369103458534,0.01221861520886466,0.007793403642370422,0.01638519073938598,0.02079784176392051,0.014049083660267712,-0.00639793625842862,-0.001575094020969016,-0.016858217405580567,0.03963661921705616,-0.0043828127716281015
2021-10-04,-0.012979732670621707,-0.021212954926090336,-0.009129233137639792,-0.0025487177040678702,-0.0016466315417801533,0.004667408258473528,0.007175329538915694,0.02283168052701363,-0.02491364233216515,-0.020937583522366403,-0.04991905187311528,0.008106673348889787,-0.03645753238456732,-0.007992034773088302,0.016212674882289422,-0.006194073743241049,-0.0052174862893214335,-0.008687847383060533,-0.0010778766597185046,0.0001938534007599602,-0.007820215773241487,-0.0056758805419800645,-0.009678282157557299,-0.014593800299668978,-0.020810462338028583
2021-10-05,0.010351206162628761,0.01340881896699772,0.0034445724961467148,-0.00970334101032294,-0.004127895195882426,-0.004667408258473519,-0.002863938305440504,0.020705413889333023,0.014059340957903546,0.01976058305590252,0.035790014844592336,-0.0012035741082394261,0.01711177812024703,0.04593904853784899,0.005830817774491109,-0.003267582070910449,0.005073872336057861,0.01937757701618415,0.016198697790386376,-0.006901226096347251,0.0022583573932130423,0.0038831922190444485,0.0065358979102732705,0.00660794397302839,0.014543924579977824
2021-10-06,0.004147557716031417,0.006387115588486099,-0.005216640847135053,0.005625680213344731,0.00030110365662282425,0.002669757352534067,0.0019101729294404908,-0.026780017500881825,0.006286995184804432,0.014952109236577853,0.012101889951512755,0.002763320999873195,0.008219957729651752,0.04196594553912821,-0.010593674183903118,-0.0033302003701897553,0.006420545773931498,0.0010366336795563035,0.0021319553769010655,0.009513123643027208,0.0020659162743573854,0.013261455323716906,0.007292806286869084,0.00497011501146133,0.017815042665678533
2021-10-07,0.008608415912527713,0.009133148144465855,0.015300486430018061,-0.010512857397154442,-0.004445694210127523,-0.005285683868044846,-0.002866675054475474,0.021914696547885023,0.00904355512809154,0.005918801884559705,0.017953781600243746,0.01377889392912291,0.02390696801013236,0.004820980519440417,0.007682515095127117,0.020072452431350453,0.005101514971092252,0.005940862453402178,0.00631068333482246,0.0027011945067008263,0.008902987722551365,0.007971447979062055,0.011702860687722562,0.012627946984348406,0.02675201286626728
2021-10-08,-0.0018254308335905014,-0.004999031595204403,-0.007553225970083603,-0.007023565385935885,-0.004617156970648819,0.00042627404378714777,0.0023895420666784424,0.0019850337391385613,-0.0027253508664518873,0.0,-0.011645388853106724,-0.010284539562274665,-0.017921681925236146,-0.013807663297544943,0.030329910575581084,-0.0030185312361365926,0.005584515548355646,0.004881251903464644,0.0007640904045882007,-0.00948698501750386,-0.0025446323364053526,-0.004154381454660912,0.0030118662756248586,-0.005473164590457688,-0.01314377038341962
2021-10-11,-0.007266144417236801,-0.007699178351946442,-0.005748121767378529,-0.002540869020111254,-0.0018985665095834763,-0.0018893655741350408,-0.003346959964037014,0.01271847103451547,-0.0006300926731069375,-0.0021048718720577267,-0.006549883779504596,0.008177997401230774,-0.003260317321177976,0.033135564055805276,-0.0037191311518073094,-0.011699742934047451,0.009369524246040489,-0.010044889578734895,-0.021256020090102943,0.0025258678940624627,-0.004234625000395242,0.004154381454660939,-0.000931366414256252,-0.018386972251376796,-0.0036235117103402847
2021-10-12,-0.002464598460129731,-0.003493912673287461,0.005477368182832293,0.016955821910830254,0.006364719625820814,0.004504271350483098,0.0023918282174241793,-0.0012467664675561883,-0.00914471374123523,-0.004598771723871625,-0.001160524234691575,0.01725061613832015,0.013514979042351508,-0.028351337033879192,0.0008865809513352086,-0.01551697454412618,0.0029081822697644734,-0.003111458316012806,-0.007710764238061726,0.013012738265750966,-0.01610363477203186,-0.001476771546243427,-0.0010755651830954497,-0.0022502003829932434,0.0034331581332624427
2021-10-13,0.0035913089332920744,0.007976104385980554,0.004728652258366925,0.009678635057753742,0.00504742684554516,0.01763773443447277,0.018930977867730573,0.0008906963598861551,-0.004248821047712886,0.011643346433842426,0.012881718768414626,0.006630349593761303,0.015011170538411812,-0.01028008105308112,-0.0008865809513352118,-0.005173760517169087,0.010112927877409075,-0.005729139620276769,-0.026720634896208437,0.007252020508635588,0.009530131851006788,0.002319714690421713,-0.007272619570565449,-0.0009822419705012688,0.03847349067769757
2021-10-14,0.016680816263976554,0.018249192390109446,0.014717917430247047,0.0037089021429690954,0.004723439876736942,0.0024434808580754102,0.02179540589139858,0.0115076337419032,0.02002379026185091,0.02150116816933859,0.037816573673734956,0.008886865672994949,0.018777041701040758,0.052184384491663856,0.012168328118612149,0.028128412984470164,0.0008564749344142454,0.01657619609330596,0.01522505138422919,0.012095963558753161,0.005699897121970167,0.011239298524716421,0.010782089370107852,0.00834850784650517,0.02559483313118643
2021-10-15,0.007587041601472927,0.006280730882689507,-0.0031483053197959407,-0.005843318486585821,-0.003596337683171022,-0.0160204917648545,-0.010142978503232267,0.005967026197924586,0.007484348644718242,0.0048108016492334725,0.005319864643189813,0.02974907491710917,0.0019016883310504738,0.07628412173443933,0.0048959042299162965,0.023847573542311287,0.009757105038591271,0.01478875441169625,0.019026220415754806,-0.0007518279941702108,0.007404825550379482,0.002565500421405695,0.00484993671185412,0.011685304319433812,0.0011601882739823374
2021-10-18,0.0029559640777600464,0.010005587929784596,-0.0005775375099788149,0.004677690264125783,-0.000826362352034081,-0.002482990902389477,-0.0041792562907893216,-0.0033301659098051565,0.011737031963444895,0.010073527093015514,0.016333035270850317,0.03161711443997285,0.01073659486346136,0.04436658058446193,0.0006974399089100912,-0.004229731649691043,-0.0016972193727013156,0.00025310456701600596,-0.0003600438111025085,0.0025349011241701538,-0.007342485003248863,-0.014507020727924213,0.008007775533196006,-0.030612296092374768,0.037720485876639585
2021-10-19,0.007685363886693616,0.007539026401620312,0.0037258428297747156,-0.01389093467670477,-0.00549933166035238,0.003208519186409284,0.018442183648306694,0.008043391773563368,0.014967440987009119,0.003054408717509308,0.0030554115879370095,-0.006734486474692475,0.02155157017597176,0.04104290265530703,0.011266310607799614,0.01482559927906242,0.016493309194453167,0.009820199277634197,0.012055559303903451,0.00046876922043706965,0.02314997674432244,-0.011873030460138077,0.021022270306137267,0.00023359663551876476,-0.0008592411011832497
2021-10-20,0.003919856110947674,-0.0013058074321425956,0.006619211572396555,-0.006773010906251213,-0.0024200886829258135,0.008725778175468667,0.02881790126898971,0.01211717752020398,0.003355693076487772,-0.002663778017078733,-0.008424970607347721,0.0017687488821671587,-0.007553524493315916,0.02927631671892008,0.008068095559160273,0.015049526324667068,0.0001616903720154341,0.007985764106310179,0.013376082249577483,0.015622408837173089,-0.0005493126365907292,0.0039024647205710724,0.009013202406738313,-0.003686965645427532,0.0005156201410134345
2021-10-21,0.0026050849441966277,0.006088158944248153,0.002547468418732331,-0.0011919962866947546,-0.00212246218299367,-0.0008991093021597419,-0.008021446793520353,-0.01229131880264214,0.0014728614810810162,0.010838354888541638,0.026298994312161126,0.03205181901693134,0.00805517363401738,-0.04783571272366718,-0.018637139599522304,-0.010090111367227247,0.005401482459051387,-0.004234643583821038,-0.007874567927556975,0.0013832269130081211,-0.0023229711397688476,-0.00722290322112189,0.005532682021147797,0.004621262659954047,0.024946164016162075
2021-10-22,-0.0010368923320847067,-0.008437734620794177,-0.0023716728536762105,0.010952906427317105,0.0040137085958257684,0.006098334452755203,0.00846521110194954,0.010741595645108999,-0.005299062432817879,-0.0051619415911701725,0.0014971884646446069,0.017387072543931938,-0.01609071485520802,0.0027627098002663258,0.009361832129105848,-0.0018922742761998902,0.0039047979583282572,0.013882060779706086,0.013361855560893036,0.004688042887137902,0.0019568070700056715,0.010708548164183746,0.010367623673339158,-0.011269039203808565,0.0040978343828004
2021-10-25,0.005348710816474335,0.01018586435242865,0.009453479808552552,-0.0015275049509865298,0.0004535278609282664,0.006890365329616705,0.008833929027701717,-0.003452393333952451,-0.00033603253875861893,-0.0033371642690873905,0.019176204835499415,0.11921843486746743,0.0338986686351053,0.07890681842655115,0.014561179340042934,0.007744708887397799,0.00460763701826355,-0.001231346428863275,-0.004902015144757263,0.003204738539342489,0.002196139755964739,0.0001420023124397371,0.011528356423068225,0.015171778650760233,0.020976910162038186
2021-10-26,0.0008992976433064425,0.003143554593578168,-0.00756443932191675,0.008234700126585245,0.004296771890367557,-0.007427027125168416,-0.016404665239166717,0.01066399713809446,0.004564328322090556,0.0064056019893904935,0.06480548145116688,-0.0062938149592970775,-0.005020290965212292,-0.018759424354869755,0.005765739497012362,-0.012790847795003377,-0.12560260254785216,0.0007389897880553331,0.0026873510712018614,0.0027387205658290434,0.010126466548406914,0.014099358315441157,-0.008768351251018082,0.00017440731178549232,0.004647565890901225
2021-10-27,-0.0044398731212464205,0.0023185836083541014,-0.018561308645972337,0.01803119532650893,0.006074508468447148,0.0026206236403640355,-0.003582624546825828,-0.02687633302179633,-0.0031525748190852102,0.04125124193107478,-0.010820041999707571,0.018898727534898532,-0.02101124644018497,-0.024780965023208677,-0.02916660831540338,-0.01773794939777443,-0.0029266763238826802,-0.01663995800893442,-0.0210483835135802,-0.008514598188124835,-0.012200784092023848,-0.007165891901656172,-0.008235384012918696,-0.014579125299592894,-0.005301603121984538
2021-10-28,0.009602795444238242,0.01104408355448346,0.01974578720747041,-0.003390497043177598,-0.0014966452608131324,-0.00023791366260843256,-0.0008976866467854491,0.00874896195963918,0.02468432447404565,0.0036448322032964146,0.019841830494347252,0.03705562944417333,0.025703163328585965,0.023653579747322188,0.0071126133661932305,0.039783271217696245,0.0013589141305816344,0.01219678422531196,0.014962377020183174,0.013878707002988362,-0.005450267525717855,0.005975056909331467,0.006216554283191794,0.0007663806872601105,-0.009201470655346473
2021-10-29,0.002026879983355063,0.004906864530288807,-0.0002631434540017612,0.0030517399476472176,-0.0005243451899456803,-0.008544299301700552,-0.008115477484866844,-0.004364912968413896,-0.018322361968264773,0.02216617081278857,0.024789578721796882,0.03374062327713504,-0.004032125450806709,0.0009083346849758664,-0.006590352686718595,-0.0003919488340554261,0.0028023769868012723,-0.003966653674708706,-0.0027627994612075546,-0.011307567920035191,0.00018407694020389887,0.00217044487579135,0.006513085474475594,-0.0036013705232893173,-0.0077054134766865665
2021-11-01,0.001718607582063256,0.003412882058480051,0.02558534837659083,-0.007225683542859557,-0.0017876638141940508,0.005207004497418708,0.006317683044366185,0.006627112716290291,-0.005623441946335839,-0.006807754750140744,0.010117900618231873,0.08149724419582528,0.031171378620479025,0.03558124067000783,0.01707973913471539,0.0066928029428864454,-0.004191787755131149,0.0004969236042254387,-0.0005298349641225441,0.004940259708345848,0.0008592878879844938,-0.002450526399401314,0.0024728748953258416,0.00660248659028814,0.04074547047433724
2021-11-02,0.004034972654680317,0.004172650627576775,0.002092091584644991,0.004428297291593981,0.0038275458039055033,-0.0021513131388870075,-0.019532772586126904,0.0,0.0070907895132008205,0.011350972968317982,0.021981471221641,-0.03074274797958024,-0.016357487300427603,0.016034408270452622,-0.009452767384840601,0.008436266965474837,-0.01405896092364755,0.0024797963245964815,0.003937977547192619,0.0047340671769265106,0.015641796734546857,0.009905771338310953,-0.000467138114469871,-0.002117418390482987,0.018983358092634763
2021-11-03,0.006086715506235633,0.010559876443562826,0.017713803310969008,-0.010387290833334065,-0.0025505033256987423,-0.0083501482773226,0.0004586209288939264,-0.03881055254059279,0.009751007612829281,0.002608289781925636,0.007434147250379526,0.03509368755165895,0.01251381307789831,0.023623170830113106,-0.00832319758330185,-0.01738659308239005,0.015327480818607834,0.0037076422284455985,0.00035196671422661806,0.0033549333460300814,-0.0032055992509449137,0.006848409214678581,0.003067762265748694,0.0014709738541066367,0.022467644574080268
2021-11-04,0.004701438195077292,0.012736853969241934,-0.00037725221727708045,0.010455836747851102,0.005243888405891869,0.011277125295739413,0.008673897631601823,-0.007618429556688859,-0.003504707427791694,0.00727893496861344,0.11370586306297568,0.01313564628546233,-0.002007797074183765,0.00020326444180112342,0.0013919672736703798,0.00019647707665078676,0.012446666488711242,-0.01316301959985355,-0.013222605559096533,-0.009550278564635412,-0.0027907972101589205,0.0018599258880573363,0.0072976926074153165,0.0011751681243841313,0.05202084105782461
2021-11-05,0.003463526869336636,0.0009539434603334093,0.01357343464391161,0.014844949830657476,0.007294927692003842,0.012978359326946427,0.015783884769258634,0.02924764151134426,0.003575729887875522,-0.0011303188215230626,-0.0016455987231386183,-0.006378469186125081,-0.01702654550459379,-0.02171772639622472,0.012956915370914736,0.011185410330960663,0.013000251482213614,0.000499843222641512,-0.0014271696776552083,0.005104951225747766,-0.0071334570185742074,0.004942253043502935,-0.006964883788794412,0.03093539371334388,-0.008472178032111685
2021-11-08,0.000853418417606945,-0.0013557020302757481,0.003096791606855548,-0.0018771340046917758,-0.002301903432367878,0.003585184846901929,0.013333496959538177,0.009503783578212731,-0.005567704559452866,0.0027634955771769273,0.03474835430804639,-0.04961124617557858,0.009035888831996056,0.04883968575176555,0.009055857488684836,0.0398501692749088,0.005545221137426718,0.005482156445750398,0.005992194142494513,-0.0008186800685620303,-0.0034327284706432734,-0.007491643681762304,-0.006410646260662994,0.007035407507232762,0.09654967759178731
2021-11-09,-0.0033107312278900427,-0.006907248849318022,-0.005830079221023433,0.012934386170228624,0.002672383066797941,0.004916006634195484,-0.005312050166017688,0.015296683760210513,0.002456443080019688,-0.00309093420138408,-0.004783607566068354,-0.12772318728902385,-0.023200626859213272,0.00975672663269881,0.004074212105123207,-0.020941567290158183,-0.010618469557761114,-0.005482156445750348,-0.007600274919950389,0.0017274656482893353,-0.0022126876098851156,0.003031107968055915,0.003477213290763361,-0.010000511093234472,-0.00829217995734485
2021-11-10,-0.008077434723677673,-0.014806035360996185,-0.015883301785725747,-0.018452150609591083,-0.010283845795785326,0.010800248284572371,0.014978259809414094,-0.028875949977955874,-0.01934948057544602,-0.015448539620899975,-0.03986148687249287,0.04251283809069096,-0.03399592700705644,-0.08398643928917095,-0.026782726404966112,-0.015078761475579655,-0.0015981941507914796,-0.001750287133057283,-0.0009539429179101963,-0.004643897565033914,0.010772092403888205,0.009787397115620584,-0.009053294972875143,-0.003776216371972413,-0.06269585182739311
2021-11-11,0.0003233143939963655,0.0027689633683515473,0.008015005507882589,-0.0014858061673116113,-0.0028504859911277756,0.005586453042738802,0.020770955721430607,-0.0017771192398281883,-0.00033771154936500935,0.004915394073196518,0.031114110096024092,-0.004166195376866496,0.006841083314429888,0.02343002050942431,0.0038207182915633606,0.00895948536928574,-0.005166668212997436,0.0027492246724349035,-5.9619754614984926e-05,0.0016417157715334018,-0.0073933051465049325,-0.002864747592044849,0.00040426637194130655,-0.07336298589182519,0.04296169001007367
2021-11-12,0.00751862398566363,0.010467583742217264,0.0010026170762692881,-0.004402089382009354,-0.0010520064236192856,0.0018934614978916627,0.0029933609752726452,-0.004278111281319079,0.014235067380187373,0.01282249730013947,0.0,-0.028701065279561472,0.009752921771523596,0.019400923773085634,-0.0024295631401235855,0.003542444004127599,0.009393192494632762,0.002244327471703093,-0.004485026630394295,-0.0007293648709624615,0.011887736436094466,0.0010920445194240944,-0.00499574123279403,-0.015416589220058202,0.012793675159975934
2021-11-15,0.0003423197629242965,-0.000227935069464773,-0.003974467828169834,-0.012636709063358391,-0.007624616587320945,-0.00154894492430588,-0.00771543929211752,0.0016064287827814688,6.663826139614345e-05,-0.0019322283984332604,-0.012083529107362906,-0.01957254315692035,-0.00813497104650547,0.006915140372261683,0.008305681846173767,-0.007482449888661283,0.005470860565877334,0.0,-0.0017991239566053463,0.006996369806657565,-0.009070512736243876,0.005715433486615778,-0.005769046163554942,-0.007545702465448781,-0.009511545811375345
2021-11-16,0.003950000055012296,0.0070957849923774016,0.0018428726097055156,-0.0025460880606205934,-0.0016679538834244777,-0.007260156004477963,-0.012121390558613868,0.0023158657822633685,0.0066444952154199105,0.010183958056805685,0.005910992069627869,0.03998366090579434,0.01175732531915607,-0.009425770391882048,0.0015499783289721672,-0.011037458920906105,-0.0016148417647974184,-0.0009969028131615065,-0.007230592274893899,-0.006631745410375328,-0.005211823747709315,-0.0014255371998611794,-0.02578756694734894,0.0025216641844299052,0.03987944917593564
2021-11-17,-0.0024320215276005183,0.0005281139497584647,-0.013183508319235234,0.007893646380325973,0.0040145608893212715,0.009095692432078762,0.009104810160594322,-0.021583585242609525,0.016355546174982815,0.0006784824447448169,-0.031685595477511944,0.031984216103858806,-0.018673033406970185,0.012778966876835302,-0.015431773623728244,-0.011997932406961112,0.00474819460573339,-0.011534617890615363,-0.005396986461904535,0.0030943236418992134,0.0037428610908343176,-0.0006118331035762692,-0.008628149946098949,-0.009489109171618916,-0.00730771634769305
2021-11-18,0.0033905151384453487,0.010308041168230909,-0.004248610679189367,0.003753388107992521,0.0022651699370366805,-0.0032143154449525086,-0.00910481016059434,0.00995031711888432,0.02813629253117457,0.006319912627470765,0.07927207600528989,0.006744812791821567,-0.025159688511254844,-0.06852500884050272,-0.0059587404877617664,-0.007715214897332042,0.0002631454802325132,-0.005056996052256794,-0.008671205440044388,0.00018174067393873344,-0.005404199238081981,0.0001356591787439257,0.008558501477650748,-0.01118541159321138,0.024025231345592386
2021-11-19,-0.0017897426121650493,0.005560231757096578,-0.0091535694818265,0.010502706205315232,0.0037641012778973568,-0.007675708262916443,-0.009188386179521153,-0.032381874208723904,0.016833714526118624,0.005377074487724493,0.04052528245745325,0.03643213445735007,-0.005108745858814083,0.0273746915463818,-0.039804302729911534,-0.004877149546960424,-0.0018724268176276277,-0.010959698072786572,-0.013149440052645978,-0.0059228788531324175,0.003012722850166957,-0.0020410192893015565,-0.0053932271284811975,-0.010207313047511478,0.002512641077628392
2021-11-22,-0.0028191784944090795,-0.011677102252614306,-0.004263332254330192,-0.011797972936543255,-0.00875487499052994,-0.02267561664312034,-0.018186344925650046,0.01238123524808177,0.002923078616468554,-0.009605598213228924,-0.03169299974374672,0.017272096909531555,-0.04285152014771851,-0.05269486466911712,0.01758736623719828,0.009631857372152022,0.010314440634632318,0.013997026040147385,0.021090845398663523,-0.0049474183224771295,-0.013249265101405353,0.006652590261314735,0.016645411454955024,0.0010383701159087176,-0.01877104648987518
2021-11-23,0.0013251946495174659,-0.00456842284500612,-0.001727568612534667,-0.01456432188302124,-0.007150860320978077,-0.008690053468478977,-0.018979334910931348,0.031633907084367203,0.002419180627174698,-0.0063468718888669345,-0.006593331033480898,-0.04223229344871564,-0.02359628722453531,0.005437204890441058,0.030270267094645677,0.014471455089507246,0.0005793415013765099,0.015546893366804768,0.023631061844052628,0.008049847218866164,0.006179863656846622,0.011034981526633455,0.007089194268417907,-0.020512510974507535,-0.01719395672525925
2021-11-24,0.0026662249719752516,0.0032150991820021754,0.0010801411032275957,0.015927960825654036,0.004798535375998877,-0.0009569597921073518,-0.005948274587909813,-0.005710216971873679,0.0032783183121665085,0.0006811935496400082,0.028812932278320106,0.006265105659810634,0.016937610249266617,-0.015312117183818714,0.00971733993284658,0.008438552477218164,-0.004645861453112033,-0.0022419884556500766,-0.007875023043436923,0.012044632460382287,-0.0028044226404256726,-0.005233225723739135,0.004994092666107178,0.0020503927597439395,0.05122662147461004
2021-11-26,-0.02255550416976959,-0.019140668726111643,-0.038426417120154044,0.024954690728067705,0.008097039470257429,-0.0016168462526691021,-0.019463082369845064,-0.11861104238229331,-0.032191498386258614,-0.024657178237237683,-0.03649687361168628,-0.031013582803841335,-0.006049528359231774,-0.029860731314210676,-0.04106646000948532,-0.04110982365306076,-0.0025062649634443406,-0.033729582921738305,-0.03059023096397525,-0.028209568821968473,-0.006511169373421058,-0.008036926503770508,-0.011254574320753932,-0.021573719784012086,-0.019129884969142252
2021-11-29,0.012191740319816338,0.02147016345654121,-0.0006283428496534555,-0.008070346253216705,0.0006779509591987632,-0.0013795005365548109,-0.009875508823672384,0.010821690878243483,0.021638399031600968,0.020861802781529323,0.05775431462372782,0.04964715675134432,-0.0018689028389280954,0.0520532927043907,0.005740693485746331,-0.014240773068742444,-0.004356920904575288,0.003090412472580589,-0.0043323364621305335,0.007380061407585959,0.003448750270819799,0.010455470611759634,-0.01579011083772951,-0.0020276335655162367,0.04484210513480531
2021-11-30,-0.01964922203048553,-0.014795201677711091,-0.020596038419802024,0.015087775234803561,0.0021820435249844837,-0.006744546424564762,-0.004737118431982799,-0.046092954289012306,0.031089208797457062,-0.01810549985768162,-0.021196370409258012,0.006810578672784683,-0.011570535068512466,-0.013840333625125626,-0.023713619210164863,-0.013204219205152344,-0.01521412551884875,-0.024204192236746896,-0.014997485486324307,-0.019115442355888506,-0.02420301457914739,-0.030247183520448123,-0.014121412065216802,-0.01988381821625433,-0.022106611244881672
2021-12-01,-0.011169466070600409,-0.01715944745686515,-0.022762598288703903,0.006149810315372878,0.00014288822302957986,0.003980006790395922,-0.023541792518066297,-0.018325924657032255,-0.003211668502688929,-0.001543972656462919,-0.038596387816697955,-0.044440653310942796,-0.06943906881285053,-0.06729363573399165,-0.010681634656973606,-0.009770791662981967,-0.014809765427996245,-0.011125780663590781,-0.005935909706230151,-0.016625943129305737,0.013694001106694446,0.012509545756204986,-0.025130031221284516,-0.019161069387569944,-0.060249743975844865
2021-12-02,0.015200175598743731,0.007181482941746386,0.0275183740275514,0.0012469061041423038,0.002330841292023932,-0.005552205835401061,0.0058168287409043,0.02622619579128065,-0.006148264437870526,-0.0017889686600280914,0.021743989410557888,-0.009543130353379798,0.004250595204642891,-0.03380791474456985,0.02865456038139225,0.02740564982728287,0.006404172039413077,0.029398516911000445,0.0208091074521595,0.02956444698120935,-0.006282108752639323,0.005857190734036004,-0.012252161914537828,0.03490944824964732,0.010474041519956056
2021-12-03,-0.008739438947541856,-0.01754158433994032,-0.020742002486441043,0.01186084729095666,0.008301984310175465,0.008376819081740972,0.0077034489709144165,-0.006023507936502145,-0.011794077791101637,-0.019862681259335102,-0.045631139506242896,-0.0663521763056877,-0.05703964505617199,-0.06929145842589833,-0.007948304233991729,0.005119367517397504,0.00987424019952287,-0.01643034232914835,-0.018278790782541608,-0.0033350238338469554,0.014472284992370351,0.017635185127546624,0.014946433351626343,-0.006679804369760973,-0.04527563075110258
2021-12-06,0.011773780862142539,0.007981036105695127,0.01987486698354386,-0.013830018139093991,-0.005077484365186211,-0.0024635953850727986,-0.006737335340246666,0.05097029234168372,0.021274845647306972,0.00979687726684423,-0.02160469813335419,-0.005889394805839068,0.015068237058893768,-0.009113503431056042,0.014761919025794172,0.017440828151966518,0.018256059916285424,0.01513620805463727,0.011744662194946017,0.017385567018058157,0.022090913802909395,0.015031864184693315,0.010777250613861413,0.02798659358768476,-0.03497722635059061
2021-12-07,0.020473692380453917,0.0296692068789272,0.022929023746462447,-0.00811290951593462,0.00044909997987138293,0.0035432060613326127,0.004816983541560178,0.021156554964686693,0.03483250010215193,0.02641176241163687,0.0765612765517825,0.04148581070093519,0.05291916077072758,0.08439318544171179,0.02313973009512839,0.015821764269227993,-0.0023265247526534695,0.017713084880013073,0.014935544394236474,0.014304999410809012,0.0025743345916779846,-0.0026323950315016442,-0.0032425961256012437,0.0029219051874419567,0.040793289237783234
2021-12-08,0.0026445562402982116,0.004464308761861335,0.006804327759449102,-0.017435694808746075,-0.006682053971821421,0.0005393685677794685,-0.0024055454192093155,0.015960304750538758,0.022527482386884533,0.00014902550888433027,-0.018707614635072183,0.016230761245708623,0.03059302058839829,0.0036940188843859315,-0.00017479513740936673,-0.0014682276810732552,0.005615458693414157,-0.005357654964489168,-0.011507358328776621,0.007165958736879791,0.005980853072577725,0.004471181732686208,-0.010156043328389156,0.016636779520252155,0.0026888180152641076
2021-12-09,-0.006774311704646466,-0.014823766073645737,-0.022908045607032072,0.005577761023270078,-0.0008291306504843465,-0.006130129283900702,-0.022407220858307944,-0.027070441278895175,-0.002974283556258112,-0.0055979700854773455,-0.04288475892226497,-0.06289341727027524,-0.054654013573108826,-0.08554518100716516,-0.007713886849407212,-0.00029350006719441147,0.007361409687009859,-0.00204894841136549,-0.001556702988151456,-0.014564606109734597,0.009447697971606045,0.005821624102539495,0.013813432005642598,-0.0026119630368942027,-0.05040947975583045
2021-12-10,0.009369342829757333,0.010811981204649821,-0.002770010515101714,-0.002415481959881877,0.0011305622467545299,0.004211020685246302,0.009804037679845936,0.01960273015478236,0.0276280892216515,0.027945434581332203,-0.009623136406334137,0.013093827482800639,-0.01609121038472926,-0.03136866653527144,0.007364596976465799,-0.003287744763210899,0.0037183330408436096,0.0010246818701247489,-0.003996661434292348,0.0030746223692678693,-0.0024742165632816266,0.01386111951219726,0.01810213993189553,-0.0015049405473322095,0.0032531887237945587
2021-12-13,-0.008897824723791319,-0.014552514037476429,-0.014721890198591799,0.014670652073445145,0.00450786945979741,0.002518126917516811,0.005351538372345275,-0.01140439860827221,-0.020890960469245733,-0.00920914655654488,-0.06983771002755693,-0.05105377592462954,-0.017517509200451996,-0.017313545405275865,-0.02817084559961441,-0.010921644736075327,0.001940800857789267,-0.010813223191314027,-0.01195961759710292,0.009345827228527285,0.017728030876239212,0.014115912151108505,0.017850287807434865,-0.015043020474571739,-0.03488512283290566
2021-12-14,-0.006903743213715919,-0.010403955255244053,-0.008646813402022335,-0.002385551404322953,-0.004507869459797355,-0.009385206339641532,-0.014663075219718479,-0.010160315502650221,-0.008055794977639717,-0.03312940062559918,0.0062305113921440535,-0.00820817327099987,-0.011494504205858687,0.0177044844058769,-0.0041415718045594695,0.0019362489580110522,0.00026027476284920775,0.005936048094702586,0.0076329743066992535,-0.01287334006607002,0.01086402952632169,0.0036718021388145662,0.009496830258188819,-0.008880484933849877,0.013363250014989109
2021-12-15,0.015504012996800048,0.02254142898721099,0.01575000390007204,-0.009668731238211933,0.0012793856192178984,0.004282351988516796,0.00491162004863038,0.013653435868815043,0.02811055493346467,0.019035386249669876,0.0722129422293288,0.018072325435531507,0.02128758644215374,0.009491230568292243,-0.004883713124204493,0.004502545532162691,-0.0035359527471583957,0.002826654386308281,-0.0075065308178585005,0.013945911613332957,0.004978913793138106,0.0038470404393953195,0.005710307707322672,0.008681124485658585,0.0773160079396506
2021-12-16,-0.0088574022797957,-0.026051181235133895,-0.020429901806955877,0.00038897760920804435,-3.0320050775519644e-05,0.012024970840539904,0.018447176561210255,0.004831394172570662,-0.04005564983257452,-0.029567751694735505,-0.07045010744302356,-0.051585055672323236,-0.03801837483163324,-0.04404530125514144,0.006326290524208567,0.01771455665317181,0.001218974940306522,0.012495270035855344,0.015518075925783565,-0.0003573417653003863,0.010867543999390383,0.014064284830889558,-0.01681052072329991,-0.011031421368083065,-0.05514478745219176
2021-12-17,-0.010700077188916893,-0.005001427896345133,0.00915224708857953,0.011267832208046719,0.0023333953848605525,-0.002143116686188639,-0.005305081509552227,-0.021238015533671654,-0.0065230298627300225,-0.003391410175686469,-0.02085935808596655,0.006076947341899706,0.05639611028225212,-0.015575590226844191,-0.02057046949822977,-0.0235572206602021,-0.0020320541079988496,-0.022294228246902265,-0.02301697600339169,-0.001252191814682684,-0.028017237717422455,-0.02291574893373018,-0.032545643130695814,6.730004657378221e-05,-0.006440192971906411
2021-12-20,-0.010690090262861633,-0.009747901124949037,-0.014136878292650668,-0.00751960571561601,-0.004370097783043156,-0.004240244730917084,-0.0053333755683760975,-0.01748151890127089,-0.00815499080799,-0.012086381684305461,-0.0029537426904891833,-0.03561605979548491,-0.025739947503412828,-0.0220200129003397,-0.012466730297669322,-0.02978812610014001,-0.019720167976250307,-0.01961529692500876,-0.018153094254114228,-0.007816512590774583,-0.002857434752388788,0.002536948110681312,0.0032380717467727516,-0.01551358471275622,-0.014257210435985006
2021-12-21,0.017603054469707363,0.02213391043174544,0.028168207423181248,-0.003815198323445825,0.0019615156816091975,-0.00041897618344674124,0.009675971098775943,0.032919068808959624,0.018906982036779277,0.022807151429407126,0.047760486124962045,0.04198665654283043,0.037705146079781114,0.03969722565968419,0.028087071723762225,0.014475589814380128,0.009879220563964213,0.020500131532256653,0.013869749874084092,0.011211573260220327,-0.0032239785947736845,-0.0006337152665824283,0.0030125215095208433,0.030790273539802314,0.06036466779117012
2021-12-22,0.009948902478710395,0.012104982433920003,0.00957902001036902,0.004616101713777209,0.00158129688436975,0.00935611880010715,0.01576339863347711,0.01749203376803489,0.015202561816111234,0.01789606004182019,0.011115913058894568,0.07227140942458773,-0.0011188846341496847,0.02731931821714909,0.006399026421959661,0.019178746267237676,0.006930817007352608,0.004671831533925423,0.0039004545815052726,0.010204624207027294,0.004296435170058991,0.009839783673024433,0.0012883447073693325,0.005479890652951018,-0.002568252624085571
2021-12-23,0.00620283682443093,0.007510554477165131,0.00795805117933763,-0.008714992047184459,-0.001506110167796486,0.002251481491211197,0.002839541217796124,0.012309624653455446,0.0036374729717554293,0.004462103840990607,0.008130187666928732,0.05602002567418564,0.008209635121090896,0.05204921033018212,0.0005466704367057321,0.019836479542058746,0.011243780937596565,0.005165171079373872,0.0035671879771629646,-0.0010601032662417907,0.0019039933528064443,0.0048840342201805515,-0.0022198781132359642,0.011456448391197076,0.015585409422463125
2021-12-27,0.014052914732048987,0.0163922211770362,0.009324191964298269,0.002421338239025749,0.002934721049279524,0.002364450476828884,0.008001929127470712,0.025825854657926008,0.02271474864942058,0.022920613433736303,0.04308662866875421,0.02493491640225309,-0.01689770262931309,0.044206882392279816,0.021622239133473775,0.0008723690749422251,0.009350567625944438,0.010251301901463079,0.005706806310898299,0.01683395256491056,0.008404318757053785,0.011612524169030839,0.009063156831568662,-0.005417401643968393,0.054722478436910034
2021-12-28,-0.0008174667213802554,-0.0046454252580742,-0.006131757023175315,-0.003971130505682776,-0.0012779327921276092,-0.004319380340024978,-0.0028168781727115773,0.002747464189462748,-0.005784104268330163,-0.003510198163003403,-0.020337832300780834,-0.0050128185500082694,-0.018442375216419518,-0.06996945994302449,-0.0007128879405383226,0.001162295771856048,0.009857556296132388,0.0005099686411751754,0.003030286526132439,0.003677467301649894,0.003999827400454825,0.0053570172517050105,0.014249041233757843,0.0155846688459893,-0.007869747197900307
2021-12-29,0.001278289789338019,-0.00014958800705077517,0.0010771688907360514,-0.010984601009799047,-0.005507144575699838,-0.0002965516280151311,-0.0075507599605696436,0.007471627689956004,0.0005020583279148347,0.0020491358173765025,-0.010642934910699673,-0.002096907250306926,-0.010780374316800553,-0.033976691037456964,-0.00644254466021219,0.0034303972020807197,0.0014689428686474261,-0.0012751999157737757,-0.0005045004328257296,0.0067071249377101405,0.007019766687268981,0.008256138885592562,-0.0004906524129166339,-0.002128421710229129,-0.03245034124790718
2021-12-30,-0.0027680612284462763,-0.0029926335110212828,-0.00026930986747232923,0.008351526149629415,0.004001330087639863,0.007151581744182501,0.010836362250789943,0.00036298136196358135,-0.006600228657785515,-0.007720796278442612,-0.01392936688617135,-0.014699782732613053,0.03012874073720366,0.016451429444377434,-0.006123015141472881,-0.006047465016032939,-0.0019496983391833896,-0.0017877851853467163,-0.0005046471088352305,0.004331251426059604,0.004420202509027773,-0.008686224104497398,0.00321823741764794,0.006821146371728432,-0.021199803756762524
2021-12-31,-0.002523630516475841,-0.006264203394270112,-0.0021555738252700555,0.0019590726289273382,-0.0015078793105370882,0.006808358432551388,0.007934700896426202,-0.01352108795506955,-0.0035414815514015685,-0.008880463816484345,-0.005932453503608017,-0.012749774874751605,-0.02206167974701626,-0.01736241822263852,0.0025257272690563303,0.0031977094928147226,0.005162416562426423,-0.0017909870863812912,-0.0008205005470163803,0.0027621289811907276,-0.007222662456443646,0.004964092291768134,0.010560779427307987,-0.006691970133260627,-0.008649076942585331
2022-01-03,0.005773566810425072,0.009580642931927225,0.01281948460782979,-0.02660141806491869,-0.010697270095377815,-0.015503300973700684,-0.015460599338418958,0.008608922300184752,0.024696838451095576,-0.004679321292463767,0.023853739125765955,0.1269116289226746,0.025056118255840892,-0.005244110664208265,0.03052068981985177,0.0012567686617193869,-0.0029588490429911228,0.012217050335785863,0.02093522315447769,-0.007875110058503604,0.0027438474990902303,-0.004165674873202205,-0.00027626032884489637,0.01200061649781897,0.04311548054420459
2022-01-04,-0.0003352694327658494,-0.013055436212884748,-0.0015101727460452756,-0.004166686370805365,0.0008387138570770539,0.007339514803169255,0.006588230401645197,0.013765808899177159,-0.012773005834421576,-0.017295589653196324,-0.027976346805516337,-0.04273287830059682,-0.0453472022001453,-0.0035914211018996047,0.034017951081289306,0.052143246982580375,0.021303637782516188,0.025968984617371776,0.037208492663151654,-0.0012168735527295952,-0.0026850740110376083,0.0034927724514719695,-0.018490035581835436,-0.00659213297339139,-0.03950834367818823
2022-01-05,-0.019388856036428502,-0.031202862400082944,-0.03445650930355802,-0.005442553252522126,-0.005885334696464667,-0.003012197052209778,-0.015123147260159663,-0.0028823627729382298,-0.026959998904307315,-0.03914443450414148,-0.05928547737360484,-0.054953895352910696,-0.0735189476484487,-0.06575719317042425,-0.0001689557479573412,0.007628775015550367,-0.010692905417310317,-0.011652515407184098,-0.01845124143563631,-0.02903638503519662,0.006641184631884981,0.0045167824091429725,0.013430382826400487,-0.00347354412948681,-0.058968534053937004
2022-01-06,-0.0009398465434183173,-0.0007029045778555006,0.005688623719004055,0.002585426030372505,-0.0013041612841103117,-0.012319703780209438,-0.023609854479609754,0.02599859909660947,-0.01683415869845559,-0.00793288488686333,0.020580756805165298,-0.021758379841487693,-0.006290018460843733,-0.0009824050066653918,0.02205608942574008,0.010141445169061604,-0.0003909783094055723,0.014606087798129264,0.010567864483780828,0.0008951899467766326,-0.003431435342093742,-0.008439376546933336,-0.0027832202035428157,0.010958369098395608,0.0005874281254335956
2022-01-07,-0.0039613191592865835,-0.010891897254770959,-0.011641161341801641,-0.0072140916434221105,-0.004307622244706537,0.004540812572282988,0.005348936044970624,-0.0038746301632312623,0.0009877021027387286,0.0005093804804163582,-0.03359810369303303,-0.03609004895021842,-0.013647361932650065,-0.0071623326892381834,0.013623518457789785,0.00986182685985456,0.005959864927776103,0.011727419916863305,0.0098594053227836,-0.006643037813718264,0.013426751710581861,-0.000552839387851583,0.009500458698479411,0.005909923949652406,-0.03154267982948299
2022-01-10,-0.0012451245003634206,0.0006578395022314486,-0.003477187034113272,0.002457342966809347,-0.0009253957032139385,0.0030355936239956378,0.006766550034040713,-0.009040180870163358,0.00011619473399167171,0.0007320504949681396,0.005599545103122483,0.029890740749494566,0.00260268757451067,-0.03201396142020128,-0.003102421494693478,-0.011439426423933639,0.00859848560128386,-0.0034062636900230366,0.0009569694550463168,-0.005780749729928618,-0.00495637397806468,-0.013735391791635014,-0.0019342565989284139,-0.007823655395724403,0.0
2022-01-11,0.009067016201510583,0.0149103223823441,0.010579172324921504,0.006639402641749458,0.0030048129456381393,0.01199245713664559,0.01387245456141059,0.03499307360114083,0.016644484176216272,0.0022568741627048915,0.015104427992693525,0.005917481776156395,0.027271261588957884,0.052885295416227704,0.03344906061605084,-0.0076542815375835885,0.0024471986833191407,0.008735759030195564,0.0010153650391990497,0.0015390468088555213,-0.010686944152564918,-0.0116550384656386,-0.002839293058517212,0.008203769628485156,0.039439202967038435
2022-01-12,0.0026998789223972386,0.003957877619873888,-0.007472136747055259,-0.003838634390534587,-0.0006928923403401302,0.0026391371424113854,0.018824157058062944,0.012813022341733761,0.002567200247846249,0.010390595176651167,0.006521533579493649,0.03853754612843837,-0.028216976018424305,-0.010722026810314502,0.0018960079251685855,0.011077203340271237,-0.007829837848101694,0.0007244724972689529,0.005655881385195183,0.0011750294609672333,-0.008562385771727085,0.0022036371393914914,-0.0052845175398881115,-0.0005701265712691787,0.0011645948096974897
2022-01-13,-0.01387445472861851,-0.02533454384597305,-0.009209433353779013,0.008841723613228054,0.003151301329172242,-0.003402771341298051,-0.005610152035876725,-0.010923463932520085,-0.019211684424062552,-0.043244367311261675,-0.052197909204339886,-0.06987655465675016,-0.05568467603591962,-0.027954216158368968,-0.005064148798141969,0.020472453077743764,0.010681735591015398,-0.00387033082486136,-0.0012476186902655837,-0.0019895094654379633,-0.006084540439217487,-0.004538210640642789,0.014053021589984449,-0.015068753281070497,-0.03501335126244453
2022-01-14,0.0004089891327453702,0.0062034908633828555,0.001400677289327112,-0.015225180873774226,-0.008864154869356804,-0.002883829150556528,-0.006113311240745239,0.02875706852475856,0.005097716304214315,0.017561819117029805,0.013715247739710876,0.017346435457551865,0.0032455536848606066,0.007855856197408617,0.023209628167893268,0.008510102371411681,0.020168643480654676,-0.010476379755419245,-0.06343328556415641,-0.009093514395425535,-0.005466817802422023,0.009556628980408164,-0.0028222345260155235,-0.022774037242561496,0.03071229615548802
2022-01-18,-0.017868394897151387,-0.02520934728203622,-0.030703207991964236,-0.014174604739502918,-0.009568769949426145,-0.0016516182679313014,0.022850131795403312,0.016537502405449878,-0.0190749253172138,-0.02464050306763787,-0.039327499638838775,-0.018364847454341894,-0.04238615796235763,-0.03553234802093525,0.004022202675643777,0.004053955998664565,0.010465244083829492,-0.022539575832611587,-0.04283221999611884,-0.010560649286438724,-0.004418255460015968,-0.01946108422239222,-0.017665054708451627,0.00216962678621774,-0.036833241876412584
2022-01-19,-0.010437697142567533,-0.011044387279925082,-0.01639680260980733,0.006899690152983188,0.0015622941815230018,0.015755750605134237,0.03086946355697941,0.0013112281186550545,-0.02124870114307068,0.002244527229417457,-0.03280657614794489,-0.03441330009854252,-0.015197563894207074,-0.0113251493570534,-0.007282844378221889,-0.03152877290641648,0.0020955970058170186,-0.016926058995761658,-0.015590130179095328,-0.013570358013310854,-0.003116848480259635,0.03307178443146028,0.009914020649097863,-0.014287019829382396,-0.02813397275963759
2022-01-20,-0.011129822960013098,-0.013073270776174222,-0.018263140552562063,0.006148677677572077,-0.0005464862739483521,-0.0025020112544038944,0.011113694771302862,-0.006408688314779263,-0.010401422383732623,-0.005719784740075384,-0.03726773327947173,0.000622510083264904,0.001582950539147665,0.009611948960589187,-0.009218218461720329,-0.022954004175769916,-0.005847391346774977,-0.006390163748415221,-0.00856399403246122,-0.012903578112549684,-0.008016052490235745,0.005384822475195582,-0.01907741170256036,-0.0167269384648321,-0.05101845695975154
2022-01-21,-0.01982579099641531,-0.028120515830098832,-0.018907338266749486,0.011835652844231456,0.006537924281644088,-0.003267771913809988,-0.01066684240484155,0.0019762676597127574,-0.012847181530968801,-0.018640846499341474,-0.032660171337557574,-0.0539980722931419,-0.059044274287332575,-0.14362506529751423,-0.01997522802086431,-0.011794166486999262,-0.01053156967849161,-0.02072604227925391,-0.017627157325910282,-0.0024674964351559113,-0.0023025562768766547,0.003819772717709827,-0.007320292959591352,-0.0718905388751093,-0.025593435738980572
2022-01-24,0.004237752487532619,0.004567428059048115,0.022785366553403956,-0.008249309451382176,-0.0031079702720237324,0.005479160681096094,-0.012137642909939187,-0.011084540199705152,-0.004876075753207831,0.001147722962342918,-8.552858058008459e-05,-0.014835635717323473,0.027852387132716053,-0.002555773966824332,0.006702982625009828,0.0011202657906805005,0.005721727017239802,0.002875564787680698,-0.0008961386527311754,0.001898825028211643,-0.01159086918973762,-0.008150110245257648,7.118344899920751e-05,0.0005822416467251893,-0.019376817811636905
2022-01-25,-0.012284231639980492,-0.023454363404538645,-0.013437908846395195,-0.0016162604155272138,-0.0028053921960917703,0.003192034576976311,-0.004078870391506475,0.014205732736116533,-0.01145011067385561,-0.026948100484722865,-0.045876402491001264,-0.012551567227813773,-0.03797048448197231,-0.031027870686339765,0.03807595755994291,-9.32820127085639e-05,0.03640125946889082,0.0041679532250452865,0.010841028715029335,-0.003991585101465729,0.028193267699886292,-0.010971074283139788,-0.02199476695599057,-0.006935348400461711,-0.047448077627213085
2022-01-26,-0.002511993560232752,-0.0015659030426281766,-0.014538825268800832,-0.0121673218690042,-0.006812904578676068,-0.01629856790431354,-0.013717688630853887,0.011577774261702983,-0.000563369709544945,0.028094614230825952,0.019869358523438175,0.02048773822340817,-0.025317849776024377,-0.03838286740989114,-0.001685784331031605,-9.321405518316683e-05,0.010457242635185531,0.002595990227598298,0.009441352514336353,-0.015740805837875654,0.004463827057503792,-0.008750849316018067,-0.010260187317377859,-0.021547381278568083,-0.0037865008807418995
2022-01-27,-0.004950196384932215,-0.010121715792310483,-0.022969450579306404,0.018196816736382824,0.00227627211196272,-0.01298211532059733,-0.03275907622588638,0.002914042920782401,-0.002947361804850725,0.01049408400945123,-0.03703798118086331,-0.12277997465910719,-0.039898865174682226,-0.04839840590639404,0.010830800854701995,-0.009942526142442079,-0.005536171987506963,-0.009115711099105039,-0.017802136813913256,-0.01668103240962891,0.013039545582061577,0.006177659633242562,0.0006626549358485272,0.013530650215947156,-0.07607624373722109
2022-01-28,0.024532282297181813,0.030887163691515604,0.01928858891159569,0.00034896897471619535,0.001096384430902996,-0.002987752337666492,-0.01485775602586064,0.0017766395487242746,0.06745099136978083,0.02769462904707235,0.04001967736770009,0.02059221036289143,0.03815903925152929,0.04244702370648288,-0.0042574311193283865,-0.05328699560455204,0.010406261284350458,0.012997316267823519,0.008906805262359306,0.031850308943263114,0.007009927299151156,0.008572144994686795,0.012291624852146783,0.023427517609935805,0.02540551800888152
2022-01-31,0.01785056950984293,0.03147770406863605,0.030217559444400445,-0.005184044981886314,0.000469938819679239,0.005907056331230696,0.004336318827016421,0.008196081532559862,0.02578993795825375,0.00878509176025753,0.06958798366919411,0.10145138741776683,0.09040374000583784,0.06839198036050824,0.004409161911144728,0.001986451684956415,-0.010277901429868907,0.008742569819425304,0.0134820647985578,0.012216678672849597,0.002906153502886814,-0.0003114604528752408,0.016515054962997214,0.030826273616911037,0.0821455939008777
2022-02-01,0.006734262854107919,0.006780389159734437,0.010479458883577363,-0.0033243473908751513,0.0016614012947421897,0.0008325368758188378,0.0067082809190844505,0.0007999238524597116,-0.000973124108422408,-0.007164682989818368,0.006188643455928845,-0.005856643341232021,0.02163876246942362,0.039089239849344676,0.03502840299647904,0.018628695666772457,-0.005462902675659303,0.013729974818773447,0.017014463154318944,-0.003583395287732068,-0.008217447179186807,-0.004434923383694823,0.007837197197716226,0.010575501978914477,0.021902782628062088
2022-02-02,0.009667185114517599,0.00809279302490622,-0.009982767899986502,0.0033808996407069573,7.824281994542739e-05,0.00361943388995412,-0.00047767990788377847,-0.00015990918217535758,0.007019466786734297,0.015107515754997946,0.024219410697488626,-0.02786380690498876,-0.052468387567612296,-0.053817196574501444,0.0032174235710121317,-0.001998808555661911,0.0008524392599577148,0.006795039386084747,-0.008037486255743631,0.012672178206644694,0.010999790571385979,0.01774581117896434,-0.0004261388977971784,-0.013026584662344085,0.04993943475084113
2022-02-03,-0.023785674591032913,-0.04138852552472778,-0.019104651551639464,-0.00783643071663106,-0.008095931103008519,-0.0014224174555621005,-0.010566919838217162,0.015710834511345476,-0.016860957442648535,-0.03973131091642125,-0.052624739945140456,-0.01616240587443527,-0.057689421462248695,-0.03287698557833896,-0.009535796150885519,-0.021454086878956884,0.006074460864988296,-0.01109706074054584,-0.008304258487322167,-0.010690461614861877,-5.829839174950983e-05,0.009426621339561932,0.0009933276570362355,-0.018326957326995023,-0.022073044579387628
2022-02-04,0.00469123991072657,0.01253579978173791,0.004293861752692598,-0.014851579013161115,-0.009993709156250044,0.0015408910869810946,0.0038555147063560956,0.02180440407714029,-0.0016809782712855809,0.01544858660423202,0.015373261290770001,0.035474386816493036,0.052342839885575525,0.06991538476099815,0.01550411920697971,-0.010927447020173885,-0.0009501085033755274,0.016849439191108283,0.025627070531201886,-0.009948433707418382,-0.006561873811399228,-0.016029090765948963,-0.011843420725132819,0.014111198857459102,0.028892330104462197
2022-02-07,-0.0032144670700940173,-0.008076875976190183,0.004927851198230269,0.0006467568801671425,0.0018316263214741236,0.007375317353577323,0.0228255048268801,-0.003549712036491044,-0.0042433819548216315,-0.016444611459003958,0.016678372134192668,-0.017458706575610557,-0.00371816601405675,0.056489617669081886,0.012691292062071608,0.007081366541239905,0.007701453756359483,0.002988138569257466,0.003337369327642011,-0.001428999082836485,-0.0033266947943277093,-0.0075189246803465904,-0.009881454935755856,0.0034440818115103987,0.00056618026970084
2022-02-08,0.008194269296006645,0.011172616257395723,0.016910821329781733,-0.006708094940731019,-0.003746721388323698,0.0030522079460774463,0.008427030208588307,-0.016524169895133563,0.018298442669888403,0.011923750606846209,0.015250199566068896,0.016028052271245364,-0.0012425026228961356,0.014428267886547596,-0.021730552620036425,0.008372266365246754,0.00938665289714508,0.013827316983837863,0.018640230963659996,-0.004683579051128541,0.0026271671203621583,-0.0022481427324562747,0.00021733661507857376,-0.000210441078699682,0.03620878020429975
2022-02-09,0.014530111696221286,0.020969295858421125,0.018809956428516992,0.001879646969196194,0.0033487421400310263,0.003393414275398407,0.003722662326472144,0.008607913695975846,0.00825946168197038,0.0215996986479333,0.06166422512896175,0.010787525285489406,0.05011148521949057,0.027268208079096804,0.008313339379729891,0.010368158478136848,-0.0037950417779011552,0.006355356629440007,0.004159377382263951,0.022357796020050665,-0.00011665229644277116,-0.002252781609002944,-0.0021763721285292543,0.0327943701195194,0.035395224996439205
2022-02-10,-0.01812910609276035,-0.02289274844247441,-0.015461618807857902,-0.01602005790555832,-0.013704782233997626,-0.0038037857675304026,-0.0051222746873588075,-0.00327790957629632,-0.023881603621573315,-0.028783186337261825,-0.03354646658374686,-0.0298952129692807,-0.03136312218211927,-0.046422319442921224,-0.006264978630357419,-0.002606611410150524,-0.02336073750008257,-0.00881058982010972,-0.004159377382264073,-0.023891839805064125,-0.012144037689909504,-0.015342865670058615,-0.011761804210162092,0.0329366196072163,-0.05476590278071969
2022-02-11,-0.019915795485344903,-0.03223546016297708,-0.010177501068841638,0.01471927898330882,0.007396703815652731,0.018875607865561438,0.01896009848552809,0.027449662089240996,-0.020425655558609278,-0.02457363819799772,-0.07537785489785999,-0.050505215210130634,-0.02554025762886812,-0.05130103239056553,0.028670180242464174,-0.009052362403555048,0.027534216600283507,-0.014111006053211276,-0.013102433906961928,-0.00915727787631392,-0.010144447954002054,-0.005614699564450167,-0.005526720241259292,-0.01783691706339915,-0.1054753409572586
2022-02-14,-0.003274627645026388,0.0012380192553818753,-0.003481977627753907,-0.01251932932217484,-0.008931140818052472,0.005336451777182292,0.01002740022548606,0.009386938778892762,0.0014219832816600268,-0.00013565451879467223,0.01319105215568532,0.018159773032297852,-0.007118478118590847,0.0036944021852104705,-0.02385875567763633,-0.006731128214556795,-0.02354662000635818,-0.01128237695362709,-0.009334072212596384,-0.009143932882222249,-0.012661147217213056,0.0028751557639377047,-0.010249605647894405,0.009190274379398924,0.009584565370660275
2022-02-15,0.01599830381588858,0.024560194941747483,0.026455503810092595,-0.011418058032892638,-0.0050235390066421404,-0.009545260370239185,-0.020156368529690737,-0.031845952640917725,0.02288852496052406,0.01837271344438732,0.08783853940958937,0.05191932445845771,0.0530566886851105,0.06781418556892291,-0.010527673432924189,0.017456464938110566,-0.012350751651900898,0.013523963901041353,0.014518315048748082,0.008950278894800481,0.010273146250021232,0.0005100163707773554,0.003130499015205018,0.025331062854434663,0.061103288980186396
2022-02-16,0.0011200715743827111,-0.0002528300278033003,0.0020848053151318433,0.005909705661391045,0.0014610246089815618,0.01023173130733765,0.011959674299667404,-0.011578878628861228,-0.0013896932077512008,-0.0011680755044104713,0.000603709819390031,0.0010402120327626255,-0.03253747421102084,-0.004749188488787499,0.008052198693909721,0.0011298434821559117,0.012169845816426099,0.0007460123596864087,0.0018078358037291636,0.004638246409164626,-0.0005977376165593271,0.007559833119052769,-0.00627110027792339,0.010480159806221075,-0.03161325912764804
2022-02-17,-0.02159282496994491,-0.03019512374676063,-0.0259525192649537,0.007410946874234567,0.000729823071855218,0.013575508168976262,0.007743152761663879,0.009866139977941472,-0.02149883175277291,-0.029719102197198356,-0.07860102177960306,-0.05228610180162916,-0.06652572410939991,-0.08026717680921008,-0.0016055328749623166,-0.04468812150200249,0.00482151467948565,-0.025171524219597043,-0.0233015129415135,-0.010661076191707704,-0.006118934666410208,0.011390040332984467,0.03928400192897028,-0.021986236602772904,-0.046257047271834204
2022-02-18,-0.006496253044343897,-0.011471039097749458,-0.008635803209383763,0.010472113643087104,0.002428805926670045,-0.000733724019731723,0.0036231887700944195,0.008843432273036696,-0.009399644163589363,-0.009677812318732487,-0.03593393504528059,-0.022350967561475237,-0.05084563960066812,-0.014485371855195099,-0.0061530074599074995,-0.014430691267141438,-0.0059593491824513345,-0.0002548073963647306,0.004677668703943537,-0.006059501091227495,-0.010776720431188574,0.0005000834464040845,-0.006428898438406713,-0.01044988439121748,0.012909101060878142
2022-02-22,-0.010789381572524518,-0.010094595638067715,-0.014187282782972814,0.00260050057758587,-0.0012948692978840583,0.002086858856896338,0.008552769912243036,0.01228144173862909,-0.017973025452926242,-0.000729743512973109,-0.010716373871342489,-0.04224617718140919,-0.0219995456525453,-0.0678003879499502,-0.016296536889092824,-0.0038623148997318614,-0.000673114572939267,-0.005112462219452278,-0.0017764405964051833,-0.0036335341941080936,-0.013682852687951615,-0.012396513662024322,-0.011223017674463084,-0.021840790137003862,0.015862278448389985
2022-02-23,-0.017898082850254092,-0.0259486996938233,-0.018889928166334884,-0.013877795428796422,-0.009108517738367732,0.004497100140272996,0.018650633218863337,0.010623820587493109,-0.026204486827143644,-0.026234219150334706,-0.04382791705220779,-0.07254830168258311,-0.04040138284138579,-0.023005243533250615,0.010253307629134609,-0.02403013931750143,0.0069668528570352726,-0.017580837793662672,-0.021161408037704034,-0.016667353895812306,0.0004962953905678647,-0.012552445647231184,-0.010313006383023678,-0.015104537455988425,-0.05227221843106976
2022-02-24,0.014937075525911047,0.03305201555503739,0.02588242502678947,0.0006591465580668208,0.004727141889709909,-0.006471023453826176,-0.01865063321886341,0.001508500489626163,0.016542444332967626,0.04983100819346396,0.059017648550010134,0.04695367409397792,0.0749758404384894,0.03872179466480255,-0.007866327302999125,-0.010663607737375921,0.017359306649341807,-0.01207047082706258,-0.02823818364300272,0.016667353895812247,-0.019289178331404627,-0.027299269703362175,-0.0038579512193916846,0.02391162207041623,0.0605388553260524
2022-02-25,0.021824060222666447,0.015388052865925475,0.0222708769164333,0.0007306107231270863,0.004057745881494687,-0.0033362372759372606,0.00402595732469225,-0.008173093606205214,0.012882463070689623,0.009191000058192162,0.017076066901204265,0.011299945777284081,0.03297655844642496,-0.015320570895354125,0.026033011839908665,0.012750610088090964,0.03423085105269846,0.031699536111411665,0.02338435879070201,0.02381834239236353,0.048507096872128175,0.04181258971511297,0.013657891930845443,0.0008696996145298231,0.03745123153026154
2022-02-28,-0.002561680205817533,0.0029742229730306525,0.004041322703416221,0.021681630182124254,0.010633172390848517,0.010311993951243732,0.009773565958266223,0.025211422714287172,0.0016363226997504127,0.004965464608889295,0.009393988074611764,0.07211363413565586,0.03832995081850159,0.07587970692152697,0.024380780004398722,0.0027762328011333164,0.06453241532261425,-0.014944969633529594,-0.0425919567723725,-0.015002483941838176,-0.008651473001266615,-0.014962263408315789,-0.008985813339619562,-0.007181464421354399,0.018658469575542513
2022-03-01,-0.01534751323450326,-0.015429814585182854,-0.01901691583730621,0.011495559293900384,0.0034145046751132098,0.01800043176575384,0.03986663293517854,0.06233167712390556,-0.01169619067035274,-0.012935240299833754,-0.03794693681133315,-0.006986492144572377,-0.03113092808798518,0.02791308456397424,0.010009458006849523,-0.025648723569763478,0.05124621292226826,-0.03756094007312332,-0.038459451646268177,-0.005280431004156876,-0.0034698485045174016,-0.016688356542690855,0.006122323427206308,-0.01876587361515331,-0.0802386164491766
2022-03-02,0.018228988726774965,0.016640514348489014,0.0235314509980018,-0.03478067645395543,-0.015320700627938624,-0.010460864384517259,-0.0072479562630599565,0.04890948300334435,0.020379400765607715,0.017609804788192872,0.03132780153279842,0.01779600470296842,-0.011040083405288203,-0.00854945784877331,0.022606583514147953,0.05211063955197296,-0.014582006425585024,0.02554721646827427,0.02052800135734151,0.018552516705369646,0.012362131715112135,0.0031256907896481897,0.0012491551804020109,0.011193106227720748,0.038348561240827944
2022-03-03,-0.004990778851994823,-0.014388062547420833,-0.011919525762218067,0.010133916771624946,0.003650169839916377,0.005935763844875876,-0.0034290612553413355,-0.011870755037184696,-0.0019830756272093235,-0.014326293475096894,-0.021112937600189244,-0.04724057511561311,-0.06576292709078975,-0.08848009449845688,0.002738979230298324,0.011562512487023842,-0.004856204880904506,-0.003157882852154914,-0.0071335705692711065,0.008146922018981876,0.014588362028856439,0.003699643537066394,0.022727299946163543,-0.012085570466135075,-0.054734370765102465
2022-03-04,-0.008157959952490917,-0.014597640151097832,-0.01578124929763945,0.017116879787433988,0.0009708392431575264,0.015803608419049087,0.01491604351316408,0.06405202634966742,-0.01857994276303786,-0.020691128725883613,-0.033357874666541824,-0.0011922300504741562,-0.049082601990261994,-0.07147143949407228,0.02844825637677715,0.004148534006456632,0.022805133682649022,-0.018891126790795115,-0.028532376946413092,0.004571371315445619,0.005918061232071171,0.005040129425119751,0.02502708353541646,-0.03388511433078591,-0.03239994444534096
2022-03-07,-0.029922377353983905,-0.03757855028386349,-0.025181064088974782,-0.007659410208291588,-0.012205992652191694,0.014753495270292835,0.0025349136133197363,0.03596758743301458,-0.024003562163034772,-0.038509049437089826,-0.07156239838519728,-0.04104369101185902,-0.03686583658968514,-0.028207080504631808,0.014646985809060604,0.00530104128523625,0.017310850969253385,-0.037213538293362186,-0.03938126705890371,-0.0199622797470772,0.01597966937757855,-0.014936239755811268,-0.008084727453567055,-0.052670571759339396,-0.05167696562268875
2022-03-08,-0.007610491866262288,-0.004658988571244449,0.00550821260485699,-0.010110537949118014,-0.005994562780480857,0.02699142936842652,0.031155166792324992,0.03647600443815633,-0.011744611819227748,-0.01103193019376585,0.0075584465035948714,0.024335419149005895,0.009771211811087345,0.005261090281219306,0.015597008025091185,0.06542791250033637,-0.03750688267588061,-0.005871853562783686,-0.007067699864908479,-0.004858525279253885,-0.02047416599823354,-0.04038843902624941,-0.02089867922284338,-0.013195371667840412,0.02475185728495075
2022-03-09,0.026457623305853762,0.035365253506434435,0.02779433720142277,-0.009847292598684703,0.0017280644577156673,-0.03016149526620599,-0.026944698503799158,-0.123962088264302,0.03439892509763227,0.044838191912296994,0.06739885406103764,0.04107819387010212,0.0513700346566242,0.09968356200747126,-0.031041972801296176,-0.0010482290777791435,-0.0006015430614618835,0.036077253371337596,0.03928062084919996,0.015273216227062842,0.003786159551064804,0.013398566692273597,0.00517616214384471,0.014318309889549423,0.05098531670572843
2022-03-10,-0.004525634502165561,-0.0111670762776448,-0.0017993336377871711,-0.014471228063134797,-0.011494933617324551,0.003116366878477797,0.00878487114478416,-0.018859699951238987,-0.027562398758425994,-0.01013809055387239,-0.015589875762615077,-0.024358017786858904,-0.0357975999365592,-0.0341000247368874,0.030138741880016508,0.00953599430790835,-0.009764094270855667,-0.00842040820441858,-0.011911109638009844,0.002491333609278401,0.001769852294140369,-0.02608170088499472,0.022475855264021728,-7.479216546200641e-05,-0.042211258676490324
2022-03-11,-0.01279672856336823,-0.020956332040893838,-0.016084909136964885,0.0033407667059740962,-0.0004158487694989521,-0.007052696024243029,-0.005847944256694874,0.03110717362449335,-0.024199373326105698,-0.019517612519627452,-0.024935380378301335,-0.05259370365966602,-0.06882490644532244,-0.0775069107981893,-0.008035448684995462,0.014251862821305703,-0.012044379665514126,-0.007117716696290062,-0.02278155371478305,-0.007974367669370307,-0.001828844010374769,-0.01193776892571254,-0.0039339097040868454,-0.014243517724087306,-0.02059383023309044
2022-03-14,-0.007335126423368345,-0.019391451816722374,-0.020645646513811615,-0.023625756121092894,-0.014584045347609743,-0.015188475058141502,-0.030195829392867347,-0.047717511561381695,-0.026921362885548295,-0.013045745164960699,-0.035462980011538095,-0.03711720154932235,-0.061018308355213643,-0.04393226835323692,-0.03038515203176802,0.002835355673116032,0.012246927300115304,0.012558401293743996,0.009881960164442241,-0.007844131511462132,0.013722830791497938,0.012696348165900378,0.013840743685571172,-0.02086129615778373,-0.0197546939888789
2022-03-15,0.021752169805924437,0.030884971248279415,0.015805154494509473,-0.0017468886518358425,0.007821389056235783,-0.018882610033681094,-0.006932430187221161,-0.05953548768292485,0.029245292371817694,0.03801093691769279,0.0742049354525494,0.04530634609366675,0.03937514563746462,0.01804876954955275,-0.03730736942611416,0.004723232007556935,0.009450314508944046,0.014008785444468161,0.01759021551541167,0.006685958577706671,0.025588649081574655,0.03535526186416254,0.01193812131441912,0.03928633004971838,0.06695005327144413
2022-03-16,0.021931872931322243,0.036415406891634985,0.030978961162218623,0.00975992204814648,0.008508466922254465,0.006241285995487705,0.004771234767851567,-0.005112836852067068,0.02860260881896683,0.024900743907799533,0.06419034987818897,0.046704219074345354,0.09883072520428063,0.10084336080719325,-0.004605344083323127,-0.0017569858475702067,-0.0628477928853003,0.027702558109322158,0.043716395072473296,0.011808287381839314,-0.009239647037923413,-0.003399865805199771,-0.0029541140634513807,0.028936438331319092,0.05377353055156938
2022-03-17,0.012433399929582695,0.012033814231057373,0.015575657302437056,-0.007481627731504625,0.009753876748693706,0.004876733952655098,0.009474632066129642,0.07611451604062142,0.006433057844424678,0.0028151932346080835,0.010961867041793085,0.03665493442277862,0.04701197825158109,0.026820778188759675,0.033831678553945865,0.025676449700833933,0.017060674648786207,0.012412826705085183,0.012565488737312475,0.015342700127964768,0.012979719618076658,0.0031337181079731814,0.0015184847376514693,0.009581807872186732,-0.032417180334417726
2022-03-18,0.01089326617948218,0.020261153076183046,0.010476053527214492,0.012138234870226673,0.001972207859083884,-0.008828710707897394,-0.013376659583917769,0.012945152272857224,0.02070319314022226,0.017493984519869384,0.0658979410241422,0.03803519751155836,0.044140727712408,0.048032148650564585,-0.0009469803839976313,-0.003569867437562017,-0.005639034941576689,0.0023101118380040417,-0.0003570048893931598,0.0,-0.011148058892044194,-0.0005327347485590834,0.002960726937867824,0.005933531547258455,0.01572314541775015
2022-03-21,-0.00029256743953427647,-0.0027840051349652044,-0.008868454811686792,-0.023428445125718306,-0.013971398782980348,0.00761175501954624,0.011231229179105674,0.06358350292800369,0.008501329182207284,-0.004236268053749328,0.010566432785260265,0.017268009913468576,-0.027593229116065057,-0.05034835827586732,0.03952006525418683,0.012595304514454335,0.03191299549410032,-0.0009783988995016874,-0.003216904437648653,-0.006127941272554929,0.0056464826758705,0.0037890486022221386,-0.008354131403427115,-0.012046685591797402,0.021449938387321975
2022-03-22,0.011633501853592867,0.019462329829319478,0.009977370601144567,-0.012894866608509314,-0.0024171979783582176,-0.007277189924242526,-0.017331522526503503,-0.012397418320573856,0.02058716939566213,0.01624672027819631,-0.007886224543624053,0.0760832835953988,0.0456742377462046,0.05110100272858198,-0.007382913172964137,-0.00448026000632234,0.0013400615304967568,0.016102534762911038,0.021044214387540647,0.0025500293390725666,-0.004731566167609412,0.007666782850733802,-0.0029860204313873653,0.010691566250627324,-0.009883040171517848
2022-03-23,-0.012962015822316318,-0.014475652974123105,-0.01750157630651393,0.021678417134523162,0.0028334808321129573,0.013567209576051467,0.015611792303279297,0.042246634981325915,0.00820013940118113,-0.015144203448938963,-0.03413021927843292,0.005147863044765912,-0.019602523049118147,-0.016089630123628573,0.017056358322802192,-0.0024274139332194794,0.010521234910759802,-0.01868242531573702,-0.020113898720782564,-0.01128262545108566,-0.0037787128345269055,-0.007003651917018701,-0.012948549720949913,-0.01778617944911818,-0.007520810454558131
2022-03-24,0.014961856756714936,0.021983234631695506,0.011433173848499635,-0.007863371784250209,0.0004158833709651359,0.00723413751310883,0.015795454813726975,-0.027212526285618505,0.022424451008496066,0.015275752064745443,0.09362773140475167,0.014714339594958641,0.011054834861424388,0.037936516843366075,0.0024688029065173486,0.00017995588689498332,0.010011396006453932,0.007976438441493464,0.006489236727877176,0.00631035157082623,0.0051492755276769265,0.0017225585047510627,0.006180266168882238,0.009544518466188891,0.05640224288195418
2022-03-25,0.00487164988420682,-0.0008346299368456292,0.0013592741251374882,-0.013970148353423747,-0.007933565205574963,-0.004103860537691329,-0.005521401484823324,0.012337347301697402,0.0037271529584646515,-0.001382332075683724,-0.016403824646064814,-0.003240181703986614,-0.028876785428128434,-0.018466938394197743,0.021693701731582537,0.0051620269741822775,0.008700638161977508,0.012732507911500652,0.008704689485581799,0.012408373349906705,0.009541118995909039,0.011516715590299048,0.004331233403253593,0.0012943781727881608,-0.007160735187898686
2022-03-28,0.007087847080291798,0.015353751694025034,0.0003395690063190495,0.008513097886924665,0.005518682745174694,-0.018371517706821095,-0.023702865285167136,-0.08003237645173043,0.005024093616337248,0.022853534993627685,0.01885190354060058,0.07728050710253655,0.03876746673576887,0.07578600273110904,-0.025073548068560242,-0.006783315307334204,-0.019318555306662502,-0.0027874226286585765,-0.007426248890363112,0.010581045728175793,0.0051301701583842604,0.006847030408821534,0.017620276557517058,-0.0030230137132553356,0.004751788393772371
2022-03-29,0.012295018879544404,0.017063418358147012,0.02641942819109638,0.007524208940385727,0.008386063591748615,0.00044668806848975184,-0.0008726203737450021,0.021503386864055396,0.018953766217839566,0.015045449991119474,0.015367370938637026,0.007054913567225325,0.06257009490406729,0.015372008354591316,-0.0026078096228832706,-0.0036579654749246773,-0.017753010654560062,0.0022811772506184653,0.0021982560492107535,0.02891844984327811,-0.000506329100339201,0.01021563179978869,0.008389465691325043,0.026042011793156336,0.024562827512904544
2022-03-30,-0.006194033046851239,-0.011106949302929256,-0.020278947533329466,0.007771467375035415,0.0023124644068136194,0.008006283379257595,0.0013086451767669184,0.02284926196814527,-0.006671886841269232,-0.004926313680464895,-0.03429138484359474,-0.005087674440050588,-0.038699736339987634,-0.039034948141511754,0.011551857037811131,0.009186739603510446,0.019930567561375363,-0.00711374722667297,-0.004543979403328788,-0.0072656791414880675,0.010354850328507997,-0.006906976058684794,0.017772044581406896,-0.01002337605599376,-0.03308201916037515
2022-03-31,-0.0155109328279521,-0.012472248241605843,-0.010612201233117615,0.0024257690982193237,-0.002312464406813666,0.0003875207880489933,-0.00261900515003773,-0.0498689228740805,-0.01793555138299151,-0.017841128095414552,-0.014697766321404869,-0.01509517416561853,-0.03541907823685334,-0.03539274821183236,-0.013642782628293465,-0.001165873358249208,-0.010255630321498238,-0.023214897125424655,-0.030486681796077872,-0.012289137867649886,-0.013228127672622313,-0.010352085711036,-0.006358776298293981,-0.027328025804252677,-0.08650827605686844
2022-04-01,0.0028300644709328797,-0.0019050115083715155,0.011142378893770474,0.0037993933737961757,0.0033500610587525316,-0.0063862158789015815,-0.006137651574589424,0.0006742925881570746,-0.001719650352186062,0.003593719803154628,-0.021260677380827587,0.006465651918934319,0.01868097056008983,-0.01539223552708156,0.008078581550343508,-0.013782804064408473,0.01032280857506314,-0.002613029545572256,-0.007436540065920028,0.019283209157221603,0.005401978364010374,0.014875577238454224,0.013936603477563635,-0.0011672577862866533,-0.010573296708596235
2022-04-04,0.008530071779842382,0.020379566635796025,0.0016365414855101517,-0.006974063337550295,0.00346241760265666,0.004835061682683925,-0.0048490556967736125,0.03562586201658175,0.023416903107258056,0.017777993156053145,0.023969033867272133,0.05459557817973847,0.04289266888117568,0.024776033838048737,0.0012968002072813831,0.0047208574375706275,-0.004426967756589687,-0.004458246268357642,0.004424378745600707,-0.004899802646767086,-0.009699320603053129,-0.006533644289093224,0.00019866826978850964,0.011466904829617089,0.021398003013379473
2022-04-05,-0.01271192735447923,-0.022454525356197408,-0.023948518464363654,-0.022851485148190534,-0.01768460081115106,-0.006284549046099261,-0.012002746976972588,-0.027167667298447926,-0.019123665136823443,-0.013070634548884514,-0.05364293264598507,-0.048464637280470575,-0.058711510915112786,-0.07856104670203459,-0.01580627505158371,-0.02193159179599674,0.007248104260130893,-0.00632694322407639,-0.011705462401463211,-0.0049237649046668785,0.006439156200435753,0.003498605137194962,0.0028430114533800513,-0.021590987019615007,-0.034141794224067094
2022-04-06,-0.010049607094810446,-0.021950603644699022,-0.014289626402773788,-0.008127161694223428,-0.005880731775014318,0.0023404756196963713,0.009347901724663115,-0.023673745806336653,-0.018622973628255542,-0.03729265097539664,-0.06056912656340396,-0.042589069768463106,-0.0474372530375402,-0.060074465898414676,0.005907535512298437,0.0008791608297899551,0.016278686149266423,-0.006900519004223224,-0.013971564029187745,0.011812863763675215,0.02567958706756471,0.014192146596625738,0.02297291532992367,-0.022745939687209976,-0.029932412382026454
2022-04-07,0.005026396804741712,0.002375014163301991,-0.003253230869272438,-0.0075607467437635535,-0.004645402106029796,0.0037777415804509116,0.005743380788881472,0.0008209846806297853,0.0018024416208006794,0.006224426767852287,-0.008186684935303331,0.01093679078037125,-0.011740629308420899,-0.0039035205490317994,0.013004057107937218,-0.0014347547289889405,0.023759810320795795,-0.0010659077808416653,-0.003046704883660002,-0.009986619355913915,-0.002582589791965408,0.012860737291859698,0.009951018186448493,-0.005294251331607291,0.00048221276699823807
2022-04-08,-0.002677485277254305,-0.014077693461296737,-0.00800346483235749,-0.010889950659882153,-0.007903761308561854,0.006246419748615932,0.005272372963733649,0.013585319545394096,-0.011980310194588537,-0.014707681115607994,-0.0460286065192575,-0.030510186068030958,-0.032603622603447506,-0.03210008694223008,0.027147823490499618,0.005220230409835842,-0.008608398691658269,0.010079786784648317,0.018142466104524597,0.0016410348540945334,0.001978593284703264,0.007775459011486876,0.005542246866650994,0.0,-0.02657445559842054
2022-04-11,-0.017239958034005583,-0.02394164394657945,-0.006744483606972542,-0.015951461586632954,-0.009774384824626262,0.004947206140849894,0.014357432993311457,-0.024726312824649432,-0.025847130895538473,-0.04022998394280359,-0.05339230061874822,-0.0495349318175134,-0.01344527379677673,-0.044923581551730186,-0.030512343840239375,-0.004525634183644838,0.0058977696428746005,-0.004496620558626944,-0.0036773454490617464,-0.010806866749189074,-0.01259807051573945,-0.00381746152446735,-0.020019877148090268,-0.0092947906652126,-0.03660233364291247
2022-04-12,-0.0037122309027972675,-0.004233274476950939,0.0031497235837214406,-0.0013814762312848487,0.0006890830107202697,0.007647435301758722,0.013728216552556136,0.04964602056691441,0.011457553470154947,-0.011281265420307962,-0.019023414773805872,0.01122853693277581,0.0,-0.02647322384241727,0.016456902015501474,0.0030039752518195503,0.007083063699110242,-0.010929266041606482,-0.011038333795723028,-0.001474387502804102,0.0003334493132687302,-0.003014241105112062,-0.006893838393889185,0.001453288089557554,-0.02358922969199619
2022-04-13,0.011388534283517828,0.02012310542166873,0.01884151757607938,0.002030855083749261,0.0051526550692427816,0.004777109287769837,0.011859549874024839,0.031608781573568306,0.01621034956271362,0.01952021374282141,0.03198842470507008,0.03525937358618689,0.031095680257746672,0.032434481718241884,0.014809164337509189,0.007219012149958223,0.003501763549548418,0.0,-0.032764245282510554,0.007075611208487946,0.0042158660212590114,0.0028261503453218925,0.025705944579219844,0.011474780352174222,0.027381916479401594
2022-04-14,-0.0125299275262159,-0.02313263546362462,-0.009753403551875664,-0.020249003999286516,-0.011718430042599485,-0.003309019437270788,-0.004642363761346995,0.01455816003927902,-0.030447012521650888,-0.02745778686935629,-0.04349405280301903,-0.03723709338922126,-0.04540211017926566,-0.04966592929293846,0.0032616709253736656,0.042779079491562406,-0.0032665281265658133,-0.011320988422221748,-0.009312776693943885,-0.004312956711342915,-0.004215866021258983,-0.005596967419060941,-0.0008908305170733778,-0.014306617040468343,-0.049066449804004535
2022-04-18,0.00041111940835798604,0.0007681097921350077,-0.00675774763681449,-0.004981105691010414,-0.007655978507578291,0.0030924062818564585,0.009682308789935106,0.010501458548884719,-0.0013318375780705877,0.002462828158729734,0.02439664274021051,0.01939443951963136,-0.028195135814532098,-0.014566779345851558,0.014545873329288674,0.009219216670539317,-0.0004703084416705415,0.005946264404347532,0.018383752378785142,-0.0040544048831816695,-0.012529759458837487,-0.009568365052478323,-0.007668816597599931,-0.020911594910814256,0.008879457587999325
2022-04-19,0.016013531414210472,0.022104695703661817,0.01974102069625411,-0.00751890074321898,-0.00797922583177619,-0.015228268112134,-0.026747553374143865,-0.04515299902523628,0.014016437327853537,0.016896006938189913,0.018872334171905696,0.023480261839117743,0.039656542364804925,0.04122974024509031,-0.008179237361234019,0.00969542658360556,-0.016262074891631492,0.013649231938359645,0.02049520645863891,0.021557185766982432,0.030051975422620145,0.014851520051164193,0.011290752587636519,0.031812186569366976,0.031865193883183686
2022-04-20,-0.0007415295776674715,-0.014691671452908629,0.003812974446790481,0.019926070761656627,0.010334544414321314,0.0048830061930919995,0.0017197302232241608,0.004931836825484317,-0.0010159641262638016,0.0037087340367494693,-0.03278699363890799,-0.05082502163771987,-0.06115892164036583,-0.027749764921130904,0.003850173624248177,0.012499281131085989,-0.01319826211580095,0.006887398788211865,0.003502294215305204,0.01649083524312467,0.0044143778474693635,0.026250462617678078,0.012481422863764188,-0.05717619622057493,-0.030481581761409672
2022-04-21,-0.01506657911783504,-0.020908326183684805,-0.022643451107736783,-0.007426064327427156,-0.010686601928810713,-0.0035639435023603356,-0.021272768928399032,0.011328711263713346,-0.004855486471898743,-0.019571446910305112,-0.062374768102388116,0.03180563608534816,-0.05098386703260812,-0.06900256097055937,-0.0322487297204819,-0.01073469031762649,-0.0320821855137817,-0.015966155290959093,-0.007782264251725487,-0.006957622508531027,-0.002886109120235803,-0.0007805970678422285,0.0015023157400969294,-0.023637413288698634,-0.04536589364446734
2022-04-22,-0.02782271399884863,-0.026534730335207896,-0.02622581855847956,-0.006313576940082241,-0.001145542257789679,-0.009769661352400705,-0.021286898923516245,-0.02344218185870405,-0.028215355288825725,-0.02444069482476105,-0.033657278093062896,-0.003704429607069112,-0.01663556259771439,-0.043155058133232324,-0.024756604879961678,-0.06774084840707058,0.014119482009264526,-0.030227033224625426,-0.029142913975896783,-0.017699470946590815,-0.009975563860574316,-0.008398658813526309,-0.019007320862318614,-0.028260120035328268,-0.019215143758009243
2022-04-25,0.005780872729832631,0.01276374661135697,0.006053929933136492,0.009951073840078704,0.011047890916525034,-0.018134432520229594,-0.021749817439463755,-0.021993414882633698,0.006714327480833182,0.02412001922347104,0.01963695394362018,-0.007019222592886596,0.03539361412995428,0.027152309814463687,-0.033630084817681594,0.001847631007670111,-0.006526629277588866,0.0016577172778600897,-0.00031541027117321975,-0.002554287751698532,0.02432435662325941,0.008029741935435292,0.0005099447777731743,0.014104799085136642,0.028520671890778268
2022-04-26,-0.0293884550383741,-0.03847566906516782,-0.0320267495421548,0.01001683934474428,-0.0005234668619529846,0.0015238553873300224,-0.008279730238289594,0.02395717186868813,-0.03804264281248578,-0.038121392505219086,-0.05760181990086997,-0.1299278575282087,-0.06991323236341859,-0.06094376973884036,0.001356368788249522,-0.02997872728454188,0.0071991343133403565,-0.025438646571212285,-0.0300275336964996,-0.01657798700235788,-0.007175801295323098,-0.01712536124440957,-0.010504805356359562,-0.03546948886993924,-0.06291524135185138
2022-04-27,0.002807818562485303,-0.0011989737779616518,-0.0041631979205254774,-0.012909213909055382,-0.009643305185591198,-0.007585723242633687,-0.0074177368248516,-0.0011777314298873113,-0.0014678573442899496,0.04698770791565416,-0.02005271089135886,0.005790878918745771,-0.02234730255121748,-0.03684836899248349,0.01453208246655754,0.017253894833960778,-0.002491194289424172,-0.0008494650382351427,-0.013091385215977464,-0.006615402122439002,-0.014068574828761405,-0.0026947021219355925,-0.006849084321984959,-0.0048490119254095436,-0.0029399678873941195
2022-04-28,0.024945902785293086,0.03489997373836219,0.018495020300804577,0.0014887278666658589,0.002990804834887955,0.0053838047894630165,-0.0032626314223868818,0.02214398069140387,0.04416570952090241,0.022380116436660765,0.07160685306028239,-0.004548029513557434,-0.01402039784040717,0.0011417338258086595,0.029872680888202625,-0.00712942353789488,-0.007375914797577206,0.012670946794442781,0.015689097863151247,0.01824872027599327,0.007440574555103749,0.02509656849973146,0.012691591684093718,0.0006942443051115895,0.054209726983229255
2022-04-29,-0.03765600813495629,-0.0460425297368863,-0.02930431722291105,-0.013057866079381442,-0.01112814075332294,-0.00011298334784093811,-0.017899637198246388,-0.01185273005707613,-0.037291424064272945,-0.04271131019002139,-0.06446437838987559,-0.007721957937068309,-0.036253892739602375,-0.08484272857094537,-0.0260062827541561,-0.008984031965842541,-0.021950034189381698,-0.03502153412711759,-0.0328005576305504,-0.046983269569779995,-0.016487651104847584,-0.017656801826321126,-0.020828817828367492,-0.032260914406775344,-0.04705141466021663
2022-05-02,0.006001482557932194,0.016557904306365556,0.010434880599887017,-0.017486041805829737,-0.005945535722511208,-0.01871452290294498,-0.008112670081627363,0.015687522230842913,0.0019643064009055096,0.024734823527747245,0.05179723696094839,0.03628977282780161,0.06170984721231955,0.07377835220246054,0.01584178878384283,0.007241022422575998,-0.003036308174207092,0.00028963601799690964,0.00909054220537816,-0.02444526547326203,-0.010136594700527378,-0.013608059894761156,-0.006623376825384498,0.016612911730007122,0.04928004220402605
2022-05-03,0.0045734853816754096,0.0010671512110003861,0.008524724885417797,0.006719212496076675,0.006426025736764142,0.0026457593569150124,-0.0019185096913528117,-0.021797404118103575,0.009576788124112206,-0.009501152726859764,0.003526148702280384,0.006963974902024329,-0.005200033381078758,0.018130355957919158,0.027643256050278654,0.007282035542380701,0.00915008248598719,0.012951997600436594,0.02119361997946202,0.012346095295565171,-0.0019607551941425924,-0.013796121976656731,0.0034810514090314777,0.00044058177729795235,0.01425675870125477
2022-05-04,0.029998458869883844,0.03325291708827223,0.026335866051059264,0.005494801368364205,0.009739178836810207,0.009774616775434711,0.02137344513043425,0.045001521947341354,0.0401899286191329,0.02868560531761666,0.03666291559003098,0.04659599279666411,0.050059389887320824,0.051960736253055244,0.0406948570794661,0.04113292543578181,0.024918443987505638,0.03013887231404901,0.032545829237783284,0.011425367825905962,0.010655771568409187,0.007334720860430919,0.013740532350169971,0.022983461580320476,0.0870662538802882
2022-05-05,-0.036189811410938716,-0.05167669074104397,-0.041409921467387284,-0.02778077562669753,-0.015449266815677596,-0.0038184194446891804,-0.023776678025962544,0.003235872503980499,-0.05732896153113482,-0.04453205241503852,-0.07610005204198406,-0.08695990905101429,-0.09349988010326789,-0.13029855477024976,-0.01516058420495654,-0.030377355955042738,-0.005827489220702825,-0.029566949965021287,-0.025337951084145337,-0.02703005365246016,-0.0192742856503343,-0.018600755356148746,-0.008605123084529789,-0.03129621031004653,-0.057442406640835796
2022-05-06,-0.005987002478398596,-0.012053004826957254,-0.016782406430181678,-0.014844862824548463,-0.008536871326067941,0.0016545049194706565,-0.0057915624088318044,0.020294576247385527,0.004716378641284433,-0.009491418318037407,-0.009008560178909933,-0.00877557365586079,-0.04541368807022282,-0.0965012814432183,0.029370458336705263,-0.005945330204008492,0.014071850468872315,-0.0071708217107593515,-0.001615220538951408,-0.011940298552748302,-0.002209156558815674,0.00992099683104895,-0.021039452841772936,-0.020817350549228782,0.015538535757307195
2022-05-09,-0.032540937496165365,-0.03991316828539472,-0.042974212748895395,0.008758682465690773,0.003513291853943736,-0.014585347642546313,-0.030968272347244596,-0.0700979731707621,-0.03375229846306812,-0.037644903598558814,-0.09691774778751513,-0.0951126361970946,-0.10382758263012919,-0.21692133758542317,-0.08635338615041815,-0.03972584588606155,-0.02384531150460312,-0.02418165979173376,-0.015148117645053414,-0.04504357682658518,0.00542834510142192,-0.0025032653890568104,0.011633159279071159,-0.030471250214729587,-0.09892479865149745
2022-05-10,0.002307994726084814,0.012075696343280798,0.0002858131285773561,0.009029059096317215,0.004217830497586843,-0.00848106565352078,-0.02425593655224234,-0.027003638624532214,0.015983385934230994,0.018424561781696654,0.03734679643955046,0.016293707630266798,-0.0012164165782101873,-0.13464399454957238,0.009031017353369366,-0.016126251131056767,0.0006607459465961159,-0.008886426761514096,-0.024674110298874823,-0.018387836502573054,-0.001354205292242836,-0.005283369213894685,-0.014177364190946652,0.006521932200212388,0.02707347596624255
2022-05-11,-0.016013715407764566,-0.030106741431782755,-0.025178451621807565,0.01908869763963933,0.004646082630449804,0.008133958004822058,0.016235851393591804,0.04781215175338986,-0.0532333837939702,-0.033773463543444786,-0.05640676121582397,-0.08615264955046516,-0.10649717850795876,-0.30653702181762493,0.013330638079949782,0.010877144682320284,0.002910611862512147,-0.009266262629195676,-0.006328403323212278,-0.0021354865847245303,-0.005435429321083738,-0.014184138158914807,-0.01051194953014486,-0.023205424763408415,-0.009170799411382354
2022-05-12,-0.0010444602231382397,-0.00236727339432945,0.011655207229190091,-0.0018670123634236444,0.00044536657799886664,-0.015452706170676834,-0.03847614728371545,0.013341193078315002,-0.027262281833822097,-0.020159675037784847,-0.027741160039613015,-0.008207980246495447,0.05428104879489377,0.08524135985933551,0.004233794980552025,-0.010680241061576919,-0.013302931788603449,-0.007535813399532497,-0.0008467972751219112,0.007772293655356562,0.009830389739908567,-0.004070571657831843,-0.0009491738434912914,-0.008591138561408971,-0.009829781187642815
2022-05-13,0.023626490681372132,0.0363896653056367,0.031199714743453125,-0.014891166448916467,-0.005270529849343617,-0.008142627698810948,0.01556851527559181,0.025544911465052732,0.0314174220022851,0.022344976280727288,0.0904364766839788,0.05555683158900242,0.11175179381355496,0.1485673969461334,0.03361153666078931,0.006382633377444409,0.0013336538242490585,0.014419029555517607,0.008855914699552735,0.02606537041337635,-0.005751098968269721,0.010667070333854984,0.0038577217682179677,0.028540877786492704,0.08854177317609224
2022-05-16,-0.004065788883529613,-0.01165932223888776,-0.004784708078882337,-0.0010353792166468798,0.0013427678690910647,0.009493279652076629,0.025922682745279414,0.022265070097156798,-0.01072946876519489,0.0014543194494219462,-0.02528014204544499,-0.06055559591829793,-0.060997338608832004,-0.09531020790729497,0.026025914558454405,0.01389984873376219,0.005454237426918584,-0.00838591644430598,-0.006993834926398314,-0.006323084480631476,0.006930887073540725,0.00971701937699822,0.0010799214050810964,-0.020235021077581156,-0.009294584022146574
2022-05-17,0.020361681734043083,0.02557156488557405,0.030124897611535847,-0.012157136802069465,-0.005740900494218631,-0.006299094085683991,-0.0005018935506161721,-0.024358773301596696,0.02510474491110537,0.02013998820656954,0.051533861372027964,0.050132289582274676,0.04899916816600606,0.12621129877270978,0.011512649357535673,0.028078562970865268,0.00785377834453801,0.026414962034119315,0.03260970852684685,0.013529926815222674,0.00414693737787598,-0.002840291442149016,-0.12076448593638246,0.03236642560052743,0.08372538748911619
2022-05-18,-0.04114675876703918,-0.050336092348117326,-0.035669851904140626,0.02109364329834428,0.0036812464476008696,0.000531343704844183,-0.009583959153348276,-0.022694236776363685,-0.05807311724669823,-0.046598812183773215,-0.07059773505694597,-0.07043726926027942,-0.04534912017285053,-0.104884457891358,-0.025969140217750267,-0.02446501674222679,-0.01524026197269044,-0.027919923829389928,-0.01725378306909003,-0.029461368075428748,-0.018740745646059508,-0.06434923816109099,-0.0703261389019108,-0.04076826253489096,-0.062309484488218846
2022-05-19,-0.006143304750031236,-0.005372849820853962,0.0016437397080811909,0.0023922369178697466,0.0026854957759116903,0.014590277160260899,0.027001686214096134,0.01613847365576466,-0.02495027641915524,-0.0037064294539602507,0.010921779371584643,-0.0005496144580126333,0.04418770683470897,0.06733089848898888,-0.0036781200885942535,-0.005691073937577071,-0.020257695663733682,-0.006648710746214048,-0.01493333189108433,-0.004447336264893324,-0.008928621987035033,-0.023297162855711845,-0.027827606228934074,-0.011184045929702489,0.0040424972990291035
2022-05-20,0.00043646662749850606,-0.003112653020797312,-0.0025521850364565632,0.011286369701021788,0.00490451502726017,0.000697767757192036,-0.009915835444540203,0.013191335617879649,0.0017454605500520195,-0.0022940102958846605,-0.025431936822377578,-0.06631616117599509,-0.014513361993945187,-0.01901676901907291,0.004289487010951649,-0.04420100462293568,-0.003459763990889303,-0.0018207288638740233,-0.00823241751885627,0.006347231809778826,0.017326536132661417,0.0006349543812637408,0.0010909103337669252,-0.007005315189007387,-0.033341661240580855
2022-05-23,0.018537123686204048,0.016490609128416083,0.012024230056252139,-0.016591408651457758,-0.0035644667641887545,0.004639589893868967,0.0014936864409462317,0.003911503452491727,0.039335724383368506,0.03152974036050068,0.012146082546061329,0.016432950581559483,-0.006386731806040185,-0.0007561898546775273,0.026072820902576326,0.03149735305061577,0.020719816421008896,0.03198604368681531,0.06003284532131145,0.011533025166625396,0.02020930702077224,0.02273130297240596,0.028124523902186543,0.03275216422375336,0.016652022866286274
2022-05-24,-0.007663089624051804,-0.021491312429633525,-0.014924858953523553,0.019540109862567063,0.013036988016477916,0.007493711725538028,0.014324720608872625,0.00036590570724210285,-0.019403109645356287,-0.003959611550266457,-0.04502752460378942,-0.07176955888757142,-0.0720655706545651,-0.07441055676717932,0.0038054969850712843,0.00732071657290299,0.022266080585340527,-0.002061733899777357,0.01402639711995291,0.008408024309036838,0.010863634663669922,0.0176306791786215,0.012402118300102929,-0.040889083024622026,-0.041997214611117537
2022-05-25,0.008796146804760062,0.013898275990346164,0.017838418511867897,0.003946478706142239,0.010256699030624997,-0.006048248796558386,-0.0024551565302191537,0.005836633144421413,0.0011394006258658158,0.011108594551586014,0.049573834688349104,0.04762508488803092,0.04537168608525692,0.09046852501270548,0.0204423591080794,0.017640606372882117,0.01069306204524517,0.007928608491247314,0.006940104431072674,0.00844058607879831,-0.00986086789010517,-0.016528264188162802,-0.006141201965241266,0.016305042812005652,0.01621272465083974
2022-05-26,0.019784487235609872,0.027330011421424688,0.022078606767290312,-0.004535404369547908,0.00026136165634792,-0.001850609639927292,-0.0014760488252873805,0.02526013261478566,0.02293420639850478,0.012792665141604738,0.05031789478035139,0.07164265445291097,0.038254692281755376,0.039409719855483194,0.010987262236335619,0.017428990691789274,0.0010047597355635767,0.022843141567299094,0.01714241933714818,0.0012294440537502479,-0.0008911826104299,0.008708002408206744,0.02109373252278369,0.022502952563041183,0.06376243458058146
2022-05-27,0.024252574797362748,0.0321182971211432,0.026570328066701083,0.0024384203180866097,0.005218107119948293,0.0005208853826908474,0.00245887236330674,0.010232406479484663,0.0399481435250834,0.027230314268008628,0.05238239687050556,0.07076881859385181,0.06317412861934649,0.07510928786297977,0.018123186674952718,0.01929704922161801,0.005720433461335942,0.016726193096869887,0.014038673026729441,0.026468628791750652,0.009041785286660541,0.01517639685612313,0.01949139847748981,0.03452622199949538,0.03492720676080838
2022-05-31,-0.0056267061107348575,-0.0026564751945845435,-0.01249516889731921,-0.02138960451724814,-0.007400209442802017,-0.009942270255165302,-0.025872112112647384,0.00011703195722255155,-0.005360464779348405,-0.00502655064338544,-0.007416872399932699,-0.001805191767721895,-0.029499335980254,0.03624433757090955,-0.015137152325509457,-0.005958606254599779,-0.01723260567711601,-0.0028151031795857566,0.007286563012058582,-0.012338995478503369,-0.008651718107062856,-0.005664006163448667,0.0011669375764599686,0.010193160356266232,-0.003919283093517838
2022-06-01,-0.008121502490625975,-0.0074233412804485845,-0.005682084495231358,-0.0011435920641208106,-0.005850551809678855,0.0063488366174163004,0.014511088413370237,0.0008186620415099886,-0.0008736234950123958,0.0020208624949856206,-0.01903182131570035,-0.023876273341224562,-0.03672896024544512,-0.129260320407733,0.016153212545605197,0.007937069614949506,-0.0018423905210513966,-0.016200579932905582,-0.01770088136419868,-0.008311309490818776,-0.010189418673664775,-0.015263609889496198,-0.02503275879684367,-0.011382942693428913,-0.006302949602689425
2022-06-02,0.018864262618432017,0.027017476124367286,0.024128286915168138,0.0005160263437896517,0.0004406806099621446,0.012234040087981134,0.022594330489455826,0.01979344758085911,0.016671419399188578,0.0078978681580838,0.0671278322085062,0.04571303469577831,0.071061372582708,0.07289997656739455,-0.003164362114616301,0.011106789439806752,0.004111760247368677,0.01365989279590337,0.01596016314199817,0.013646707213732191,-0.0031560903914286224,0.010722348444236167,0.016287416517497526,0.015268882986994628,0.07028291065879007
2022-06-03,-0.01654764390081912,-0.026363918886934914,-0.00904688123128113,-0.0021525678158648043,-0.0031756521672175408,-0.010203900438868029,-0.017638899898782825,0.02512582612068235,-0.03931858669244096,-0.016746517066994135,-0.04552862457157631,-0.09672413884722543,-0.05565131269458658,-0.10157464021530455,0.013157179186789377,0.013095734313614929,0.003575681055379462,-0.01451993677074471,-0.014037668683453637,-0.013443301960672577,-0.004129408720634924,-0.009007118114213746,-0.017324427017402888,-0.020042721907948424,-0.021313974447804286
2022-06-06,0.003040272131361922,0.0033256785997416694,0.004320695789350305,-0.018615523492766982,-0.007092794893417843,-0.004413447852864014,0.006896642886501344,-0.012144553035572943,0.005214042924694487,-0.004714631957120521,0.0035196314018095393,0.01591980642197778,0.007616972431801554,0.05796607554033844,-0.0011177764646518704,0.0032695911144927743,0.0016250536828927831,0.0028638243827329886,-0.0033090060341290158,-0.003159501621633744,-0.00011350704943080249,-0.003914873127833972,-0.003597358074176191,-0.007759758442526319,-0.006133555551980027
2022-06-07,0.009546583607515546,0.008588932253559918,0.015999648867733942,0.010742135365869194,0.0053244862814710425,0.006497267812168451,0.007336771172546582,0.018495192038892445,0.017433124368557828,0.0138574998804196,0.007424227514946858,0.002542820180630796,0.029230511126097702,-0.015687693243883798,0.02942541807314363,0.01539762942597601,0.02865536531302304,0.007691224789992012,0.002617484310419086,0.013687013397355483,0.010937742013818638,0.011086101920251275,-0.012084941205808308,-0.0003710047048316584,-0.003508302522655502
2022-06-08,-0.01093187851373986,-0.007223030659033393,-0.015573657613825521,-0.008899965753872679,-0.00576947582049922,-0.0009256257836888652,-0.008319111976694769,0.021425826060106533,-0.0050562251194374444,-0.007699618067761947,-0.014586045526350774,0.012397350726358317,0.02666239017940861,-0.005332617025873169,0.0021693973890768914,0.011818893183483363,-0.028655365313023012,-0.017750284793672307,-0.016042520224102574,-0.023328994088975503,-0.0059612466824034704,-0.012531773868164923,-0.008711054617538062,-0.004183569777017493,-0.0326315007792257
2022-06-09,-0.02407024446244486,-0.02714964318733009,-0.020948067097198722,0.003324862554687232,-0.006608892978889265,-0.0031883338247287547,-0.018849817590173016,-0.009941590967299982,-0.0366179642015003,-0.02100213380183694,-0.03270397315121821,-0.008970671737446728,-0.06258343280830375,-0.08187481036587885,-0.022354543595393003,-0.02703757135543519,-0.024403936364860674,-0.025451271430284122,-0.021239798444301183,-0.0239919973072993,-0.02034328333400045,-0.018220789171793428,-0.010521334052825583,-0.038363867320130855,-0.030894319560898362
2022-06-10,-0.029424109571339133,-0.03590748988473105,-0.027503575851885672,-0.006221415072025436,-0.009724777268173142,0.013323135228160962,0.010956345732464687,-0.010485219204587856,-0.03939444245130863,-0.04558721457769907,-0.06135212944578621,-0.03168770531986072,-0.0742148733405199,-0.08251595367516465,-0.01710018462716434,-0.03869689464697702,-0.0058640395596885895,-0.03681763775391073,-0.047055856586956844,-0.022420090379249767,-0.006700093396836671,-0.003796709867142812,0.005603171145817625,-0.038485277825621736,-0.041117281386561
2022-06-13,-0.03870801747252278,-0.04761208643432137,-0.04811819473161412,-0.031881676941415346,-0.023343016299375807,-0.02676735882447253,-0.03477299320663543,0.002548656259710811,-0.03903732323769822,-0.043338547576940924,-0.08140365951254488,-0.07366972655880115,-0.09212396108048526,-0.12117407896905395,-0.053604003360160316,-0.03933596387890032,-0.014658812077312467,-0.030272414801050508,-0.030230840708269844,-0.051282115504118556,-0.010135469344887276,-0.02713484171436121,-0.01899594457776126,-0.037829412181166186,-0.0861872092932443
2022-06-14,-0.003017669718164314,0.0018138633780922567,-0.004829589679381455,-0.012693810478573164,-0.0052000527292392325,-0.008035407203286724,-0.0066889448243443155,-0.021364312251306368,0.006650822706013172,0.009162900587033593,0.012006592918389562,0.02360632235719876,0.011145952164468566,-0.008301939560465675,0.0019013207218982894,-0.0009189491578696339,-0.01847425326827129,-0.008591781973602379,-0.01677939903190489,-0.007643484960151575,-0.01545742960203345,-0.03169515820105439,0.00041858104850691974,-0.015690233579231536,0.0
2022-06-15,0.014155629130390309,0.02466508375069386,0.014535566751271501,0.018484416384191852,0.015519815464683302,0.012966509676610984,0.030004704269856804,-0.01733418550159643,0.0199118342666575,0.029301817569796742,0.04270951554484896,0.0533736162801124,0.06362556553925316,0.06438092042282223,-0.022327336762514676,-0.0033439721010178813,-0.004986373612542017,0.011123586665310633,0.011766582896098905,0.02342918312116095,0.010645387807097126,-0.009986861620079942,-0.0006699745234535114,0.017464728330703273,0.026208377094419113
2022-06-16,-0.033656220764680986,-0.041182872231555014,-0.047423841166749026,0.007908251016548407,0.0010996136536125722,0.011180446816136464,0.013930608095660088,0.008362536165384625,-0.040459373099841246,-0.027340400004839168,-0.057660236933688006,-0.08927688581957352,-0.06389597053582183,-0.07470942670960652,-0.057972755852873724,-0.05595410477195787,-0.022739089046973762,-0.025609483829010595,-0.017305021435793648,-0.026641044723989562,0.0005291310068143967,0.0060943122236212675,0.010333703895976104,-0.016828155129369877,-0.08467266732669369
2022-06-17,0.0021533856564291795,0.0120862183279075,0.007779293041660692,0.003217311395811553,0.0020122609178163113,-0.008256810144045654,-0.012929082801561163,-0.050537154714440646,0.011467408694356944,0.010880629339684285,0.01772545447146876,0.017029157609637944,0.04804301568391578,0.0033245749381978916,-0.05622058060919015,-0.011098877705563701,-0.0019286954196050103,0.002914028607067334,-0.0035327245110623857,0.0075542938262368135,-0.0036520335390425812,-0.00722685730230157,-0.019505896208041138,0.000636085457938884,-0.005867311158764454
2022-06-21,0.02486204584130608,0.024916325010441578,0.017761000796571186,-0.017097743963826875,-0.01010304025227732,-0.0037437854344901486,0.0,0.008483314110952442,0.03223567530714564,0.024293746386338935,0.04229207910760893,0.08942411634475661,0.04288173262369682,0.1154809442270764,0.05050864034502886,0.019177644470171028,0.03633576260604487,0.01976052675323102,0.024470422763718587,0.013815079742398798,0.020732673425770797,0.029846252182455145,0.03227395882625344,-0.011192176434111216,0.026852135980431832
2022-06-22,-0.0018145392162078231,-0.0014593624925745682,-0.0019048439955563694,0.02712890579273771,0.007266285638970469,0.003977268335422712,-0.011072046406501763,-0.038445355409975686,-0.003834545946545,-0.002407003798677438,-0.012513321113959145,-0.004015858661335937,0.014949401569043091,-0.10209960193133596,-0.04085462708503642,-0.04446352069923012,-0.00841327900516088,-0.002233252772969636,-0.005627635714897354,0.012627996872454358,0.015656293413477178,0.015498598388687846,-0.012187934941058822,0.0022484454999664753,-0.0004775088464703896
2022-06-23,0.009754700194436427,0.014782950146595043,0.011906039014124301,0.008181544616797943,0.007668201457842503,-0.006148118298448717,-0.019934183157454013,-0.023771842391392836,0.021344271197080093,0.02238423130047399,-0.00828592957158917,-0.0043156097521520964,0.06861977795050318,0.12599004566149705,-0.037771842962668944,-0.04999663237266542,-0.01169389140897263,-0.00383997256234311,-0.010999781141905623,0.018820481797456937,0.022060516417945094,0.027067248785983208,0.02398692085995103,0.008519746525054413,-0.015886718677797975
2022-06-24,0.03129909090586173,0.03368971525022741,0.030502201033245656,-0.013939022778845211,0.0011817268623362826,-0.0009989609969459391,0.007201645621176987,0.02858220509708128,0.024221452733816373,0.03357974980033307,0.054044322648518626,0.04425503260828766,0.040067720518212446,0.06301941739438116,0.013075480114459798,0.037460452311221505,0.020298051174914285,0.03620733458588949,0.02940895011656974,0.021053329731211184,0.014532521649437769,0.014303531021743997,0.0008086879508521945,0.0362389389733324,0.05487780536623891
2022-06-27,-0.003826981126766834,-0.007358556740486539,0.0037055078489455773,-0.008565789418170438,-0.00921652406431972,-0.0011176944418580068,-0.0010256645906167967,0.020219978683858122,0.0,-0.010552355835427596,-0.01512009531522309,-0.003206786761701394,-0.022730748721251366,-0.11388377651865408,0.028912115678691102,0.011257678100818812,0.0005010093496222736,-0.003407166483189535,-0.00804462359173538,-0.0015045848389442069,-0.000933002999855962,-0.007649752400043974,0.0032280346374681233,-0.012037887089423807,-0.010621182041893737
2022-06-28,-0.020644563828262227,-0.030940591150293868,-0.018956357145271344,0.004648595896503732,-0.00027505567656165453,-0.0016493806069405818,-0.015512163926313152,0.021354833558795493,-0.03024211247534476,-0.032264110215525624,-0.054014479529433446,-0.05133914578061633,-0.060499119020661636,-0.0892882967424553,0.02664687422929169,-0.0007998618672554973,0.0034765723883560516,-0.009978320185934888,-0.0048232817655679775,-0.012227710004944737,-0.0288548977448953,-0.01639914529677837,-0.014199813073875111,-0.0071677544421014944,-0.06447668032790861
2022-06-29,-0.0008147411369083259,0.0009165214607695322,-0.010200398763383536,0.015488020077404,0.005942776125245236,-0.0007666517068580592,-0.002608983713592362,-0.021113735855704422,0.012939574589289588,0.01463042245324337,-0.02791715564170937,-0.018100003611393377,-0.01577470090317193,-0.028338373089834678,-0.03536987620996062,-0.021353296406148223,-0.0043353923177136735,-0.005656819519368967,-0.004499829831813488,-0.006224947578193219,0.0002824927541017151,0.009042035689716794,-0.003684141836719613,-0.0028188789839730783,-0.035148809072489795
2022-06-30,-0.00815757228302977,-0.01248053750435243,-0.007822177991374343,0.00874346626600582,0.003003419927157236,-0.006095587698335223,-0.026470577622749215,-0.03184590665300542,-0.018191997328193415,-0.013266843778948724,-0.02495153031068206,-0.017735577471772915,-0.040059357696580714,-0.056437410757168495,-0.021307051102467226,-0.02606155176491184,0.026083779535240895,-0.008863591306664925,-0.023606905117436964,-0.0018639562220937546,0.002933548976927612,0.011119723236677492,-0.002792605556638837,-0.013154587492076422,-0.019682062932027213
2022-07-01,0.010521055754881761,0.006578553430766689,0.012031556852303865,0.010214370131140507,0.012561088055629005,-0.0008313996785857856,-0.017862446994381116,0.01629464175690324,0.01603492544810493,0.010650470851058202,-0.04286067936934261,0.012352524133575366,0.03304866373615249,0.04206325744951413,0.014852327543881407,-0.002632698689018729,0.008245697302994317,0.013579880173665055,0.012706430906298556,0.017839987548273185,0.011259520704451418,0.016006080314287657,0.008599320656466698,0.01826446721898783,-0.037302887179396726
2022-07-05,0.0018867225966198826,0.016974780806029644,0.008250144330418258,0.007826320059661497,-0.00027057002283992616,-0.021437799680384485,-0.03218923525135899,-0.08813626172497899,0.018753505326914964,0.012518884059156042,0.029913636095539344,0.025215114905161356,0.08707198429585226,0.12212376982851396,-0.04048931417460004,-0.025736264686476572,-0.04305730267902031,-0.003456349920428463,-0.003810884267436966,-0.0028072715514132892,-0.007716708913593659,-0.009697554576589874,0.013123981151711385,0.010759497888992263,0.020555554534006978
2022-07-06,0.003371672235782716,0.006391945414825927,-0.007433580452206219,-0.016933374643126484,-0.004963095447807851,-0.01596901758740465,-0.002258555906025622,-0.014954817385141733,0.00956132501130005,0.012701872572851809,0.0110322101921055,-0.0057372284664808535,-0.02271550545343246,-0.06910891142236604,-0.017220076369730258,-0.008379835431146952,0.025300453530074467,-0.0025214031212924416,-0.0065031580073911036,-0.00183974189545079,0.0008977833228877747,0.009286620288655095,0.007057306604485959,-0.011383914144086429,0.0019927144480472907
2022-07-07,0.01486612954172174,0.021173127253223876,0.023390772739624494,-0.00883932379340525,-9.027590019475585e-05,0.0005548992912700342,0.0033859775599281404,0.03834852612999407,0.02371620699520136,0.008192884493873114,0.046994629012194984,0.05380522947187815,0.06324392112647736,0.10543786891474942,0.03541810554484274,0.04521588993417294,-0.0087256664067742,0.014411295218312217,0.024978167931033763,0.002704157348245159,0.001121168423112754,-0.0003425742826995531,0.0015173318904069598,0.013953069252909601,0.05109426230255185
2022-07-08,-0.000822877628857367,0.0012534577820817211,-0.00011400632523821648,-0.01113795954912206,-0.0016297798476809025,0.00043143823725389326,0.002251037219349816,0.025663898836797847,0.004703243080318175,-0.002760902273277912,-0.0012619990415904622,0.025117078284842168,0.0006403872726525696,0.04807723006886232,-0.0004228351985308643,-0.006566661992883583,-0.004367808122946495,-0.0021795173431977516,-0.00314308716403252,-0.005306976399147108,-0.001233287577431544,-0.006734755303728892,0.0006383243423710958,-0.016245421158936842,0.0006302606181832836
2022-07-11,-0.01148940557983697,-0.021596021550493023,-0.020308418949978046,0.017097730490913447,0.0028050851261993102,-0.0053749265251639535,-0.011874665223558682,-0.0039548121986266085,-0.014867879755855051,-0.01183854382064209,-0.044279597168779654,-0.0677223141456021,-0.07164869601715239,-0.11240689632057901,-0.00963045573590199,-0.023043965550804364,-0.003049570539389374,-0.008137808057498941,-0.013203201189717337,-0.0021743970913916787,0.00039245752533034354,0.007008708199340729,0.0003986861575343871,-0.023431060998158126,-0.03071260711677352
2022-07-12,-0.008888174360125262,-0.009734589137110623,-0.0034348737455323,0.00592415553263707,0.0014449849880845671,-0.0037236489059839332,-0.007995438813813158,-0.07179997373264087,0.006810422859630956,-0.04184477899718285,-0.004630466803066174,-0.005448427397798375,0.01592027422417024,0.006659303211195967,-0.019688644342088574,-0.003033118355990933,-0.012196192203044218,-0.006305223613213735,0.0009740374924823898,-0.003926005621040582,-0.014116414661494403,-0.008872347407353454,-0.0030339129389572433,-0.0004271545040059063,-0.0076968137752899835
2022-07-13,-0.005265535231511856,-0.002063382876285855,-0.0008750431615507069,0.011401283206581464,0.007461687770651602,0.004776265963686179,0.014233089258093695,0.005205558094811725,-0.0025395780359439737,-0.003752034073343082,0.005422146887710533,0.016890005886123306,-0.007019204547357868,-0.02124177506538059,-0.0015977812264155833,-0.0035593788242994384,-0.014574804178892821,-0.00889462804125642,-0.009427185792139517,-0.004819271372493792,-0.002334412672977711,0.0065414101633936616,0.0023959387682759826,-0.007076410851975938,0.015076917427786404
2022-07-14,-0.0024315577111933694,0.003564545070159545,-0.010326693628651315,-0.008192318152695197,-0.006379398579443761,-0.014146649261641277,-0.03978619430528052,-0.004656321274512414,0.02027551932895371,0.005367083520682571,0.013623507536115773,0.005357484236889209,-0.020893883753855216,0.0060082738932948345,-0.01907917348701943,-0.02286254609322294,-0.019027990770371032,-0.019330335521764472,-0.03556380384928231,-0.00904362521905976,0.0013671277969932595,-0.0029555638845062205,0.019353499694753754,-0.011906192531087068,0.01383575574353011
2022-07-15,0.01892493391514307,0.017976809292271308,0.020605065223717994,0.005612701665601109,0.007990458401463403,-0.0020104758163567997,0.011114506406465446,0.012142852140508807,0.011385238433009159,0.01033691910676865,0.025054138574590715,0.007330299130864308,0.023163640669078302,0.00690241990031336,0.01616758302899746,0.020040292765345066,-0.004832712410011727,0.03327229329531812,0.044814083703580726,0.016808699146445446,0.014410793583209718,-0.0013776683274581579,0.009731857889129551,0.03593198221685478,0.03143458558529574
2022-07-18,-0.008291331436973887,-0.008498505316699101,-0.002835034564054565,-0.010473204141480452,-0.006999677742464293,0.000942949789432323,0.0017436086620180528,0.04078944438935173,-0.02085941772288432,-0.009668170591614183,0.021279446792858203,0.001997430616818738,-0.003178964182925927,0.0868408984228302,0.02263159529894118,0.0006343165452139643,-0.028258352660216392,-0.0037830105366175276,-0.010323147007358768,-0.007106437949501539,-0.02269861292378445,-0.012206240201105788,-0.002326989478943746,0.005238424203946861,0.003937493619508253
2022-07-19,0.0266605322795079,0.030289762690363996,0.03467578921562116,-0.005409164950953009,0.0027879933394318957,0.002384623832616704,0.00405689352176145,0.01601487783589144,0.026371209483565316,0.020554408055195036,0.05386135118027011,0.020505045463666282,0.040776440712709465,0.1151471975663004,0.03032211254479046,0.04094019365787365,0.007972669304397006,0.02956478665882271,0.02447648203681615,0.02556462109404236,-0.014685576374053922,0.0050810464550278284,0.006116215660773112,0.040044314364400306,0.053207181802207
2022-07-20,0.006353134713450227,0.01573205513043932,0.015548219816711995,0.0026209369786251943,-0.0010783664637953186,-0.009446509339211243,-0.005800502183779526,-0.005266935621969812,0.013419362290729316,0.010502148967222616,0.04684884602007053,0.007991447618970264,0.049413805990251684,0.13400591515319754,0.009632697279542276,0.0026706735996063625,0.012321894545089519,0.0036730059278019898,-0.00017459652722930585,-0.002355753958276301,-0.00572445589503005,-0.017438062186411266,0.008301391342126723,0.03685859004702831,0.04050525874159007
2022-07-21,0.010131597706270775,0.014252983039541832,0.00511090971420251,0.017128403595026934,0.013571606949383062,0.01401179660226555,0.012142333834254037,-0.028082581586164848,0.014981439915437027,0.00975135263443563,0.013554117857045595,0.09331246499887616,0.017305770804047084,-0.017286772667341563,-0.017684676970618634,0.005651743949079912,-5.059274348416995e-05,0.006395691734210411,0.006786921806268473,0.007901851456345971,0.0035085596249694656,0.0009450150059700666,0.014514540463564589,0.00799890385702243,0.018391788782975007
2022-07-22,-0.009321267456029812,-0.017690855535286442,-0.016080592738487075,0.01667130821153091,0.00768574446768047,0.0024926409954947677,-0.01505530673707864,-0.012798456338420777,-0.008143895240537954,-0.01706062715197021,-0.04134164221370537,0.0019732780255828208,-0.056942131047976775,-0.04365338940595564,-0.008258194058486674,-0.013181290875556712,-0.0011647672081485816,-0.005784460710669594,-0.004867888739031931,0.0051981346814674615,0.004716885340045621,0.015857253703957692,-0.0025684520621234606,-0.014113312351726411,-0.03337547293123661
2022-07-25,0.0012140219794063065,-0.00571172596606946,0.0051672268427637,-0.009833064609996098,-0.008484107177343799,-0.0027423043036363935,-0.009378723635647368,0.022422198946315527,-0.007425647193257033,-0.005893767693023745,-0.017180108011471983,-0.014093787954092982,-0.01305781401270646,-0.054404596813045214,0.03602620837887781,0.017701768184580524,0.012737243887480643,0.006391363922679657,0.0040003590134744796,0.0016914628828825953,0.0019734909991979185,0.0067593716997253655,-0.0014379281792690282,-0.0002919701834028348,-0.006376673401144364
2022-07-26,-0.011901413319669934,-0.019844735903222076,-0.006170634241623173,0.0007663316816230047,-0.00017754482186402564,-0.001186514317386386,0.010544931243538364,-0.014004688191793072,-0.008865654763700279,-0.027139358580624114,-0.02926551578122644,-0.0363152186530825,-0.04893261740010954,-0.23676655392599247,-0.009125086084871408,-0.0031952265283578304,-0.007506952092440709,-0.014054384375490583,-0.01574547720934035,0.001055701504679428,0.007049317046461915,0.0019425396842221952,-0.07909645014438837,-0.0287471338396243,-0.0265077260575117
2022-07-27,0.02563476985192276,0.041391142890933076,0.022496604706633488,-0.005633627443617043,0.006635699420412128,0.010133467249785824,0.025317838550774147,0.03542158159082639,0.033661997399509036,0.06471226451711637,0.07327807350516372,0.05982904612856656,0.06479731086572693,0.10568166836532535,0.022323944593978996,0.021939179685749752,0.004350297691326685,0.01526733360724636,0.015918970757997856,0.005996580760440468,-0.0027675801128891862,0.009451296888355252,0.03709633537893406,0.03660388048877974,0.05221954809832848
2022-07-28,0.012464430697792218,0.009730801239941756,0.013645946877575567,0.007929255197210185,0.008254957794206572,0.01211168004371747,0.04608086452185218,-0.00954853052413884,0.0035647901487241298,0.028140976427433476,0.010845814010082713,0.021882347827174065,-0.004321513713420955,0.05650657534394696,0.005603805751171094,0.013884145482176268,0.018742348773081827,0.0072464708601313295,-0.003738400709441568,0.03189623700930244,0.0057569536156856765,0.016479976367890167,0.024655866564792985,0.013435911112114443,0.02038748773731374
2022-07-29,0.014473493975785423,0.018072641405550028,0.0070745645903683915,-0.002721136301557718,0.0023585798341184145,0.0028071459585694595,0.014543776419067152,0.01185741172534521,0.03226698176571204,0.015543679442668995,0.009904422153816548,0.056238328890716484,-0.02299962007914039,0.011341054222917884,0.04245970926123258,0.053938538500075225,0.01885661829829868,0.014040477526972541,0.004779165616014271,0.005370069106188811,0.0018355127952318763,-0.06379147452081867,0.017571302729508152,0.011374558282876597,0.0300871847033699
2022-08-01,-0.0029655085591972098,-0.0006025324273754224,-0.0003739667478588668,0.023797883692097576,0.0019747865774482625,0.005651232868696488,0.004801297490111466,-0.03812977623813476,-0.006172334731456377,-0.009771919781159896,0.015189892761223858,0.0004262206792024022,0.012332201778616617,-0.004138129760766736,-0.020874518092017798,-0.017247522105516177,0.013132104330889844,-0.008340860706835172,-0.010018756542483579,-0.008116876931729593,-0.0035014820250740676,0.028318959770629027,0.003703871767462596,0.0011303868495202757,0.0241580120493586
2022-08-02,-0.006619357965277196,-0.002986119645575488,-0.0009621857323718959,-0.021386708238335442,-0.01229586836457958,-0.005955990148902209,-0.02043087519288204,0.0105919574209734,-0.009330722948373258,-0.0115408357997595,0.004598508079369968,0.011072869479979633,0.02635145601424093,0.06975816660605362,-0.0023462170956382454,-0.060012216776785976,0.022405105222352485,-0.01112935640564206,-0.01570800207086873,-0.012919243590701538,-0.005708778084506931,-0.00667044915269294,0.0010555663517035348,-0.01431778356145711,0.025604521514246557
2022-08-03,0.015538366654757716,0.026868444969886496,0.014598789483350388,0.015622141782426132,0.010810757743477303,0.002435276067987767,0.004336046063680275,-0.032118397637613996,0.037534333140564535,0.02745591572561691,0.01961627050034413,0.022402858626649376,0.058980563336095,0.18398106362064903,-0.029133556816523333,-0.0034936723147912362,0.0012118479647415757,0.01501059143060485,0.010440665851015888,0.0031939136287041786,0.009611171344230491,0.020431038448010995,-0.016566894844231288,0.04033666338247188,-0.01215948302419638
2022-08-04,-0.0006759306597972542,0.004665483714174867,-0.0021102066323480176,-0.00033532213383008816,0.00157223580980785,0.016404693683584038,0.008079743492911174,-0.027576544552019324,-0.001927988555748071,0.004169078349153735,0.016899886174165997,0.004014952135593356,0.008205782700276951,0.09541146965017988,-0.03779199681432778,0.004201836874700747,-0.002728962298429735,-0.003283042286763346,-0.011063544734468187,-0.001544043831563162,-0.01616761830970739,-0.001588832522825708,-0.03850975119981755,-0.008289650977426191,0.0576397878655967
2022-08-05,-0.0016916340566996923,-0.008202576906480895,0.00762841582375946,-0.02409139545273333,-0.013620873400289677,-0.011309781450742627,-0.016770718823893527,0.00013982157360873483,-0.0013901339533795734,-0.0026124945668983732,-0.011831585030063837,-0.0686033118290163,-0.001995244096125806,0.04562485620137555,0.019622229960737123,0.00948444233377303,-0.004025613010245603,0.007149090323449523,0.029811123836514363,0.0027778945093702967,-0.003966025240608867,0.000483830064887044,0.008010842610348436,-0.013876826764910996,-0.015517779079626322
2022-08-08,-0.0011615893257479035,-0.003237234747780235,0.010531515817250913,0.01601257659507566,0.003973300643707358,0.008434348290836127,0.03747765970095407,0.027572741694214514,-0.002907200528737989,-0.009196845760076641,-0.06505451766320391,0.007789020718917544,0.014474376801166512,0.05203448934873925,0.005186207329621316,0.0022627125784909267,-0.005998008077153334,-0.0005935070791711114,-0.01225532604321432,0.008898678273554325,-0.0053324620998235145,0.0037934645600164996,0.008104404782049743,0.022991668672281813,-0.02213745797527574
2022-08-09,-0.003978871006456363,-0.011383323647232515,-0.013733587209389591,-0.0038940320936934037,-0.004504765946942137,0.003054867797077557,-0.005268736047814007,-0.0012246272513984958,0.00030334181482124986,0.007038400200611859,-0.040545570877868746,-0.0247155543645267,-0.05607061141039422,-0.11147767855369704,0.01740801821146481,0.0011833772655256995,0.011003972497572815,0.005036143506220093,0.008967267787081505,0.0054842252642972504,-0.00011755538635554141,-0.002343377330895697,0.009825589851752138,-0.009022252611537223,-0.04632492050826578
2022-08-10,0.020786387163182186,0.027528389357397237,0.028150512425465297,-0.00655329562884112,0.009428117432578303,-0.0025151110588634198,0.0010559904465828494,0.011775229328236174,0.025857349571125014,0.024009792272855254,0.05748646564571103,0.03816806100817755,0.07111433492141872,0.07108920280928206,0.0071983974198166064,0.02489834783625089,0.003354834467696539,0.02221000291870143,0.025753196790740816,0.015076848908611423,0.0028750886704408296,0.009408802126182114,0.002092696504513789,0.03899650574724979,0.03607978641035924
2022-08-11,0.0,-0.005692167704479926,0.003724855072445395,-0.023585279182710327,-0.00969355933421192,-0.002641706914863643,-0.014886010149014507,0.026030674329950296,-0.004441229389323048,-0.007428402353498522,-0.008601835585743886,-0.026599955270312267,-0.03251837369203427,-0.11396623064623702,0.03382167795752075,0.01705196710580137,-0.002654913079011906,0.011780368455424116,0.014673491620050681,-0.0023968336480990554,-0.020900134023595644,-0.007134548590995192,0.009597913747084005,0.0457232842096345,-0.009433556572475518
2022-08-12,0.016787228869896288,0.019283578188074486,0.020216930764435845,0.01008975209597324,0.011533692663308438,0.009155976822720392,0.02642859939733757,-0.017189308650474563,0.02119881680679366,0.016893857952494408,0.041860470142131415,0.045690263130780645,0.04101424612299851,0.0744225249123627,0.007547414324817461,0.014533023805188871,0.012490139353022307,0.01558759619890646,0.01642834559488178,0.017053818460243148,-0.011069521606879601,0.009660265366942093,0.018318072103825675,0.032436202574408185,0.02724470118258442
2022-08-15,0.004112502474602425,0.008048482109034076,0.0035374143196331364,-0.0008661419727382716,-0.0007009552861944602,-0.012950528089989187,-0.025893111899684917,-0.028407240813477935,0.006313792661133083,0.005329716251206516,0.017116980865978685,0.030493897831355556,0.0034549236894493656,0.016223126431770072,-0.01969078608270874,-0.004531724252737193,0.00864461143177317,-0.00028104688144248895,0.0026984670785416623,0.0040224722316311405,0.0047677188237233055,0.012803605198615578,0.002869992516355029,0.021885878786048942,0.001783594424851373
2022-08-16,0.001956630055693416,-0.0023444798208026225,-0.00039801982475991856,0.004148953219475395,-0.003861697732272359,-0.0017516299628300418,-0.005906090206921602,-0.02275978683027081,-0.0009244319114111645,-0.0025931345899912342,-0.008071559179142793,-0.008952025876518947,-0.028176278290503915,-0.017328815129550455,-0.002342055704153086,0.007980324661691122,0.004896385871246323,0.0072866712615890445,0.009508665527839728,-0.0026473386937609557,0.00887160196187904,0.00917939245646848,0.04979528110856027,0.00561751366462131,-0.008051384795696228
2022-08-17,-0.007123256704997259,-0.011471346809613493,-0.016959659702743594,-0.0104918227289525,-0.009453306211504992,-0.006489345947105167,-0.01738227890230757,0.011305936366571526,0.008746499888873204,-0.0026395492047526607,-0.02923833878351003,-0.008407578354357605,-0.05488885275132829,-0.056319231271500333,0.008303030318841016,-0.008082493368664961,0.003243429348437336,-0.005039019652381344,-0.008447792545030417,-0.006006438605382306,5.9339281504147055e-05,-0.004612578990819064,0.0010755924458072668,-0.01735523131477961,-0.01944939998007374
2022-08-18,0.0029022694575680102,0.002401854555752505,0.006607279649380817,0.001480848283200608,0.0025709665885630404,-0.0026198444873023344,-0.011573514644171418,0.029538534843419915,-0.0022942427161485074,-0.003955223849349706,0.023608042222974607,-0.0037131047703819653,-0.011096008381678601,-0.023327103299297033,0.02651877097991687,0.007221498714578598,-0.005085303535110925,0.0011218771071546975,-0.007779603026376973,-0.006639267466633645,-0.00484518680801587,0.0035450400233483343,-0.0032305976832050862,-0.001140566009617474,0.021841800382469453
2022-08-19,-0.01352911806588768,-0.019689536296039617,-0.02169977230434383,-0.016233381199090992,-0.011935836354775079,-0.007347552958114958,-0.02753765894478868,-0.0020233571248430395,-0.015217263042850631,-0.013950835754788931,-0.05047239528914798,-0.02069451464936621,-0.06098002160889589,-0.11961175796688021,-0.0002519038636321577,-0.008906923542853752,0.0015462926458487372,-0.020105254863584422,-0.025056354457005905,-0.01059502328924139,0.015115873261553928,-0.0002669786562660751,-0.014850615705906916,-0.020840121133720284,-0.0457333679484958
2022-08-22,-0.021042376091759293,-0.026680168620079762,-0.020816121143698227,-0.0033674277803400075,-0.006742962545152808,-0.00665930336783302,-0.0028530255100719555,0.008336780239749365,-0.02329874518125748,-0.029794833845847652,-0.04673598913239454,-0.023027123255798403,-0.024463201690668155,-0.03559774420839359,-0.0018895530016061533,-0.019827326837622786,-0.017653736316652867,-0.022271516959255163,-0.016660207714649305,-0.02204573919057433,-0.003514553649281712,-0.0026750657722435737,-0.01804225962530724,-0.03558493547599416,-0.03294964868714686
2022-08-23,-0.002422231882845197,-0.0008270881364047573,0.001624727665323687,-0.005518726749026687,0.0010817338556642889,0.006966551217581505,0.006833787208155199,0.028382889952123836,-0.0020309489806244435,-0.004727549021891303,0.008592826140263004,0.02230781558771273,-0.005518594516526672,-0.004065913942397051,0.03542601912774337,0.028024585639904235,0.0018259022951490741,-0.004103066917648331,-0.009905705674326973,-0.012923502491347884,-0.00874988857577418,-0.019474848064167567,-0.00424470441285541,-0.009358830268380103,-0.0037770344915644587
2022-08-24,0.0031959967884096765,0.0028928122270435648,0.0076168031090963,-0.007345495131551468,-0.002977709824649249,0.002944580504679446,0.0005672806695790645,0.015626314774332784,0.0017922877623332116,-0.0023540751674340416,0.002383371996498268,0.0021677745650455194,0.025721257732794767,0.004205852885055398,0.012216702329813879,-0.015586618533996916,0.0013610421637648001,0.0052720483897208,0.0024210383765424243,0.005706987132558527,-0.0033159865286218715,-0.004310925247144722,0.0072128326145116176,0.013404424175073974,0.0025915735440064976
2022-08-25,0.01401896188345937,0.017527237003641977,0.015420268163660293,0.013839987221224564,0.010250448675427504,0.0030581063588208724,0.005656145460319542,-0.01993078665393413,0.014812538031754882,0.01103416951135255,0.039339169660608825,-0.0034616690754643124,0.02835811874378151,-0.0015400857878025782,0.007664740181817974,0.024019167254993073,0.011303169867001093,0.01536519760874254,0.023470210310746555,0.01478907217835387,0.009317448721062011,-0.0008232068628347731,0.006645834490953991,0.008979397120228215,0.04687285110477742
2022-08-26,-0.03443535526385651,-0.04185146811970242,-0.03340769890269713,0.007509510137608705,-0.006012005018133146,-0.012227153201929956,-0.02108934987681857,-0.008533055155007855,-0.03842823904563878,-0.039351151413426835,-0.09681848048928973,-0.02732301898385137,-0.06637507141609772,-0.06707321015170091,-0.011760619147000004,-0.035622993441240064,-0.01726952791205807,-0.030376168166424904,-0.033276497594788006,-0.02550341566398073,-0.017260343614831225,-0.023682562106270566,-0.03193128648173974,-0.02928555496131493,-0.06372935398581657
2022-08-29,-0.006634016655095224,-0.00990468883948616,-0.009249709353161557,-0.008307977685492225,-0.007407009592264096,0.0006180465249853886,-0.00404039174424258,0.036758427895031934,-0.013784793438066587,-0.010725480317351618,-0.028635215067645842,-0.011415491099770154,-0.016712092289667142,-0.006011462998205727,0.014976655140166857,-0.0007298352456929809,-0.003368941580660394,-0.007143009303228847,-0.0024446331322462485,-0.00903465994909554,-0.007761371524774023,-0.004225444071479459,0.009679018014668703,-0.004745215414090759,-0.029946050993921617
2022-08-30,-0.011038588208248426,-0.011198929684387753,-0.01409150987951133,0.002482073838072885,0.0012682581712325728,-0.008375556136480044,-0.019270776264270612,-0.04178087110105697,-0.015423902932461642,-0.008557425622621271,-0.02129973944382749,-0.02531598923616216,-0.005235642570529558,0.010347283841796975,-0.034479983695181814,-0.025561191788633548,-0.010692707128234205,-0.0053905285981885355,0.000174898573354506,-0.013920739556766468,-0.0035029436608705377,-0.010714678052669959,-0.0030145233945379993,-0.009736245952118002,-0.017671273496180372
2022-08-31,-0.007638101143299749,-0.005830487623506409,-0.006085179503732677,-0.009606971789906847,-0.010559908881594682,-0.0077553096129762645,-0.022660431276606392,-0.03177007781783223,-0.010691979142032244,-0.005720241012348619,-0.024475966470154265,-0.007554668468041173,-0.0007160506227505801,-0.0034371359309746177,-0.009150243792005006,-0.012000553619163412,-0.00522308388810141,-0.0075360988217116134,-0.005961424984933709,-0.004719600537904905,-0.006733197757087208,-0.01610827497161554,0.0005282588174728114,-0.0031178534868247076,-0.024097547298343052
2022-09-01,0.0031329475446569633,0.0004343308889013794,-0.010958813586233563,-0.01847786896868809,-0.006038081318714842,-0.00882902347465035,-0.012136117915912252,-0.02998980406036944,0.004695721469664399,-0.004100757868103042,-0.07975029400076795,0.005608200169827373,-0.0038277431892028485,-0.019195091804347777,-0.02490385443333289,-0.012365840576558942,0.005933184769545692,0.0030213194650728845,0.0068350939109386236,0.0018262017828093258,0.024489696097636553,0.012248947268208316,0.014455452416829134,0.0040069258429481554,-0.030385122793044495
2022-09-02,-0.010600502545946059,-0.014228882374167853,-0.007799221848544205,0.00564102842975668,0.0007381474829837945,0.00876617372318804,0.011532785831431852,0.006742592846000861,-0.013704633195370521,-0.016807042679700224,-0.02102741773856853,-0.025395567131662106,-0.02745892533532355,-0.004128710523926847,0.018172803897759916,-0.0088640232161993,-0.009605563553295043,-0.00787422604858653,-0.007010891149843956,-0.01404965244477444,-0.015850081913377036,-0.0179195514280261,-0.011066393535062018,-0.011889615277841357,-0.025713466520097577
2022-09-06,-0.003780227295948902,-0.007208412856491763,-0.009932789533256495,-0.025080543591783574,-0.01365508600854368,-0.005856578259356107,-0.0018120680732417534,-0.00014003691079669602,-0.008249027587880986,-0.011034702832817496,-0.013425900496592166,0.015460425583855752,-0.012394811098705058,-0.038742791929654456,-0.009297623752743393,-0.000940499004459806,-0.0018892433244986442,-0.0024350653588578303,0.00026386820341119555,0.008992809879857252,0.0027001646093331483,-0.011217771848600266,-0.004974402585423712,-0.01003206039481572,-0.019124848779770644
2022-09-07,0.01780545317238553,0.020000006032188048,0.021526323344606493,0.01569176928120891,0.013562919502017786,0.010117286090114818,0.027431599108354094,-0.05467407863082617,0.009211452498567469,0.018931006781458905,0.018620432320193284,0.03325755641840769,0.03384337738049659,0.083540902095402,-0.011681037292047298,0.001106229777443579,0.00563305874935945,0.019617064414739167,0.01881249011517216,0.01933507883629542,0.005439274214182837,0.015001378736606877,0.02536671706235165,0.023342507772713312,0.01124245251635944
2022-09-08,0.0065151082447204925,0.005170984023884621,0.008308460547505486,-0.010310795635966345,-0.0023094893870669576,-0.006020378897494643,0.001763190938139622,0.006926467813874334,-0.009664477544065443,0.0016648451045598964,0.019925516435211798,0.019408586563541073,0.029228618019736554,0.06837732250021941,0.004332631503698267,0.012582687232419369,-0.0011669856812902733,0.01747946641872258,0.02302870017778976,0.0027471567611540774,0.008013082392460688,0.0013070950534536192,0.00507040623678907,-0.003199767965402522,0.039046750806976026
2022-09-09,0.015415743744738392,0.021626539530758927,0.01988686135723006,0.002218562796456771,0.002309489387067038,0.005269846503477033,0.01688535052008428,0.043257009636661424,0.018664564563089195,0.02271707148591779,0.027982403517505763,0.035389242849343666,0.04353484184195386,0.10128820450537014,0.02461831101921582,0.0340305592739132,0.004470054986777152,0.009062746224361349,0.004794565963785502,0.010808508202612562,0.0019330606955306358,0.0151178963680449,0.0030006675465067438,0.025055183082447703,0.03174490227340706
2022-09-12,0.010690466541598241,0.011815910749198666,0.012040405139453217,-0.00825086892917877,-0.0022170271613115447,0.005055386193321507,0.047910001092535875,0.017704571481807953,0.037785079980013764,0.008247029756224506,0.008168203967062627,0.015693156705112052,0.02392679928772598,0.02056124626407627,0.018195654278987835,0.015240132582057787,-0.006879567324478153,0.00811601858724054,0.011762336623626373,0.009659808584760723,-0.0004225410336780123,0.00811215529858725,0.008948440398306504,0.010450486840625526,-0.009524412948798786
2022-09-13,-0.04445621633206039,-0.05639766730582596,-0.03990630946687456,0.0023245455057848583,-0.00723884906586057,-0.013096728906648173,-0.018889459010892035,-0.004986858903455066,-0.060471626777928736,-0.056547667640165805,-0.09951747580320244,-0.041209445573060305,-0.07027589263259963,-0.09258830370574977,-0.02554266497556079,-0.042957267548768434,-0.02248980200309282,-0.037951162506786464,-0.03536665387562484,-0.038997133271308694,-0.026364716738415544,-0.020911970898469568,-0.020857870650154757,-0.04059284468651572,-0.09421202038108016
2022-09-14,0.003808547539135059,0.007902081706833645,0.0038880654448328815,0.003430551885149231,0.004739031939031274,-0.003855034555311845,0.009489330300080595,0.009948972396031864,0.009509978914389351,0.000912286687958077,-0.00022837612745420553,0.035245873940170286,0.02710688713999585,0.04482721301727114,0.027854760034235423,0.001843003445032644,0.017676926878447536,-0.003002929185974148,-0.002322485140974725,-0.011458584879057173,0.02043083212891926,0.00238552082068752,-0.0022210409849274687,0.006599527440433189,0.0054375869421743215
2022-09-15,-0.011418318847410909,-0.016794033755719397,-0.007296202895564199,-0.0006481785863581928,-0.0048322491781288834,-0.018855801737618274,-0.020769809088962046,-0.041693190099260855,-0.019111266566668336,-0.027493730864177113,-0.01527462525244673,0.0037601953268899466,0.021705594098149997,-0.018855090598380107,-0.026106598811138124,-0.011766671426044081,-0.0073234407828027285,0.0033030012592162065,0.014958133485625203,-0.01865515564975218,0.0025474208023214735,-0.007755193339644513,-0.01080509761688358,-0.015497418705269298,-0.010252419736729506
2022-09-16,-0.0076583367322789996,-0.006133744120634957,-0.014641418792788942,-0.00837053511864889,-0.0023317578304844736,0.005533767627080334,0.020214086432513288,0.002004860845925951,-0.01102083649655594,-0.0026115106307025957,0.020592632736576594,-0.0013177201460770078,-0.04881248123814561,-0.04272293284370637,-0.021565787835910125,-0.01668741239208306,0.0016910597661501316,-0.009033560939861563,-0.006724941949003393,0.00011082511482294775,0.015149936166041243,0.006093413077158317,-0.002100388562598395,-0.02301254346377529,-0.0019586285585143364
2022-09-19,0.00772517183110164,0.007757396899699104,0.008511602615109005,0.002332053499808687,0.0016795767538144556,0.0007697907679810017,0.0,0.00214364527921781,0.02477389335275867,-0.0008993364004670461,0.013845194463763448,0.018680537647816527,-0.002115920986381774,-0.05657034712437622,0.0005928094972670125,0.014602921521801607,0.005368160890644314,0.011277949017478124,0.00918226159276634,-0.0014407951861307013,-0.007907102503385048,-0.002099414756742305,0.008523125772115059,0.008463016782261894,0.003392415947960866
2022-09-20,-0.011544848371305112,-0.008002947776072293,-0.013720977890547508,-0.010020353564361796,-0.01002412828422104,-0.005722932055293624,-0.014557940972193728,-0.011919460506117313,0.015543772732949164,-0.008501758550811783,-0.015513615990695253,-0.001100668054834369,-0.025022189052858468,-0.028869747412616033,-0.006979730105528547,-0.022883278461530956,0.009700240395374546,-0.014842062988791871,-0.019916141441409834,-0.024590278993850245,-0.007909324857293728,-0.0035573288182675004,-0.005823652720375403,-0.014764562540404874,-0.019997991483667366
2022-09-21,-0.017597785311849582,-0.018068394627020836,-0.015393584236573618,0.016614430914250976,0.003758701655337005,0.004632228320962459,0.01844142415002013,-0.007831815369600275,-0.0204759402461926,-0.014541072271890698,0.00643045919941597,-0.026021592607865372,-0.026903024513877993,-0.004425483660327833,-0.014764662599920342,-0.03452401799439893,-0.0009038688654261365,-0.020969062976635214,-0.029259168549894358,-0.015926710589539577,-0.010297234719673897,-0.012956394750716253,0.009093640008331762,-0.029050459649420674,-0.01028522558856342
2022-09-22,-0.008435199680297269,-0.012384222947061596,-0.022785181197815974,-0.025880460844611725,-0.014169575406601872,-0.0005778441890031698,0.00165978942459192,0.0042136046695252245,-0.006395440487713158,0.0084595945658048,-0.05423070138176178,-0.041438568478665415,-0.04383229900591744,-0.07201764518963928,-0.003560494162838182,-0.008175098822758062,0.004464137783698603,-0.01697089860859015,-0.011444190592281191,-0.012786525095835277,0.017604828559632663,0.00353041296611487,-0.010292436632155073,-0.022551140457964303,-0.0692039254696753
2022-09-23,-0.016896892596398837,-0.016415784318532793,-0.024093692167144836,0.004076223019750496,-0.002858117460514632,-0.017427816406674814,-0.04119056345143051,-0.05437338171199155,-0.015239572491995389,-0.012779444615060562,-0.0035888643634916194,-0.04703665354268194,-0.020408754546463848,-0.016984826851271475,-0.07144904626809054,-0.037699679420270284,-0.021577618886488674,-0.015974676450600234,-0.01878879879625005,-0.013380792784875854,0.003244283414094211,-0.0046361969570912894,-0.02528115340927224,-0.026382499094501848,-0.02240746923857711
2022-09-26,-0.009941775028574129,-0.0041462298837258195,-0.013786256846810329,-0.019295261432298445,-0.017517502825951874,-0.01170141432179742,-0.025672385703527957,-0.03299395020561455,0.002257612664727178,-0.001977419616410046,-0.023279390480828225,0.0024668028538151034,-0.010629983907815959,0.006443284399615783,-0.024852318391335452,-0.00991282693497471,-0.013208277381260533,-0.01590683409611605,-0.021767208007428016,-0.028444969592294964,-0.006137010346835381,0.0009585572170506934,0.009564955372698296,-0.013966443443174922,-0.024729340110824
2022-09-27,-0.002556341694414445,0.0004009814725636574,0.0034050379627749987,-0.026684223781103623,-0.015164256411843062,0.0020477436877313054,-0.0011827593303213135,0.019119802254714994,0.0065450472885787815,-0.004389377170827732,0.015015866467700222,0.024797737333229056,0.02062472327104903,0.012287722944827432,0.011137846393799847,-0.001107637647650767,-0.019594679419694862,-0.00426299089759561,-0.008841306216223175,-0.013406245836910751,-0.0045968635067930134,-0.027869943855371948,-0.0027453127360215867,-0.023406756981325452,0.013036748797420086
2022-09-28,0.019485301065741437,0.019696548684210582,0.03113797276980133,0.032933703850528274,0.019910652465372065,0.020573557832177892,0.032026093013039464,0.04120688155693027,-0.012732467665738042,0.019519826308861628,0.025688281444454994,0.017065662059063694,0.045532161173359634,0.06538072744116119,0.04335059060248848,0.03222600426538718,0.0006502828515492647,0.01952555672494795,0.02001566556345897,0.020532623744201593,0.008572120373310316,0.0,0.016360219669527925,0.036367719823163225,0.017561175157114278
2022-09-29,-0.021110183969818654,-0.029251209716762594,-0.022674800165317834,-0.005189362507497162,-0.007468721808650203,-0.0001939471718055397,-0.004595063801775083,-0.005377169442583579,-0.050366437193703414,-0.014919703845157823,-0.04135854955194411,-0.07053030781738909,-0.05632031023280871,-0.08314262537779808,0.0,-0.011149331855895455,-0.02585628340263083,-0.012648104649911271,-0.017091031793100852,-0.02982341124571588,-0.011060950751764054,-0.025166250716081008,-0.006481705648093708,-0.019812775985388987,-0.06371968242679818
2022-09-30,-0.015584287032744455,-0.017101777662809483,-0.007310072168840436,-0.012994953932044431,-0.0025348136519113278,6.462035224685361e-05,0.007456252361349455,-0.022568135637345235,-0.03049963764651125,-0.019558499985398766,-0.006650745841976242,-0.011097446407076914,-0.0018536390692026254,0.04034398752355248,-0.008021046693279266,-0.011030998258852197,-0.009019971069658825,-0.009180442923351106,-0.015760421236757853,0.011163303867278599,-0.007136466517023036,-0.019220061922139247,-0.019470166938711474,-0.032540086885809415,-0.012235427609837438
2022-10-03,0.026058835614609088,0.02318932624226134,0.026152632182052857,0.01576455605034641,0.018330468249182098,0.024019005945363412,0.08748747409535258,0.03920304736689929,0.0302891516612828,0.03310820974139185,0.030264881543589466,-0.09008354847845322,0.004495690685734728,0.022386692992214362,0.054972938052640544,0.04265360977522081,0.03422597162074037,0.026650991729641034,0.03044114879684813,0.017680187761921623,-0.0009799153374952648,0.017742588862928278,0.02158519787886703,0.029250870439983877,0.04248727343860618
2022-10-04,0.03051621556569079,0.030956540362416282,0.03887099279917688,-0.0027964706657997345,0.004605029047727014,0.014226444596111972,0.013520758350032962,0.03459850662650263,0.025300354516056053,0.03325333875191833,0.05102538420824599,0.02862918608137619,0.07348581971871228,0.12190229249600198,0.042077414884229905,0.04789157079880338,0.015809510458025682,0.036527998349440274,0.04572208920930876,0.02001865241082483,0.014719361257839894,0.012296743322651871,0.012894543615013368,0.043417371719047304,0.02671602645924321
2022-10-05,-0.0023310229347297384,-0.0005318607185392697,-0.0074141030694749865,-0.009607607582716095,-0.007590102051253344,-0.005553659432976476,-0.0192966006034155,0.02334522625442119,0.0020510231403001768,0.0012848870675364883,0.003184896051834997,-0.035210184423729744,-0.018558009551292585,-0.020750710879149738,0.020454997569575965,-0.006983108353127268,-0.00890371436800862,-0.0077605991778647715,-0.012423624741422288,-0.019773798649185506,-0.003084126284577081,-0.006941835596124102,-0.00995633760900049,-0.0063292071459741354,0.0005889416300838184
2022-10-06,-0.010369260720899096,-0.007903812172941631,-0.005625260999865192,-0.00557398292089087,-0.002317148417501307,-0.0011269264553861384,0.0026295646761989137,0.014489943991922168,-0.006647413786568723,-0.00971795568492995,-0.005998725491746146,-0.01119146713261551,0.0032414115368581123,0.012799771838655976,0.017621326348224484,0.0024075537306799785,-0.007231054249260824,-0.014122296549901305,-0.020592774754306174,-0.028205836963137162,-0.01957126308650043,-0.021277447440598004,-0.009372746449941047,-0.007568263257268845,-0.0013256348753033303
2022-10-07,-0.028290480491926565,-0.03884938673374127,-0.029856676522912958,-0.009755298349882716,-0.010006647924807906,-0.011023386142689101,-0.02877134536335833,0.02849812225602715,-0.03740997672529938,-0.05219154925552408,-0.08367953649370773,-0.06533110715825653,-0.06797981624149219,-0.098155566954054,-0.007793251409596253,-0.0070715739334187904,0.010826818619998915,-0.02398960883355444,-0.02017636461382801,-0.02436491800448199,-0.010617762497928626,-0.017627337316881448,-0.023978924545613352,-0.02921089894245185,-0.14929880040853757
2022-10-10,-0.00766437944524744,-0.01004643948102356,-0.005590485532770947,-0.01566838026816732,-0.009023184491175826,-0.015318203217156916,-0.02241142424214504,-0.01773286282877452,0.002353047512419451,-0.021533151210143275,-0.03419877800172469,-0.0004932430962923407,-0.033322842822708414,0.0005968504392955762,-0.02075193889709637,0.00628838923675689,0.01481698072246742,-0.0045425381903197014,-0.009385266981796628,-0.009471498391545433,0.0013100871873049633,-0.0041126325141255535,0.005894285806941092,-0.020799441571290055,-0.010838768533701916
2022-10-11,-0.006353195000015937,-0.013833410198507232,0.00029810398953147973,0.004416041314040084,-0.0020710403863528335,-0.002060212330939929,-0.02292523337156332,-0.027899820983622422,-0.010307943436275864,-0.0168921454805841,-0.007223806282709947,-0.02940186584357689,-0.018068562457671744,0.0454889304302064,-0.008019932095864313,0.006026465517637083,0.0026064021702911027,-0.012763947327440935,-0.02928452774775705,0.010116785568428743,0.014359506470348362,0.0037905907421594527,0.025574839515796813,-0.02188557690303832,-0.0031185108670457305
2022-10-12,-0.003304129591480687,-0.00034266897924696695,-0.0027463912170694054,0.004895064949916749,-0.0011853551193545708,0.005335071671709423,-0.005103507046408771,-0.011494375123242773,-0.004615874130181569,0.0015073402751469788,-0.007450565938667135,0.0034122110102537424,0.01309751259527022,-0.002997742776681612,0.008019932095864341,-0.0013917052666758724,-0.03374560407337755,-0.0023083068602433943,0.01605336571532287,-0.010508121114661683,-0.0002460449738340394,0.0016086320609311777,-0.011370674417000914,0.003324266086554957,0.003810143280624138
2022-10-13,0.026048949751698428,0.023181784256472285,0.024450510489951276,-0.009612867179785803,0.0017778576723590357,-0.006947611087114204,-0.011435274155818242,0.022168860080398787,0.03306050633388647,0.03691795641558045,0.03922069079717992,0.020412571604412393,-0.002217181988077672,-0.009913087665871512,0.04000301229953838,0.020075700613163827,0.02126100564412231,0.04043875780571235,0.05410290198040203,0.018093285450175318,0.015007916029936074,0.014995795393199916,0.00842656269520908,0.03399424567941755,0.018666526746521517
2022-10-14,-0.023052296967654876,-0.030518633939648925,-0.027144430649851035,-0.00828436233093065,-0.009617263205715473,-0.012537160793022467,-0.03392137761805321,-0.032941496427241077,-0.03277115769515658,-0.024547468556315323,-0.06324618915523511,-0.07845410579918485,-0.05856312410788916,-0.08541134213904046,-0.03800795879492543,-0.027400500995159616,-0.04162199070539643,-0.01694665227581703,0.01650362733442968,-0.025160279684988195,-0.004186967198623744,-0.00978564178192898,-0.01408413238386966,-0.022922107873930668,-0.05224029078527811
2022-10-17,0.02537237659479116,0.03248823925504028,0.031394554426843045,-0.004881592595993705,0.004770615928061203,0.0028720806307473926,0.018273504083946634,-0.000570219784979795,0.0287065719606298,0.038495252225906745,0.057207816043176214,0.06770743117966105,0.06795278067052013,0.08411098846181451,0.012379286023155385,0.01454093250088078,0.02008416021351562,0.024841986115276653,0.04114217741891149,0.0370009145732043,0.012868346991875841,0.017907010211166533,0.007181247561913713,0.030036650013795428,0.03547343843217706
2022-10-18,0.011680970306032936,0.00787661053328636,0.011781718524295793,0.002342068363187224,0.0059311571653745876,0.002148660090392182,0.006404604237772808,-0.020601468577874062,0.009365560444633162,0.0040752434177287605,0.006623532517640889,0.0038221656467326303,0.016087626427280708,-0.043735721031563674,0.00869753372695832,0.01509564968029251,0.08333833843773776,0.01591538659443932,0.025395374269309927,0.010825750040612163,-0.003487638510435622,0.008056073817029859,0.02086626555355658,0.011746310905748644,-0.0006903851926863856
2022-10-19,-0.0071116568663077365,-0.0036532689622543755,-0.017141044867172064,-0.018373697059188687,-0.013794574132734836,-0.013488925988338462,-0.012850604108517563,0.019317365682351977,0.0007648782714939573,-0.008505503892074526,0.0069946211326083,0.008366694500343838,-0.043960019637793044,-0.04668545605648857,0.029088658750286944,0.004674618925216383,0.018628679538819002,-0.01654471674364638,-0.019800751305636504,-0.025231167131437755,-0.007983240919477117,0.009227567297549824,-0.0028369073804262383,0.005165294530820868,-0.011984488041602558
2022-10-20,-0.008420671224881316,-0.005115133772148908,-0.01281448613913785,-0.017240565244268757,-0.008731943040249653,-0.0015834633753089122,0.009362259489336331,0.0019968540143976603,-0.003272352410274401,-0.0013964708675169868,0.011796541836506209,-0.06878698522005931,-0.0036812836454028744,0.0063101886262377765,0.0009471219145581641,-0.0212094611376951,0.009906197821773188,-0.016183117111403307,-0.0032671944061589617,-0.004375283528133446,0.0025470605073343797,-0.012964070777651946,0.002463801366496155,-0.00404903480787808,0.009391389294729111
2022-10-21,0.02401071891210155,0.023177231805187194,0.021479721994961384,-0.018187291831616787,0.0028181530321126735,0.01767059741452654,0.03378507109868589,0.005541746184756804,0.026699348770910764,0.024966246700308406,0.022060821822689317,0.03395945997966481,0.01771463949779872,0.0429395372363033,0.028469791780897948,0.05889798932337149,0.022849742366750216,0.02931664978406334,0.05119455845453739,0.00783601834505919,0.021569526755039342,0.012443030358872243,0.02000917151768942,0.034395103493884506,0.018012310220475704
2022-10-24,0.012162352422339113,0.010941175763181174,0.004275753743726364,-0.008298916632370718,-0.0005024291718407389,-0.0032488658845126403,-0.004514675980943847,-0.0026960278198958007,0.014694282592359163,0.020966383640055545,0.01061258612083763,-0.014987724107085643,-0.012621211811120352,0.00015066862246414082,0.004705398029944802,0.005661653895723023,0.006249756380708497,0.013269606373497838,0.001226418597183276,-0.0001277989322625259,0.013365200452185425,0.006125365477918874,0.018899033651720545,-0.003141027022148745,-0.002042188106233722
2022-10-25,0.015842494059481443,0.02047465281580014,0.02690642368773895,0.028696460189647305,0.013287577656967359,0.002275353560635257,0.010129535152001249,0.0032626933038349096,0.019152972879294253,0.013697507143647094,0.05120993299732837,0.051525211920993325,0.06501475004970703,0.1226081652048238,0.0010300935208148842,0.0183359559418906,0.0058630474114962795,0.011884677349339694,0.002611253298799468,0.03853622547962153,-0.001580311764979223,0.011451516765740098,0.004723069187727247,0.02562268882085185,0.04610953094612056
2022-10-26,-0.007562794456804439,-0.022343702351347937,0.004926995948696248,0.014305092287081628,0.004555166110791637,0.006343446354353355,0.006696393961298202,0.032876628334126724,-0.01982216284039047,-0.08029532153005639,-0.02791028402449075,0.009931639962148882,0.0021136002005048477,-0.016660408037408796,0.013519122681340659,0.010821862921836673,0.0052236732023119865,0.0024207737742666354,0.011425900578710497,-0.0006158279714552507,0.008748532745771942,0.00700575656061108,0.007609897852927665,0.0025837662264731292,-0.028714871697103673
2022-10-27,-0.005354133523177727,-0.018374139040538827,0.00022351216239647272,0.010416227227316206,0.004632424877470735,-0.0015497241473593686,0.0,0.008868350752062925,-0.03093912039791269,-0.019954030078192145,0.021479824825074767,0.0020011878357876823,-0.000528032173489193,-0.018321490739612412,0.0036045887335911164,0.07424569882720089,0.020054476145000687,0.008126653077590282,0.003940350802760918,0.0014774807485307276,0.000580667139412275,0.0007585325372703287,-0.002909031224607581,-0.001817595493747223,-0.019099728536255273
2022-10-28,0.023512130178415438,0.03014197633197628,0.02247141342376587,-0.006897720896928962,0.0020632516556738445,-0.01026317410117862,-0.013438039604457028,-0.010926126701963397,0.07283442919672672,0.03943272589663692,0.04873231053241164,0.015123446596271505,0.026577871125739616,-0.0055348352635304155,0.0034791685677130237,0.03337656962662751,0.02705000103912798,0.024575373864524373,0.011808146086237531,0.021783761995963612,0.014747323625974194,0.025010747634578084,0.01256901273038352,0.014354460862037169,0.05656096475002968
2022-10-31,-0.007249582614171046,-0.011695812786919729,0.0009278053788552213,-0.007153709779388856,-0.005412136875911297,-0.008194886192774814,-0.006787295841789639,-0.01787371350178193,-0.015530213350776314,-0.01598331723264071,-0.02466194073807827,-0.004297734947230934,-0.0158095558741956,-0.08420239983558232,0.008368180713519493,-0.013217415200280079,0.0037259764241510027,-0.0061610333520597405,-0.0015876990262830677,-0.0010839663685502968,-0.005159843727933783,-0.004075910277845293,-0.0012637998441833542,0.005553272527310168,-0.03195154987360462
2022-11-01,-0.0043853579112778,-0.010270473491627253,0.0013627351724979984,0.009302438318592267,0.007169068160653655,0.010151726172797497,0.024110974373151687,0.021985039653876663,-0.017698403418695212,-0.017206413011850243,0.0034024179994682664,0.0012298580156588981,0.00026122317901418346,-0.04570811161352529,0.009620297118097565,0.009380407284826094,-0.0021596592268582804,0.0026453977797750742,0.01787234418126604,-0.0003618670058625828,-0.005071296244192732,0.001558390118048069,-0.004506658725495394,-0.005081375969713035,-0.006682308891524457
2022-11-02,-0.02541672652120626,-0.03487828424974406,-0.033736337693099215,-0.004349966896885704,-0.004826581885603612,-0.006996970202892216,-0.017887548243253126,0.0130436503466261,-0.03801854741762292,-0.03600901701220884,-0.024214716093920233,-0.05801089494975568,-0.04952176612474599,-0.041618939190802166,-0.024395402453350944,-0.01828973090439895,-0.007378482064925295,-0.012701555580262532,-0.009250524586788746,-0.027871050194757874,-0.015487143155407706,-0.014487833484299922,-0.0066562861047971475,-0.04023250429505168,-0.017415247334958372
2022-11-03,-0.010350047478918782,-0.01972821146045557,-0.006726988763110164,-0.0054112396266409405,-0.0035609212443619962,-0.003813297433937162,0.011774792132225367,-0.010721428625580514,-0.04333033997599154,-0.026938448337569823,0.015165532476281648,0.0015338580999043428,-0.006607826307974423,-0.08433455834748906,0.018324712428577958,0.02176189060600907,0.0057090198031964235,-0.010158433853229816,0.0018098216469776443,-0.0013647951454159512,0.001700312222714138,-0.00686864129293506,-0.00021336725119327775,-0.025564563548262826,0.024929698010961704
2022-11-04,0.01429042423062275,0.01595698889168405,0.013409295088440461,-0.016943364969013577,0.001980059697138407,0.0302345832528433,0.07099753185402408,0.04704083251554629,-0.0019494218825687696,0.0327823963816528,0.05331805564094615,-0.03709208198225595,-0.027444978715439074,0.05270807222303426,0.01210521871166194,0.03842943934632942,-0.006518220840095323,0.018152509417095612,0.026991060008706033,0.013562256156860313,0.00444206768596577,0.018088760347529105,0.001775033451753548,0.003319296198468166,0.03401796582863249
2022-11-07,0.009520128124571606,0.010934328346751912,0.004523123031782864,-0.01002709129353049,-0.0036656125134910994,-0.003970260739379374,-0.0057277225472068495,-0.0033903036892483644,0.0038948277120714157,0.028849335622772185,0.010190808412705163,-0.05137700982212229,-0.006551857241428719,-0.031957093018123724,0.017027705345187515,0.003329843049587044,0.01434620716718474,0.009976663984953065,0.005266018273637132,0.0,0.008708929089360546,0.015206517383223844,0.01044398929982051,0.008499634382246227,0.014209598088723437
2022-11-08,0.0053810107161709276,0.007261172424910789,0.0003896664280002931,0.010875514371209215,0.004159817986442646,0.022836328940686813,0.028315978765268205,-0.027678339141470294,0.00416615552943884,0.004378833527575005,0.020829039654748333,-0.029766854567743133,-0.0040092112215559285,-0.11403806743750507,0.0009671668048561166,0.0052353454915457535,0.01117286568242716,0.005822464837110445,0.0006088121163291409,0.003056660476151171,0.00495952011550137,0.0022687631283925306,0.002383998102588318,-0.005291292359528409,0.012132767458342313
2022-11-09,-0.020817456289526925,-0.02334671179481579,-0.027839648583120293,0.0032820486195991507,-0.002573155582788913,-0.005029894759161607,-0.017409561096979092,-0.038324151657016116,-0.03375318070419682,-0.019233778032480168,-0.058230527443276836,-0.07436539035358274,-0.0676615281186913,-0.10028025810259797,-0.05011759920489711,-0.018755192298650525,-0.01825848631941717,-0.016979544268181962,-0.013093978710888129,-0.010307971139332487,-0.00802785473053021,-0.0024151677675214402,-0.023525502307967454,-0.14113927092745865,-0.06352624993003834
2022-11-10,0.0534975542284601,0.07119287924672768,0.059738092588586596,0.037752058979577,0.032946324795218876,0.029990153003992607,0.031021999669017922,0.007921655080017409,0.08523641081909969,0.07905872946172268,0.13391246509220978,0.07132888823212645,0.1356017375356578,0.10204922835044235,0.022008194439233207,0.030177456273653872,0.011455688559813892,0.049254204403233116,0.040334537964854214,0.07059522851479358,0.011645363459626076,0.033857709726894926,0.020509495855045794,0.04187734151095326,0.13338540231062204
2022-11-11,0.009632026648673783,0.018258196268281495,0.0081659394181142,-0.00367060944980038,0.0026812602190687505,0.00658459794711783,-0.0010019314654210589,0.029193172033138825,0.019085693679962972,0.01685448871533323,0.03597981317424919,0.027155202242509627,0.07983644708604856,0.12083329988807957,0.028646489917083757,0.0172310223848932,-0.05639286261627049,0.008117343508020083,0.0016273290764883222,-0.00011520358798895913,-0.030375958201135818,-0.0014886785363972285,0.0015442698345976575,0.04907451903307098,0.05539617586871442
2022-11-14,-0.0085432241148581,-0.008789595974345615,-0.011245548437390562,-0.0024545198406038366,-0.0050811590198392795,0.0021852662272774694,0.0144316515324229,-0.03377166352988229,-0.00953129451548118,-0.02275706367303763,-0.0019618381760823102,-0.02594999483044167,-0.03757849757913077,-0.07665474913137725,-0.000322050442227415,4.20088065794595e-05,-0.00393124092201977,-0.014319879570075321,-0.01032654929708668,-0.02467228366898055,0.015594377436796984,7.108075807772114e-05,-0.029827602921326146,-0.007713142000787777,0.01590158277672371
2022-11-15,0.008492826240482003,0.013743426650878781,0.014717250114680752,0.016050405632640898,0.01384085668838339,0.0035106980811025834,-0.017946674097406256,0.01846285985648723,0.011799663444564575,0.0017373385228717441,0.02251216030872002,0.018009160285334423,0.02687794421961701,0.04248910478428005,0.01047123645224896,-0.008108673658069795,0.011213016145914299,0.002259557883471267,-0.007269977584971117,0.010781758045918953,0.002787983313458201,-0.0034816610300046585,0.0633456828045567,0.01296193200994889,0.03789651525773973
2022-11-16,-0.007658057552286006,-0.013743426650878679,-0.017752020582706148,0.02163265646508114,0.008494961363810009,-0.0022987420952167376,-0.007067136602956454,-0.016656714880824184,-0.008365900024110114,0.0018217174629607045,-0.046422745077431986,-0.03934004993858786,-0.0529143177510594,-0.1285784776986192,-0.02061924346476915,-0.009293348557673171,-0.0021639983249593514,-0.004807979622143588,0.001353239446957022,-0.009133626081565226,0.006187916189512203,0.008857757001531377,0.007163663651042906,-0.016468400865843235,-0.04924864230237936
2022-11-17,-0.0030644205828312325,-0.0022094141936270495,-0.009324093089676251,-0.010608001367824456,-0.005371846301002111,-0.007293959961673216,-0.023060148031633115,-0.026728297006224744,0.012887876682063523,-0.00020686396474689912,-0.014753219182375581,-0.020266034660649707,-0.0210590307671774,-0.0008195229797311996,0.0021677383453400437,-0.008555516584985587,0.013908468348948527,-0.00540146246704506,-0.004366802124564498,-0.006846058706945909,0.008038560265698836,-0.006156602546381091,-0.0033727450515674624,-0.02697027876466587,0.016371506039982244
2022-11-18,0.0045300109140643755,3.5142975806738056e-05,0.006443532777777515,-0.0069014458387272465,-9.43949733910365e-05,-0.006917507382313755,-0.0020758136450845757,-0.015952060978404792,0.0037749252430757303,-0.0019050551319675158,-0.01724277255993042,-0.016402810087859467,-0.01520111212780542,-0.07510178947199972,-0.007935370132340823,0.004286803339637542,0.008530023803631232,0.008232679859006251,0.0097606537760718,0.01259332615221258,0.007634135328985538,0.011995601616200727,0.014955296939847835,0.003820031528983298,-0.004475518805971448
2022-11-21,-0.003642724266703293,-0.010340575842945112,-0.0052390963325458124,0.004206287128278352,-0.0015132974396518018,-0.0056056352070885974,-0.0026007419636282767,0.0,-0.0219189536761445,0.0034348878586835992,-0.0059884529435278375,-0.07082202204033466,-0.03790864724379744,-0.093257467504273,-0.013624986780063955,0.0031924226707725246,0.008603449703065117,0.00310502887471964,-0.005919841907262939,0.005249347782621205,0.005127653685644581,0.012615299268986318,0.0061049408988296605,0.061060195110603205,-0.015202656964075502
2022-11-22,0.013367319223479768,0.014300090851394283,0.010613373083066681,0.014091876308153036,0.00885814006744755,0.0011730356909015207,0.011907960325605841,0.013668359877717839,0.014554677537264945,0.012236169289927048,0.04599745239802842,0.012079065403443036,0.003120089889678581,0.05106285012749379,0.0308288503662205,0.021686834373116807,-0.0029986035970721555,0.010095262031062457,0.014845891959698845,0.005453494656312634,0.004818791954448149,0.008552009939036202,0.003566446698596947,-0.014139235403513218,0.03778123079698833
2022-11-23,0.006281819428555015,0.009986698362186987,0.0025951514229611713,0.017291348235747867,0.009988185532570039,0.006212503317279542,0.01936855465569726,-0.03741610571818786,0.005908889146186443,0.010353248948999005,0.029550299924338545,0.07530952893106566,0.028202386053278097,0.04902061283531592,-0.010893786666270323,-0.0014341707613705927,0.003268865973622964,0.004177092862415158,0.010607032806775413,0.0008100334375055715,0.001073656513992952,0.0056832906343114815,0.004800920892746401,0.027373654200406716,0.015166812515726574
2022-11-25,-0.0002237321302302365,-0.006600262909902531,0.0021036771776183814,-0.0033953816421706928,0.0010211832723470823,0.000858102340972588,-0.0045535193967312215,-0.006698016682783079,-0.019787972628196693,-0.0003636865737482614,-0.015187992399524978,-0.0018575995078744564,-0.008849692941489684,-0.028716518306319324,-0.0036941248875224687,-0.005162677347240515,0.00495578930137318,0.0033285066037858973,0.0019033540527345454,0.006338778699737266,0.0012987578523946533,0.0018421997347419852,0.004255588013720887,-0.00010109329245141862,-0.016629684121746972
2022-11-28,-0.01608587093163897,-0.01478166751484947,-0.020358846857046052,0.002814236182378442,-0.007264048254477779,-0.007934893665371402,-0.023602896100964967,-0.0011954847993394977,-0.026615282715758217,-0.023424524859317657,-0.02760576549979893,0.0003280527056264311,-0.02845656703357278,-0.04079377738596268,-0.02781347900030075,-0.014530103948779346,-0.000517197880185815,-0.017319136239141605,-0.0176330458583233,-0.02713408454407969,0.0005073181605004582,-0.0008184250973015014,0.0028702242284687385,-0.032692038594494786,-0.02629419905272802
2022-11-29,-0.0017188636515743422,-0.007598550868639898,0.002910473490818493,-0.011795521509450348,-0.004965776399566893,0.004928261563008794,0.015456219049340011,0.021595265391397535,-0.021375287257539462,-0.0059326038304277455,-0.01194966281902436,-0.011491515256992131,-0.005444984642108539,0.014015700030395466,0.014996182804215264,0.012066330505703765,0.0018400566412658812,0.00590001137614893,0.016315837282920676,0.016392019798414727,-0.007016991380721026,-0.007668851059071281,-0.0035240106475921515,-0.010505454652597829,0.00272884527018541
2022-11-30,0.03101478961169264,0.04457741578616691,0.027047655436268147,0.007327794592621183,0.012137137753417833,0.012700921015012894,0.04351778646404895,0.02728042486953995,0.04745008935540541,0.05979958468061063,0.0791618745391811,0.07390252318127676,0.07419014927154131,0.05899952474277708,0.004949385821406407,0.0054717741063473255,0.008465628766676813,0.016942505417957235,0.011792818119222606,0.02261966827434691,0.010788300123029844,0.02498061117366841,-0.0036018015945974884,0.03303165345732438,0.05616623679674595
2022-12-01,-0.0007363925449249336,0.001226586647067346,-0.002190337265576733,0.031446212031015504,0.012434365074957076,0.01821784239630758,0.026565157381940114,0.003127577056553534,0.0018899873835381102,-0.0017653579258561987,0.012449411321497543,0.0,0.011143669069882895,-0.010109956100102345,-0.0032967727037023675,-0.0030504257699633715,-0.0030965081737184975,-0.005800267914436933,-0.014138916349951437,-0.002159427187369856,0.004148898206927609,0.0006032090027798232,0.006213452372518569,0.007329723827702247,-0.001934033171920614
2022-12-02,-0.0011542543206880774,-0.003991733362442954,0.00581311473339126,0.012497014957797311,0.006050047899489903,-0.0034616677176241193,0.014667940758979982,-0.008696335930977288,-0.0033772402054239353,0.001294744894903952,-0.015230723032666533,0.0008214584254523483,0.006836661618145556,0.05165765924596296,-0.005961529070325228,0.0018652089953873896,0.025595338984998505,-0.0047204308161665045,-0.007958681993379586,-0.0029625508070685235,0.0007826817228073657,0.009071277678689963,-0.0009787257626431498,0.00848401653893599,-0.03279842578642893
2022-12-05,-0.01815302964580446,-0.01692563708641477,-0.027932673760896462,-0.014105818847040126,-0.00853577483322485,-0.01730780530272015,-0.04074373044451378,-0.030825283804969506,-0.008015158855088208,-0.019081384434409127,-0.01588750269801401,-0.0658052089735389,-0.056326298065094184,-0.03566083431658991,-0.030124818279719502,-0.01519120535042377,-0.011267685509054,-0.025082506346178028,-0.028441712775624566,-0.018427173643085316,-0.0005590361419283607,-0.010143851140270813,-0.010299521286206446,-0.035835022965566066,-0.01830469082039139
2022-12-06,-0.014519633941776808,-0.020937992815045103,-0.015429660669933674,0.012797884563586099,0.003037372000700288,0.0027336344458788004,0.0,-0.037462038019639,-0.025697438842172144,-0.020512683720872144,-0.03822895796268341,-0.01451975486845227,-0.041030057814160734,-0.08125721660051816,-0.026714603776911643,-0.018574621559387213,-0.013686854542756099,-0.00888630515207808,0.0016734367954608098,-0.009460050888735997,-0.01510406249431955,0.0012738606372408973,-0.01167331250022004,-0.03868303941465792,-0.04657184782625293
2022-12-07,-0.0017027331507448286,-0.004091014653958216,-0.0029477920038550815,0.023289316011058093,0.011057633923199436,0.008998493556537802,0.02321185138009337,-0.024520188294660232,-0.013880657254472122,-0.003064419752333765,0.008284927372002263,-0.03267127201155782,-0.007829478194891165,-0.027490712925714242,-0.0023470164323332126,0.0030177981579522697,-0.005801880537769438,-0.004039325339265544,-0.0006845417634908314,0.001992814058733076,0.006057627122483553,0.00641032983153659,-0.005217442377450528,-0.001518033894786848,-0.0018516814220463878
2022-12-08,0.007803302223177144,0.011765087283819357,0.007214690275294067,-0.0027445036013617847,-0.0031857826308630496,0.0008413425277820795,0.01376708256803864,-0.014878439020829535,0.012059719886355763,0.012323079239353286,0.0630444217177869,-0.003453386948248274,0.023307116731267816,0.036878285272735276,-0.004474169101892253,0.008436849724927553,0.008649063637774257,0.0008670195117040573,0.010439978716748462,0.007001863179753662,0.00016939118421044382,0.007162703467625873,0.0015470106400554888,0.004331393589672736,0.00469386865111235
2022-12-09,-0.007497993227609675,-0.006396878640783906,-0.012351989617513373,-0.026358918219024,-0.007504311103737743,0.0035378943750204003,0.01636699585833582,0.0022300008026050564,-0.0034408057804327014,-0.008035579953684546,-0.009833319381572928,0.03183338116095202,-0.014611382132297814,-0.06191018473271351,-0.024610099909193446,-0.015844676689492024,-0.003715394422587087,-0.002603082445982702,-0.0054332386168592026,-0.0018623271094120593,-0.008273374483881485,-0.0026470552009679347,-0.023599257849753124,0.008928085483302121,-0.027040406541313053
2022-12-12,0.014314244055258218,0.012473073224628806,0.011688324883198618,0.003192684572122554,-0.001287063499177885,-0.008294841833501867,-0.004649026729521568,0.024518046656870587,0.016257025779259242,0.028479831143643032,0.030926976459832185,-0.06477309340338366,0.018868478079499054,0.0569926499536858,0.025907524479457506,0.02506933546140662,0.005650207422026448,0.013233927989454951,0.015392525380592374,0.007660470168765794,0.011878502088805773,0.010218101054913647,0.01847798263827144,0.01361440682989578,0.02987443067290646
2022-12-13,0.007541403900012095,0.010692903274438397,0.008248654540952303,0.009609309759660439,0.008700269807928167,0.016936889733695327,0.017094472526426447,0.02226232880060566,0.006759833043567095,0.01731406657712508,0.030164800223750524,-0.04179828130131225,-0.0005665159178325738,-0.09627308423887716,0.01879671537820541,0.010372362442504654,-0.012622683493019062,0.0025690197269950176,-0.0009693499956433765,0.018329959932216325,0.007674148553834704,-0.0015096743354717193,-0.003587005130439056,0.0004224547371490868,0.013772046777633181
2022-12-14,-0.006414256044089364,-0.00744160028815599,-0.006582389801972114,0.004262310727896398,0.0009112390387224095,-0.0024359858905979824,0.007302627091279315,0.022520092779482675,-0.015658254339407936,0.0011669377210586638,-0.022268966315111143,-0.02612261140486262,-0.01025365500733497,0.03803704107344782,-0.006148743045647758,-0.004298163819249109,0.010296396634105122,-0.012622152716605219,-0.005009406309684629,-0.006834270779704119,0.0030642764064554464,0.003933622755609439,-0.005575245077364184,-0.005824828338190848,-0.03870167424557754
2022-12-15,-0.0247655495315637,-0.03415304526218834,-0.025347830886399737,0.003893990953237705,0.0008406490343915344,-0.016494600382901816,-0.03470160856046182,-0.01812646536719302,-0.04798724680864133,-0.0324386903294531,-0.04170903955060867,0.005533102257132837,-0.050193875672973495,-0.056558480959757185,-0.006069943968111684,-0.016425423353307704,-0.013278570274207317,-0.019826070713580606,-0.025123622680462004,-0.013463337195877105,-0.012708402625352529,-0.011383846647751975,-0.008971659697759371,-0.0396498881249643,-0.03543854591925399
2022-12-16,-0.011876640931268369,-0.009580362639765,-0.007484627798325621,-0.011232991778771384,-0.00430069647326332,0.008671019495160068,0.006101923004865943,-0.019077266406641608,-0.014686267124585765,-0.017500958685207613,-0.0227313931660059,-0.04833680500131505,0.00120324996115043,-0.03701149461474478,-0.012369730226893224,0.008891189845506875,0.0062464732176501425,-0.007685328860647312,-0.006245513818413739,-0.02617361622761903,-0.010306972223315471,-0.004443679581894205,-0.018118716631978112,-0.004541174043011004,-0.01697774744552009
2022-12-19,-0.008515810939583058,-0.014153113750914322,-0.013626785951747116,-0.01694873237183289,-0.010137362094771162,-0.0028218082489996433,-0.011767610028133237,0.017867134201542435,-0.016037338298270042,-0.017480058229874487,-0.019315483876571057,-0.0023992055582815475,-0.031767993359734965,-0.039854804293720146,-0.00011971980692990306,-0.001849239898185481,0.0,-0.0026908057009074906,0.005937867877122433,-0.012806372711284042,-0.0010822337336147075,-0.0002661370883734094,0.0003502420988478236,-0.04891234860738522,-0.01261566461351191
2022-12-20,0.0013675195200357738,-0.0007786983603132829,0.005276527717307472,-0.01791632317849537,-0.01183324922490679,0.016458298941440037,0.051222208809457256,0.0022677691303373783,-0.000529064279708041,0.005598906524340009,-0.010451722094588686,-0.08396483835074355,-0.001553121071477095,-0.005702808440482435,0.014978759740107785,0.012194223218192093,0.009008546322805941,0.004182421791548956,0.00483232223192225,-0.002532363451295293,0.0010822337336147852,0.00039901257685435754,0.008715512356356913,0.014352110422826738,0.007096708525942241
2022-12-21,0.014841691349790765,0.014401956486475825,0.01708644584885389,0.0025104033520313494,0.006819042837357216,-0.0016573862871153066,-0.007223500942931487,0.02740708264822196,0.02353070725180982,0.010817927007486206,0.02553371996449346,-0.0016704490129968075,0.016646565091396746,0.005134075684731735,0.018818598927810314,0.02764024711200232,0.0030809318708182464,0.015385268216975197,0.011185177314566381,0.008537099577481659,0.011376862073544642,0.00913032007554424,0.007813942533675964,-0.0011498547561898719,0.039634467934520634
2022-12-22,-0.01436865167472042,-0.024769495683656675,-0.013161961793889794,-0.00019275508157117147,-0.0002792325550885781,-0.012158980168932585,-0.01736785697993603,-0.005303498360812256,-0.02406005158870473,-0.025860232677776426,-0.07302239212145617,-0.09302311928148893,-0.03452369762462366,-0.016060034306761235,-0.023312471680040296,-0.017485171578138854,-0.017271450696801464,-0.008847162207763168,-0.011414686613144117,-0.0042101126865518625,-0.0036648597865308356,0.0023019870164326956,-0.01177883160325403,-0.0028802545011463888,-0.058097522962779834
2022-12-23,0.005735662942987947,0.00224653875541981,0.00454055505758067,-0.014768988634897923,-0.0030777042162172742,0.002993835039254722,0.007349589539088331,0.02364732560442004,-0.0028018882455652103,0.0022645079078238376,-0.008708355654276129,-0.017706675474399133,-0.020138215002851182,0.025686386592074218,0.031385610290974995,0.009761087183329301,0.00829032791963094,0.005612394461952774,0.004733805074292655,0.00886182990833809,0.002538633207016434,0.002821439250849626,0.002019117531878282,0.015342684605929642,0.010282004383371391
2022-12-27,-0.003951317877439076,-0.014239124229920682,-0.006731761027093606,-0.019970975338387542,-0.012973592650604758,0.008394677302769623,0.011829083474413376,0.00302483610944606,-0.013975499623461755,-0.007441718545482559,-0.07402712038146464,-0.12113825810398889,-0.03918187122194422,-0.08340611149561922,0.010625665425995728,0.01354020145730668,0.0045624229057584405,-0.0002948048752703795,0.0034978533114264636,-0.00036248601442250515,-0.00028154183783546605,0.008676935255723862,0.0002782819795301114,-0.01881010300378877,-0.019563910833782443
2022-12-28,-0.012505904098792592,-0.013290518073294273,-0.015651205714094035,-0.0059093698902919906,-0.003127916938809824,-0.004515989032750605,-0.0233366901238264,-0.013757322820113613,-0.031165927592338504,-0.010308062702668954,-0.006037593028977581,0.032553261278161744,-0.0047122761579100406,-0.003682199497059691,-0.022643289386334073,-0.01558500537556773,-0.004707216089407347,-0.003541955667295159,0.005450450586099779,-0.017194485273759497,-0.004349094331244192,-0.013010609066536848,-0.01767855369523949,-0.02580183273268545,-0.011125365260953146
2022-12-29,0.017840330250209806,0.02408292941000702,0.02501720934445113,0.011287160750271232,0.007094108478804525,0.005582639597805041,0.016984522791985243,-0.0007293859492675817,0.027930579414842543,0.02725508982861808,0.039601473323711674,0.07772640277207259,0.05033128835523504,0.06687977086848707,0.010408299657067204,0.003419586265822935,0.007894654696358729,0.013801604817384294,0.005721219414208608,0.021658083378058173,0.005081335804813044,0.004137229861522248,0.006068289437993106,0.0351363285674386,0.035328267872429334
2022-12-30,-0.002637684415186819,-0.0006008612992948994,-0.002806373344222663,-0.011186692663419526,-0.006335083911956671,0.004667758029330661,0.002273296940334623,0.0227938581394542,0.00246589937067493,-0.004949828661493453,0.0007531707618281307,0.011102159833173808,0.0022432547156853158,0.0173868032826413,0.006307640206204971,-0.0026679725846379485,-0.00115045989193257,-0.0026278864796768636,0.0065840966507526265,-0.007248297118933355,-0.005138032341183508,-0.006773122224037707,-0.0025357248771187123,-0.003447099346952768,-0.0007717116390527107
2023-01-03,-0.004218569402223536,-0.006782891211967456,-0.005521140261022597,0.018904223468309042,0.006900507607980331,0.008335816871946341,0.0013614152093510648,-0.03586593091765443,-0.038122327058940995,-0.0010012265632129498,-0.020672183963119012,-0.13058999220665155,-0.025285020231338277,-0.05190325555483562,-0.03572835330028877,-0.0028426685032423914,-0.018589324488091665,0.0035024335005009676,0.007577028228407389,0.0009692416775322598,0.00867975158169356,6.622446868709637e-05,0.012684558195205045,0.023771487351459595,-0.01164699926028446
2023-01-04,0.007690444114107255,0.004752709804489288,0.012380018275529108,0.013607026015851965,0.007226837940292778,0.009367889939565922,-0.007282683640320478,-0.050639836302035814,0.010261504027991732,-0.044728930105715235,0.029867393786620802,0.04997884108534127,0.042422861443859386,0.11513409313499089,-0.00011854382471812712,0.010328231162555065,-0.002159346569083126,0.015898440715904832,0.009281902051640775,0.02239773590246408,0.010828750481682463,0.0043446903362729695,0.0011135663629290645,0.03327195911630941,0.009947346827667153
2023-01-05,-0.011479121964210979,-0.015778222063947207,-0.010766587747359046,0.004171907742290557,-0.0007484555457723323,-0.01252963086748756,-0.023106389092226027,0.007437216194541976,-0.010661287918169933,-0.030085722121101915,-0.03336631211676411,-0.02946907696009933,-0.024204985294581066,-0.11721959061924571,0.018084262802856254,-0.004484341728668751,0.0011955685799065422,-0.007484111652093906,-0.00022163597853297487,-0.02725431893646339,-0.00741108735054169,-0.012492946137762938,-0.0034142466640228073,-0.0006525811070382322,-0.03669994873614295
2023-01-06,0.02267319006371118,0.027227307051802672,0.022206804855258517,0.018229407202000968,0.01624561674405992,0.01853466381119925,0.024475971000498867,0.0007715925314888759,0.036133420980697925,0.011716367731640549,0.04079672076165876,0.02435215499827936,0.011219858445857288,-0.0080851007720865,0.018791104502600724,0.03508532974754523,-0.00806054359519368,0.022004013668277762,0.01895483545442155,0.026543425503583556,0.0080769792818651,0.023533677631037114,0.024203865792588524,0.021524663779960915,0.025814993454153806
2023-01-09,-0.00056698446939449,0.006452930586693167,0.001688011010963721,0.005310124463354923,0.003951531399752257,0.0022426010679794787,-0.008245594395457963,0.016066376187913362,0.004080374892099724,0.009689322122530894,0.05045850151952379,0.057654579278002285,0.04488135666741746,0.14031088809928086,-0.0035466564972916528,-0.009041959649823742,-0.030574296085096157,-0.00368094311123764,-0.004140795390323595,0.00035545835119941646,-0.026250288567878893,-0.012289342282514788,-0.012545970394224311,0.009009556140663733,0.050010403118488936
2023-01-10,0.006988345136224831,0.008428594697733638,0.01467708446561319,-0.01668827575730137,-0.0033992827472812326,0.003669304474491391,-0.0004600979625585736,0.0003036010441630007,0.004446620747785547,0.007588277063695123,0.017820853742228124,-0.007711027963739906,0.02438772981699099,0.12186837669147839,0.007080778664145507,0.01565035576585389,0.007163984621123553,0.0056576709114492165,0.008914055384283458,0.0022485810679161574,-0.00239467984056919,-0.0009873454860311547,-0.0006210703097538325,0.008301376964878577,0.01197449717310929
2023-01-11,0.012568542140985777,0.01715193635094929,0.012387488564501782,0.016120730759841363,0.008522331156690438,-0.0006870298860052756,-0.008317992055828179,0.0321043092803694,0.02089249461956012,0.029790005296537584,0.005766155419514618,0.036109204525613114,0.03334612080651611,0.012870813630018262,0.003068136799329301,0.0008777690507260109,0.0015348120382570971,0.009265784242855535,0.007403900353927441,0.03519333321871751,-0.0015999332829477078,-0.008130799724344854,0.00872878105329636,0.00802560539477479,0.014732882666596715
2023-01-12,0.003634273240513792,0.005390251492844115,0.016658572009782772,0.019490884006685194,0.011251424232844247,0.011501603213231942,0.015197158051058217,0.008195531655465077,-0.0005993439460346365,0.011554405068660824,0.03137571874498667,0.002755462798387791,0.02078373573107379,0.08237627122587446,0.018881118443522544,0.017161382938275946,-0.0027252270407909715,0.0019544259754554817,-0.0010030148508004737,0.012588693278842263,-0.005044760381884769,-0.005657806583973873,-0.009073959479598315,0.035488415509072585,0.02488338719370984
2023-01-13,0.0038719821063300064,0.0068568718680458475,0.006543558159865014,-0.009416908577555932,-0.003253323193125344,0.011930333702592914,0.020358123237818118,0.020771010749681358,0.010068183112870242,0.0030143808591431764,0.023227698747384472,-0.009432465746952078,0.013990163322596593,0.049841143301463865,0.0014462825529043244,0.013202867671627296,-0.026132286225207968,0.007502936744580111,0.02492154584976088,-0.006217858787172334,-0.0032811765355585036,0.007117221086745596,0.0033091485843643183,-0.0041161001982445555,0.0028208332377184604
2023-01-17,-0.0018336728482238247,0.00202675730973333,-0.001230095955601177,-0.006484486330086536,-0.0036279731087889614,-0.006566591290624395,-0.014434156498046219,0.011496791702374045,0.008718199778117643,0.004670623247503971,0.046423119772799955,0.07163646233055776,0.02875722048481253,0.0799503566647069,0.0021100637954609277,-0.008548301894485891,-0.005953088181905745,-0.006666317291137123,-0.015573901746121678,0.002831218330603232,-0.006188468707572838,-0.002920628966094519,-0.006075285578322346,0.0051176871966582905,0.008275471212853493
2023-01-18,-0.015914030152744625,-0.013085113499788721,-0.016297576383958734,0.02394247324161164,0.011652149898686596,-0.0028758838411488395,-0.020193459684457134,-0.019235450205709933,-0.005384463284737306,-0.01906966026382354,-0.018530244238299493,-0.020825332244057446,-0.029869254751979067,-0.0753590810999264,-0.018474511986599666,-0.013514900399198698,-0.013259690797400797,-0.018850137455911117,-0.030503257136492205,-0.01469535966068726,-0.015199964677897294,-0.027153579067371005,-0.025031838402921246,-0.008745969141193466,-0.014917214341654312
2023-01-19,-0.007306432610170994,-0.009873339905453273,-0.009621842998706668,-0.006279245184483342,-0.002067759780873774,0.015743931377470842,0.017919128697742315,0.015417781683692396,0.0004436443888185699,-0.01659075623028554,-0.035854109636657104,-0.012580752996881195,-0.03279909586434094,-0.015859028303070427,0.01235418618741142,-0.023605245368399003,-0.004451579371434261,-0.011712731444804754,-0.013416129070384208,-0.00552354963474475,-0.0013556265696398086,-0.021374869442652596,-0.014374316347908256,0.00040369681506759777,-0.04080426793626249
2023-01-20,0.01845768756883424,0.026999136045245946,0.01634586564603025,-0.01634414242848172,-0.005232798251460574,-0.0033409804213138158,0.002728577132426053,0.01350810912576627,0.019038061544459355,0.035119443830860256,0.06209371788615984,0.04797727392320404,0.04798219636244353,0.1098828866492438,0.009885236726757032,0.015985609811692232,0.008996304815764977,0.01568097726894863,0.002445823724329357,0.011815384350230032,-0.004670926653992382,0.0038541730551297656,0.012241889173958959,0.04345083321849388,0.03426087205089168
2023-01-23,0.011927131053695741,0.021973088770036796,0.012299512564132756,-0.004719302317963397,-0.002898742732916575,0.0018946378029897782,-0.02018419578848685,-0.0006990989545978417,0.023229036211428133,0.009776289743434814,0.07315849071863041,0.07457364612008015,0.042377068500403355,0.014399083278068535,0.0013253212665636231,0.01190267056252375,-0.004522094444219792,0.011531656097132616,0.016082808811266856,0.004551205263477765,-0.002551775780290483,-0.013520093673270592,0.014831787667993437,0.021131808975174506,0.08818806684403728
2023-01-24,-0.001073840653331656,-0.002044021294114761,-0.0021376810975854512,0.014277876355924642,0.005248028630422563,0.0036119840879409123,0.008306476211620862,-0.01806426157569518,0.010012628435505277,-0.0022284631143139294,0.0037443544985020422,0.0009734348560736818,-0.01588180181886859,-0.04383458697368472,-0.003870668073139873,0.019243698634761434,0.017855593982467874,0.000559190105736443,0.008559561464884406,0.002494110615413583,0.0,0.005444059075876659,0.00266036686067043,0.0029288523830853365,-0.02420275358592863
2023-01-25,0.0003747468991240459,-0.002221820207540755,0.0027782139018126943,0.0024222502951885875,0.00045114450918785497,0.0045933937952083075,0.009604422636531215,0.0041213859035260465,-0.004711945940034707,-0.005925720721294832,0.0030061528636332294,0.0037457958683397114,0.0007999759141266421,-0.015049250427338456,0.00011112963283068363,0.00321677075156245,0.010914476592119122,0.007794889203482891,0.0048273881952603055,0.00045294135656642157,0.007104536691623396,-0.0007053407108404548,-0.004765689318850628,0.019802594072273853,0.0028073905613269514
2023-01-26,0.010930585645638969,0.019309554524663847,0.005903833437632055,-0.004662804415337389,-0.0003610107911381262,-0.00909651500360829,0.0009099390154789747,0.005938905488694923,0.014694994449812494,0.030251452745803924,0.024486728013751395,0.1040650092615062,0.02005887374245188,0.0049159134588033825,0.031086921065448123,0.014138904984784338,0.012363639504538554,0.005255249469678479,0.0061629662614614425,0.011143252026354428,-0.003664210333011224,-0.004030146081427898,-0.0009137962286861111,0.014507715294057961,0.003331781422863936
2023-01-27,0.002294996416026177,0.009905460573823206,0.0053949892170023815,-0.0025273937978513685,-0.002891749730043741,-0.0013939615756237058,-0.01419760351039983,-0.020366726945741213,0.013591331700119932,0.0006449791959323331,0.028034708184611318,0.10436164069972145,0.05391585259657907,0.1462518895018162,-0.02039767503132702,0.00919000477758746,-0.0004565597926605317,0.0,0.0024258406387994234,0.011131000656830531,-0.003915501891878928,-0.004117528535869893,0.007635450997663638,-0.0014595867428650732,0.0031880719815874027
2023-01-30,-0.012626374336548543,-0.02042578417666869,-0.014023373227592584,-0.0036613294120017535,-0.0038081212827356706,-0.002570014931290955,-0.0009229561196601442,-0.020349561821725017,-0.02028212099923331,-0.02220627889723132,-0.06088844198984706,-0.06526572943550507,-0.04766432460515366,-0.08871634199595319,-0.02317560049211223,-0.01155821541053612,0.00215157347203807,-0.004977774030248195,-0.008516609280431143,-0.01281122789298311,-0.03773576367506988,0.003125221918191887,-0.008057517087263419,-0.017962153315812694,-0.039910668606601446
2023-01-31,0.014596401563952525,0.01487465235432391,0.02399561426693793,0.007962820951734473,0.007150974869637753,0.0036296165072691286,0.007817932538780669,0.017756269695963556,0.00898030333129147,0.02079496468609259,0.01938107541866505,0.03860663902242871,0.036210101298231566,0.040480050613291955,0.008823409768855811,-0.0358549713224732,0.0057802235760877315,0.013493040125109415,0.005947715691444175,0.020749544683455964,0.008727331425909994,0.009668766910588015,0.012027376723726372,0.008330389141646657,0.036589509858997046
2023-02-01,0.010571675899479762,0.021157863116972514,0.01559749503782818,0.011949587120302854,0.010100228161375574,0.012518134528387544,0.011387050886613008,-0.028682081449875,0.007869614870326403,0.019738404968264445,0.06949427273857522,0.04619721319012761,0.04313332379567292,0.11641407142684626,-0.01987822565252714,-0.01095995411610091,-0.00218251077575382,0.0,-0.0026472284341127156,0.006130802873467627,0.009136870768379565,0.005672951518548939,0.005545075239140411,0.008261495294219429,0.11892082439541483
2023-02-02,0.014451991637059253,0.03526121129087218,0.019501088053756915,0.0012933055388165227,0.001432136634295675,-0.0209702840085377,-0.023368771700646423,-0.011797357966781613,0.03639232279246051,0.04581832536220875,0.03592234843763057,0.03711744228973266,0.06320335144175969,0.21501321194061293,-0.02306343364343803,-0.01876927540394587,-0.011006860963130813,0.0027318005463911606,-0.004667089916202438,0.02244866221469156,0.0037523522900167207,-0.00714873444494026,-0.0072843860744379275,0.034324934148194604,0.04244636293600509
2023-02-03,-0.010685817938460004,-0.01793227674495536,-0.006728792009632884,-0.015068788634513264,-0.01142373863282186,-0.025274496401227434,-0.04746975742400474,-0.03314036422424884,0.0241070184268962,-0.023903904356489328,-0.028453719542253057,0.009041655543147504,-0.035758996568116874,-0.08756955664064416,-0.0022080958988844658,0.011610596954755999,0.004125377745263473,-0.0019112015863522942,0.015355558518077643,-0.01896181047486042,-0.005633719643750627,0.0030896382025721396,-0.013388112814311685,-0.02233034063302249,-0.025460105703134547
2023-02-06,-0.006130246037383278,-0.008495154125851117,-0.014573460891931244,-0.007431053290399393,-0.007719155479616683,0.002073259184240806,-0.004384911009336613,0.0169364858371267,-0.018091414202590434,-0.006134592067776037,-0.0005214549026414919,0.024849222136681948,-0.01433798141892382,-0.0005361334700905207,-0.004547186185638796,0.014664233465750139,0.021591511452506085,-0.0002733115071424159,0.005865798544789065,-0.007314113194324247,-0.00762268337284366,-0.008520726202795648,-0.007294964477877492,-0.0076162976936001376,-0.02839321416816104
2023-02-07,0.01299377492284487,0.020506978487971127,0.007389893692493628,-0.008058431101021288,-0.0032875730520336446,0.0009200023760844002,-0.004894791204251021,0.033921939229015846,0.019061692025481042,0.041163121498401,0.05012365764516758,0.010470780820742305,0.017367240120940267,-0.043428484342091504,0.0319714795158076,-0.007024846328884798,-0.0016428436075768588,0.011415902045132452,0.012115974404671789,-0.002193683074988994,0.0002445959278229749,-0.009807460072867473,0.00213013871795023,0.015891970197338973,0.026300275313690558
2023-02-08,-0.010994914877451648,-0.017940789428935486,-0.014731270945465268,0.004747930321462162,0.0010056766974074905,0.002468544755507998,0.004894791204251099,0.01348595860249737,-0.01781028300606509,-0.003106592510342392,0.0014421966979529539,0.022507837028282126,-0.029274984676726783,-0.028114811017865674,-0.00898201095807823,-0.003169345346125387,0.0028145923590841625,-0.005963705117823679,-0.007055687365405657,-0.004733113423095442,0.0012845346305272833,-0.010409552764506636,-0.005405302869279201,0.0013428610967098852,-0.014302719516171819
2023-02-09,-0.008707048456951102,-0.008877133212114967,-0.014582828680557014,-0.00951867729628202,-0.008441966498272153,-0.007943887464013586,-0.014756747771417361,-0.011127525428619237,-0.006935452854400962,-0.011728568839654799,0.005927002175607411,0.029516907690852447,-0.03015792234862804,-0.15230428446319963,-0.008602524794314196,-0.010461589307931266,0.0009364397725685196,-0.011209836427628751,-0.015686026723933044,-0.010982164066745286,-0.01359987761898969,-0.011029785813009929,0.009228407448603825,-0.012784973872363012,-0.017630037851343053
2023-02-10,0.002331049996316626,-0.006585052711093822,0.0019988670673384687,-0.011252467286528999,-0.007028083802446394,0.0019053779351280687,0.0029688030627258756,0.028305896830148548,0.0024528628769290776,-0.001974176996926177,-0.04918185356160542,-0.05161833459581209,-0.033901512375441006,-0.04352984839846646,0.038418489748893725,0.005628159126432288,0.022589420822847824,0.003294027559607272,0.004405551709113575,0.003451844414158859,0.004635786229983153,0.008790049764759169,0.015425954500881056,-0.02106115066201587,-0.021009889351642733
2023-02-13,0.011670673075458255,0.01588898919519772,0.011961114575844674,0.008379372664677759,0.0037050065943460527,-0.005089097798950408,-0.0019781909344353987,-0.005309659303502354,0.018632211044849648,0.030764473157553707,0.02429660232965362,-0.011493498714308886,0.016968796256507462,-0.012159787090324855,-0.002552691723368756,0.0019362022930759651,0.0023682843256385604,0.0114444456380576,0.010789733960590606,0.008853637577912256,0.003693878552779391,0.013006362408257055,0.015122966077653626,-0.003708331362623832,0.0200479819453114
2023-02-14,-0.0004603082202638544,0.00736209510180611,-0.0004673899948387067,-0.0023047513686184793,-0.00249918763212401,0.000753454984742333,-0.00396825523349915,-0.0014398630712601167,-0.0042336342637572634,0.003128111052371089,0.052873206156043656,0.07237801403011461,0.024802873701454706,0.04557658301462597,0.00033331313991610866,-0.015390844269655575,-0.0008095187571421796,-0.005433378183874494,0.004409058657177793,-0.007964660777799962,-0.004372523793143217,-0.005655962172631364,-0.002882679001440704,0.0,0.033360081819263296
2023-02-15,0.0032423243167511028,0.007631589747588565,0.010078357381744216,-0.009368795388753655,-0.003807179924982666,-0.010014646847400324,-0.011497324763411611,-0.005490620466743967,0.013807300622714179,-0.00802520721667901,-0.00905202537030278,0.023567198213512965,0.05713119116793409,0.1609761188698396,-0.017144342975450966,0.017604810354619107,-0.002224296448104274,0.0010888209498721678,0.004181205153980798,0.003990115498007236,-0.016614458864109564,-0.0023002040550327155,0.0073957876768333125,0.014569036717195897,-0.008999028244874684
2023-02-16,-0.013864770929148378,-0.01894219856144514,-0.009610967386905504,-0.014269382466060777,-0.00803384283518626,-0.0008195726363130796,-0.0025169526318788334,-0.008292761882037352,-0.010484056148966999,-0.026983491805585895,-0.034047038554684945,-0.05863124321363247,-0.028157654433444944,-0.05559869797077567,-0.00988140325626703,-0.008804163551101378,-0.019459180214013435,-0.01011891590108876,-0.013864566713836356,-0.009782204082444896,-0.007115544135999596,-0.013183913211529322,-0.01581654455079874,-0.03171310614829589,-0.061740510205500615
2023-02-17,-0.002501316758741902,-0.007080951325836597,0.002748067637408524,0.007746428737972965,0.003931434809553922,0.002982339072148569,0.008532050486366172,-0.02111247493007664,-0.007575183050218007,-0.015724665206301194,-0.028303475127421242,0.03056167870629532,-0.0038149659779005874,-0.005963767345788641,-0.036262004714016985,0.005138332538563155,0.009251381337141555,0.00027470331054214376,0.002956948128428007,-0.0039176092302414854,0.020662064935759752,0.02071152840561132,0.014929294425449652,-0.005780756883232857,-0.01992753308392036
2023-02-21,-0.020264939185391073,-0.023959779023204376,-0.02995802066804662,-0.019628555136581634,-0.014302349081452025,-0.0037440046605545256,0.002993987568662412,-0.004935978968133384,-0.027042399260853573,-0.021107817354040444,-0.03487241556618499,-0.05394722804913013,-0.06285173721424203,-0.04919664661758235,-0.004983426325461509,-0.02898862286814873,0.0074570456666531735,-0.0208256693541669,-0.01851996847631641,-0.02027769131725132,-0.015013188566491933,-0.0007143437656093609,0.006059139955941527,-0.030198667225442156,-0.022284729675710338
2023-02-22,-0.0013789960116971829,0.0007477986372752454,0.002717352874138785,0.009122566298373566,0.0028393261951009706,-0.0056423768979153,-0.016072656255546207,-0.02689933881089072,0.002892238263807131,-0.004601473459846501,0.004781412614671684,0.017528035977254008,0.02412775670193579,-0.014442431798002463,-0.006683368963707483,-0.01178453247360717,0.0007092238033006575,-0.0011226383471160326,-0.007692757235432101,-0.009082347046838014,-0.0013934209253322115,0.0042080269469909354,-0.02119622571610223,-0.004024142588844199,-0.002086270616926871
2023-02-23,0.005305439778801279,0.008696347671467191,0.0071045848112537705,0.009724424543932363,0.00781295924132644,-0.0005305918526508475,-0.006094525811354991,0.022240050473573206,0.0032851689366950477,0.012878438124854681,0.13121585315774822,0.006006057267467722,-0.015263626435108636,0.019103710266204985,0.014975302375874985,0.0002521875835606081,-0.0009390499270942285,0.0008422662916772387,0.007979282958558776,0.0074785820009582666,-0.00031687099258334393,-0.003207922584827264,-0.015017918426749514,0.0004916319588537601,0.040169117169228497
2023-02-24,-0.01074004401752884,-0.016886006249168094,-0.009395210936349995,-0.013086259194334687,-0.007529627408363188,-0.0072206822499255125,-0.027894319805040004,0.010788256322086997,-0.018169383651308185,-0.02202517698956644,-0.01610250849057989,-0.02601977738759486,-0.031244585969297165,-0.06492349059378832,-0.0012983543429015416,-0.00750880982092799,0.002751592487561279,0.0008416703136213902,0.008980754140014919,-0.017693412444382103,-0.011221076917593623,-0.005657010494390719,0.002670733960557796,-0.014156427316043524,-0.02103478088638081
2023-02-27,0.0034001572363972364,0.007135853223031556,0.0035134804840223433,0.0027691833629376527,0.0002834177339179223,0.003912670406128105,-0.008416664388227075,-0.01274855637093305,0.008213719802043048,0.003764692047029616,0.009190725942746756,0.05316324215501689,0.009837011837155678,0.008858668969804515,0.002948662246532099,0.01600382809574417,-0.0018959177984097751,-0.0002806661816975806,0.00869002929375063,0.0015153250652550734,-0.002182425499416839,-0.0008617973585637498,-0.007255992001354746,0.0014942832472544612,0.008670210319754101
2023-02-28,-0.0037028983388823216,-0.0012939447497474891,5.3309706124298194e-05,0.004532943393114422,0.00037768235801454646,0.004545621851780495,0.015203386474064112,0.014386567493651187,-0.003454074452901964,-0.0029624459656991914,-0.012201312727532079,-0.009290230436857878,0.02039849559112903,0.09490925507770373,-0.014472444123294964,-0.001793370247747636,-0.004691093596353993,0.0019618845587890594,0.008336071597567907,-0.0013988127535879667,-0.015345404440448058,-0.011420594291781607,0.004866662396017607,-0.008397425757486865,-0.0024149336662233636
2023-03-01,-0.0038431855353453404,-0.008071496470866935,0.001274453304695126,-0.010800874898327376,-0.0062537084881268655,0.005755555600934512,0.0036355065623048842,0.012714550616613331,-0.014348294879590492,-0.012709686786868369,-0.022564806266293626,-0.014395089751065942,-0.023494463310864803,-0.0024711002861629383,0.019523630140592867,0.03736445071433096,0.00014751216574928605,-0.0033651549823899146,-0.0055963959878411705,-0.012679078180271525,-0.004512237507451743,0.0007266634474515779,-0.014028849189801297,-0.010800138366836602,-0.0036973448182288805
2023-03-02,0.0077470421602135586,0.008242085032543891,0.002385472565983212,-0.008907024262518794,0.0008576997534381337,-0.000585735153896139,-0.0025954410374627846,0.003373228281813805,0.004120487528375752,0.019462330029109392,0.026777143662243725,-0.06032265409146769,0.012326871081463393,-0.015112812589492776,0.008750059546256855,0.014016447932130256,0.008355828218297681,-0.004786743193978068,-0.01043681678247321,0.011628759241275082,-0.0007868195448326143,0.016355330421937663,0.0024941619613803724,0.0038488531557794633,0.02709170264122543
2023-03-03,0.01591066822619379,0.020462668579075787,0.013828846417621218,0.02393710771258555,0.011271671112970586,0.010666001055863707,0.015983814064923087,0.022583436857057777,0.034488639554431,0.016509243376398336,0.024405799907916567,0.035456129089512615,0.03214731517574675,0.012635709103678948,0.013498813541762597,0.012335345079693473,-0.0008785826781538836,0.0156824859866674,0.018193504634147453,0.01506735992421049,0.010245679561845876,0.007262995575374001,0.00120932273593847,0.02219432469847846,0.013336752480104337
2023-03-06,0.0006925330166873695,0.0011341056051933402,-0.014729324488517718,-0.007783483793839071,-0.0027353896870263915,-0.0050565936951402655,-0.011834434417814092,0.008977577364876187,0.01836956667725175,0.0061699411945463,-0.01416421942808962,-0.02032754273314507,-0.020979722946345505,-0.027343024036713313,0.0004585990740789011,-0.005222884077965284,0.00475957684868169,0.0008330310808697846,-0.005864296882104825,-0.003918722853457262,0.00994872521582326,-0.004265868650583034,-0.0001422371779429629,-0.004757113089243923,-0.004425787655494856
2023-03-07,-0.01544761489380942,-0.012341965426454427,-0.011673710646783183,0.0061137351543533655,-0.0028371169925774787,-0.017635068390636166,-0.04607640115025668,-0.03817146168846966,-0.014602797974256572,-0.010645594568973758,-0.011187617910748694,-0.03198003067013698,-0.01679855676466135,-0.014118653732761367,-0.017564738510929503,-0.031355161193383,-0.0031495463129954378,-0.026158180809983566,-0.02984893832666908,-0.023604916759356886,-0.009494277966283458,-0.02007912079418029,-0.01000379933626504,-0.01602283939299098,0.011637259074327897
2023-03-08,0.001630854655174589,0.004982069968861351,0.0004825073321607415,0.0009823123254891837,-0.0016116567867679344,-0.0004745630282821619,-0.0027137679553776274,-0.011115342554609482,0.008342601058301374,-0.0017720576374272703,0.037629148320562765,-0.03089156736881823,-0.0012842123053383413,0.017934811426468657,-0.010311651316130715,0.010427432394358817,0.0017533640635478557,-0.0037118808423759653,-0.0059329073892284145,0.011404856419733262,-0.007360301829642575,0.00014543525597611492,-0.008292753630839759,0.002419959971212996,0.03893496404086092
2023-03-09,-0.018622108295720675,-0.017477839822189464,-0.028207515386239328,0.0024524167989514877,-0.0009489152247446899,0.00980112770009771,0.0021716032074675456,-0.012899543410116997,-0.015027149840622363,-0.0054542544428881805,-0.031293807743562455,-0.05117763786639216,-0.04252610688266164,-0.08129988268467114,-0.014235380290893255,-0.031696870698283364,-0.007641185083933135,-0.041465907155595644,-0.055657031527422435,-0.023180026009698217,-0.01130855936780196,-0.007368098892695854,-0.006756914434504072,-0.03234018071525294,-0.01582091978176361
2023-03-10,-0.014534563374119736,-0.014142963903690386,-0.02925370269213845,0.033905019688391914,0.014236626677338066,0.021333667247723984,0.022521062477178482,0.013495504634011979,-0.013975719331893132,-0.01489328455773939,-0.020302126920879814,0.0030026831172517087,-0.0346508208800929,-0.083434031100612,-0.012865832159344191,-0.05963700064033656,-0.000735838353229237,-0.018354410686143886,0.02507794818195266,-0.033703682268040554,0.0024432645399143577,0.0045291662577724235,-0.0014593652065912615,-0.027095740558845595,-0.016317106297512866
2023-03-13,-0.0014263742598201333,0.007388720519876076,-0.016423986419983945,0.002270270474069999,0.0008423735877667726,0.022688861946558777,0.05868896398645538,-0.02855393625835679,0.013178743232823023,0.02121430616742036,4.3558181392906276e-05,0.005978365078895034,0.026302905674459462,0.10185512221236348,-0.02054134396326649,-0.0102278287265104,0.0038410294326169155,-0.04027806706747675,-0.018120418259940894,0.013031989519607268,0.009518580769702568,0.006900873951353998,0.002916257411088327,-0.010420622604602829,-0.00801554001888811
2023-03-14,0.016395069050572253,0.022719773136353896,0.018352204285007636,-0.01657844038056538,-0.002997631902707747,-0.005807897981361377,-0.005515211374463543,-0.03620304381451234,0.013990828546655672,0.026696074600032708,0.04666035015371594,0.04909578215581386,0.0211379186140909,0.057149079954743554,0.009834172939423697,0.0043076808962691105,0.003221241985525319,0.020032125270594607,0.02535198377062351,0.00960335486486636,0.005603139190631405,0.012302880002696396,0.005300022230006848,0.008173860887196535,0.06422594947070319
2023-03-15,-0.006273887365466091,0.005232328896881913,-0.01662291474031189,0.019126471539665003,0.009523949325358778,0.007773838437142398,0.00551521137446348,-0.04734515474921716,0.002617968570862136,0.017673670379083607,0.006833677263240706,-0.015452165385496756,0.00791135726969105,0.028636312559279023,-0.055195709996801956,-0.03797904064638489,-0.011678583963997501,-0.027011670123689206,-0.04839655046529214,-0.000726331932131018,0.002789569971473133,0.014058785135733524,0.011089609411289551,-0.00278883293046814,0.025180615599408738
2023-03-16,0.01739295103099869,0.026019503279317315,0.013558961211647862,-0.007853533477835819,-0.0014880652476393695,0.0020180543660701534,-0.004008017567521535,0.0004996881818491839,0.018521508623536583,0.0397362995847458,0.05277607148617759,0.020188342220549882,0.0302701892096455,0.050067129912156505,0.01079963426191342,0.006651983681240668,-0.0001478999812998566,0.01892186682286753,0.01922756606756936,-0.002181427676335019,-0.002075253266486848,0.007446008594568137,-0.005696729269224428,0.01270095071109611,0.07433094325577853
2023-03-17,-0.011761671147282101,-0.004737526154165048,-0.02736269596427863,0.014897547963618906,0.005012995386941562,0.028704276731304438,0.03502203041644779,-0.02341947487284306,-0.005468877855672846,0.011626560404604587,0.0071783764624723774,-0.021963216854791676,-0.0143740153041613,0.10095430790969694,-0.015854264980196126,-0.017062319965995647,-0.01569603674102563,-0.03270652854866178,-0.038514126045161225,-0.022950055952097093,-0.010769903943365963,0.000279769513091639,0.008066918990811089,-0.011627466491444777,0.012754728526719493
2023-03-20,0.009569844437369078,0.0035427614890509076,0.012881813052866774,-0.008836350887478767,-0.002967526941303908,0.00038079522406509364,0.002904231166888555,0.019080377257115984,0.015365088738192239,-0.02610433546158089,0.006779520515619371,0.01717250122413543,-0.011963742596851727,0.002131575944146045,0.019822037285007463,0.024351151405733414,0.020880844297052545,0.011065201547830491,0.010516058789946908,0.011356739887517363,0.009860340027525902,0.015274766481083443,0.010702818891266768,0.01088487855214136,-0.010583184435897454
2023-03-21,0.013044970665294097,0.014181369522540694,0.01828101168266393,-0.00862934388691059,0.004817911084492935,-0.019055524569337897,-0.007276268496495915,0.02379881980853396,0.011873494929313293,0.005677405074105134,0.011478313479392026,0.07529223411697607,0.05398461252493333,0.11134468668022775,0.034034723544936064,0.02070915654784039,-0.001977925499909126,0.025029086743844475,0.0264673799910951,-0.004428445147776594,0.0,-0.007261199988279648,-0.0034123942706585568,0.024324896349210794,-0.009131507502356051
2023-03-22,-0.01719338853488705,-0.013691299718126859,-0.02877101479740424,0.013245177865170727,0.005806052125211649,0.016877382247649345,0.026898809487844576,0.006186946919446414,-0.00914542993987122,-0.005457095970363255,0.010215305786062192,-0.03308514667181837,-0.04954663195516305,-0.08507577383536842,-0.02150080477226733,-0.02234456705662428,-0.012420019454541874,-0.023426302157529166,-0.026152905203641476,-0.038072539605793494,-0.01862697000565161,-0.0006246512754181804,-0.006429943831452598,-0.017133690590072758,0.017053811141251974
2023-03-23,0.002699771352528637,0.01178836634739239,-0.004448393460864496,0.0,0.0028447322238337332,0.012460224063676011,0.008494638179464529,-0.010114261104450387,0.00694562860124068,0.019529623105726614,0.02694951120056108,0.005582127533771847,-0.015487831293434536,-0.15143200164647858,-0.013950490249515427,-0.0023212000404949206,-0.0021348780299803192,-0.006749091506314307,-0.0026769397144807165,-0.006295383340277686,0.0005295131358221315,-0.0013901281013254257,0.008066513043109113,0.009752049388670862,0.027293687964803304
2023-03-24,0.0065404708335977686,0.0036737852590696183,0.009004684570471272,0.00422051690921849,0.0031103024327449667,-0.011316136891165252,-0.0028235959131951115,-0.000492047468827646,0.008271031245269943,0.010425800313868179,-0.015267994913616741,-0.009460894526444722,-0.0018536390692026254,0.022814658731404105,0.003859190395906977,-0.011135645137894747,0.014091296075295029,-0.0006452756804442036,-0.01533297352151307,0.02532132852925414,0.010007184677511933,0.020172301761827743,0.008142993689695063,-0.018430336400667265,-0.023509147882878036
2023-03-27,0.0018680971062667152,-0.00687493660586085,0.011057118728258073,-0.023771071913194757,-0.012038450534702606,-0.009299831745516749,0.0,0.0510062184878568,-0.012369357437394684,-0.015046557314663821,-0.009304178876052194,0.007325624786097459,0.0007947793030810598,-0.08119823528398586,0.021088052219135525,0.0045517369334548965,-0.0024263289825808576,0.013780130356727748,0.02825771356786748,-0.0011432250294026625,0.004249136890985591,-0.005261991992064551,0.01657553935990117,0.016236537641618465,-0.013774851387164163
2023-03-28,-0.0022472821978958683,-0.005325936596380266,-0.0014403527413262788,0.0018191149494298908,-0.001665637653965384,0.008155744573006158,0.009847722898648463,0.006216049722321394,-0.003988320509952989,-0.004169683317160131,-0.004571008676757753,-0.013753472002494754,-0.015210410797476925,0.007963093403819161,0.015343758009507415,0.009859568529660133,-0.004127877305367941,-0.00031824823796639884,0.0030305794919296618,-0.0024170808210191566,-0.009700967713449938,0.0028053051166082453,-0.003891925712966002,-0.008401721621001184,-0.02144773400790953
2023-03-29,0.014430357856287683,0.01806971184934675,0.011293784556981896,-0.002010889595864185,0.004619983184827443,-0.0049731154716589265,0.00046653738593204164,-0.00621604972232142,0.019597444358292773,0.01900265654981894,0.021501217569557304,0.0244876221590413,0.03695335158299303,0.03522262294422447,0.013769395946802576,0.012817099198744875,0.005816335849158609,0.014538734043429449,0.002015317125360899,0.021920670224505508,0.00976605089260549,0.0030697188965425302,0.004308105842650809,0.021389637403685526,0.0160506863387385
2023-03-30,0.0058381493062681505,0.009420840497266398,-0.001369164570309342,0.004590651506512744,0.0013818027135129329,0.008998964139577773,0.02305311807681197,0.018074148582498593,0.009841204651556622,0.012540659666141565,0.01467829333790772,0.0071949836717746535,-0.0028546153912970143,-0.017612062380785113,0.0043859793601820195,0.006882147380637929,-0.0021322190075149,-0.0021987881727705185,-0.0030244688272931686,0.01299941414846394,0.0007825166199963471,0.004349960039846734,0.009934516171261185,0.012617468036729744,0.018456996335830707
2023-03-31,0.013996306883434324,0.016493922225477693,0.018214253932528558,0.014869328272397871,0.008980937673683879,-0.0052258772770236855,0.008170735405343747,0.017001058060870593,0.015523295971328248,0.014851298212561604,0.014286042291279652,0.060504162532241994,0.04720499762050012,0.05178407241162233,0.006905490369456224,0.018969210498681267,-0.0009515089309489735,0.010946159820513645,0.012043438316828291,0.021176421388206766,0.010180787838235186,0.00837448074770283,0.012145478762465379,0.020482022577931875,0.0013273255633712434
2023-04-03,0.0038032102250334866,-0.002433533149198793,0.0004481798650832535,0.004692453382307895,0.006021940079445359,0.00717858251921089,-0.0027162249781250676,0.05604559594105038,0.007672115363473001,-0.0037180293005025502,0.006745390103167351,-0.06311918518816914,-0.019019626368175675,-0.06039339276171743,0.04427857019537956,0.0044908273942582035,0.02895922193793709,0.0018644077045859653,-0.001151642004021357,-0.00797981305428905,0.011864962387344163,0.0054995786247800885,0.008374198225236149,-0.00370205193374068,-0.014904984571684652
2023-04-04,-0.005563500103903587,-0.0033788648540823995,-0.017692539293357405,0.004959296117755565,0.0012725160023991829,0.018469345695108275,0.040422997191827494,0.0,-0.003255062527685067,-0.0001743639053078449,-0.018478412282608277,-0.011307735857578445,-0.005319842278564259,-0.016964333617163155,-0.018300096892389112,-0.055545070305297616,0.003937817357290166,-0.009357370757050626,-0.0134581510751176,-0.00133602469202351,0.010401414642388,0.004804209986782116,-0.009867483724183182,-0.0019064883399571731,-0.007171415767519757
2023-04-05,-0.0026216719936703508,-0.009921476194793276,-0.009857204078052028,0.01040033209496324,0.0032652651568641127,-0.0007982432900846041,-0.001306851826009864,-0.0004269985186173289,-0.011354232143773482,-0.009938465964564656,-0.021055701008051753,-0.03734894534323159,-0.03620771223689333,-0.028545599264077248,0.014944649502520885,-0.01819144533521238,0.0029634232886227977,-0.001254408595278512,0.0014899933048900043,-0.005362651783034435,0.04394433576076454,0.006832879968789358,0.01643687180427266,0.00340901044464784,-0.035136079228981085
2023-04-06,0.003893277365143319,0.006719548462780548,0.0014961572471566076,0.002583408826141588,-0.0009057203294077692,-0.007159660374899593,-0.0021820276819282947,0.00028475832877019545,0.005480788633839532,0.02521238264169251,0.005786610236337167,-0.002482632348555218,0.01567834715372483,0.010800299082988178,-0.015297389301689989,-0.020630104206563745,0.000367533517776907,0.0037582021061515446,-0.001097708239381841,0.006820158844477498,-0.0027815930087433855,0.006326607586116342,0.007521371114684659,0.0006002523083889101,-0.0009727757183297992
2023-04-10,0.001025830162752977,-0.0005662613040312377,0.01063973879518082,-0.016255864540320273,-0.004633242345748041,-0.007427401530065852,-0.0004369774681094963,-0.007141867019033599,-0.016101394574443356,-0.007607851031803748,0.019848401206806594,-0.0029764508462146334,-0.0010376102431343206,0.07356139366582384,0.007969950690331584,0.029952800077665962,0.01333464462560119,0.0021859929862551868,0.003289388676431821,0.0046013700453491745,-0.0050383491783012775,-0.008311840417205708,-0.0019248271493572254,0.008367467878681603,0.03203255583850966
2023-04-11,0.0002686194724859245,-0.006438335817816465,0.007877687820364868,0.002057999067345252,-0.0002733537961173608,0.00630066529229023,0.0069687457323044065,0.0186044923214934,-0.007620131181536618,-0.02292933541497139,-0.014978068295442284,0.012281322445656238,0.006209672328100311,0.05958342537165263,0.009411404795637667,0.02325095726028411,-0.01809955116707243,0.008695630737171287,0.004914074607745819,0.00421986026072956,-0.0003043590237230037,-0.0019894021436360483,-0.0029276351972106498,-0.003876245943508758,-0.015302969322203706
2023-04-12,-0.004084450738404467,-0.008873183198193815,-0.007365910522003678,-0.001028470113746124,-0.002097081980618436,0.0048732452945133,0.01678538998058609,0.018955279875836988,-0.00436263121453272,0.0023309974714809827,-0.025120684687775143,-0.03403263254550459,-0.029313801468722665,-0.03405394802307004,0.0006936914185900213,-0.00045348829227552116,0.0005327705710189611,-0.0021668601703526786,-0.00015561363834919626,-0.0048240049782141544,-0.002132907309827968,0.002717723609236305,-0.004876282247626464,-0.025006206272286412,-0.018244731690755883
2023-04-13,0.01319539884610556,0.01939300271194064,0.013163709387545039,-0.007889536494801378,0.0017327328355406092,0.013425150587981827,0.013144113995627064,-0.00873606386285562,0.033534883226746026,0.022152181904938856,-0.001208477919287216,0.029256539212836878,0.03932281003807993,0.016229622476781957,0.006221180013820698,0.005292281285596321,0.008243059299020443,0.008946514530966737,0.003805897036292365,-0.0030267327988700685,0.013271680276904988,0.004622843169621799,0.0010039772626608866,0.029179866548912626,-0.002602815649529002
2023-04-14,-0.002445869583224088,-0.001881436945378155,-0.009360628348559651,-0.009188571315573829,-0.003285609174967847,-0.017869017219899003,-0.01827894940376169,0.004030769059586438,-0.0021162707783298966,-0.01284797708423022,0.011086166272672721,-0.004853036816821199,-0.009493330082417832,0.01382719292822754,0.0018360150986634432,0.009026595679219578,-0.008468362411962613,0.009779866140460865,0.07279468131154884,-0.015642473870487495,-0.0016268228752474047,-0.005086349016082557,-0.006779236315925097,-0.009365341891688606,-0.003698833031960663
2023-04-17,0.003581911473720227,0.0008468703969078185,0.012778429655672887,-0.011967102551000964,-0.006327852900819222,-0.004463702764476622,-0.01251900695735781,-0.01749152639822538,0.00012114416887639603,0.009253374419620064,0.009077433259142112,0.010966636750077955,0.004629672250627705,-0.031827177616415875,-0.011878320282289918,0.0069501667792628815,0.003375579516564581,0.011490763094258486,0.00789791393730809,0.02060151894198843,-0.0010256254745210297,0.0003311132220418546,0.006979784102851952,0.003996123098457774,-0.020703274702675203
2023-04-18,0.0006519893852460119,6.273148064517536e-05,-0.004259955150116838,0.0035571450242668267,0.0033064315033207014,0.0038732698004284223,0.005631340874856109,-0.0015539027099905924,0.007476654990273828,-0.001490107624614372,0.024329416781503046,-0.01470335251106692,-0.002055063339236074,-0.006815837217765497,0.003936612631524514,-0.0001777480411238465,0.0237535899342285,0.003002455778786056,0.01116534874935421,-0.0022948285519518658,-0.028531144477995103,0.0010586505413918603,0.0022046401164566034,0.006261473026512257,-0.0010019924748226158
2023-04-19,-0.0001688346481497955,-0.00047038715054140785,0.001291089624730366,-0.0009601771349022294,-0.0049634741714107014,-0.004789973842757965,0.0034497630225370926,-0.020424908276372868,0.006944042480647986,0.00027751336076718214,0.009496636406006374,-0.020389861131667346,-0.0007716770099002073,-0.04283114187763325,-0.003472584781527946,-0.002445279944711649,-0.012543141830460116,0.0023949161280891456,-0.0012738934760205022,0.005907984455493127,0.009395990849163555,0.00019842713635216878,0.001067372776809608,-0.021835893948638385,0.0017805887302119103
2023-04-20,-0.00547217218850302,-0.007653853237572654,-0.005174479385460789,0.008513133021467355,0.0037708593900111147,0.003930524556986942,-0.00258618533953143,-0.024836989756020837,-0.00586335294245351,-0.008145706067093635,-0.030055818789515652,-0.102540365251667,-0.038562105640438556,-0.06309123115848007,-0.008851593041744163,-0.010650788361764422,-0.009251846189888441,-0.002994842658986612,-0.0029074220285486624,-0.0099069757398019,0.006439554314069935,0.003659335018574259,0.006379166289731732,-0.006909869363908838,0.0018883445329577148
2023-04-21,0.0007766614072566254,0.0010428379601128955,0.0012960208578478032,-0.005635528670026261,0.0006426622572442636,-0.009936876904451981,-0.008234089236555579,0.00898320776769644,-0.009829199698134039,-0.0012237836825688693,0.0005533859293273539,0.012741333042302827,0.006398294784260157,-0.024428169237679435,-0.0058663565430060426,-0.003625243913979798,-0.016544578942430357,-0.0036055099226757425,-0.0019194660796895946,0.00012151186711131879,-0.005455759250701973,0.03401863102471303,0.005021464341881722,0.015179364114429985,-0.018819870981664103
2023-04-24,0.0010427066161097143,-0.0020866662634047247,-0.0006759636046038117,0.009627862645512904,0.004393888591095511,0.0030347260178608367,0.00434218583374921,0.015131976823006441,0.0018769814533317393,-0.014061308480581139,-0.002843484070530902,-0.015444550452118741,-0.013645729814982523,-0.07543782710250624,0.015181567214815048,0.014244021668798259,-0.003383576984874446,-0.0024112176964440368,0.0013509903962531178,-0.0037707068342433497,0.006066747306294143,0.0017923249282289497,0.006765417689938956,0.0011042034963133765,-0.009772811989489509
2023-04-25,-0.01600134666898516,-0.01904388665284062,-0.024994395598246042,0.014597496419609137,0.004374587295117667,0.005073426510561733,-0.003907109514891046,-0.02381930716981419,-0.009480451588299119,-0.022793689136647574,-0.03006812215569268,-0.011633104865311444,-0.033140018218113895,0.014506133654745209,-0.0189543715987572,-0.02171737228637481,-0.011165918226753219,-0.01734923683749325,-0.02198346026495346,-0.009919685105091969,0.009122426120973378,0.0002558898451431218,-0.007820528146140872,-0.016895532389178534,-0.044005426144003476
2023-04-26,-0.004244498012556534,0.006046180337592064,-0.00969648893910633,-0.010715576622874192,-0.004374587295117679,-0.005452222698836941,-0.006983871619501925,-0.033993378007582085,-6.106297598648695e-05,0.06993144680273952,0.02688280833638085,-0.04402465397224694,-0.019401667944166003,-0.030338581731828018,-0.013437432337466797,-0.01122315709447651,-0.029793019232888233,-0.00956388301691403,-0.01788265198955906,-0.009646524672923705,-0.01561959293187473,-0.011641287766523971,-0.004363950105512841,-0.014387267485452673,0.025216362849918763
2023-04-27,0.019712554570735973,0.026827946680483983,0.013272670979391839,-0.009971941211772745,-0.0036605522357764787,5.4098929279614626e-05,0.0026246501000490178,0.006861305480174958,0.027999481084474028,0.031525327276458986,0.009966663607993967,0.041032719267455574,0.013536540930686802,0.005182295248273278,0.0035852460809835274,-0.008640612051649484,0.007295405431458952,0.015990627912927904,0.013369013408004784,0.02236514066690729,0.002334207649668982,0.012152660280377389,0.0031096028078501105,0.03378775701051927,0.017303465034101153
2023-04-28,0.008498853372674434,0.006874715416697671,0.00871372773006174,0.016001960565534143,0.007762531198390778,0.0002706158931134578,0.004794108629225134,0.025355832508257625,0.0075126295057945285,0.007940034866778904,0.019027257206330167,0.025394246651119615,0.006143480978379845,-0.0070396225622489615,0.015388237226657555,0.020641079774568128,-0.0011834715146524489,0.011827372494812529,0.008645586394222778,0.012199226947025445,0.004285275066264652,-0.0005750751583679507,-0.002712006588017194,0.025392717233781132,0.021832214336793086
2023-05-01,-0.0010100822560371327,-0.0011475537369232311,0.0005707607420852729,-0.029258502114456117,-0.01626930243297302,-0.004501468248394752,-0.004794108629225179,-0.014174007180748318,-0.0005304586063492136,-0.005548044311299023,0.04098762102467847,-0.015208459761728233,-0.005023663710626215,-0.07026851274835128,-0.011340956677541284,-0.007017202693279619,0.010665285888142433,-0.0027169202414134316,0.02118579193276893,-0.007471117348551409,-0.0006111172757409616,0.0012140812979840538,0.004098274285039831,-0.002833175933154503,0.003574221224399755
2023-05-02,-0.011303191877019638,-0.008759791844179375,-0.020750093483123584,0.024614456187374494,0.011988281923261792,0.01911282169964554,0.01989689315201488,-0.054025540387353785,-0.006210912040756599,-0.0004910745109426278,-0.024510831438246856,-0.009436987371174365,-0.023783711731015324,0.023261453243708187,-0.044456982341166046,-0.009805590941075392,-0.02270858002323394,-0.02293336274737229,-0.016278911242038164,-0.017077679620848878,0.00870283183379764,-0.0008948705840933319,-0.002708244533584307,-0.015877283568215557,0.002449903377108817
2023-05-03,-0.006887449246320301,-0.006565482995875476,0.0036623638682942196,0.005566312634839903,0.0016484768606227823,0.00844333039400111,0.0034202650927660744,-0.044430100076951085,-0.006488022410733638,-0.0033126087125816854,-0.014568611042467988,0.001869644402715088,-0.004019571045562099,-0.05672290806894813,-0.019060275294819254,0.0022750053875850345,-0.012764115165585137,-0.011510455436130882,-0.02139073194438257,-0.0039448771379202085,-0.01317501031331877,-0.0012790382718845254,-0.0037109697334710124,0.0025811859661642486,-0.09673484709901094
2023-05-04,-0.0071081958881954975,-0.003535989639561583,-0.01126263083164309,-0.009927507420446565,-0.0027491329163544134,0.0070083375794598906,0.021533456893292408,0.006445760401040478,-0.00996313173589095,0.0033126087125816593,-0.008669959850961051,0.0036667412660127767,0.02780328277657743,0.014942444031906772,-0.01120308435411841,-0.024694841035796996,-0.0025192750262870876,-0.01291167734153679,-0.013772726421164158,0.008241611188009581,-0.004553601615264741,-0.004619424843190727,0.002794929260939914,-0.034394057068176526,0.059340925761574424
2023-05-05,0.018343356005703852,0.021031651999671667,0.023489611730889197,-0.003331301437049813,-0.003953968836151189,-0.015771672012865213,-0.015576018437594371,0.037667073523529444,0.04585932620329967,0.017011630758750392,0.03976203303660031,0.05350549046047228,0.04513276299456184,0.16827236294439146,0.02677956839281843,0.022141015095185825,0.00795628257451096,0.02442213277766767,0.019346479208412745,0.016523221968642032,0.003386400955354682,0.003338537121275423,0.008602635873912476,0.03101728790167018,0.036614980277536756
2023-05-08,0.00026642319110549255,0.002474414345967115,-0.0022955107964436152,-0.014113948100265387,-0.007212105996497107,0.0012261535425393925,-0.0033999150733811704,0.01932660277326006,-0.00040346523928967617,-0.006458839160839832,0.01628905467231875,0.01012145995502574,0.011434711678247484,-0.0024067951133693137,0.0,-0.0013957160378589139,-0.010104806105706302,0.0015452592107435827,0.0024103587051384763,-0.0058004538564013775,-0.0022768165344996417,-0.0046898235641726,0.006239908276178175,0.024080967190794347,0.05626759557979269
2023-05-09,-0.004395091227661081,-0.00635329986696237,-0.0029922548889197934,-0.0035839388574814427,-0.00037108950516965785,0.007061173494320532,-0.00042581346302446413,0.009447922633489923,-0.01002111684919544,-0.005360160436644169,-0.020096929930975557,-0.015486902413259212,0.011305536448224393,0.03567279867589777,0.0003738294286915354,-0.006070739998180858,0.0023919480157332945,-0.0037129766296983306,-0.004826720938484728,-0.004251019426281085,-0.007793381467363322,-0.010290808199114343,0.001700997332074984,-0.007701756928076365,0.0002103802556621285
2023-05-10,0.004661520271108963,0.010822748779119911,0.0050583881108296445,0.009657241440879247,0.007859804187900209,-0.0014294640409970906,-0.007266545327427216,-0.007426977493639411,0.010367145284338611,0.017148457792382304,0.010930289947245767,-0.003612788634512576,0.014018925612475428,0.039565605667962016,-0.011402908791892822,-0.0015000193271022995,0.0024526726273614574,-0.0055950370992396015,0.0005132130620353025,0.009569281287744166,0.003718665598233085,0.0020798435379360933,-0.00281491799411103,-0.010230222278194813,0.02040886271357046
2023-05-11,-0.0017453707372799383,0.003255145827531535,-0.007712519098700085,0.010516517188119915,0.0038609136087395923,-0.008619799546280105,-0.04879010689169558,-0.017863204463481844,0.001093764705940286,-0.007069224575064817,-0.01068523410462086,0.020786425091438347,0.001802931901491264,-0.037243119679034785,-0.012044618395681102,-0.014839566984187494,-0.005443594436876865,-0.0015599709380900687,-0.0031557679967048964,-0.011030871689190739,-0.0040913871323662535,0.0023340907644204866,0.0037296544550843064,-0.09135325574895221,0.0008242513661281508
2023-05-12,-0.0013112997866706806,-0.0035934560633435184,-0.0020245532621113753,-0.008404512807229635,-0.006166451322962911,-0.0017115440993108683,-0.008141171161800504,-0.01883235209870723,-0.005432273720501992,-0.003682956208741609,-0.00836294434333659,-0.024114596337054404,-0.030835944539065158,-0.05116245914338294,0.0015294445116217528,-0.0023357664410098796,0.00022185951906684311,-0.004066923362731577,-0.014436434091236034,-0.0001220006811292663,-0.001305153477001234,0.010117866673437205,-0.0003265349697010101,-0.0034725999932291186,-0.019131341784792866
2023-05-15,0.0034442794391696856,0.00540051269263703,0.012142374038803133,-0.010411392296092923,-0.005368664092777407,0.0021389727993926496,0.0036264737017060447,0.014713234771474664,-0.0029013344843944453,0.001584671504771232,0.021399505402409265,-0.009750860107846383,0.023345272065668162,0.05809779056365741,0.005081319891209707,0.008316949697923164,0.00250360518540749,0.008117436081092297,0.008390849923427503,-0.0017079965494521234,-0.007679689988620687,0.0003201759853280793,-0.007804736514886232,0.00941318964361784,0.022216208516620758
2023-05-16,-0.006705102820166292,0.001131504334559115,-0.014693117172597329,-0.003008763018964009,-0.005024695202046494,-0.01257816833072297,-0.013209070058066583,-0.007169643611633441,0.0,0.007340798725929076,0.008939904518313193,0.0010214088288270423,-0.02493894381415842,-0.04872433346274495,-0.024889018953669812,-0.01954715463829379,-0.009314838601862885,-0.009372112631175869,-0.006751920692691278,-0.02535237434649488,-0.0013168359628484947,-0.0017317368355354392,-0.013923147460229478,-0.020453371015193105,0.041035541496239045
2023-05-17,0.012065810831237676,0.012031434846409093,0.022044585539472243,-0.0029205543638356874,-9.334560020977838e-05,-0.0034678951337034376,0.00045841069215289915,0.03240802049937566,0.0035966653768482572,0.00940707137065727,0.032499342733149444,0.04313493317739194,0.025198302865710016,0.053157481757767605,0.019043430031510333,0.023373304141366954,0.021149307443988734,0.01988882599689106,0.030284306227267292,0.01343642306377724,-0.0021989722010819714,-0.004246996162276747,-0.0016704408510820072,0.019483621958290388,0.022122391299971473
2023-05-18,0.009587008259665889,0.018402961096660182,0.006057198361805711,-0.007436292440412647,-0.004206658859833391,-0.0130577944134065,-0.011987245148832213,-0.008706484743445873,0.013573727111811524,0.014292260798309631,0.04850935312140261,0.01727768584344739,0.013899742421436453,-0.012860896126603379,0.007238410599248357,0.012277162468271041,-0.0033952858717031754,0.0073575587683570465,0.007555267389512674,-0.004831194268390115,-0.0032129521894073915,-0.016579885899079844,0.01289048052091641,0.010615115757195873,0.039498712553981574
2023-05-19,-0.0014558784866273186,-0.002255871472706653,-0.006113859408926852,-0.007096327280439538,-0.0012190816127324064,0.009850156652287684,0.0138187893992888,-0.0021885171620354663,0.0006281199570412379,-0.0005651378255064228,-0.013155081767725254,0.018206255962432197,-0.010794259612997233,-0.05948437630240497,0.0076888851914395295,0.0002793752331587544,-0.002768398033108674,-0.004285491620521524,-0.0022966538142083974,-0.0016155631028056737,0.0027094133145582513,0.004187235392302641,-0.010352288356777956,-0.02604014391646996,-0.01974333707271768
2023-05-22,0.0004058938508124267,0.0033523279429150585,0.012134234046577945,-0.003567437280371382,-0.00037517492807478167,-0.002344243508491738,-0.008729691600338377,0.00015645601198915416,-0.005496051232002571,0.008881625850951666,-0.0028186748408617042,0.0473245988875953,0.04743577428570741,0.07283661269189334,-0.00415228864973618,-0.0024241221920499162,0.0005058730718689236,0.0018388797957407015,-0.008296728949201795,0.006076069237988105,-0.005403701926940403,-0.026528916654011667,-0.008844450682392986,0.005131900089562504,0.02039169253214797
2023-05-23,-0.011286385174903072,-0.01275718771774345,-0.004723330408672449,0.0028745348848453786,0.0020621301657156527,0.0012000108481294142,-0.0074108651486286875,0.014909468290103724,-0.015270804655294016,-0.018603811290119503,-0.01577691486194531,-0.016549549453013596,-0.021924171105957485,-0.03278984364443815,0.010660562696434518,-0.007260389954422015,-0.004606896342932126,-0.011703222341061182,-0.010487228417918023,-0.0094401549968606,-0.0003826402987188749,-0.010852278625331,-0.0018861630302289142,-0.022022410410560276,0.0011105196871164134
2023-05-24,-0.007271210306258157,-0.005142914222115785,-0.01065283868116174,-0.004961182124404365,-0.003940610283312538,-0.008101176111367243,-0.01640535414140579,0.012104658282519509,0.0016305665952261676,-0.004482660637593982,-0.004899973681673584,-0.015569850375931848,-0.006063667357388764,-0.012600164480484498,0.004356743696943242,-0.014251840996466675,0.00019884197452246102,-0.013096550599405943,-0.009193666107699937,-0.02169865774122233,-0.0009570303841124936,-0.008302862414838007,-0.004595444911551969,-0.008385242077477768,0.0013863295062649232
2023-05-25,0.008622782878183535,0.024041563137170513,-0.007835182202926824,-0.002489937703918983,-0.003295814039494647,-0.00966457904681634,-0.01427912094690195,-0.024201679471242327,0.006670165662033686,0.03773692160679302,0.2180877407315411,0.008547333224801211,-0.02775101834556337,-0.025862791575964578,-0.01792151060518562,0.0013343082807079634,-0.022087896682415894,-0.000313852406978535,0.0024352015377598845,-0.00012753921559793778,-0.014466356530481514,-0.006444696940421841,-0.010007300389401754,-0.010495994517389902,0.1057760752328018
2023-05-26,0.01286758643674885,0.02522967496982255,0.01130401150783155,0.008044968046124331,0.004235413390231781,0.003987606250000357,0.02462238751165052,0.011017362077227788,0.01400628209237027,0.021159960399761032,0.025116652705954496,0.04608376548838008,0.01858591643250068,0.0008787985157263195,-0.003927657792216323,0.008630101573115919,0.012611245993905194,0.008130002153060503,0.009317511554709685,0.01141409184014094,-0.00038873755716816664,6.863120954197228e-05,0.0017772742817778213,0.001700262982305489,0.054019117875400785
2023-05-30,0.00038084245906299015,0.004524756752106312,-0.0036967824113429025,0.009941310312092486,0.007485911188202527,0.006171471778321201,-0.0037488294470740683,-0.03934423690606759,0.010603080160215082,-0.005059465534958978,0.02947447614986854,0.04053000876950061,0.017995782087289372,0.07201010226787001,-0.010336382418373332,-0.009011237798643986,-0.0010708336095614922,-0.0003115332035654731,0.00378993389411596,0.003776072549714691,0.0001294887027207599,-0.015385690029543911,-0.002461645979088398,-0.005337543237922413,-0.013951888367289389
2023-05-31,-0.005560710548017567,-0.0057022823942685635,-0.00990643457806316,0.008679528713607379,0.0032573089011949117,0.001537018842589403,0.014449161866109736,-0.027171575846606393,-0.00028209351242501304,-0.008550654360928533,-0.05844244656728336,0.013676132280176286,0.016936837454662214,0.016698168690435864,-0.01772952096275226,-0.019969204801203295,-0.002159914111996626,-0.010648338499291402,-0.012812566272196362,0.0050126132380003,0.004459846602791966,-0.004760569362299358,0.005530286747723891,0.001592910500521081,-0.058008685041151684
2023-06-01,0.009456212737634263,0.01148579536070546,0.01076076584383498,0.003915505910099995,0.0030624943089088636,0.007867103377943474,0.015610975516506566,0.03117638701506476,0.015895549022977833,0.012678426269575611,0.049904794820659515,0.017450979367424006,0.015196368577975555,0.021786644136650324,0.012327624043466134,0.016007199096226037,0.012667063212883418,0.010648338499291353,0.013685313058535096,0.00012498858190141426,-0.003359279723941909,0.010193352401001393,0.0036701262385019267,0.0071367749638456155,0.01060260802942379
2023-06-02,0.014357479810623186,0.007471908871519079,0.03562323822568271,-0.011018141395546814,-0.002698987198374701,-0.014857275420164814,-0.011915824818161887,0.025257890132107705,0.004764027887089236,0.00844347628620169,-0.011201641557241081,0.03060808282755737,0.012329357108635251,0.015298508422384335,0.02998196699355041,0.08064963005285847,0.010661816695100862,0.021572547430224874,0.02078831786256656,0.024079535547029143,0.01560190684104013,0.017626608930870154,0.009519620565652987,0.024309865836990806,-0.013567819458404155
2023-06-05,-0.0019180896470533905,0.0007045648968700729,-0.013495765968010404,-0.0018649208740464426,-0.0021454128567628176,0.0060023657211361265,-0.0023079236875846944,-0.0018724103815936021,-0.007599994029849582,0.0016087088246397093,-0.0039745025721779036,0.016868648629117584,0.01051640740652234,-0.09483011008804279,-0.006655320373131992,-0.018526416154505697,0.0004399060322959101,-0.0051962241856411875,-0.009872874431753756,-0.006978918761344453,0.008563395967288811,-0.003966343714442845,0.006563489009013212,0.002530675561376691,0.0005937461012668593
2023-06-06,0.0021752168133399715,-0.00016909232209738603,0.02599830801574326,0.005876329564574538,0.00195918556946179,0.0010974372841259582,0.0004620110551551691,-0.0037552518600890913,-0.002062479223629112,-0.00674997226824559,-0.013286553110668686,0.01685994991971048,0.014633254059094838,-0.12889459049517057,0.008031070276905286,0.018746953476868704,0.008628055813714484,0.01248649119006081,0.0017957138784163564,0.009538108472249182,-0.0008844538875336531,-0.009985408353966668,-0.00013354316306231587,0.012666829803779258,0.0520434825578598
2023-06-07,-0.003463945388273361,-0.017111017282029836,0.018537581840446408,-0.014954961657225334,-0.008987941730134497,-0.012083252758880945,-0.0064874829082936505,0.014319282314944294,-0.0077863799428919325,-0.03135461891995233,-0.03087297366785799,0.01462307267215519,-0.010126107890892093,0.03147008488433821,0.02615177092065178,0.038383859627284606,0.0067797213555707845,0.003927177380724246,0.009642058720544784,0.018209515114488848,0.0021470964860579966,0.002142933017913148,0.0014677588232807216,0.0038984472095186687,-0.052891789982459476
2023-06-08,0.006030552684037977,0.012336995158196355,-0.0037455104634147277,0.011629212102770974,0.006655061275963869,0.013124733073092816,0.03606869033318459,-0.01950596319280785,0.015346617726660747,0.005796833514600669,0.027244195528454387,0.044802099330861545,0.01012610789089198,0.03032782743807085,-0.00427093215717851,-0.004680693080965134,0.005227237294290321,-0.0009048805533330452,0.00028412681675412017,-0.0062333577597438435,0.010916552692053771,0.011262597779472801,0.014362948176850672,0.00010820014471564194,0.0269607853297388
2023-06-09,0.001792698837420878,0.0038153794610019955,-0.008127696418688138,-0.0013727171563896706,-0.002619131196692642,-0.002688130119841765,-0.0013461424290932872,-0.00838676933991773,0.002157506811648273,0.004693065358396842,0.006728586409041058,0.03981660778824774,-0.003991093709201044,-0.029952372988232664,-0.0055175917100100365,0.0024708296020662978,-0.0031934669462522244,0.00030175809956623764,0.0019879050566233153,-0.005788872936002009,-0.0015610123884834866,0.0008190512557406018,0.006027618746448437,-0.006505344669569919,0.03146980916227103
2023-06-12,0.009030895510601144,0.01675583842338721,0.00415278721901669,0.00293940116743021,0.0031794995951968516,-0.0008792504640156504,-0.008568283870894975,-0.04368639103365808,0.015517684869895847,0.015365353723639156,0.01819824447388502,0.02197449156261295,0.017951256834946392,-0.05240022632082699,-0.009636806113361688,0.012137106325091443,-0.00611347612216714,-0.0003017580995661811,-7.125967114071999e-05,0.00024175611508903423,-0.0006878460142210701,-0.007877338283590747,0.006576002818134293,0.013076134684004814,0.03361069011294636
2023-06-13,0.006571340100388619,0.007654666707809953,0.011398835014182557,-0.009929899831470527,-0.004491927085372479,-0.00739483312084137,-0.015518346788632682,0.03105328278806812,-0.002614928386161755,0.007325726062999216,0.03826368966750648,0.03492701634188564,0.023068318995052794,0.03574584344661063,0.004706533334821181,0.031202028999742983,-0.016443455195426122,0.0060167276191198495,0.007208173713869148,0.00638828231688378,0.00523966252593673,-0.0024101904426258552,0.007756944334584085,0.007594025049471873,-0.03673756693943092
2023-06-14,0.0011901437020470018,0.007241258107729441,-0.010806972884569964,0.007971456122686642,0.0030903357121708046,0.0005537743402144653,0.010523983977820006,-0.005001180957882786,0.003485249948052516,0.009082374629186863,0.047021746834127395,-0.007449046704933148,-0.004979666572335203,0.028223885777570235,-0.010308824086182682,-0.00867494593821021,0.00039775019307138293,-0.003906812896062216,-0.0037389201530908744,0.0037177991412618533,0.0050884362016622295,0.009331847360129675,0.010058805036529667,-0.015029730586776232,0.022235515035156438
2023-06-15,0.012321274331785882,0.011845351644775116,0.008196155737812558,0.00955984327381756,0.00865810962161793,0.007005982383036087,-0.0013663759539232997,0.025232862120753194,0.011136342653423191,0.031398569445685844,-0.008032546904309577,-0.003471944208969137,0.010608413898264045,0.006472486196176245,0.010926374219148499,0.017719706117567405,0.00748497527779388,0.013162197910647232,0.0112447342905939,0.005253068037433178,0.013341943333355909,0.013768999586414617,0.005467160339299559,0.005286114246807707,-0.024566994319685332
2023-06-16,-0.003411841359904401,-0.006312779398324248,-0.00803482270247949,-0.0038911502444481847,-0.0017628096442174207,-0.001540401760914932,0.010879516492456677,0.014715335024382634,-0.005877092101387634,-0.016714780447134845,0.0009137916877829414,0.01796971375181672,-0.005177238105299823,0.024400339289689318,-0.0014831568494814453,-0.009737412178194169,0.007037433960485436,-0.002082356446149096,0.0011873484722902286,-0.0007145880027278591,0.0030493264293156488,0.007315691819936068,-0.014046144406467008,-0.017584277704861432,-0.03405695907221621
2023-06-20,-0.005201694991795029,-0.0014326237923360564,-0.004365750336904468,0.0068963701701733665,0.0036152041276059877,-0.010404681043488588,-0.0423636120016276,-0.0067046375179717135,0.00048649053704934376,-0.012581275376401153,0.025804883413923025,0.05201270640767318,-0.0011291555204184147,0.026625640938669884,-0.022636108441774157,-0.016940611980149164,-0.0017220862551305324,-0.007506523387297893,-0.00510846674738852,-0.011867052915326517,-0.0006090209727559241,-0.009271058885102084,-0.008847569923146425,-0.017341840274993435,-0.009623115268663832
2023-06-21,-0.005136923155296362,-0.013721377315733215,-0.0023253274772596167,0.002416995083928309,-0.0011110409560906515,-0.0014474699268161662,-0.01995315947260377,0.017370206503946998,-0.00569128710164048,-0.013371070382236715,-0.017570489953443912,-0.05616662426467672,-0.036819592773618036,0.017536664945960904,0.007881110748894067,0.0013674786516617416,0.016572950673818674,-0.001206326233041462,-0.0014743062522989717,-0.0060475684694776145,-0.0015243792258814613,0.008602223129732803,0.00194409006795226,-0.012444844595396538,-0.05905454969544301
2023-06-22,0.0036032330490536457,0.011729749850493363,-0.0074449042718514125,-0.0121437370547377,-0.005200407027807104,-0.009966480697039254,-0.014986959730242713,-0.03951596644077717,0.016390104178296654,0.018269508525773547,-0.0004644909777898194,0.019654473293680905,0.00023440594293942216,-0.010554588763885505,-0.013511978882274175,-0.017292941975359345,-0.00561615518381883,-0.00787651976461484,-0.01944018148476403,-0.014418421815593446,0.010561585469868792,0.0034069229418869935,0.008317013432564207,-0.0016936319165364742,-0.012656725462953012
2023-06-23,-0.007588691427874516,-0.009962548747543785,-0.015169355931755304,0.009920320033765757,0.0027890965822630273,0.0027534519339434175,0.0024324622219153358,-0.0016008053669417511,-0.0017127260795524795,-0.013902099323622293,-0.019148104963389433,-0.03073851253541729,-0.012498671111352973,0.06693822194643281,-0.007212566820038698,-0.012293933984494616,-0.008821102652964768,-0.00426679255469273,-0.005243738007806978,-0.01388085333715618,-0.0008457535650298703,-0.009986451351060553,-0.001863596282571477,-0.004417020580887058,-0.006252521976913741
2023-06-26,-0.004094187615475518,-0.013496464403668055,0.0009961214419165034,0.0010638852999281588,0.0011137217602662788,0.0017380933759117798,0.01542941401991064,0.0049540873030774445,-0.00758143636953603,-0.019348831278405792,-0.038077522743396375,-0.06251408245574486,-0.005711562887093159,0.007616881596308819,0.01780817033822319,0.010649417004340269,-0.014383698153446315,-0.00214048684134139,0.002445554343817697,0.022825299631247162,-0.011242437207141777,0.0010101481485955714,-0.002640929008773964,0.006787285322597738,-0.022987403802656348
2023-06-27,0.010903597098937418,0.017048208585442592,0.014336665720276469,-0.002613726810170456,-0.0011137217602663213,-0.00460411859047838,0.0038204404304753438,-0.02305996431511607,0.014946700959823417,0.01800472140206019,0.030156993679069585,0.03729619858071868,0.03332853277413023,0.12075641638226113,0.002283113017493941,0.01566072068562167,0.0007727616041545455,0.007926948711969988,7.18341560921336e-05,0.012244555696249177,-0.0020800763670011622,0.009443009019015219,-0.0036182104549965306,0.00405047362686517,0.026435658134013076
2023-06-28,0.0005041913455711617,0.0019493760468449234,0.004896292491077083,0.004256090156182652,0.004354622166699928,-0.002310076023493695,-0.006695356942058868,0.019706682378980274,0.006307709761047532,0.003818572319596585,-0.018291035354009923,0.023813875097039847,0.01965784423257867,0.012229967767340722,0.01008449218978799,0.004890430186582509,-0.007731528820905452,-0.0024323986414300177,-0.004391825591516741,0.0014450788637921754,-0.0020229302363926863,-0.00019978588780920664,0.005422532167218665,-0.0025858727049525945,-0.001994933769504972
2023-06-29,0.003933757130000081,-0.0020044487829387505,0.011439829180271801,-0.018213542802557086,-0.0076098510076753135,-0.0010723394318449203,-0.005774839955022242,0.007013076692583431,0.0017948374671258166,-0.0023849565362666406,-0.007200595095005944,0.004905252914132209,-0.00886675398077825,0.023468045897276836,0.011472971024946738,0.009751133496450482,0.017154003091445137,0.017202774043092,0.034327069931530105,0.011108462803946072,0.006971252855013928,-0.004075337070279395,-0.006782810297150852,0.0013500042922941662,0.009665399430258168
2023-06-30,0.011731506918448693,0.015302511018202377,0.004763925040734318,0.011725955130585827,0.007332397349865551,0.006641221688667137,0.008171162099050965,0.00932739606238649,0.022839910172016458,0.016253026837666856,0.035613116323763745,0.016446493545468958,0.007960959776092782,-0.012224033766064075,0.0064267757525127405,0.00738346976166984,0.006406539225282485,0.008639811074107646,0.013916649809811912,0.005520069662025425,0.008615836366823015,0.015675053353124954,0.018622522824042597,0.0037031200094925815,0.02371868489900159
2023-07-03,0.001149960870416442,0.0023522138556069704,0.0020270712347724615,-0.005685213044675102,-0.002805583277818259,0.001121247777740352,0.005727979399786133,-0.002520874962561413,-0.007815238123382978,-0.007516302530645181,0.0026205299216438193,0.06668035183063045,0.021959178008694822,0.11075470680140599,0.002338118067267541,0.0051885650857864925,0.0047672977130244305,0.005621013997417989,0.008012427309615992,0.009765592564120431,-0.013196801962966305,0.004996232867267557,0.006468471195319715,0.013572287530860622,0.01662856410176193
2023-07-05,-0.0014882267700984826,-2.7139362891766166e-05,-0.010015310874859925,-0.009547691345104635,-0.007189124828767385,-0.003536277643963551,0.009474199660842347,0.019372546110228928,-0.005888725422587917,0.00047311002949521736,-0.002265736932681117,0.009461225032650612,-0.0035523900758044915,-0.019965306129097575,-0.005546343021587563,-0.01015943693734052,0.0003890437987529495,-0.0020672257446679378,-0.006683812579603314,0.0022490125125787254,-0.0033112850087701038,-0.0017066237820579353,-0.0005691969119759394,-0.007876239894473874,-0.016277530252588043
2023-07-06,-0.007861521629277354,-0.007644773311822176,-0.01627998848182663,-0.014243922258301156,-0.010171780238689875,-0.002984649764026069,-0.01807847380151387,-0.002944060582513099,0.002505697468797603,0.009184521138295139,-0.005070080100440994,-0.02125228365266279,-0.0390071724512669,-0.0031959120187299963,-0.022751005578215328,-0.01751134215714517,-0.0024230847748368265,-0.00860944515055964,-0.009935896984795908,-0.007715392385533928,-0.007459444662965741,-0.00164334333451038,-0.006344761610055904,-0.011762762528582457,-0.004133089387771152
2023-07-07,-0.002527980603810839,-0.0033258591341795434,0.010503958096236624,-0.006037779535306122,-0.0009469404356417118,0.007473004815488796,0.016663102971752407,0.021644808821972887,-0.0059087399531100515,-0.011938446768015828,0.009455512128279423,-0.007659314226953743,0.011268357763197654,0.007907230942759308,0.021266633037228748,0.018939872451257084,-0.006367363211315981,0.0014896688467850533,0.007859518347454351,-0.0022666548284107873,-0.01464920934813394,-0.021211797561354672,-0.0233107489970196,-0.001127643156677851,-0.0027355427242027074
2023-07-10,0.0025279806038109105,0.0003276065719117469,0.016963055559412223,0.001311379250336513,0.0051976000279517565,0.0007833887164984092,0.002828831015819545,-0.004718747777594178,-0.010915057068726055,-0.016112769421053764,-0.007628182242529225,-0.01771977662648564,0.036816694594581145,0.031141112769843167,0.007767875024073246,0.014696997063440095,0.0036341064743754294,0.004455856101628707,0.005596100684561399,0.004290299302543011,0.001631371988336887,0.00040328053018021684,0.009015106095358216,-0.006110652497423566,0.0036163537723961016
2023-07-11,0.006348297543414488,0.004928558521512006,0.010220655151797924,0.005127476579126183,0.0047021309652293735,0.003740607755698653,-0.001884967932080847,0.022479604918916412,-0.0028141158283850566,0.001926827082133012,0.0053199842228129676,0.0006674942605875906,0.03635973831700434,0.09328198040426866,0.021746779150137282,0.016106859336974682,0.01275565635246054,0.011785691255387028,0.015517887076508977,0.01416933408796016,-0.005532043406519796,-0.005253704482703173,-0.0014860362024740421,0.01565432636053788,-0.020098516654301717
2023-07-12,0.008013806860694446,0.012550864195611373,0.010847157448147819,0.011069348278027209,0.008780335347484045,0.013450555215707776,0.04383626160335895,0.012453889025373385,0.008945552792885007,0.014126502543720186,0.03469350506025712,0.008121354742896705,0.0090977354094364,-0.03655466510235056,0.00921115805949008,0.0029619044606709094,-0.009329581807101984,0.006423169481445331,0.004939561287298039,0.005379109404950191,-0.0034733553413039157,0.005186446950651471,0.0025185856653115943,0.007348219642027464,0.028864351044748243
2023-07-13,0.007905398159684522,0.016836020848652402,0.008045880353511175,0.010458234789676113,0.007042722501768837,0.0007144446386035077,0.028045508892472388,0.01781579831184591,0.0040490976853203514,0.016062536688905216,0.04618165183385138,0.021496049775542363,0.04428691510775749,0.21906313813924766,-0.0038178089401609654,0.008872061440676166,0.009522433995375884,0.0034864453077177913,0.004848358594207876,0.006393421756022918,0.0046072622599983735,0.0006718181839758069,-0.005886572154996461,0.0035432649886574775,0.011626997255568972
2023-07-14,-0.0006229554971082227,-0.00021091547374718075,-0.00981956876657872,-0.0059060092376577965,-0.007787061201453686,-0.003191736429074845,0.003505696904700156,-0.023726876763924383,0.0007869734571504746,0.00750110890930768,-0.011110650677869895,0.012444771516691934,-0.0215894022210468,-0.015920476252443395,-0.026771701025685272,-0.0009383880204879428,-0.004448363319028945,-0.006692931109204665,0.006027334168006002,-0.001971870207083458,0.0066525905319717695,0.007357726056405428,0.0034326957816870653,-0.020660716429046676,0.00017255475250483506
2023-07-17,0.0034661408149192934,0.00929520061364833,0.01064657210530373,0.0004934172256817666,0.001673842948069361,0.0007163001287564502,-0.0030668016362879686,-0.013278813083414852,0.017157515784309234,0.0014183721237078291,0.021582415019440852,0.03148434056863512,0.022596366346733874,0.002276444997777954,-0.001966378926135389,0.007172318428809625,0.01211631037936993,0.009589007156884972,0.02381765918031039,-0.006522923940701155,-0.00501670236669504,-0.007089457215318436,0.0012277670871560062,-0.035139823930947944,0.020319978854219548
2023-07-18,0.007403144824633023,0.008147575298062575,0.01227080196413531,0.00452886065914867,0.0025054426466457735,0.011391151915954767,0.008737445389457765,0.02051502368371844,-0.0013411531388306402,0.03902809197275586,0.021990037057661546,0.010141906463636843,0.003616667303660658,-0.009136893455017694,0.010037015694422544,0.02436482327545543,-0.030833929711709323,0.011214865991416178,0.001823815534448514,-0.005507942894199735,-6.277721726268747e-05,0.0018776374012754418,-0.0018099197624650764,0.004547850290632987,-0.003301585133654228
2023-07-19,0.0022212373399442802,-0.00023353036089283685,0.004226294012306136,0.011233055864842889,0.005637424427579556,0.00016334311378929522,0.004773305222211231,-0.00398078874419542,0.007046922417470605,-0.012343207531731196,-0.008818694270196407,-0.00711596075110357,0.015720158417614278,0.05179517734886552,0.005828745711268431,0.0009139244907314904,-0.00923714397623081,0.004280279811718421,0.003832211596431268,0.011217713089206823,-0.002013875616128636,0.006809998773161018,0.0003234430305669806,0.012602104639902247,-0.012800994019615045
2023-07-20,-0.006656488316472831,-0.02332159882007615,-0.008778163239684732,-0.012215924545091543,-0.006750268795019924,-0.005076251540707413,-0.01834914172631516,0.00530427935531673,-0.010148687111528294,-0.02339303749120238,-0.0336327348440622,-0.1024426640636013,-0.05875082460993291,-0.08415159946283635,0.011676407598735818,-0.006337865674788423,0.00991715657048587,0.0073759362611212145,0.01224254584673616,-0.003258746911844406,0.0589557952395566,0.0080758273888918,0.018327939410006756,-0.00958162428243476,-0.054539722343078745
2023-07-21,0.0,-0.0030039784152974805,-0.00318336986001854,0.0002949536173714288,0.0017612852122406558,-0.0030692385170081175,-0.004861915007131095,0.013718761650376823,-0.006180835558817317,-0.008977083508768465,-0.026964193632361445,-0.011015199637560409,0.0035531527241030665,-0.0043547420107041285,0.008816810745168269,-0.013263180397864149,-0.0027447944459401312,-0.0033974931657631095,-0.007714694560253085,0.004652179019602845,0.010691957809053368,0.015618689927303024,0.005635708459160744,0.011188798029193939,0.006329107545943632
2023-07-24,0.00445730275236018,0.0015961549148898384,0.002465395755011775,-0.003643799207075097,-0.0012048686935268156,-0.004290665079151833,-0.010690514872732907,0.024342619125992702,0.004211471581914376,0.0038901886876865285,0.006815186174189205,0.03417588510139714,-0.010908400828516813,-0.019733211447228616,0.01600413318486496,0.006653517783020428,0.004475607104552535,0.009596688442369411,0.019492595023471684,0.008205093179456616,0.005215912709399935,0.0031988871469696366,0.005854927850782306,-0.006675160182745781,-0.0030691154406858006
2023-07-25,0.0027263572441161713,0.0067550098653026735,-0.00010266761457819096,-0.0018763697777605202,-0.0015775995266655032,0.0055524167407638,0.012903445353952134,0.006626759541005295,0.004503154315106004,0.01686638198036734,0.023635779175563268,-0.014148526638195588,-0.0029573631237256085,-0.011906701253629743,0.0052394952267032875,0.010317945428148798,-0.00581805887926757,-0.006482020114929237,-0.007496324920802157,-0.0071611437459694356,0.007627928561156281,0.0023435208168448144,-0.000816135877814238,-0.011264067316458919,0.021377312280127302
2023-07-26,0.0001537898856526522,-0.00333211799011169,0.007869667690465614,0.0009878458480693532,0.004633208463889602,0.004867250719561796,0.012738982015724116,-0.007051220502475625,0.004534946716440791,-0.038364253748153415,-0.004981832433855672,-0.003511861575139069,0.021141503675576392,0.02097022284328344,0.0003483642503911028,-0.014374170233688284,-0.002954934558057227,0.005920011689498069,0.0059760199997104975,0.0045104432557538585,0.0019125706327168667,0.0010402422310676785,0.0035745897421467993,0.002682377412077994,-0.026089638894716192
2023-07-27,-0.006652081594542935,-0.002386829839620899,-0.013013281333647651,-0.01964447105247672,-0.012278049072890705,-0.015836715414990758,-0.035543467330504855,0.010838259681066843,-0.006603002579370221,-0.02109296033682696,0.009808311624754072,-0.03322998965193553,-0.029639508941372354,-0.07340643754275365,-0.00640542350431904,-7.761345159397974e-05,-0.009251770163341293,-0.01272839878599044,-0.011090633544988624,-0.02193264684556701,0.005600409235422039,-0.011959063274473308,-0.003637465467258889,-0.005840531389514625,0.009132503093676232
2023-07-28,0.00974269977738586,0.01805069382999605,0.012860588006097573,0.005122755944770129,0.006529697989541407,0.007949707574281263,0.00945310136577892,0.009197334178098126,0.013417694153451043,0.02286765356578829,0.018349109935414887,0.041105070589749985,0.05338192889103386,0.022086783606954097,0.0030331641816935206,0.00821241212484632,0.0008020983838032495,0.0019908036080899956,0.0056884166418798695,-0.000825906204591304,0.004537885568280389,0.02787664353975722,0.004701200541457504,0.008980232006484784,0.01660308272875037
2023-07-31,0.0019021407333512383,0.000521467402780519,0.011540258686024844,0.0024016934911696352,0.002785648706261741,0.002690787072191872,0.016441198488526182,0.014870188253919291,0.0031608932737485634,-0.007266861364006824,-0.00044923964496499026,0.0037087357528333273,0.0202230413387041,0.03982528069961473,0.01880854766334227,0.01803696210688453,-0.005874745021670823,0.003686386138940649,0.006669537821084782,0.006471560985651986,-0.040647690974777134,-0.0007032892031202751,-0.0003127414716065569,0.031541910291649426,0.012667326643748767
2023-08-01,-0.002865713298574967,-0.0023224540969012148,-0.00458997682767344,-0.016522700774670045,-0.010014749162128517,-0.010418766955581723,-0.017786133857653083,-0.0028741426535443494,-0.004285051848007494,0.001249556989091558,-0.004762158075192873,-0.02406922380883306,-0.020020699832150365,-0.04628341122373457,-0.004697806690273348,0.08484363598206307,0.010939669906580804,0.0,-0.004950307863322017,-0.0016433844293535387,0.008085295021777699,-0.0003202028685042997,-0.004702748666345123,0.0015736633486981965,0.027587930205566023
2023-08-02,-0.014008294745441813,-0.02218843048432024,-0.013693026251430663,-0.010756437665301708,-0.0061269896761866295,-0.004776993918500052,-0.024524430936539946,-0.020493595963246597,-0.01561105768372693,-0.026634451846031124,-0.049318094156463495,-0.027021352113565888,-0.05743210196493828,-0.0403131971829464,-0.013179292643482454,-0.0037484788937137466,-0.006045379175650641,-0.008527632503388715,-0.011389457212066433,-0.00577330791299373,0.006021236058664214,0.0021736437383680003,0.0006911140590623179,-0.03114372022610272,-0.07273528932067129
2023-08-03,-0.0028700608453350643,-0.001603756896599363,-0.0028228358932891155,-0.023341735450634806,-0.009023208275505576,-0.00033420291832367705,-0.005532556369236299,0.022957667121775823,-0.007348794628961633,-0.0025684540093698135,0.005541548274565956,0.020295602012260324,-0.010766691175288673,0.0035323990178529694,0.010073511969417406,-0.021511554175434527,-0.00142777353015315,0.0005707161789586956,0.006094916384623521,-0.010930448475536257,0.004287167161351904,0.0026150129690142646,0.0002512362466929762,-0.009430220619928507,0.03416065239630408
2023-08-04,-0.004532926240654199,-0.00469286240086386,-0.002006581251435524,0.01755707023880238,0.010346004463956353,0.003613876354074006,0.0013860333627021002,0.008847829101217144,-0.04921130736749807,0.0034229195425839903,0.003699765114023434,-0.02127991218642005,-0.017691808682869035,-0.03864349728474858,0.001381569930055235,-0.017960735208028464,-0.004923637752784021,-0.00400232699230622,-0.002113105772199772,-0.00815627543574863,-0.009420938441677101,-0.011016090986970416,-0.005793494463478945,0.009430220619928634,0.023322873597731025
2023-08-07,0.00869053505631376,0.00843107893123903,0.0006692808355377754,-0.009890241747997136,-0.0024582024220565833,-0.002277988932518744,-0.02099450911646004,0.00040645999032376225,-0.017404276844739552,0.007083261235264104,0.016360490564756646,-0.009538785882980405,-0.005081161566275589,-0.015582914736522548,0.0011498999143734114,0.018670999859419665,0.009067541459017612,0.01393833752568977,0.004731791636048759,0.012447801375509923,0.023734320843166734,0.010506399076387852,0.013486923219775392,0.006122598082200109,0.008511403104213878
2023-08-08,-0.0043580403672134034,-0.008538546479415219,-0.0062986869314908865,0.011546445863549642,0.003967806765163745,-0.006361270240024672,-0.014723584693073546,0.0032458490524185546,0.005297741563261952,-0.012375240221002996,-0.01671873983042552,-0.00698396541730477,-0.00532986077061811,0.023909205933564822,0.004929090344656596,0.004393337502118277,-0.0006894348515282278,-0.009080376079768387,-0.0056293339123140735,-0.006444062233390485,0.00046196503143777453,0.0010827719139243578,0.0009966211255712776,0.014860790272063938,-0.031127484293962185
2023-08-09,-0.006707829798571282,-0.011055432671035733,-0.007851393684102034,0.005157962716554162,0.0009425701346809778,-0.00476956334967285,-0.004796190691135035,0.013944995931908974,-0.008994892193404514,-0.011785044513990003,-0.048393969534998624,-0.030537632908455258,-0.036738749077755144,-0.04293506215963035,0.012500253380754237,0.005780425060039408,0.007403430745726435,-0.007439362454344048,-0.013498561408358449,-0.000119608010126812,-0.0006352330323571604,-0.0012739342000053096,0.0016169538406089277,-0.007288490362318661,-0.024677176038710277
2023-08-10,0.00035895236612735624,0.0018463262701466797,-0.004446937232143708,-0.01659968514118385,-0.0070900048924040894,-0.0010691758408616784,0.001441301582694737,-0.012056429407605004,-0.0012352536136290156,0.002170010727518528,-0.003908382115959552,0.012922436522360333,-0.007186813488385176,-0.011327814117971222,-0.00011310469527916865,-0.0024984061151890145,-0.0061139592283871,0.0008611694929427349,-0.0014966495020231041,-0.003838714730734126,-0.005213973217763447,-0.0049841394431125105,-0.0004990690152134672,0.04765200476563465,-0.0021748795051453446
2023-08-11,-0.0005833187314668464,-0.006396103334871597,0.0014148212671779262,-0.002304120405626722,-0.003420943706424312,0.0,-0.0014413015826948798,0.0006736686382865583,0.00033748074851972106,-0.005963263155069923,-0.03683637931471422,-0.011024937980288016,-0.005365745739659641,-0.028955760567292627,0.015243541369713965,0.004920743021733448,0.00884863107813582,0.0020063258705727044,0.005779175571042366,0.001561293821820893,0.009710641617526387,0.005812454324042844,0.005848443954139344,-0.030315461105966217,-0.024427326822208464
2023-08-14,0.005504922787288692,0.01115983878210557,-0.0017294244913458809,-0.00220442479229539,-0.0003806914056968162,-0.003045220530389694,-0.0038535657754705977,-0.005943586977752165,0.009349321905894417,0.009394674616891493,0.06853107371035083,-0.011981650600334395,0.003968732044066551,-0.002471940178688615,-0.004235756223835556,-0.002387162745591134,-0.008781901439302376,-0.0020063258705725817,0.002069561120032774,-0.006622253836115701,-0.002361091531940629,-0.007864216350896007,-0.007472011920679067,-0.002361822015096619,0.040178518291804466
2023-08-15,-0.011717315333047955,-0.010668426839220858,-0.013305358879621101,-0.006113894403296996,-0.005251588532465531,-0.0026580037072091345,-0.0024160068672956017,-0.01625378689757854,-0.011263423481875813,-0.00675046860299036,0.004265003632317841,-0.028771606269163908,-0.01762886103391605,-0.020376944501483613,-0.020996401210549936,-0.02552169788384951,-0.01454725856866432,-0.018535151490195884,-0.02578662481095333,-0.011298352198200575,-0.002886879658214768,-0.006439633483135012,-0.005138097035461324,-0.019901755687915662,-0.005641933898792573
2023-08-16,-0.007365120277706112,-0.010645036453481301,-0.012300345307002955,-0.007854780411620847,-0.004509439217122955,-0.005792775189194925,-0.005335962773325072,-0.017362752340797996,-0.004971513749642377,-0.0024313712826642196,-0.010386158175252494,-0.032103247149655095,-0.02230035941940249,-0.0022758930651658477,-0.008707700003536887,-0.010364381170405558,0.0034882828100899974,-0.0014627678696091586,-0.004252094878490604,-0.012416147992405787,-0.0031856843136137203,-0.010259802336592495,0.000502306458337987,-0.008188640940647012,-0.03807539652006441
2023-08-17,-0.007649164489400564,-0.01098340467374853,-0.011854296271437062,-0.004271842161745626,-0.0026964499318717946,-0.0015390561619561794,0.011605535416091326,0.008510697821235626,-0.014661967431757468,-0.011047023938401406,-0.0032705531680260282,-0.028687749322523545,-0.024547147820827366,-0.04452084214454231,0.011896757385873136,0.002401421174408269,0.0034760098559572417,-0.004988773142932178,-0.010441192060567279,-0.00807324883407414,0.009353579442134365,-0.007205616689158178,-0.02267123611823017,-0.004992152802207118,-0.025990216272775746
2023-08-18,0.0004812520145804276,-0.001255610521899407,0.005430472974123521,0.0035260534912661475,0.0037535320009003223,0.0001711135895520659,0.003359811274047518,0.011190246419903169,0.0028120760883190436,-0.0012630915789997256,-0.0010388098789560981,-0.017161267109647226,0.003473123454048859,-0.03186817735224261,0.009844397256653951,-0.004991372624115895,0.007538431298711334,-0.00029427514257727067,0.0022847189937622754,0.0031127893399219312,-0.008773442921405526,0.0028228092194695553,0.014285106035198437,0.0004654179217935197,0.009624110777364513
2023-08-21,0.006485302569421896,0.015983063906556464,-0.0014632640076260336,-0.013420407675068961,-0.005973517476539392,0.00273392964256731,0.02320728136496705,-0.002889168694806413,0.007706991997504505,0.016918725037593573,0.08131558951608395,0.07071456218373605,0.01767345104561186,0.028155646091383654,-0.006325349473850335,-0.0038422142826777333,0.0031723948521341604,-0.0011778498708332938,0.0034177007577694284,-0.009242018164995834,-0.030251915826299675,-0.005060651176703965,-0.0026629923249819965,-0.0009311434882218505,0.02592932550996522
2023-08-22,-0.0027124655158510735,-0.0014300414117636143,-0.0029874419971091908,0.007644803756912664,0.003087711288687525,0.0016481975934526548,0.0046706518740082924,-0.004141978177517621,0.00787367564788175,0.001800123841474481,-0.028047471802374938,0.00822448994977978,-0.002192198460906414,-0.005060568166231613,-0.00773542497415774,-0.00939301742664688,0.003206325787115212,-0.009473197289265092,-0.02095663641352297,0.002881846528646081,-0.007979245441147967,0.00039539801287227484,-0.003179349761524171,-0.001048607974964584,-0.023939777098876014
2023-08-23,0.011076251586629149,0.01564556274821642,0.01060565149859989,0.024475333449389205,0.013967415720654776,0.010113328144583607,0.03794749393071992,-0.012809952010608331,0.021711481354969694,0.013981153401551774,0.03121497586989908,0.015615669490355368,0.022900840145240173,0.037730402137906474,-0.0025152645479797875,0.010418990156053553,0.0035924219488631245,0.009767936605630924,0.0067405092732616394,0.015640716871035246,-0.009015233952696869,0.009309056670750155,0.0069182460263540815,0.0004663050551276642,0.03505865182358548
2023-08-24,-0.013955979886815207,-0.02160768951656059,-0.01392950729249594,-0.006615984637341058,-0.0034258268615435152,-0.0002248455933195227,-0.008108165996652034,0.0007004700189953696,-0.026518932522482684,-0.021732999583202163,0.0009968671469809524,-0.029216074210292504,-0.0361557302738804,-0.05442435229998584,-0.006892702377494122,-0.01375558685425442,-0.004453828866275986,-0.0035409687345582387,-0.0009504695724219476,-0.0038255694629507724,0.003397805007017617,-0.004643803506918497,-0.007682940354484444,-0.03993406598141913,-0.07227494412473152
2023-08-25,0.007024957296706432,0.007721880967807904,0.0042481535308843315,0.0032609475826756978,0.0005717867843109874,-0.0012941233726573686,0.004962730834764236,0.014458659800547261,0.01256395540339875,0.009363547939636343,-0.024576946734734463,0.036493404628287436,0.012279139305897302,0.008112516782530887,0.009636287971753478,0.012032768418717884,-0.003231237228995159,0.004718354431603054,-0.0012233454809651607,0.000741684478742161,0.014236108983843346,0.006534310586924817,0.0059102108680118785,0.010733973153981505,0.004410660828514809
2023-08-28,0.006321289724021339,0.00749874519543201,0.008873521730088688,0.001049799000204269,0.0031391603827728037,0.002867238875764686,0.0,-0.0005521646690655364,0.008807156475349532,0.002226523845045278,0.017598051502855382,0.0009635784854130897,0.002681261231108512,-0.0074340147353093855,0.006713543681647287,0.008148525095185714,0.0027227831062789035,0.005574020459867351,0.0034621376801594076,0.00934576551411407,-0.011859312513046266,0.0015617012370113122,0.005686498640941758,0.009551256648767588,0.0035146048994724108
2023-08-29,0.014351322405365597,0.021604834257909312,0.013855241682719108,0.010332555447519511,0.007946234954059394,0.00972069237763269,0.021812562494279472,0.012488956833895738,0.02157587042014105,0.01444573176790335,0.040771719057646184,0.07406603958973092,0.05286215684848223,0.13897710284727882,0.0027178908232351755,0.01888951792201812,-0.008703955471229763,0.00902890381743838,0.008099387398569146,0.012044959587827829,0.0001216784097172669,0.0005853958920098548,0.00834471087121138,0.002847696500048538,0.03174867507916677
2023-08-30,0.004110519390628896,0.005561277359810476,0.0037649488518275613,-0.0010390910582144875,-0.0014145479131510356,0.002498750315822613,-0.006183738495482204,0.0046265419240497365,0.018990868382240473,0.0011564989789096562,0.0097911361246771,-0.001089320005828064,0.006902948276548866,-0.010324605135568706,0.004964133004940104,0.008179626664589946,0.008903126565668808,0.0005798802517439936,-0.004041384190551067,0.003621102063172485,-0.0035363055074127095,0.001104222549355667,0.0071595486153056675,-0.0014229272346165972,0.00630558944252494
2023-08-31,-0.001464595369888096,0.0029939423674545627,-0.0017481216952019648,0.004459362192848361,0.0016971688058338799,-0.001665111347163996,-0.008007173957486489,0.0188278004475025,0.0011714699116872104,-0.0031378742505677906,0.0018456050731852519,0.004582681990043304,0.003205076475082395,-0.05177688681123671,0.0006747747141320873,-0.0042593221699993725,-0.002361297305020595,-0.0037743767292872633,-0.012428432814054298,-0.007377350870966092,-0.012599724226652158,0.0019457085176253397,0.008708884086857202,-0.007144606468533377,-0.00819556306141942
2023-09-01,0.0018635502478924258,-0.0010586725990951063,0.011806497277141703,-0.01570081322209791,-0.007143832514936875,0.0004997991755412262,-0.009874376281121271,0.02447813573510389,0.008427836155801638,0.002742143744120196,-0.017289682051799673,-0.051970558729417304,-0.0029758644462062624,-0.020433487729679668,0.0202612063675679,0.018048518997209505,-0.0003794412778237986,0.008976613931771746,0.0033429901885669443,0.001697997942270256,-0.0074497443195551275,0.0011005434891166472,-0.006416271005605427,-0.024680571980705533,0.03467369480354951
2023-09-05,-0.004331239052821776,0.001270354729466994,-0.02128880643597699,-0.014121561906516861,-0.007166560245429507,-0.008195174622491511,-0.0265097754752926,0.010861290708367345,0.0012658391884224293,0.014769099386048128,0.0008035232098977221,0.04579063580383233,0.008901069676812468,-0.0063026495920231445,0.005275943691523753,-0.016271332933590624,-0.006693805158096483,-0.01014063606199019,-0.011094985115196673,-0.011701763654990005,0.0012455868312379467,-0.013487538805470165,-0.008078613927114436,-0.005527312553910346,0.012078445499586952
2023-09-06,-0.006745238194791771,-0.008847017754262736,-0.0037537455901863535,0.0024561860479199024,-0.0009592961841713091,-0.004544556063018457,-0.01634406599648512,0.009726139031383686,-0.03644950586961805,-0.0020106162946451666,-0.031025979169215862,-0.017978069897591802,0.0036290203930068377,0.006943591127122864,0.0004384156950106442,0.004498998836013847,-0.048909196344576585,-0.0005826357080153344,-0.0016543248542900525,-0.0020864840249370685,-0.016756605284809496,-0.0019698760617190016,0.007459544299143096,-0.002589795908375349,-0.013632856933729268
2023-09-07,-0.0030749243566110932,-0.007177152135447224,-0.009717740927086698,0.0027696048990484886,0.0044057210666983235,0.0010678794784509471,-0.008985661713521812,-0.007285770302078167,-0.029685639951932397,-0.00896216667068099,-0.017577627756649762,-0.0017083203640210316,-0.003629020393006876,0.04693347045409255,-0.0009865914151905902,-0.005209878145975237,0.004706528673390851,-0.0026259532856526243,-0.008591086356626355,0.006246749042451292,0.01270322477884775,0.009485483275586801,0.012310163486662827,-0.005075925324823407,-0.02492372030798797
2023-09-08,0.001504958359734586,0.0013966191263708628,-0.002226697510671669,0.0038223222630714006,0.0007644988591724564,0.0003369702787594387,-0.001901998133378649,0.0044800856183639624,0.0034856397197749038,0.01312901226966641,-0.014573540745501337,-0.01196040362366727,0.0007787878649353592,0.003661163808749567,0.009605899145981485,0.0030160929882616207,-0.0067134515329894595,0.0020429779153599698,0.0007652038067001501,-0.003915002439412361,0.003306378433602839,-0.004306346820319981,0.0018334445890603164,0.012457674800962309,-0.004701908391788961
2023-09-11,0.006555023615282715,0.011713891352249291,0.002389584400544983,-0.007231947454916647,-0.0019119330944876954,0.0018513951035425602,0.007114074028094005,0.0008935941391651085,0.006600712531539067,0.010919264056057885,-0.008683118433882834,0.09615118904304938,0.020843486390211476,-0.018069369992000928,-0.013232241131561477,-0.0008151252283290562,-0.005760083665177078,0.004653967508837611,0.004370510470988896,0.0001225565421463904,0.012994367138168974,0.011830500975012285,0.0034745254834700136,0.011456558373620111,-0.0072844242217829785
2023-09-12,-0.005500667177699774,-0.0111504645439618,-0.0009768632940661119,0.005747209299819985,-0.00028726997120559245,-0.005169992663578624,-0.0014188078686102948,0.016828311394489114,-0.017207770970615203,-0.01842620696696784,-0.006840997963981701,-0.022549196320499374,-0.013316982128791658,0.008645193250103734,0.02328481001372962,-0.000851303851243594,-0.006750193322453485,0.006652279631460337,0.01292999856007248,-0.0004901074408582563,0.005639929799871057,-0.01773288790513546,0.0010945760083246805,0.01395937259323226,-9.497352104072986e-05
2023-09-13,0.0011654087920784572,0.003801936886028002,-0.006591452859528587,-0.0002118457448610955,0.002199203065693263,-0.002312682045193072,-0.009510240871649442,-0.000250930399246224,-0.011925656023685305,0.012847828486254572,0.013613358312136425,0.01418033641106544,-0.013266389111121178,-0.018116875729524865,-0.007557045719720869,-0.02112217325758631,0.007534359322248287,0.0,0.00047823796497912054,-0.010973663856075542,0.0025035571127464016,0.006947979338537928,0.00024306855406870792,-0.0023928929329788506,0.022534063653287032
2023-09-14,0.008585227257088096,0.008144004339416354,0.014002211446855789,-0.007244728063406636,-0.0018163317705133595,0.0005080950731221542,-0.009601646673186854,0.017910956594772064,0.008744111823668336,0.00782492456021622,0.002108257813530801,0.017320639037477315,0.004136042276780696,0.04397250426010285,0.011635679184180053,0.023780066969468813,0.01157196213776539,0.00918210945626518,0.019211962145592936,0.01793880116255752,-0.0015258207029103155,0.010914010553374735,0.0041843531302847466,0.011907797941394896,-0.010077549590723007
2023-09-15,-0.012121396466078675,-0.01727137338609572,-0.010510355046397411,-0.006112464313021693,-0.0015319538875774447,0.00658210689497754,0.018164986407636093,0.0020934453198328644,-0.004162594857667944,-0.02535559742574432,-0.03757663134391706,-0.0059953082833390835,-0.012691972021638317,-0.015700750480368668,-0.014565945251707372,-0.012141629542786511,-0.004329841173055827,-0.0051543366812643885,-0.0029524530513338294,-0.003782579053756737,-0.01408447426684075,-0.008434821071450369,-0.003698178918383382,0.012936700494918464,-0.04940462185997977
2023-09-18,0.0005863153987437494,0.0010419230075972273,-0.006666715201200913,0.005684917152376934,0.0019145964814675349,0.00587038313631886,0.00896014612348496,0.001966278559220844,0.016771930761971338,-0.0035191362793023707,0.0015023387257922004,-0.03376463807907184,-0.024686878601408058,-0.006595052097545334,0.00843854954072671,0.006391924392077304,0.01360827331289648,0.002735660568516171,0.002080994817799514,-0.008962904821554452,0.006298121440343964,0.0037722547055572056,-0.007437714012375791,-0.006565037249832755,0.008633477349582544
2023-09-19,-0.0020759048063247495,-0.00213349858125536,-0.0039003329376615897,-0.0074076240956464255,-0.003352685350038131,-0.0009480950413542692,-0.001409386162915251,0.0006137226666310605,0.006161835237167175,-0.0012465975931831542,-0.010195958753519809,0.004588376260533905,-0.01197332359760063,-0.04357774010538132,-0.00938044590656411,-0.004530910593167539,-0.010641193523145515,-0.0011509751241603047,-0.0012749451839594813,-0.004573804864544002,-0.001663454330739353,-0.0029253824056698517,-0.00024490830328802843,-0.03689919720863772,-0.007451766257033664
2023-09-20,-0.009235913058250616,-0.014515511207350973,-0.010068127475025796,0.003119960968110364,0.00038386294099954565,0.0007251297423292754,0.00328560229022039,-0.016827922654885023,-0.020194721492919274,-0.024269097397632326,-0.02987674221868706,-0.014780377139554338,-0.017742586417265862,-0.018863597166133093,-0.009358653215540408,-0.003797453251162773,0.003848507939033441,-0.006934500234103245,-0.004239273717457483,0.0008668207262929616,0.004367781975832248,-0.0008468722998873548,0.003238760418678803,0.007537845913069889,-0.012577578945493745
2023-09-21,-0.01666649877213075,-0.018494349957533004,-0.015633589147166293,-0.026009236241170068,-0.01012204205454358,-0.0072748111459232075,0.0046751080880744365,0.003363494511084011,-0.008929153033555048,-0.0038731582186249443,-0.029357431876123146,-0.026588996104119158,-0.030878894315510722,-0.029785775374379025,-0.013811809983941206,-0.02390042315330816,-0.022286399582687688,-0.016664528986656612,-0.00785262279730041,-0.03463587937854011,-0.0077022013748892105,-0.00870391834560607,-0.012215181269898677,0.002057220189148468,-0.043071007373357235
2023-09-22,-0.0022510942659803453,0.0001399358538753687,-0.0022617706192802883,0.008016135620596693,0.006085395735930171,0.0031961900557462815,0.006508595182583018,0.0027321625298927306,0.004932061590899507,-0.007917988858626508,0.014354114273144111,-0.043236555785455495,-0.0183772710173693,-0.04760837321483621,0.0016809532134085686,0.003778828962246833,-0.009360247202987742,-0.007694689032123713,-0.009629063823814274,-0.007589981947363506,-0.007201722053796924,-0.0036875598708160148,0.0026521285943710135,-0.018051527849155116,0.0009359507628611127
2023-09-25,0.004196339796751761,0.004738367709243876,0.004461829254975108,-0.024916746270471416,-0.009773990342103333,-0.005163898932470834,-0.017765738628911645,-0.0029809718854211316,0.007353437909299096,0.0016706369412898044,0.014600704717688734,0.008579557642105126,-0.0005153429137216426,0.01107152954042661,0.01246254987551499,0.004421765842165408,-0.0018146537598718847,0.002374026654410103,0.0049286727676383655,-0.000904223659446578,-0.0014964452230384812,-0.006088043977797319,0.004425171974154716,-0.0029581666956371056,0.01219149660116241
2023-09-26,-0.014800219581155561,-0.015130176627567965,-0.012940753575479039,-0.0034821243295087767,-0.0028243784378661034,-0.008023084937964609,-0.011385401892575343,0.006076758005998181,-0.023676583196692576,-0.01715205589835097,-0.007392925087379229,-0.011687984544271047,-0.009581814448005084,-0.017291544712637257,-0.005766759301668404,-0.017470633012520387,-0.010101773748210351,-0.013427022386513781,-0.010433132768694875,-0.018392415082363188,-0.0077674072899447996,-0.008933935136331898,-0.0035015604813883735,-0.011921251330926856,-0.014689394118993265
2023-09-27,0.0003990587765118284,0.002340517829293724,0.009305100120929966,-0.00518987329356654,-0.004692038699688946,-0.012443751217319037,-0.012482078644799628,0.024668539794022563,-0.008937185522427773,0.0020801249024456916,0.013202511676615802,-0.014939798128788435,0.006484265957015487,0.01408077400117345,0.024608489671384057,0.011766377528245203,-7.330932176828301e-05,-0.0015032138927456443,0.005847575239151027,-0.00673655115890913,-0.01208390489202051,-0.013348936608715356,-0.004811656821724272,-0.0018756401472292633,0.02175007786163785
2023-09-28,0.005780834631970647,0.008330498493102259,0.00899393347761262,0.003049479368955252,0.0017620954286441137,-0.005009715204337903,0.0019304546373117692,-0.01617353697629429,0.001524302028321816,0.002714123875909919,0.014516832517508623,0.0241549898062297,0.0113111393882071,0.049642139341176894,0.001084537653389747,0.012861209395690704,0.005465469118799498,0.0071945751610435465,0.012339589486927373,0.009549675207435574,-0.001464830717331755,-0.006810098028297494,0.005057674164003988,0.0028743695146932514,0.04671468673781068
2023-09-29,-0.0024299017426919517,0.000725989570978539,-0.004741275547242314,0.00011262992669849913,-0.002154066139009761,-0.010328505518099336,-0.01947479364333615,-0.0087422718103387,0.00304192172859632,0.006704836057602962,0.009470122858687412,0.015465456415727708,0.013961370506016844,-0.0010649871630871491,-0.020368672053047737,-0.011798425088649533,-0.0048785862725005446,-0.009302650763418449,-0.0175666374079468,0.0029121501725736802,-0.007229097306108161,-0.003285362485422764,-0.016187849392393202,0.011416141778491493,0.0005836906290763782
2023-10-02,-0.0003977972105877478,0.008311001828913103,-0.015222381527850477,-0.016881932360508254,-0.009203926936806913,-0.0105542058560987,-0.04628593133047046,-0.018346863711869315,0.01472650665955777,0.018979237279112632,0.029068348267634266,0.005500013317317833,-0.016008403373174725,0.003058659588814845,-0.020114540875643797,-0.004699479610032266,-0.002791386508352283,-0.00847732692437433,-0.008656703487248826,-0.018542870959981105,-0.003859975745260221,-0.0046039440091258784,0.0010625298821044264,0.00762039898620465,0.004367001517634635
2023-10-03,-0.013476583728501915,-0.017705578352805534,-0.01697560808317946,-0.02174595442651636,-0.01158702037434607,-0.002892421000056923,0.0010293597125860454,0.006778847406959335,-0.0077999716046519745,-0.0264815865032754,-0.028654569353908557,-0.020356864105244107,-0.027790378603041403,-0.03830218764513952,-0.0006775620532483946,-0.010172353630087607,-0.009831795339728168,-0.015936304681458176,-0.007400161667706731,-0.01971631618488086,0.0012238978757190765,0.0020641860242383366,-0.006328608530890826,-0.02642669535468146,-0.031377000722369104
2023-10-04,0.007255708220654558,0.013517043954742933,0.00046738916142141304,0.014008887974646715,0.008702998231206788,-0.00011826350756014561,-0.006709757721018669,-0.05582730459889012,0.007282110932612149,0.01761704026521944,0.011969397849845673,0.05764957536105983,0.014640720563320535,0.01356646819714166,-0.03190559089029212,-0.014756964249308302,-0.006210071780128778,0.007386741189986866,0.0044746930800227585,0.012147890958471767,0.0011584470448760089,0.003293591086494134,0.01193427773418546,-0.002769697064770867,0.03909386226279381
2023-10-05,-0.0003768534884673772,-0.002951013261854167,0.0007589845221578836,-0.004997276770707121,-0.0011958492666110994,-0.0018344684108627424,-0.0031120080495803657,-0.02139403079149734,0.00717209736438936,0.001253471857233319,0.014584020167003584,-0.0042593870629195184,0.00025955978529189144,0.015531428353423306,-0.006199879966299609,-0.01608904635214957,-0.009966447557208885,0.004589248456339961,0.004207479555352603,0.00554701023359874,0.010362411043494944,-0.014977780824675256,-0.011997184003089276,0.018610419736951895,-0.011208891283805391
2023-10-06,0.011802822956607301,0.01661665785362442,0.009583206064732928,-0.012191051456772021,-0.0029961514720272444,0.005139851922273756,0.02462923609932792,0.002295050573214618,0.01464260372841646,0.024435785288364733,0.023749048068146084,0.0018441397469999051,0.01723510621343688,0.05018032451209536,0.005966726272887909,0.019892791471655576,0.008470381744944758,0.008510583420653629,0.01527804737607204,0.002694766953628041,0.0031770834840760126,0.00201461927679042,-0.016926531962816568,0.026016825440389312,0.041214438014114174
2023-10-09,0.006381758598504333,0.0050870218628087755,0.005763760513059683,0.02319845285818128,0.012325980439445003,0.018218478536943455,0.01658745907765608,0.039267303697338184,0.008415646875250166,0.0077922349238255945,-0.010743405290991487,-0.0033063672235030548,0.003818294736044929,0.00812392637041154,0.03281630663695236,0.019578674523577793,0.08556913726759106,0.0006054491628529805,-0.0022770075958885943,0.01083974283908476,0.005692814795865993,-0.0050788772637460605,-0.0036509312470748203,0.020997943615708434,-0.0025208607179887416
2023-10-10,0.005191295273766745,0.005522773861972115,0.011258442748017504,-0.0013836058326299975,0.00039521373440394483,-0.0016795054754092334,-0.003996005601464775,-0.005460208299841386,-0.0033577647668372834,-0.004345180670983732,0.011529642372580895,0.015097007960672728,0.02086808660018897,0.006552496585199021,0.0012407415803756192,0.0070152517213788726,-0.0032811032285083633,0.007233127680143974,0.006060130809101604,0.004780203060916445,-0.0011359524959890803,0.009856351783751636,0.011230369092365616,0.003418061622740348,0.018891208007234515
2023-10-11,0.004088014772316293,0.007109986951873059,-0.001706387473576431,0.0206709727865337,0.006104201256846756,0.007276507826110017,0.009960279738835103,-0.01365030952775443,0.007873013895022438,0.01219732371475543,0.021771019172119547,-0.0023926822540326844,-0.007241812152744825,-0.028924794776168897,-0.012935640300508432,-0.0013917122241510304,0.0035559306668682257,0.0015003884175899325,0.0034272582061845333,0.017204407401510947,-0.013861881760064216,-0.012370766627687034,0.003989484587735101,-0.0016486210743180117,-0.006442177430180952
2023-10-12,-0.006115037053774431,-0.003481066174159751,-0.022858523904250357,-0.027502764555886388,-0.010459063270790023,-0.0030543103873241243,-0.010961805032934244,-0.0033092889564296495,0.005048420758239726,-0.003797655499544409,0.0029652588630456013,-0.015789985181823882,-0.0362377482370358,-0.028322281432372275,0.0011414525974052573,-0.011872411490741308,-0.0057648169287883395,-0.006316875277163907,-0.0023291200946459487,-0.014690878178171031,0.000960100256654058,0.00223529659735515,0.00454005959069238,-0.0059100740699082575,0.004421963541805189
2023-10-13,-0.004993518480845088,-0.012649536708370468,-0.008363250712663356,0.017734243848879325,0.005539229233369623,0.03164231938177581,0.0402607936994432,0.04624876757990632,-0.010346077186746272,-0.010411441704388609,-0.03212198600020171,-0.030395093236742683,-0.018623465057226025,-0.023685700240232775,0.02177800034084194,-0.0062133393024951565,0.015813724263662496,0.0021101614320096092,0.014907713558983932,-0.002513529223339976,0.003320879511357489,0.009513421956976739,0.005521188586412558,0.0,-0.034602335818396515
2023-10-16,0.010466564708759644,0.01124284447643982,0.016021728952176836,-0.01622445824005722,-0.006928652815617415,-0.004876800474351656,-0.0048239543173790615,-0.0076248747174708295,-0.0007272176853912393,0.014870736168435417,0.01384990603558581,0.011088356477393282,0.01992197811204413,0.023951613045836,0.0066748423560028716,0.010580570286081057,-0.0014746732111934856,0.010483877436035623,-0.00101389455722141,0.011851483095195075,0.004325769444913899,0.009492555348659403,0.008596991657835965,0.015994636683632702,0.012952228114738876
2023-10-17,-4.592384037330002e-05,-0.0032806887675581654,0.011092814362426465,-0.011082570862872496,-0.00797776674756283,0.0018525567250013085,0.011538578446382624,0.0052166751771825426,-0.008823536132665606,-0.001745172392813257,-0.04792497528810918,0.003655911168542643,0.016729293349286755,0.029477473601885046,0.01036846700002585,0.006845014169496402,0.0016334752080812112,0.004756292492440051,-0.002166802710058581,-0.0014411009223624029,-0.009183041483703944,0.0012998790538778478,0.0013018952434452208,0.005700617236546478,-0.012476529558710365
2023-10-18,-0.013414654862204462,-0.013204861972949468,-0.020791790549923323,-0.00883660009642773,-0.008041837301238221,0.014367113783494704,0.0014330399416435829,0.013111550543380405,-0.007422195666730011,-0.005889904966142192,-0.04045414048490093,-0.048931487841958825,-0.04569389023588739,-0.046642958570339184,0.00906676400658289,-0.05051156904701272,0.0111362605648829,-0.0173503313604854,-0.011041333241335528,-0.02146620854737188,-0.02176130703678981,0.025449571411742034,0.0007430966599865415,-0.017790671878190726,-0.028654714904484985
2023-10-19,-0.00882524265371268,-0.009400795115240229,-0.016060730501592617,-0.020685672185564972,-0.008106771845234435,0.012199301049654077,0.007608207987836342,0.02278459145754226,-0.0021633763423269782,0.003659036650093179,-0.002253911197721778,-0.09761624872658325,-0.022151086265715998,-0.011290357815034312,-0.0017413942280776584,-0.024722381964063234,0.0069478033988936115,-0.013365749134128904,-0.004258523289621503,-0.023993087390612802,-0.002687733375574194,-0.0056435382843508545,-0.004777998726502454,-0.01703135630957705,0.0022486528248833863
2023-10-20,-0.012364125444929248,-0.015030378949089162,-0.013012786769394477,0.005662283567879381,0.003959947210054354,0.0027271753020748097,0.01364401342897752,-0.012070640132825968,-0.014813450865972345,-0.0141342396346678,-0.017104668358116894,-0.037588294506417,-0.015969552924047,0.021116176655047673,-0.016917858771569733,-0.009545130303242177,-0.011216344954217455,-0.01540863590539985,-0.016236755629941476,-0.006745063890512029,0.004454131601955867,-0.001350057241668944,-0.012581234904233738,-0.007233322639019786,-0.005778420367488369
2023-10-23,-0.0017346899075487178,0.003013039602746249,-0.008507228403415723,0.011942158443757305,0.007773583441823797,-0.003382778876821057,-0.016490380317882396,-0.022684068089564084,0.0006939518370287228,0.00807945648017488,0.03765165808393384,0.00042444095402800134,0.002217961312114646,0.03358444792617406,-0.01630774925471244,-0.007572646881262806,0.004470188092164419,-0.006230603667596709,-0.01373504385393436,-0.009854881417601817,-0.01057849016504286,0.0006753663921287168,0.014072878491821646,0.005429844166988326,-0.017838104790486836
2023-10-24,0.007511059323296216,0.009681058140936958,0.008687627831624873,0.013090212254223847,0.005616056617306298,-0.00010933686369138149,-0.0014261366579008485,-0.025158547932485016,0.002540051538368254,0.0036673266560028244,0.015882419319335265,0.020719371046622158,0.02893208285560274,0.06104356746004093,-0.01417682609247383,0.008976371407986988,-0.011859473112683976,0.0068515342209435285,0.001205078784495749,0.01275124557454981,-0.0010577571657790186,0.011743008387996124,0.013816278383666405,-0.006519454558081041,0.016462053928692905
2023-10-25,-0.01445616490507655,-0.02478040487074476,-0.016657406085460184,-0.022512729472386486,-0.009141755154801902,0.004199991317574014,-0.003813156279759781,0.019693007674920365,-0.013583464825077897,0.03021692680677137,-0.04410704602430403,-0.019117503387764197,-0.053887797320099545,-0.053559637935239664,-0.0018290015466398573,-0.018646128772623068,0.015282934560881884,-0.003731441653582703,-0.005469376512330584,-0.021718621338942572,0.002245977816210777,0.004659164797996173,-0.0030059740596206394,-0.024150634481687742,-0.056759285456038505
2023-10-26,-0.012046806235742778,-0.019251223884236085,0.002562004980877336,0.015222126846414203,0.007239511214745649,0.001577208003792872,-0.004307264405854238,-0.02021310800658612,-0.024913313188102925,-0.038235950464037285,-0.03539748366004023,-0.031855023921114264,-0.013146885617549748,-0.04173834532391638,-0.007811677589196865,-0.010300170526009646,-0.0038493375080195166,-0.002183023615551532,0.0025605541401559247,0.018960536085170336,-0.017101328624195826,-0.005326426652045561,-0.006101270658910536,-0.010101760996763434,-0.025195023148139473
2023-10-27,-0.004543071342799694,0.004789700235460797,-0.011827897778822916,-0.0042578581856562965,-0.002005446895500585,0.011562693424814757,0.01570338804121698,0.018937779759304663,0.007937623785371129,0.005838369631646278,0.004305534689048921,0.00745661981088352,-0.01916991256759487,-0.05269809699310696,-0.02428038874956858,-0.016092285198497085,-0.0058018218655622325,-0.018273888057243125,-0.03668344135815159,-0.016149731267243835,-0.023083154723207277,-0.017780625862753547,-0.0037159365713550787,-0.005656345868990917,0.029039412013923745
2023-10-30,0.01188475906653617,0.01120214809665748,0.005532955235589484,-0.004514352468952397,-0.0030161623768438055,-0.005656514976963794,0.007525898441992864,-0.02992254203180154,0.012230215316917575,0.022485862963488357,0.016189315589256157,-0.04913755884950848,0.005556453632083845,0.03906854733190426,0.0033029700339560135,0.01497779413076248,0.005510336152337238,0.017649211014190612,0.01266906660192002,0.006295866293415015,0.009773533192200605,0.014169326864924541,0.011413265447621994,0.01687424072146513,-0.002595920664550334
2023-10-31,0.006260679605116435,0.004771181377029013,0.00860732281679748,-0.004893376794540121,-0.0014106502752109888,-0.005471503988170932,-0.01701367187482942,-0.013636358927050672,0.002814766695475886,0.0023686882352989425,-0.009299339972870512,0.017479077618859314,0.022777426526150626,0.046717680913903194,0.0032921934958580717,-0.06884236381180626,0.01954584302938117,0.010874710108333428,0.01186384404042499,0.016872294580923854,0.008870421085268252,0.005145477293705015,0.0023896089441426266,0.011215966042470134,0.02383510915556163
2023-11-01,0.010608375825366704,0.01720792200835932,0.005697424795892335,0.021450409451647636,0.014209206517473025,-0.0031556165767174377,-0.00047676897945539095,-0.003605487635762514,0.018565437677955165,0.023269980081935194,0.037186204938762665,0.023715784675123197,0.006535029132182035,0.008907240335645036,-0.0023502237566167075,0.02524821475125518,-0.00498344205833076,0.006468766389017628,-0.0008633352507568191,0.006152351906150659,0.002356580516890855,-0.002803301741392773,0.0088949337803464,-0.006393697717160182,0.09244498922033811
2023-11-02,0.018982863862072034,0.017990534349796083,0.02630394649520592,0.022541014567381428,0.01180404193420218,0.003318560440596095,-0.004780050868107532,0.018949752785645084,0.020481883566399895,0.006480473010598715,0.0275206865822481,0.060607417331922916,0.08076128586325208,0.08366432232345546,0.02979043015818302,0.030961090776170007,0.012433939718951641,0.02336609793385519,0.017692222384392296,0.0323189639016124,0.010370542837010898,0.012157506220247128,0.003934545670228454,0.027015600366763166,-0.0019456075234613348
2023-11-03,0.009082033099174623,0.011680058346249642,0.026833856580292335,0.0067555961516329015,0.004918278869727969,0.0036323164276059108,0.01663133952588636,-0.0176128745766275,-0.005194550628889012,0.012779609559231683,0.033874798351407054,0.006613987223154421,0.05489182549758363,0.014084793486405069,-0.010100906912057476,0.006793583683779747,-0.01031416560615708,0.013110912283796761,0.01111002159910237,0.023604184556131235,0.007294667859649296,-0.009087395020146211,-0.0052091806004201675,0.02114592403269964,0.04017259674744357
2023-11-06,0.0022978037231536877,0.004071206671269742,-0.012572169644221884,-0.009747265192202235,-0.005312973217388336,-0.00782308105070582,-0.006619380773520128,0.0008013513667661236,0.014499675401036822,0.010517113111293535,0.01644007333504058,-0.003141875517400063,-0.0167064894636655,0.006621383030190456,-0.011370478386314047,-0.010312686023682382,-0.004820283310237693,-0.0029645125186425867,0.007524296611898186,-0.014539767031635498,0.0023760320459436423,0.005780329448581615,0.0013351894361661855,-0.012419658271057822,-0.004464293128685493
2023-11-07,0.0028421334353132665,0.009408287589465646,-0.0035464216053882618,0.014642083653145474,0.007959078706301456,-0.004153745714031754,-0.016742815688399897,-0.04240292328881122,0.01434728693945472,0.011156838830579243,0.004448923537591774,0.013183964542986846,0.028261657481588803,0.03078214892515222,-0.022419825492424127,-0.014201505983857022,-0.002241180075150077,-0.0014855584113340618,-0.0004862161509928736,-0.008273009990052205,-0.005287516846066084,-0.002321621912261828,0.004659244799721106,0.0067612721895165635,0.015097950832588148
2023-11-08,0.0007321351155159147,0.0006436546780721022,-0.010715265330682075,0.016890736327790125,0.005075864011430733,-0.010017653470627337,-0.0038666034315725495,-0.022678633032617218,0.005867504762919535,0.0073784127954433214,0.013379727960099948,-0.00031507378994064173,-0.014030991902852483,-0.008455994944088102,-0.01260907905817496,-0.00042574634861736215,-0.012270889312793676,0.001188599655662157,0.004918562909347693,0.0032913050818476034,-0.003651371737042364,-0.0038588398480217073,-0.008183207466798764,-0.0010646077253069197,0.0012332576773470055
2023-11-09,-0.007829303679686657,-0.007725390508624329,-0.015603737326911142,-0.02327034467752846,-0.01017829495341168,0.0039750574137909995,0.0019352166358744536,0.0008544226887040801,-0.002627904052747095,-0.006934690360694214,0.008040820441780536,-0.05616048965858237,-0.03147685260024592,0.0501264100911467,-0.0030255505583593415,-0.002857259960229267,-0.004960050689350943,-0.004166590267872228,-0.0029760082175701273,-0.015896694113058135,-0.019680210036229315,0.0022638579809883892,-0.002315453380890036,0.06682879203742911,-0.000880733513638422
2023-11-10,0.01548424695884534,0.022233160338742453,0.01111967634853538,0.005584439698401317,0.005004119035779096,-0.01096969995324551,-0.01706111944752918,0.021684895127389865,0.022954666784537,0.024591715979331356,0.029072831275780014,0.021996498496030515,0.016239874596277674,0.0006458990319069037,0.010969793920097358,0.02334279961102335,0.005432158626997637,0.011269257101171505,0.014722187714510188,0.009303884994604645,-0.0011539160019810564,0.007025648195723541,0.013753256970779369,-0.023179975512610196,0.04395742660630523
2023-11-13,-0.0009536873317791092,-0.0031232238590065842,0.0003544217725754246,-0.0022755937598221785,9.831190620182334e-05,0.0055552613869160675,0.004415025644883836,0.015617721358757799,-0.008620785294476283,-0.008121095014237367,0.0058788886454604235,0.04134183399945281,0.004520356932699601,-0.003017880960235617,0.007167723905993536,0.00826842255225246,0.0003596739850520834,-0.0014757094171389063,-0.004448647351711909,-0.008369726543934222,0.0025773747561766117,0.006910933400436985,0.008925570442150985,0.013167716546827203,-0.015294676966715992
2023-11-14,0.019214977140837083,0.021298020014509915,0.05346069435269962,0.022414849032888408,0.015536872429756175,0.008879636186604513,0.03558066498348402,-0.003159067616910148,0.014184539814701077,0.009742789480030841,0.02108430736736887,0.059438019477541446,0.04985153586274822,-0.005954687269621127,0.008887981279321703,0.025290864054997444,-0.0018219287145166479,0.018724995366089642,0.01808223108503924,0.05401116509376368,0.0002029950744196961,-0.0022325984446838363,-0.00017892114664576762,0.018060444904738765,0.026113761407803072
2023-11-15,0.0021147407824033985,0.0007522028721600593,0.0017354029231057575,-0.014133693710877158,-0.005216907780116286,-0.0026390807860946154,0.013139592191653653,-0.0187467284855328,0.003036322664964097,0.00040593676133338785,-0.01558719105831897,0.02261415546906529,0.024954156670517064,0.06373061630222698,-0.0018896535659532723,0.012947355111898285,0.002069143307318206,0.005492299216419587,0.0087196296252224,0.0029027547138479764,0.0076909498082134466,-0.004612395257207166,0.012625066481776762,0.03092128536805634,-0.015806595071702605
2023-11-16,0.0012224924572694308,0.0008554831400054785,-0.016297900863377825,0.012349915750395192,0.008199434536881935,0.011222864579353571,0.014348751563910436,-0.047214354654269194,0.009001543694408252,0.017430447504274152,0.012036440239163563,-0.03883534904080814,-0.018775469666022095,-0.012611059212976243,-0.019696128775427788,-0.011536301798569267,0.0010102969420787678,0.004027771814642714,0.011354940120075402,-0.00214453027389694,0.008698445245519933,0.009268838699813093,-0.0843912275022381,0.00615593430758617,0.015389462509196634
2023-11-17,0.0012430005950847868,0.00023341272333700627,0.013609457166697906,0.004675247948489543,0.0028782532667560464,-0.00010890827769753537,-0.00045967497151556724,0.03890976258005652,-0.00010532855203470326,-0.016943675102061934,-0.003684813463004533,0.003034932397664385,0.03469098145552686,0.02173892689894398,0.020759626531202727,0.019391003271586497,-0.002044516932802102,0.005154353894124177,0.009005367449019275,-0.0007582244399511647,-0.0020672321361723217,-0.011582769222728467,-0.00443164920974383,-0.003816453010731993,0.00657104381851511
2023-11-20,0.00766820532777268,0.012101199709790298,0.005816101500774573,0.006090012751218221,0.004015199266880003,-0.0016347162383040547,-0.012491509205187244,0.021671634851022643,0.009235481205735174,0.02031431758070665,0.022286104339818,0.005533119144943252,0.0266441654536867,0.0687572272835857,0.001415849504832731,-0.010406854400199972,-0.0019583129592827563,0.00399114384372096,0.003070763146665327,0.007304014907200688,0.008776992254336504,-0.005309919950604619,-0.0003219181869555767,0.009303328072078124,0.0075160050448732805
2023-11-21,-0.0021818858085277696,-0.005826498700988831,-0.012964808323508645,-0.0004414267981065683,0.00028625950901010167,0.010740019593541818,0.013410647944220297,0.003176081170630913,-0.004239815331459254,-0.01164561109380128,-0.009267216637198024,0.023490974516940342,-0.022761594182958724,-0.0057658897952532345,-0.002242884056364896,-0.0041610404788500555,0.00973144306215542,-0.0005693827196094318,-0.002089720927734116,-0.007051067436262009,0.008039034683234943,-0.004401574290136842,0.003599547651046774,-0.006121981280318808,-0.019693977260461525
2023-11-22,0.0038534811540588223,0.004084747015660644,0.006250979732941042,0.003527835452894178,0.003997918539635555,-0.004271361889171939,-0.004604077204741012,-0.012765515002879542,0.0035082626837384784,0.012731092325198654,-0.024895021632062923,-0.029408274734311717,0.010205344722452311,0.03502269253253193,-0.00047259086438781073,-0.013726091452410287,0.005008186696642957,0.003977312495598088,0.0023508131045789507,0.004915646945332388,-0.0019870811196781666,0.009380556848670616,-0.007664377682813595,0.00654287373709105,0.02772551816548359
2023-11-24,0.0006151508743717284,-0.0014110940344589109,0.006713828590567682,-0.011845071934186168,-0.005143285714542416,0.005188115339681599,0.027311682755462616,-0.011093295167538582,-0.007029038931720776,-0.0011122940867978077,-0.01948408369443915,0.005280386261856706,0.012556249460506517,0.05597796430131938,0.00412951755911013,0.005472660865786428,0.003568223130192641,0.003114083580972853,0.0013684364111667187,0.002888023348407059,0.011077374001472797,0.0023807602474599236,0.008946581538703006,0.010359551386572866,-0.0016338912048067386
2023-11-27,-0.00180259780908647,-0.000873206911840622,-0.0033514116069987354,0.016565866761664758,0.00808401940084776,0.006715220224108336,0.012937901132643448,-0.012217805310621346,-0.0009481140715619586,0.003121576559657739,0.009706689213162038,0.0026721746625813217,0.012620552396034575,0.035956410654228874,-0.0035387649624746987,0.00012126096338848109,-0.014529567351385232,-0.0033977658598503603,-0.0022819791030464004,0.003629371097343167,-0.008032193259911216,-0.000925088067202941,0.004539435630547299,-0.00930821770682801,0.0027759976069536953
2023-11-28,0.0009894639865517024,0.0026174159637689775,-0.0038680073552621362,0.001969154454171106,0.003970731459686572,0.013243765854618507,0.01583149221815389,0.018411553091702948,0.003209092796768985,0.010744942361899896,-0.008765255906564066,0.04408335693193017,0.02713134360205051,0.06856424168885235,0.00023628158615769378,0.00044447648648666147,0.006221005617977298,-0.0002835376262111127,0.0022819791030463834,0.006598822743781927,0.0023108920621611262,0.006918352849944238,0.011857599014399284,-0.02845616721440962,-0.00523175704952525
2023-11-29,-0.0007035336481221785,-0.0009743323499561547,0.005265823341054253,0.012492764292553162,0.008081314859188877,0.001478346564492718,-0.001746765343429887,0.017527149441222314,-0.005424508245315032,-0.010111175069667787,0.006648598511697115,-0.010512266581044115,0.004273526975079826,-0.003514428785507686,-0.007470313099851378,0.007848000115451276,-0.0072989341409829996,0.0070673400503403925,0.005067400852065534,0.006925498314891712,0.0031606196462456533,-0.007646193496616072,-0.01626879162017069,0.0,0.014968117519096298
2023-11-30,0.0039296896029246825,-0.00251713333551091,0.0037922528537670556,-0.011618426592987795,-0.0052549867856611105,-0.004176660491012712,0.010867310128203213,-0.03336910358675867,0.003058263965736689,0.00015837908341118044,-0.02887143393042828,-0.01676961998268328,-0.016987848531491656,-0.024551787297522297,0.00664327891705823,0.005078228264066384,0.013286505407335175,0.011204583132862116,0.011340182730811922,0.00724523238268752,0.016625328704796334,0.015690673871387804,-0.0025018975296531346,0.002051887912164027,-0.021959127230554338
2023-12-01,0.0058985461428583295,0.002850620837745584,0.028802910637865164,0.018658797091525868,0.011968593459396451,0.017124037266951418,0.008609642803112487,-0.012914536554668416,0.006768367684613137,-0.011680239378448913,-0.00010692783842193644,-0.005220199323597404,0.049089603261043675,0.0699758737320055,0.005188495495570869,0.023805094797469836,0.0036558795648961727,0.007492484868589881,0.004857592234360338,0.024295524455005487,0.02376803445998963,-0.0056178258414385646,-0.008708772497667883,-0.0011872709508464901,0.001896481497255037
2023-12-04,-0.0052633312678850835,-0.009326953527534165,0.010651017992309933,-0.003986808897956951,-0.0045830054682923175,-0.021850417580745678,-0.038004174215405376,-0.011182988494196392,-0.009509657047341207,-0.014442421840540539,-0.027202991624169507,-0.01370144313218934,0.00535417927330656,0.05335085040015109,-0.004597742898935547,-0.007859123354919405,0.0028440941174459732,-0.0011064006879421317,0.007305491129856419,0.007258188282698309,0.00315198456629255,-0.00393815542267333,-0.00025931840402595866,-0.00617594295486573,-0.02350499698551396
2023-12-05,-0.00019718996096726565,0.0025077973411286474,-0.0134671311519865,0.02125813626440514,0.007936412988133653,-0.003786606077863042,-0.01525369395356496,-0.013083602580495476,0.020844339204953283,0.009114648123653259,0.023026485608711032,0.013240755825754019,-0.008870616572606656,-0.006328005835911218,-0.01764250122231987,0.0017256823375967761,-0.009922737540290232,-0.0049943940535681014,-0.00012673805376988377,-0.006661163089664793,-0.0020789931070258035,-0.035476563176365154,0.009225094409133244,-0.013348140902008655,-0.0016037348350004716
2023-12-06,-0.004037694079812336,-0.0058006098618280716,-0.0017912790746819483,0.013229922598455322,0.0037129279138870858,0.003680115406357525,-0.008626638248459334,-0.04262394658445182,-0.005703227261579718,-0.010036346916257294,-0.023092333333815433,0.002719129460769398,-0.004569009147829064,-0.0405396415737888,-0.015025278189562475,0.0030517577616614383,0.0070786434228442205,-0.005019574222516956,-0.010563799753588054,-0.0029881919179293465,-0.012247673611312475,-0.0007497341226568053,-0.010911350875917096,0.007789824183390112,-0.013265480061371737
2023-12-07,0.007601378457331166,0.01387558178198425,0.007199965366707012,-0.005753594428857081,9.264089322838571e-05,0.001648967455985853,-0.0064043853732329206,0.005389994826615076,0.010088192987795666,0.00581303126641071,0.023736494375694688,0.013568409275163597,0.00519050257500542,0.011520676247811605,-0.006860167636968497,0.005609997952769092,-0.005131057252449401,0.004741148186713893,0.003066207217554987,0.002868795255498154,-0.00782028145631458,-0.001023423029024674,-0.006603066795430571,0.009246827610164706,0.09428239506000835
2023-12-08,0.004289909982509019,0.004446830151103285,0.007576810489596943,-0.008216769102488641,-0.0053878837744955,-0.01343017351466841,-0.03217813241131352,0.021574798782704564,0.007385143156335332,0.008803138298942014,0.01934113083931945,0.004933396614923965,0.018262524148935765,0.07379318498560217,0.010759466700414276,0.008086505608108358,0.0020333608412535665,0.0052728200893711295,0.010973442253194887,-0.0016723459140590142,-0.006326076371315224,-0.009257686706090984,-0.010549776010294954,0.008330162682498326,0.004275361684394029
2023-12-11,0.00388204846230179,0.008505629918898736,0.0020856605480515738,-0.0021176121668435434,-0.0002794502359145724,-0.011104320560253251,-0.009045552417976848,0.004050170821960748,-0.013011788442185014,-0.007860191996791593,-0.018676181714952396,-0.016957231787828677,-0.013304904729781762,-0.06044553934510944,0.0012150926486448987,0.005457213722038488,0.007205690440975533,0.006070602165776356,0.0036521409377921277,0.0027459001742205775,0.004135895246970262,0.004605210422154802,0.002515649666927166,-0.006702028989958496,0.041702814584660436
2023-12-12,0.004556867901530398,0.007932859929287888,-0.0010155928551479152,0.0029638494024885093,0.005667334010409965,-0.0005447904909059331,-0.0033532819361358074,-0.038921402452267,0.007889024228862682,0.008260937794054466,0.021849722016145174,-0.011452714531076777,-0.003095611004046427,0.011525778422267319,-0.013820245595366907,0.0019526960605877328,0.0008197067778311124,0.007127285176996082,0.00888554006995484,-0.0005961537496679117,6.458150451062528e-05,0.0008226390540182349,0.0007931026967939438,-0.012331665112583186,0.02352874438369558
2023-12-13,0.013695822935358279,0.012636962330003493,0.03329016344471588,0.023191054167273358,0.01662936800909723,0.022311764488914056,0.043658672066684154,0.016669653105106673,0.016553867186223183,-2.6700334518682593e-05,0.009003377161963717,0.009573866272891411,0.03633067473965647,0.07477290118424931,0.013820245595366768,0.024708511871388852,-0.0004208252349377586,0.015987365004155672,0.003358321430612589,0.03758123098433235,0.00463234605172897,0.017927942451559944,0.017616095057747656,0.01914144575211644,0.004205965769856122
2023-12-14,0.003204277084994864,-0.0008670629237469877,0.02744778744068973,0.025680210796142806,0.01057873516434548,0.005845435089187632,0.017304582995309174,0.027626509857035162,0.0007572607019763007,-0.022802601931737297,0.005433336457801208,0.04797595720291628,0.03621106682111137,0.020849833171156955,0.028970240506738177,0.062210567720887504,-0.013761790190090804,0.00989697215440558,0.018028611980097187,0.028432432713859805,0.006908271048950624,-0.026737393869117262,-0.012278926158290055,0.011886349895446489,-0.0013758823252139056
2023-12-15,-0.001647723431419388,0.004822226515937796,-0.008439906286938036,0.0011102127189839767,-0.0014486589831529293,-0.009208782757507555,-0.014552312202095442,-0.0001489410447860198,-0.0027294351213788233,0.013031992867821935,0.01110663303726981,0.009711688394547188,-0.017648084098159725,-0.03801081747660531,-0.005323679131358045,0.001996497768581733,-0.007800726154013153,-0.005872999645388449,0.007532989543248322,-0.01417182639377654,-0.010960306988086654,-0.004850492272644893,0.003738816822999306,-0.0051227121727566065,0.00829875895184378
2023-12-18,0.005609036871738406,0.006278924808621994,0.0003553184077783485,-0.007999761297570594,-0.00417673828612718,0.0045351876568232455,-0.0013752322691194848,0.013901360018823108,-0.008539638272142972,0.0051656795133517616,0.023989034227853537,-0.0056173183184346845,-0.0007829500381932442,0.0367080607716648,0.008134526873620955,-0.00010476407157275733,0.0114773849192474,0.0033311020687002337,0.006033882923462515,-0.0022679601044830375,0.0018029205425126647,0.015234556621254695,0.014494257779340852,-0.006440620062602843,-0.0017982382905484837
2023-12-19,0.006062586278855401,0.005096580430279788,0.019194529314322074,0.005374167118672309,0.0012730323123292383,0.006790830606181726,0.010495257185087887,0.018480035560541303,0.00534573548101716,0.0016355046496994755,-0.009490547730489225,0.020185249870892544,0.040485156869502444,0.049153293826020884,0.01192661328738599,0.025058754653331707,0.001967033721887221,0.00748058974542609,0.013266515434494025,0.007577839153319581,0.006540437067880353,0.0,0.0036072089485810572,0.011456853845586605,0.008959028242416718
2023-12-20,-0.013954157397648992,-0.014971263084601042,-0.01975460541519163,0.006752281197585182,0.0026319828933854365,-0.005460866362358663,0.00045383384115793156,-0.00825194242510873,-0.010771715169494786,-0.007097903283398778,-0.03056048917778511,-0.0399767793773106,-0.041660732523245106,0.004334084791831864,-0.009316553055742683,-0.011155564718671601,-0.01165788092894002,-0.017994370205821206,-0.011343329195939035,-0.012243636683322793,-0.020599133603117888,-0.015582067814900912,-0.011770806505377008,-0.028727675443869942,-0.0339630114573976
2023-12-21,0.00943721860601882,0.011568243973298614,0.016873232280197104,-0.006348176176369686,-0.0003628216791985546,0.007045755720440373,0.012175958682337302,0.0034827761847823152,-0.0007702518217531133,0.0078476311493568,0.018105291811253175,0.029345860784192233,0.02516592460528126,0.0374107597866411,0.0039022162047177237,0.0012416143975847152,0.01217140664804051,0.009708883917328971,0.00568774840139562,0.008829117130716017,0.0101910364046816,0.0024290299874803966,0.007066079177570982,0.008183775353469473,0.03224916231642571
2023-12-22,0.0020077231427065734,0.0014949103429227437,0.009274614558213467,-0.0045588945386062524,-0.001724126570384648,0.004424614031362715,-0.008552769912242937,-0.004937511263550957,-0.005562918723509856,0.0027804201536027525,-0.0032711289259664098,-0.007731210565404946,0.013292959701049547,0.043382524325673785,0.002946225154793909,0.0009993023142496843,0.00044630784069672817,0.002144811766553809,-0.0005970828539639904,0.0038838108861858176,0.0039963983051435744,0.00704584880249654,0.01188019290163125,-0.010926708605949399,-0.0022181508702151273
2023-12-26,0.00421358597133709,0.006102970780321603,0.01292004906220222,0.00283927485373463,0.0020869482495832737,0.007591842151508473,0.0036101086507148382,0.021887074221142888,-0.00284477652721672,0.00021354586019927814,0.009153012149146425,0.01598774007390915,0.014607049969048023,-0.019739901969620628,0.008553760011120418,0.017987170429362393,0.004363322260164373,0.0040090069954718775,0.0058964963605052795,0.007383628399826529,0.004364549905571953,0.00453257609387148,-0.001533356906815772,-0.0007692585119471683,0.026926452227332306
2023-12-27,0.0018065029186236968,0.002033757364138815,0.003521339272433686,0.01756447625191474,0.009292057465319352,0.004527577262521436,0.0013503841390719122,-0.018544352897414122,0.0005176094511620723,-0.0015757766724611949,0.0027964854342025225,0.018647455510860632,0.008699682991455666,0.07386716128574833,-0.004443554185963097,0.008387305444767661,-0.0026914577060741618,0.003195799705317975,0.005980132459896675,0.004854643773171207,0.0013438815181408255,0.0008219628752180557,0.00935454420984523,-0.006286986335866698,0.018378322727497044
2023-12-28,0.0003775916415979212,-0.0004862314556727057,-0.003815478831282008,-0.0072895710104200016,-0.0026073030097709692,-0.005832413160524756,-0.010854913225728166,-0.025570796365095832,0.0022237957121079197,0.003229233395497237,0.0021225743461553296,-0.032104151730159784,-0.002214003384430992,0.006027978956858115,-0.015352185690261337,-0.004167823948823301,0.005021225821635152,0.002920590441739894,0.005298774406185513,0.007070259963223235,0.0014698952241314932,-0.0022620256317747193,-0.0019654255992881506,0.0002213087242471928,0.018248223125957776
2023-12-29,-0.0028992451314070527,-0.004337115226143484,-0.016454812392201028,-0.0090605487969576,-0.003698323776694405,-0.001568069797763166,-0.00959564512698126,-0.007920519208180475,-0.0054387751092987964,0.002023359013092672,0.0,-0.0187383270737913,-0.0332393850167354,-0.06908487737896128,-0.0022636808990583674,-0.0040842358567820276,0.004444476126756695,-0.0031865698547373996,-0.0011750603527842733,-0.011924903736394417,0.001021534453855646,0.005542915222442879,0.0005074926260641707,-0.001217545904868941,-0.00911638722831195
2024-01-02,-0.005611971351341945,-0.017067006675441945,-0.005946710955148277,-0.00578128653180093,-0.006800560264213247,-0.0023566846852945507,-0.00598671220258754,-0.013291313245864694,-0.03644271808009405,-0.013844117675708104,-0.027722261386769455,-0.00024148746074566403,-0.03636055161452659,-0.10311419983215961,0.01067748238815413,-0.010061691744782364,0.006334101239593918,0.00424626329154116,0.011572955444982505,0.008564369228107889,0.020397894022987174,0.014901649503929654,0.010348970060640283,0.004640896403543162,-0.06177005548999063
2024-01-03,-0.008200122897048237,-0.010637948452739713,-0.02702587839679043,0.004161788251169204,-0.0022772468382338254,-0.008371755159892112,-0.027629955481682136,0.03613420606279638,-0.0075157473657558645,-0.0007282383849232119,-0.01251358650477802,-0.04096122279932548,-0.039997242770929156,-0.030022953942437737,0.01615414985875874,-0.02915217087502475,0.006555805292067207,-0.008510528783828703,-0.0043678596980577435,-0.024190790473481404,0.006231497755794457,-0.006069208848343283,6.281152939318122e-05,0.010309346336534412,-0.023805391374532737
2024-01-04,-0.0032263584177772424,-0.005159780828991357,-0.001958647517727104,-0.01531093542843845,-0.005578036503561783,0.0010041086074332737,0.0009492387069361231,-0.009133869287912003,-0.012781598461604978,-0.007203448389767655,0.008978129174554652,-0.0021831499656647054,0.008005777921112062,0.021830391899810585,-0.017689264570985,0.006311400518806353,-0.002726464633965434,0.0039983203630145165,0.006614145632791664,-0.001840888794008114,-0.0021143146212920334,0.005463581291425369,-0.00971433450919615,-0.011964417778396035,0.0050859740190369
2024-01-05,0.0013687015220042785,0.0011852852599097254,-0.0029453045729839174,-0.009611845842986877,-0.0035828547821665562,0.00015844285681911228,0.006148005357794892,0.02137708198407873,-0.004021099218524001,-0.0005165652702576225,0.022638569940235196,-0.0018509415250830851,-0.00020444374660355503,-0.010465954866922504,0.0008267217458771354,0.009842880489892675,-0.0029964264740780155,0.004247285717235094,0.005004731951937659,-0.0025369847025833816,0.0031079022604926848,-0.008308799275520742,-0.006677766656407068,0.0037474678002044595,0.01871941735549596
2024-01-08,0.014175016009974482,0.02045734196039871,0.017847538373682616,0.009817086441544488,0.0076094052374543015,-0.007846978293015706,-0.003778933501358441,-0.03884409556923109,0.02388749151133959,0.01869575655904001,0.06229937048369309,0.012386614576639058,0.027829931759047875,0.03471952141100274,-0.011640391151282183,0.011425221118768873,0.004589622537072837,0.00633771075919031,-0.0014525366816747153,0.014215692750394285,0.002479507132284074,0.008578085388492137,0.009779030393774075,0.007125278214731962,0.05339089953592028
2024-01-09,-0.0015182135778738339,0.0019734979751798096,-0.008986583727866034,-0.0063960714907849115,0.0017341099059259319,0.0003193058065587502,-0.006171354186917352,0.014799550438628694,-0.002265974452316491,0.0029314265072330602,0.016832658354355552,-0.023096839566935645,-0.01563468986929683,-0.047727452164065313,-0.016138898852674752,0.00013702599854506574,-0.005049852018693672,-0.006337710759190323,-0.007937343063999023,-0.00673882821255166,0.0006187659904401625,0.004093889793837174,0.006675878356181985,-0.02074904511633568,0.02085102595245252
2024-01-10,0.005639492104748439,0.006754754129480203,0.0005641589384115718,-0.0046684053360819605,-0.0012775996490875289,-0.0022906686849215973,-0.0028612067768482973,-0.012392870067949613,0.0056553376713255705,0.01840370055565896,0.02251471092795929,-0.004350632806278706,-0.003034934614686738,-0.004616284970709847,-0.009883813838809041,0.0036197847977294307,-0.001952417072391928,0.001588380046065829,0.0021074094661277048,0.0011455465511088937,0.001483881167344002,0.004277526496835007,0.012351997161901114,-0.0042467651626275265,-0.004835477858489882
2024-01-11,-0.0004408221951446614,0.002078708409576267,-0.007873842220285084,0.0055996509384049,0.0060070073923210515,0.001971362878362661,-0.0057471824175704435,0.01624361733911579,-0.0032277754145239685,0.004847600266481827,0.008646793707699817,-0.029145966144498332,-0.023993731439156663,-0.06930445562923722,0.0025719880503311853,-0.004407156172486445,-0.004997019612383775,-0.0037098728013942317,-0.004219081476557265,-0.009315206968470366,-0.004457961963870897,0.003794304406986632,-0.001116446912290829,0.0017903286301340447,-0.003506808408698639
2024-01-12,0.0006925393966074593,0.0005128361751754637,-0.001654785859200861,-0.001966641811873132,0.002175889667083859,0.009746417465784744,0.01761534895448865,0.005454353054606214,0.00177657392476539,0.009934093732999739,-0.0020449822922564,-0.03734939877742937,-0.016743782246573354,-0.07637751195092711,0.011189629462183066,-0.005665397479281968,0.021936646156003586,-0.0018598478326336222,-0.007366929893120929,0.005990227277672934,0.007665236111112206,0.0005981454424673192,0.0013026060499826781,0.010011179056918229,-0.009912544365645384
2024-01-16,-0.003678035712414288,-9.768795254682241e-05,-0.012445603816272657,-0.017769987153262185,-0.010193226780472036,-0.009533481464917285,-0.010913581710391978,-0.011384711744944523,-0.012393660651179177,0.004622975679474998,0.03010351933913418,0.004649070658851297,-0.01317212056571577,0.02342740001557573,-0.02411521996233625,-0.011010285977428693,-0.011596030263254987,-0.00693882728779246,-0.006290251417844831,-0.0073778390118723804,-0.011582334862646659,-0.005393188205679159,0.0031562290866182278,0.02944605252453456,0.07983279399976367
2024-01-17,-0.005574113572440174,-0.005656724402358238,-0.007152203030199163,-0.0015830549541634895,-0.0021060173046133822,-0.011077075533253301,-0.01490051483916926,0.010207980185228916,-0.0051868692717469194,-0.0020520089486157304,-0.0058522399186738475,-0.020025473044372716,-0.018127388572086168,-0.00014943058256317227,-0.008335973468446951,-0.0303987148813798,-0.0029967649719058326,-0.0018766175107140471,-0.005371782475228957,-0.01844987494243434,-0.0005608256622585035,0.0010007383562251264,-0.004707427098615024,-0.029556762003976562,0.00896806148074212
2024-01-18,0.008853359387461924,0.014094343559370358,0.00589361609267118,-0.009339158449577313,-0.00192696268255278,0.0081991767942437,0.007718313808102351,0.01635065794270974,0.03205135679091513,0.011234097969130065,0.01862889558544633,-0.017172815629643214,-0.0056780743766049035,-0.07377476284331493,-0.001625638466071854,0.011667707305572513,0.006768377222348244,0.0016088203690430981,0.0019730152408593622,-0.005436016628107107,0.004850206532244147,-0.005781736340061705,0.013382603630980549,0.020488355864635086,0.015487857773849764
2024-01-19,0.012389298811460323,0.019636914144736815,0.009555531274756656,0.0031934232708031953,0.00100996502925691,0.0029842685447011067,-0.006750237357309888,-0.0034812606749583504,0.015413798266983084,0.012113115198659812,0.04089843779279742,0.0014620115002590317,0.013487238189182706,0.003292015242820542,0.003248331712409331,0.01654086397310852,-0.0039462614737275315,0.01594493164487727,0.01711470029809313,0.011897287813673357,0.002911038155741001,-0.003854902757415683,-0.0052823025702887294,0.009175807821736435,0.0686526433907456
2024-01-22,0.0021120515449752474,0.001305143832981317,0.021133422533893984,0.005934032842141533,0.002748629064997426,-0.003785111631635069,-0.02201119775112878,0.012562474547873417,0.012089841769409967,-0.005432802632263391,0.00273620385802091,-0.016105240597581734,0.02243450665613066,0.027357862299154087,0.00373515137585583,0.011813139220391337,0.0021820916530939888,0.004734341374127894,-0.0011749385078037862,0.005953980985211646,0.0048746393885656936,0.001963079065245768,6.161629500416805e-05,0.02147428918271439,-0.035341450057983156
2024-01-23,0.0029121987828758314,0.0041409034555603425,-0.0029042449821835513,-0.007955224276999776,-0.0036667793334627216,0.0038915513093621982,0.015215084843203937,-0.00043055297375465054,0.006631205050831661,0.006009398081457386,0.0036644182601246835,0.0016270106278732431,0.0010558386690936855,-0.03185692631220326,0.0021103178253907185,0.0005539706345465612,-0.042502715267449045,0.0015732839069175345,-0.006605744200270965,-0.006891236478668996,-0.016508033381265306,0.04055689935568752,0.0025216374532481683,-0.013873786980831066,0.0014260578750195706
2024-01-24,0.0010925727766769925,0.005533867021943533,-0.008249609996704804,-0.00587458817421407,-0.0019302719399629591,-0.008281084265806291,0.00872936672367459,0.012553620277697722,-0.0034900243507465034,0.009133558216929585,0.024565100278885026,-0.006283434610725192,-0.023490345325224316,-0.023216178284989418,0.014160260328957258,0.006384746908383933,-0.018409388904252307,0.003922002439765553,0.008895747303396116,-0.014402331570923077,-0.005332979219378112,-0.012153150062710744,-0.014228597088904572,-0.0028834645003860074,0.056950551659783584
2024-01-25,0.0054242117987263316,0.001220471928766111,0.008249609996704863,0.006513107226182125,0.006603229284587083,0.003962127078988696,0.011044599746100855,0.023675580751622932,-0.001698057812573398,0.005721702486893921,0.004147062508520083,-0.12925817170128795,-0.009989205583972356,-0.00272328787029004,0.022247264369622342,0.03412275547402728,-0.0014140611706824767,0.0049460329350871765,0.014209335759280607,0.012760066624229101,0.0037675022808772636,0.02274752214560617,0.014474331820614939,0.014440747113007371,0.011377115483416342
2024-01-26,-0.0012713473466193653,-0.00597537374197316,5.0995023447546756e-05,-0.001917410075369991,-0.0028378094228629744,-0.0006949345993062643,-0.0038277521145259658,0.011972827343507776,-0.009053675651376348,-0.0023243325305433997,-0.009555965578195793,0.003389065826718794,0.002180041771394751,0.034039229827636214,0.007386200060467411,-0.004465248416887525,-0.0026251409596295336,0.0036286884287686184,-0.0038235204441607004,-0.002821489216026824,-0.0003760303305916624,0.0033357072551175575,0.008743282873836281,0.005257013135009625,-0.01722735046085398
2024-01-29,0.007888223857291266,0.010188252716778414,0.01735030928140952,0.011450674602915396,0.004116347025680656,0.007033690942251831,0.016639246579650165,-0.014467981080234718,-0.0035922780895097295,0.014232572876244345,0.02322447830105378,0.041055489597857625,0.04658935626152043,0.05908244896557525,-0.0014252446156479436,0.012676924629771887,-0.0044291993819743,0.0025840278284768726,0.002608349640681741,0.0065711014283292265,-0.0008782614201810665,0.00012821799855178306,0.0046764211010252,0.0220906068981862,0.0032668826399902978
2024-01-30,-0.0007737186864151122,-0.006678703813502456,-0.008561622695453602,0.009024874409936122,0.0031904431280118917,0.001379574176667031,-0.0009433279282061501,0.010492910073783456,-0.01943338939391703,-0.0027619589161194794,0.004934574595019769,0.0034508226289791306,-0.026325622293295537,-0.015172494736450267,0.010288090156179123,0.004967184985016278,0.00853792594343205,0.012566055721735057,0.02028736046630709,-0.009400770718036003,-0.0037090605560850293,0.008480817290097682,0.003326921708601852,-0.0056576155665205245,-0.03298480904829779
2024-01-31,-0.016452023433744866,-0.019780545166345816,-0.02473307515541423,0.009772478328571794,0.002544523391813219,-0.0007426235867569977,-0.013301891340314983,-0.026300819488012092,-0.01954736591916397,-0.027316108241555472,-0.020064756944881877,-0.022699471099276638,-0.03143210435501771,-0.020230867838154382,-0.01888316899078438,-0.014709414346616293,-0.005272396728689994,-0.012308070743955615,-0.010894802381343641,-0.009609261817460454,0.0008181947741415377,-0.0022248843120318725,-0.0020553848987699833,-0.0092232935027985,-0.025726187685866302
2024-02-01,0.013003341575578758,0.011706713912893673,0.013185328760312264,0.01942597263912267,0.007703914299844788,0.010346957700093572,0.01424521926852119,-0.026431976704886312,0.013252364202086779,0.015474147875885512,0.024087053762006965,0.008347821172369478,0.013560989559787833,0.005833187979237053,-0.00012002749145298735,0.024277655986900622,0.0008379458122044007,0.0015468189036495798,-0.003619711342025726,0.017957011569951616,-0.003403991804805651,0.012898393508237353,0.018348057130510277,0.010460339425787763,0.01650091141093672
2024-02-02,0.01047239623295688,0.01675919538796238,-0.005284243095469346,-0.022336195684088216,-0.009171491200221546,-0.00949826692011521,-0.02192647873499161,-0.022844711985576926,-0.0054198755503351535,0.0182581471651538,0.04851304974451106,-0.005042858776994779,0.01359393201365527,0.0020916789155803147,0.001437809260960803,0.023765604410266986,-0.008881237300825606,0.004113191075279261,0.005739528928335194,-0.012488386494291407,-0.011112154664761429,-0.006870944576713879,0.0074583600661062895,0.0007209307718099569,0.041253669225576425
2024-02-05,-0.0036477454184764596,-0.0013060558704639116,-0.012786531800250559,-0.020400156888558924,-0.009624741355773158,-0.0055292461789592075,-0.013585880547501511,0.009875504488838303,0.00979842343900241,-0.013637792993487226,0.04683023479749479,-0.03713468972636411,-0.031790159605699475,-0.09678160590060364,-0.002517426082218457,0.019827882384986242,-0.01007459162641863,-0.005917994956708415,-0.001317111581579223,-0.021207258103623287,-0.005185522073707437,0.000758862700338448,-0.005380980324059467,-0.0049539715333471075,-0.019495391041721516
2024-02-06,0.0028989723242963572,-0.0020091409794664467,0.008972926685252352,0.009726401348109665,0.005602757734966613,0.0052110917695982265,0.0019522171146074392,0.009197776548201076,0.008594695832126683,-0.00039434624953267275,-0.01612480392372791,0.02206779799027196,0.03264707729450795,0.021005435709889074,0.0032356543160475437,0.004098646261818767,0.012372582265339601,0.0020623237267292996,0.003432445045136018,0.01335168805188003,0.014401425239997125,0.004729303682567748,0.0067953514169929305,0.02694868948200926,-0.037126773362329564
2024-02-07,0.008305930286688848,0.010237385344263251,-0.0023264068137799653,-0.004851730283871845,-0.002935216548776091,-0.0002652330017039186,-0.008814959356334607,0.008825936323178959,0.000581013921433974,0.020890599704414408,0.027126793697467944,0.013309178288648946,0.010013877466080635,0.01885443079569277,0.002031873087977963,0.0026922733692324864,0.007350791278344753,0.00744078627118883,0.0018826614827795426,-0.001434667301698532,-0.0005063712990518419,0.0010058834440683617,-0.0025354818156946893,-0.0015118640961211999,0.018063164469587698
2024-02-08,0.0004414621797337929,0.0018502972544822195,0.01505023125945264,-0.005831328680649319,-0.005157529607357059,-0.0009022539588233346,0.015617677046452786,0.029802099871098716,-0.005771352249589437,0.00014461576744129843,-0.006555021140875214,0.010500153377802503,0.0265678318565743,0.08236530757677867,0.010216511167465199,-0.004925718125436457,-0.007233669737058292,-0.003841745086904319,-0.0035973197106929744,0.008103985869399293,-0.010051493402904932,-0.0030210989367332386,-5.893507638987422e-05,0.10884436762973242,-0.009345016715496299
2024-02-09,0.005762824833734324,0.00979491605281266,0.016132279750259184,-0.00202266073591131,-0.0012935299168756514,-0.0038836838223869725,0.0014517634633461386,0.002095140529148883,0.004085595134162695,0.015431869156035167,0.035158280371508116,0.020933657774970457,0.023463313243491928,0.06879671551476342,-0.015484038571490714,-0.01514522701938747,-0.0011716051877540506,0.002818708498099124,0.00120060598473506,0.0015417934537393996,0.002299314937484322,-0.007720096539531457,-0.0005316102174845169,-0.019641581017631058,0.018313647645254116
2024-02-12,-0.0004391126465817472,-0.003920313240175948,0.017997110255746667,0.0011714797926878368,9.264545596661977e-05,-0.0026153866387207837,0.003861004925546933,0.006120514935426306,-0.009042663536615073,-0.012658457053058045,0.0015927886076752649,-0.02850600281752684,0.022531130618429217,0.03678252198034743,0.010982681576120944,0.013995572524777011,0.0036743302861407534,0.004595344481588164,0.004446881033200587,0.00023715521277998457,0.006929216968231514,-0.001971179315731254,0.006007398756091343,0.008269042560979737,-0.0033101575939884424
2024-02-13,-0.013868690259843301,-0.01571991088567433,-0.04201138386436065,-0.017283341485742294,-0.011062098305910711,-0.013884637194949295,-0.027345427146386363,0.007460671626600752,-0.011338430673214276,-0.021763955750724994,-0.0016621116743077485,-0.02208876860591097,-0.05762243119851758,-0.04811493361727466,-0.010142769637810387,-0.02771015812886416,-0.0036274457929958573,-0.013591587600900236,-0.008741631026846938,-0.02083171760912543,-0.008781046014071925,-0.005360824887121026,-0.0068347484956256584,0.010648549155396474,-0.0021546689323925033
2024-02-14,0.009046500390879971,0.010838384552149541,0.022960272544327764,0.005076546935308733,0.004662682031696142,-0.0005962900909107332,0.011811149287128673,-0.015256862364882677,-0.0048212079652786635,0.009619088658100598,0.02427043450615915,0.025167010147113134,0.053275433283370914,0.13312177018783589,-0.0009599850885926258,0.012294876146416151,-0.019723241739887647,0.00950779124841661,0.010106017215214223,0.007832858132686334,-0.0046763628630038055,-0.004103884050309933,-0.0031977725907840447,0.00990909402896746,0.04089196866434465
2024-02-15,0.006876043403288604,0.002973254808098077,0.026316718757122187,0.005157781215571538,0.0036221769358354915,0.006701308514327959,0.0241674394830078,0.01786865592877021,-0.0015762089153969197,-0.007180896119355585,-0.01694943382097526,0.06035334314528131,0.022323217877771133,0.03245181707387152,0.02747046919139714,0.019882412882446694,0.011719830962496897,0.016990551243671426,0.02157985486734214,0.023019378275878095,0.01390057847872128,0.008827848616570811,0.004084088744602216,0.007946075135825183,-0.010915555902259016
2024-02-16,-0.0049922356706365,-0.00910906203095728,-0.013691415439020799,-0.005804514119976041,-0.003622176935835535,0.003655878672840905,0.021262263613304435,0.00779501142506072,-0.008466092353451457,-0.006168318306272825,-0.0006195700130198229,-0.0024975038337594173,-0.02569519698983809,0.0846797313502032,-0.0005842078137448117,-0.003597069151695021,0.002242684006683618,-0.003526516030475194,-0.004680978206526455,-0.010376272712917013,-0.0011490307642223268,0.003179636881988969,0.0063006105123821175,-0.007587584296784054,-0.01648498372899972
2024-02-20,-0.005520758612883617,-0.007576691642588781,-0.013881396858388606,0.0008620066838003031,0.0033439892023706297,0.006045896751115192,-0.015073281227681989,-0.013577736954721916,-0.004122212634227221,-0.0031479498610665767,-0.04450794366865804,-0.031447068575791895,-0.033127715179423915,-0.03965336391698579,-0.009157106681802626,-0.02570736201077225,0.00047143141813538213,-0.002779335143247532,0.003902424298956302,-0.0017792854155073055,0.008333143441569147,0.006328694847914983,0.03177438673278566,-0.019544512560874364,-0.04818927814058642
2024-02-21,0.0009054174485427361,-0.004009829379981795,-0.0047377862262874635,-0.007134536731256872,-0.0025070998119009536,5.331114505738622e-05,-0.005234397559096341,0.01071290022291577,0.004177193710742647,-0.0015156371130067097,-0.028923165515722014,0.005199145723306659,-0.0287519233192672,-0.06490018959618443,0.01857857756428792,0.010778831055788177,0.007701221052422422,0.0030317914125675004,0.006488648138669995,0.0055651234208838034,0.005180859551323871,0.011853165066957282,-0.012358452669606062,-0.01630542726942496,-0.008485469263696033
2024-02-22,0.02048435775562523,0.02885530459652562,0.007549646098940476,0.004869989907405249,0.001579221955684455,0.0004266309391015458,-0.006701767244096555,0.005449625726195423,0.011181044063128033,0.023273796881248518,0.15186981134759192,0.013463405650618309,0.024429613648182937,0.051013098852478,0.0017350948730493836,0.015487638297343245,0.0031292496307569443,0.011537339320823514,0.011924331384727078,0.0018872632277435923,0.011092827794773509,0.0009969583261616234,0.00979649564884459,-0.0002787973210713288,0.10160404560163558
2024-02-23,0.0006893781654168484,-0.0029490569262662835,0.0022534640503019286,0.013297946336377826,0.0029657620975391237,0.005635602023986369,0.008132074399209868,-0.02309064029901898,-0.010084672071458311,-0.0031873758245005604,0.003546246831434402,-0.027943686650054752,-0.0014449315191271534,-0.0292698501580516,-0.006609170998630088,0.005542084413245689,0.005185935268374401,0.00497522553762691,0.005012714533756789,-0.0004714574358814107,0.008625931057628145,0.0029228112610340915,0.0008546484369172788,0.0009286369798215677,-0.029802955048747522
2024-02-26,-0.0036692764676822323,-0.0005267957020516683,0.006283734509006641,-0.0029873137365763677,-0.00315125309269444,-0.002229172292928307,-0.017784603639430158,0.012024231004058257,-0.007479211320198888,-0.006846811516277153,0.0034830430294089903,0.037973710740030475,0.03391536255482406,0.15568157203537797,0.0034840955005692627,0.004620681028970785,-0.004509997726822127,-0.004975225537626937,-0.003429930804357205,-0.011026404305233642,-0.006509173452319454,-0.005042675942415074,0.018286985199292654,-0.000557020869153333,-0.0028934282086895257
2024-02-27,0.0018560848401234628,0.0024024975465538807,0.014069105224501166,-0.007076978532437693,-0.00139373096052922,-0.0010632481058260926,-0.0024278304598822848,0.014457392607701923,0.008081623847445468,-0.0001474364219219614,-0.004956078498027566,0.0016536061675660274,0.02873645963321591,0.026860902379570357,-0.004298788025459655,0.006890993886837919,0.0029083840946160316,0.002739584006561244,0.0004906486406118408,0.001191481239718425,0.0011809926176693526,-0.00575858894718106,-0.00016769603609208535,0.01602980582730096,0.011242769895593712
2024-02-28,-0.0013226448309235945,-0.00533877068270239,-0.008269227148273507,0.006328596575121559,-9.269172057839715e-05,0.0018068578078276945,-0.0009727850126661692,-0.003119223057094118,-0.006647260898351973,0.0005888553259306809,-0.013276749915064513,0.011499231283567918,-0.0074002492595723925,0.007899655171138987,-0.0019811973389998326,0.005873847167083119,0.004751454207375956,0.0037233951574199143,0.005056712829077752,0.01007077778776217,0.0035347325799829524,0.004697019599905216,0.0005033967922914617,0.012533106556029763,-0.008236108730287912
2024-02-29,0.0035885748451023286,0.008532866876898245,0.006944881596771768,0.0070327565813410545,0.0009293514139826685,0.005137049487700812,0.008721000549268587,-0.0035379289902673218,-0.0037001694179287004,0.014415356006936907,0.018485585568905588,-0.0007921787106965236,0.001757644290437958,0.01365138671151446,0.00488778445952931,0.013262619792766559,-0.002542308055298176,-0.0004954762087098062,0.009070184100108476,0.00845179072055783,-0.0010529397643797218,-0.006959628777531988,-0.017085943802522322,0.007015014181746151,0.08670453783911994
2024-03-01,0.009344419089600459,0.014944602134952143,0.010546358052987086,0.006211296383317403,0.0060688856687578716,0.018734204946424346,0.021003184385140598,0.021575789448461752,-0.0060486008041340305,0.0044866479095718335,0.0392511129061931,0.0037575170226514664,-0.0021486600903922446,0.010798271215537746,0.011541842826710133,0.008171025314497855,-0.004165134342148998,-0.0012403046785915942,-0.00414690780290529,0.011852219799138818,0.004574822620504513,-0.0005662493254625572,0.0025560449032651054,0.003310571555404185,0.051179023280503
2024-03-04,-0.0010729090301565194,-0.003574378776987874,-0.0009231279529658408,-0.00403030596733018,-0.001854937333885137,0.016045575240364,0.03207342191867879,-0.012754377643168217,-0.025708940571771425,-0.0013969477710441959,0.03531978525919863,-0.07424463938175002,-0.009035596453565421,0.10761772337704963,-0.01072970408674548,0.0057746952864924745,0.012768155984903795,0.002479072906957247,0.007473810595231147,0.009313161477030386,-0.014163380791909236,0.004459471582704398,0.009147882339528554,0.015423018034304129,0.013333536853570109
2024-03-05,-0.010044495658969475,-0.01811270312868528,-0.009623230100021394,0.014141095584233087,0.005462109203984571,0.006002093012312388,-0.008729691600338377,-0.007595387002346809,-0.028853365331372983,-0.03001807033410928,0.008540046838914734,-0.040126798433230214,-0.03575393378966636,-0.05553988100319059,0.007396314732011456,-0.015234058756266225,9.258189957475395e-05,0.00024760870287796326,0.009967283456446657,-0.012205204577383739,0.0008129730737810412,-0.0015050399743644835,0.012401856674922218,-0.007238702718165037,-0.0011205912374426356
2024-03-06,0.005054421313091551,0.006263902600557217,0.007433104241927437,0.005851158617982517,0.00267417165182477,0.008181839163568495,0.019648806715795646,0.012044254536371039,-0.005895281227356449,-0.001391701106889568,0.03133122093521724,-0.023512123304642838,0.015825016083159497,0.09574204143858175,0.0031040677603060888,0.006276583682179719,0.00346635332683727,0.005184308900617587,0.005184099226176221,0.004969185767580591,-0.0039461229355566094,0.001567726200912579,0.00878867978760426,-0.02521103638966119,0.026459114581661235
2024-03-07,0.00987753065693393,0.015064131174039784,0.008296991689781366,-0.0009380510740119462,0.0024830198441109295,0.005667751261581818,0.006314833306151426,-0.0014806892546147526,-0.0007100446289386742,0.01738150931689536,0.04377408654823956,0.01188110874296599,0.011408103171132077,0.0169174684623586,0.008458188051180033,0.013582953140829895,-0.008083682710501115,-0.0014784905899995267,-0.008797112712810966,-0.0002306340530305856,-0.0029539756595241533,0.0065586694253284665,-0.0034731455455099453,0.001089731466122712,0.003554421801682048
2024-03-08,-0.006020220745794653,-0.014539953659501108,-0.0006284744794434298,-0.0017742106894977994,0.001376624747170083,0.008417025116951235,-0.0004497517069851264,-0.011789590084702966,0.010184850417912793,-0.00716257458346642,-0.057075256315860766,-0.018701625030085045,0.009901070982711537,0.056099959222044964,0.003522054230918036,-0.003032078731237933,0.006744722395546441,0.0017247581142890741,0.0018612995773202795,0.011463899970320195,0.004083101699871516,-0.0016824224148927359,-0.003984080637865406,0.0012698895832448775,-0.019056408998621245
2024-03-11,-0.0008602291344054963,-0.003719663878653488,-0.007960703648701712,-0.0005226114816516301,0.0001836894772716362,0.0018333385345244608,0.005383630743627326,0.0035379289902672437,0.011762119610899008,-0.004193742646871385,-0.02024275731902881,0.013763678693560029,-0.001972357101263892,-0.009593045161965153,0.01026815516276977,-0.01251936716039151,0.004264494296711553,0.0017218854894109565,0.00037187855349666605,-0.004798731986425919,0.01066273172745235,0.007455840170878849,0.008941995588718957,0.01787762502032309,-0.04436628840411305
2024-03-12,0.010699979636751763,0.014233178569203838,-0.0013656588885723792,-0.008396321478900952,-0.0032150786544559366,-0.011000916093968595,-0.011701313787993627,-0.0036742814721483132,0.00277458858710611,0.02625190323557216,0.06912653136176,-0.0012947061441473569,-0.007928713881447728,0.007720899909605175,-0.001573004525180049,0.006753799201578428,0.00036788334458315086,0.0041691573119718595,0.00819806060738512,-0.002178566012250016,0.00932189095716913,0.002349444046187299,0.012288109779404694,0.0013346941052284982,0.02178819923404003
2024-03-13,-0.0015688576267917592,-0.007715819057026448,0.003896630136728304,-0.004859894292198691,-0.0010124569732261777,0.006982966028737541,0.03119685909033884,0.02344486155591102,-0.012196566026172563,-0.0004335305857153903,-0.011214579992574414,-0.04646099727496628,0.002186674356730059,-0.017367159609415032,0.015839765688642052,0.01261150649248662,-0.000713026490816999,0.007315261422470684,0.008079536204400245,-0.005063275740912113,-0.01012860853136772,0.0022824088537499385,-0.0021191957027610897,0.00035562238564754384,-0.04010096579089924
2024-03-14,-0.001978682156023439,-0.0025244186261062593,-0.01805120350433179,-0.015476260230368693,-0.007395088567161292,-0.004183879789555221,-0.002636265704652774,0.01598563294504645,0.010867999161356674,0.024087131155409055,-0.03292770502918566,-0.042056898779332184,-0.03269713866170355,-0.07444721181379682,0.010239610117297841,0.001170525453496891,0.0026885639845899327,-0.00804980711464549,-0.017978670123290862,-0.015111349378536127,-0.011801227338050654,-0.0049414807347665885,-0.0008517948903393653,-0.003918819306408379,-0.04049261276635392
2024-03-15,-0.0068903447040481345,-0.011958124803461328,0.00187912767493142,-0.00032241146047881837,0.0002781841795229936,-0.003199519647615038,0.013112125922589582,0.00039309151180578973,-0.0021989407455946792,-0.020912287650837184,-0.0012173551720930842,0.006563076277915342,-0.001642748414632356,0.03651437083126012,0.0029532305893493612,0.014661450561548424,0.00011472742872234589,-0.0009800729777220366,0.012319416477111109,-0.0022276715565885306,-0.006490461625024831,-0.0007432975985741299,-0.005587519342170756,-0.0009820221806361095,0.02115809410870054
2024-03-18,0.005925621657485119,0.009492201322124721,-0.00574732150677786,-0.003017718423278128,-0.0016709698323403436,0.0016010012977577042,-0.00522425384277056,0.0213863568040564,0.0063522994191462494,0.0021589924410432134,0.007011226562932337,0.060664152342604714,0.0026680583728176223,-0.011369911760719408,0.0034510917614904483,0.014108734269834491,-0.00602984024665923,0.0057173789343110135,0.012325143231915163,0.00046935489889834183,-0.009017623375993234,-0.0010537340571214707,0.002962032229663048,0.016829378715272337,-0.002148247774316165
2024-03-19,0.005541809937219059,0.0024884352502442006,0.004214555300378585,0.0028024495576219385,0.0028762159691776215,-0.0011504677080451668,-0.00525160637516634,0.005754084512535787,0.013493622041176401,0.00975290505956603,0.010604260118809616,-0.014372034891457558,-0.005755464935701244,-0.040453424057893164,0.011346408407513308,0.005667407017773301,0.00916836450413036,0.00488155523069652,0.0058481508509781515,-0.00035209331374229543,-0.0035146435980232134,0.00383830585524515,0.00016421512115417905,0.005780387543734336,-0.049624479195434563
2024-03-20,0.009206762412703644,0.011786865349914834,0.019598875502102094,-0.0003231253198692084,0.0018510044015233747,0.011841472011166752,0.021702239776219594,-0.015159595337779516,0.014602141409176811,0.009023781299171326,0.010836079226064176,0.025017133837829976,0.03444426415595384,0.1100081780128607,-0.0014112031617464287,0.007179589114790151,0.007338277710637843,0.011860194425985392,0.013021876540469164,0.006551309191204325,-0.0028851079143933684,0.0009882532035846736,0.006223453416179236,0.016885663636609805,-0.009359074101502251
2024-03-21,0.003299259756041907,0.004721139235312898,0.011424002220963039,0.002150761175585187,0.0014783405953617671,-0.0010391759354036452,-0.02786428811902664,-0.005581896832704567,-0.041715642116603724,0.009688907025534828,0.011693857298090471,-0.016299696542812377,0.006353003333179591,0.01973543497169267,0.00595722953614627,0.02249705871526901,0.006224764891112218,0.008147696029496505,0.013809248392994017,0.007203406437218483,-6.412269323540356e-05,-0.0008027438255537639,0.0032600541648980714,0.0020586938448859055,-0.005859245499177124
2024-03-22,-0.0018976498631430366,0.0011431678817691272,-0.013898143688186156,0.009515206730591369,0.0034106438461716676,-0.008053310017860795,-0.003981432130021394,-0.0018240967878449877,0.005296107087216854,-0.0014682876290943805,0.030736158041855886,-0.01158171211632812,-0.022414365376369098,-0.02508297743881999,-0.002162113385376648,-0.01785109947626528,0.006118936241477038,-0.011522021010332404,-0.012333285801933531,-0.012666276955289548,-0.0033442298596040197,-0.0012364118979283484,-0.009483507581077364,-0.007137587997770942,0.005414024091831177
2024-03-25,-0.0027665748067746323,-0.003635761699600566,0.002289422996543151,-0.005013287146230744,-0.003410643846171713,0.003189315361775875,0.0008861523855962056,0.013986265466977597,-0.008335146638479942,-0.013809429928563282,0.007533441008809468,0.010481683435756076,0.016857717169725,0.09049179528937251,0.009264188090244188,-0.0060497031688055624,0.0009639181299879224,-0.00387046061117041,-0.009196817792753761,-0.00616761908566657,-6.444591066331797e-05,-0.009134848774266761,-0.004940663937172749,0.029675248807989447,-0.005693824789468562
2024-03-26,-0.0018488052387298484,-0.003242930637554354,-0.0018019210979133664,0.0027763848272609904,-0.00027684778512119125,0.003228743279298674,-0.01068575487137799,-0.006062594660150216,-0.006694768190020044,-0.002865648446993509,-0.026029952453904562,0.0287772826285837,-0.0043877458384944685,-0.04721653616357066,-0.0077501301264443915,0.0012353139116786146,-0.0007173147511664627,0.0033875783868108646,0.00465998015615411,-0.004053498738265089,0.00353722879495569,0.002244973195098173,-0.0009910301818422344,0.004764102151991731,-0.004263735859771142
2024-03-27,0.00836872567558465,0.0034003174207533817,0.021552993032350875,0.009869020143711766,0.006903007189447477,0.007214572450620787,0.007580864615338542,0.002842394889994873,0.020990726576326963,-0.0005218970472944847,-0.025284242403801668,0.012084083617363902,0.0015978000511772277,-0.038628650017298885,0.009250236811258517,0.02291237586205413,0.02390534476487857,0.011766116323643935,0.019178513549249692,0.025476152499196818,0.013961164578189258,0.012749090306046033,0.0034644134173428907,0.008716978575180768,0.009623535703339608
2024-03-28,-0.00019110412167204504,-0.001845110939207864,0.003143120861855773,-0.0008452503477812289,-0.0009175649534404216,0.012817528202410179,0.010605480310311511,0.015617331980804382,-0.010615413375292971,-0.00168619125875316,0.0011738431985798528,-0.02272190773999231,-0.0005988377974319259,0.032274399830105285,0.010755624874461078,0.0048695186749449886,-0.004190097838264271,0.005475669806931805,0.003901588934726197,0.0070786308689103385,0.0014551222862978972,-0.0022164022071955104,-0.009099288267682299,0.011342295470165934,0.004998950371739224
2024-04-01,-0.0017412187867318293,0.0021148790484560283,-0.009459605688358788,-0.018816791580162515,-0.009621293514893926,0.01015632882706488,0.004823539669248041,0.011868760574354039,-0.008491644579171554,0.009109382672321129,7.730051075850966e-05,-0.0032477284143495326,-0.016915427950718445,-0.05031703263385486,0.007387119440002502,-0.007368297540376164,-0.004583260951585273,-0.005475669806931811,-0.006812856221327745,-0.016909074895872022,-0.0025952006403356215,-0.010346002284585478,-0.00282919465321278,-0.00680642646584071,0.015666927548329088
2024-04-02,-0.006378440271791151,-0.008667762520260629,-0.018556293639922092,-0.0055258543531949466,-0.00148991423639695,0.014664311961913869,0.041976163531440173,0.013960126414517587,-0.0070234181614028815,-0.007399442858561829,-0.010132532221814976,-0.05026651935105258,-0.030099219054466247,-0.025184599701113076,0.013887000856360472,0.002992284097428441,0.000993226857411877,-0.005265618420937522,-0.0004022811439208713,-0.012663770329909937,-0.0003169591485281979,-6.229193186426879e-05,-0.01409886293197369,0.010558718904109301,-0.025633927471379516
2024-04-03,0.0010978810891879391,0.0022419688741279913,0.006531427009134155,-0.00021738225368377615,0.000652139879928832,0.008734121015037044,0.036652214425217,0.005677614386043164,0.004786024501802414,-0.002351931025191087,-0.0054704550915634755,0.010447544054431742,0.0029257992472848967,0.02308013476302966,0.006820333587876235,0.029598883304094242,-0.01185179265249102,-0.000479984454810639,-0.0028200239936993702,0.0010715605959399394,-0.022245482816912673,-0.02791290187180524,0.004553575797936039,-0.03176445832397884,0.011517123533717982
2024-04-04,-0.012281248281557513,-0.015408950663289197,-0.01005862007361447,0.007146801087322761,0.0011168765776562934,-0.005751211782367894,-0.009752201404718963,0.01247565916713096,-0.004904313672083344,-0.0061311284294247245,-0.034989926047755276,0.016083269202606634,-0.013657061107370175,-0.007861335448433808,-0.0006181802840006294,-0.016095044832383908,0.013615577431027166,-0.011348906583768236,-0.007637595266989912,-0.006445468051175614,-0.011474718183420014,-0.004492835737180008,0.0011770271063510195,-0.01601258977001496,-0.08626235035378724
2024-04-05,0.010392690886696644,0.0117150921933784,0.0033315724180659205,-0.014016590429491098,-0.004381602498031953,0.01696939930469014,0.021810271258437482,0.0015789750563960673,0.004491627590968068,0.01811755894668023,0.024185866055197704,-0.03696743555877544,-0.003178337813815224,-0.03551781795599135,0.010660296628919116,0.025392032530524383,0.0029468526188468703,0.009426188422026123,0.009158155365402902,0.0051358565117019745,-0.0007216203428662986,0.004172809643043881,0.005865029173828541,0.010957047216109194,0.027302789387679813
2024-04-08,0.0005592280134932367,0.0002951262106169759,0.005463116450930501,-0.00010941263993362405,-9.35643235849253e-05,0.006209168519561451,0.01467402612941437,-0.0024301904972476177,-0.006685749869397363,-0.002187984328353272,-0.0099920044634908,0.04783676362708771,0.020584628713310075,0.06465525134780808,-0.0063415390020612195,-0.015489710436249585,-0.006609742970163625,0.004320716800412496,0.005202990960508635,0.010664763625886087,-0.005263396220253478,-0.00038464368899212973,-0.0011701399838701127,-0.008738938970316294,-0.0030559749017240326
2024-04-09,0.0011559838138973638,0.0036927007201233183,0.0039324549668524125,0.009258864916058953,0.005126154450265419,0.005482001328254696,0.012519713666472088,-0.01285595217233564,0.007216327949144959,0.00397249799496816,-0.02062867791583028,0.022295607975213145,0.010752801530677206,-0.05618148734167655,0.00030780590248272307,-0.004212634414213362,-0.010689523015797467,-0.005765209062814293,-0.006723551058921539,0.013231331285637325,0.004607051158750714,0.003965640772257436,0.00016718161202670278,0.005269518969245711,0.005166178577928455
2024-04-10,-0.010063547146430171,-0.008766843359891939,-0.02676241704589072,-0.022034420394843258,-0.014325554606396963,-0.00950892303540449,-0.010553099697964074,0.011516848985476157,-0.011201781401945266,-0.007109948092348324,0.019549269225950273,-0.02937344256551801,-0.023515749014724262,0.03255747129600875,0.003072526599147516,0.00045716548473698784,0.009207268479514329,-0.015048799018492556,-0.008557771999978332,-0.04229154516012424,-0.013819040495274772,0.0036953506611887587,0.013786408510641446,-0.0066338394545079,-0.02154439041009766
2024-04-11,0.007518652736311085,0.015842076414553565,0.006745633714486493,-0.0045548491700942275,-0.0020766111755004643,0.019246832874495322,0.02176531528581741,-0.006599795260321502,0.04236089487710172,0.010973107313414887,0.0402744080538862,0.016399556773736196,0.01483983898056027,0.046778971812183344,-0.0007161011358906904,-0.00024221669666349654,0.001349534786215863,-0.00711759627470369,-0.00020488833006242698,0.0033917391390585997,-0.00943177059401443,-0.008943548877121985,-0.00878138665522288,-0.0003413877694966019,0.019903515802019715
2024-04-12,-0.013899252791926057,-0.016070205892148498,-0.017956385932229618,0.005330326748311566,0.0022653023532635515,-0.013327746093360097,-0.014717580628526634,-0.0002453307865668805,0.008589614874629106,-0.014191302848637916,-0.027182464494302113,-0.020541749097701737,-0.03569172973746809,-0.06787733237156954,-0.016404806467664623,-0.017218031507535175,-0.004253716274411284,-0.013389601355874303,-0.0668642132202878,-0.011922114409288647,-0.00857208806615375,-0.0032778457566082953,0.0008316431990174974,-0.027169040760153133,-0.043268785698115896
2024-04-15,-0.012607238758677846,-0.01658781030795206,-0.014754261110743662,-0.015626852388294258,-0.011092929377522202,0.01854610800435578,0.029979212899588388,0.0014708024021412203,-0.022105999370233352,-0.019772277797998703,-0.02508949031709953,-0.05757465973833702,-0.046878365575767536,-0.09530609424473468,-0.009406378392454564,-0.004715308507409633,0.005932538840853649,-0.005005037625829214,0.0005469380334044332,-0.017157742035218786,0.00047446124171538325,0.0007722372462322981,-0.003497818525905237,-0.00934091286832315,-0.018294647443959436
2024-04-16,-0.0018254759153138085,9.27557342818045e-05,-0.003684402711053092,-0.006659695137512618,-0.003342197791226846,0.0012212692273934644,-0.02336825817511027,-0.00392686341194556,-0.019353388417342954,0.0022699069863409047,0.016307946354574523,-0.02743506868222295,-0.016585624329193416,-0.020713483748797046,-0.008754044981182482,-0.011136023951037865,0.0027112014432393093,-0.0067966845885547855,-0.011493529784334332,-0.01416879818283035,-0.021504748438624804,0.0032111823338313097,-0.0015028371205428033,0.008199982752042543,0.019396489579943027
2024-04-17,-0.005935884781432801,-0.012276514246065073,-0.01061703294637427,0.011037617881366766,0.005437680330429203,-0.007395532411290185,0.0019361533552127088,-0.030206965750945645,-0.008180638067429784,-0.0066309539622629796,-0.03943338431509667,-0.01062208397137564,-0.014538182762443216,-0.0233477378980349,-0.002864331708803257,-0.00434405167851757,0.0038226149269782934,0.0025227166926429572,-0.003990196177859715,-0.007351022177177987,0.0022127540757682414,0.006455632175926737,-0.003180273716856318,-0.008288470630708119,-0.05948586131068527
2024-04-18,-0.0020597842121778177,-0.005722694252208399,-0.0008293293896924166,-0.005053240371030665,-0.0020000981041378217,0.0034096367107846366,0.000386781234372156,-0.0016488668939575347,-0.0057310292048783525,-0.018551950479321233,0.007539619481129854,-0.036155647217109545,-0.0025602390328665556,0.019914533208765326,-0.0030854875187121744,-0.0010891437040483935,8.761704499984787e-05,0.0035213432635215727,0.006476139409765762,0.00012736552314473838,0.006678011093455308,0.00853654298021914,-0.0065597001543424285,-0.004525926974953669,0.006858632759136399
2024-04-19,-0.00876668796001396,-0.020906153709322053,0.0015545096045080137,0.0035958118887301155,0.0010480706186871591,0.0031266420969038923,0.013062042941017501,0.0008881520097101191,-0.012287582948232938,-0.01282091045740687,-0.10541164612194492,-0.01939578390268632,-0.02143527716406664,-0.03295647665922867,0.011969961037257188,-0.0055392437177066425,0.016914196567237357,0.013713979924872348,0.024793415953337842,0.0048215294952490785,0.0147798210053692,0.00538959975542269,0.004545975439350963,0.0015996975712008496,-0.05596052524068549
2024-04-22,0.009166873667538001,0.010006501909347723,0.011121442647567465,-0.0016840324357894577,0.002473102423132674,-0.025012716627157542,-0.04968753011010381,-0.0008881520097101288,0.005077924203828401,0.004599572148892712,0.04262208709680243,-0.0345935559693179,0.014184599173202018,0.06800984131262292,0.0065070957635090685,0.008283331981408354,-0.005490724074258683,0.012061833507179582,0.019243369452841674,0.008821713647539534,0.008147047735584752,0.015062313355758817,0.010194654078295874,-0.005520892015532264,0.013546671590083117
2024-04-23,0.011796816127652647,0.014812610392647514,0.0166048788512393,0.00033744557581685044,0.0017082299478478546,-0.0024616906480957905,0.002403825911150651,0.015117503343163788,0.006371395996145804,0.016351004821483266,0.035880982417874095,0.018345226676437152,0.029376473374270757,0.0457368090574168,0.005529114664371097,0.015648353822050834,-0.0027132464921853583,0.006341415792477249,0.01431011019465684,0.00911780664150973,0.0029463898096059936,0.005962009562317213,-0.017613397781404316,0.015241644938132095,0.024128017951807502
2024-04-24,-0.0004747200241270341,0.003381927856811455,-0.004492116246215525,-0.007101701724596597,-0.003895533294553605,-0.0018618228395408355,-0.003607947537331379,-0.0042601738587208825,0.012622377201013056,0.0036491278149465758,-0.03388340226870554,0.11387415621830609,0.0006836640083457229,-0.05235569694592358,0.0007281015008195985,0.000743037038559146,-0.002045172578425381,-0.0002432578115760561,0.004880426259431535,0.0018630659973474532,-0.006910476588467928,0.006788086969267844,0.013113895490663136,0.0018451359415837326,-0.003486722800007255
2024-04-25,-0.0038061433600497492,-0.004841542220711143,-0.0060888547714505765,-0.007038204245874935,-0.0029556844001860077,0.005945756955740473,0.006405140006171433,0.009995123722986861,0.0051341077680120435,-0.02480010274792806,0.03641611503670675,0.04845814470471284,-0.00662785898883264,-0.0033929873797716075,0.004563829484901711,-0.072788385727019,0.012208968746017995,-0.005853604856723977,0.0015008981557498879,-0.005724814922978625,-0.011579523108860654,-0.00030753384462393397,0.005662900622275289,-0.010146118959922385,0.013224343385320598
2024-04-26,0.009429413284679328,0.015313744047791032,0.009522888098838089,0.0052265663571605045,0.0038119547400725083,0.0032366836371748075,-0.006806836299222782,-0.0006218125076125912,-0.0034789231243553213,0.018079214508383575,0.059923784742429535,-0.011168015552988686,0.010492776078745065,0.05528338404627957,-0.00925306721167502,0.01579175501617797,-0.0075371714815175486,-0.0014687948788646244,0.0006203434074005419,0.0004991489212664819,-0.00464241177001076,-0.007781658919150522,-0.0008308052197068646,-0.0003546327118912413,0.023397387709792525
2024-04-29,0.00353511214533174,0.004052170904978659,0.008033807515852826,0.008351273161586459,0.004176569677800475,-0.002033283758808563,-0.002413495410118089,-0.011132761087201501,0.024505062719892078,-0.0100671863862815,0.00025090134088921946,0.14242723171122051,0.023767965577331747,-0.07995809445219079,0.0067663341041153445,0.018523807670471324,0.013479383478690448,-0.0014711484398689833,-0.0010859977453586277,0.010177517142273976,0.004642411770010769,0.0022913936898989375,0.0013289443173170026,-0.005782752752932614,0.017632718378382907
2024-04-30,-0.01596802953489492,-0.01903610786802724,-0.02051306769554201,-0.008577828865131198,-0.005509217200216541,-0.02013850411793736,-0.03191763161870779,-0.0141882639306748,-0.018439646951338737,-0.032646495157119336,-0.015560858668505147,-0.05710084205665045,-0.037706283744124054,-0.06745199353478126,-0.030227091264209745,-0.04451528047355854,-0.005619407526739475,-0.009862057826284258,-0.007999451345928736,-0.017062491672828247,-0.015305285611051371,0.00948084704960677,-0.01488443513313763,-0.00878218973087608,-0.01142577597258931
2024-05-01,-0.003252559542591113,-0.007256774269302548,0.0020907214285718198,0.007343810331985162,0.004151393740442319,0.009021337418355644,0.009106073771091114,-0.03175689048529639,-0.006065415768553344,0.014306494683991009,-0.0396765842744841,-0.018113707174260838,0.008249373440710186,0.029759231115492314,-0.01606081924889318,-0.0105161502489076,-0.006906503312339748,0.0,0.0006255323618626524,0.0003767311350998964,0.04456905175785494,0.0012248712403331438,-0.008460297657055171,-0.005596138677394495,-0.09331066603997379
2024-05-02,0.009310059351152993,0.012682439659369571,0.01822221545955844,0.004281819678933095,0.006170605371819353,-0.003091862325121168,0.003701429297372057,0.0,0.021792730742670807,0.00731608339107166,0.03288269432172872,0.00011105007606901516,0.025015402671301517,0.08553080086563647,0.005742472521599522,0.013113115828198815,0.0031785687789357094,0.002474939266961393,-0.001042992877929823,0.013965323394134666,-0.00836926910039438,0.002689093901430875,0.01450757714433953,0.019184829380390487,0.013015363553212613
2024-05-03,0.012319104696047115,0.019899129286987484,0.009855193550047927,0.010068378824944933,0.006979227588009616,-0.0007979449099420573,-0.005763758122584349,-0.010591957420973446,0.058095491716850425,0.021927555122153792,0.034045624795518974,0.006533843535574036,0.0119470648089415,-0.02477457401341849,0.00010798578622311873,0.0038976483976335924,-0.0027889921230258483,0.002221958317036433,-0.006018286704002093,0.006664318157528609,-0.004345236214450432,0.003777168192987014,0.0018405255569819497,0.00919217109303726,0.029925418768550715
2024-05-06,0.010274019751121858,0.01089384707803074,0.012844345901757854,0.0038881894729918946,0.0028155794168017926,0.010463427933373832,0.03449319022266049,0.007029757783726227,-0.009148572010026905,0.01677679935168875,0.03704626607722593,0.019511437908751133,0.022399517910050827,0.01634934784968844,0.007855031628455524,0.01576231058577478,0.0018817905730926852,0.012742105667539383,0.007790711295277023,0.0008606259413424078,-0.0046331493001637095,-0.0001216500996507991,0.000835590368985989,0.02442211950675917,0.03381739176194692
2024-05-07,0.0011027029190559658,0.00015899896137581276,0.0022468241681890583,0.006079643587043988,0.00046845441027416575,-0.00461094049941965,-0.006001203016447769,-0.0021170113520887217,0.003790066947920785,-0.01020812679781033,-0.01736264135390838,-0.03834210509362041,-0.020641705636837437,-0.0570780454069614,-0.0009650300150230347,0.008441134921353453,0.008391900286356058,0.003403032025579035,-0.0013029182704058784,0.009418522000302555,0.0009419323920779049,0.007995196522256373,0.012449245746946443,-0.09996593604534577,-0.008703875848257821
2024-05-08,9.671275762442907e-05,-0.0005906449706910746,-0.00582258841377743,-0.00607964358704387,-0.0025322648723516937,-0.0029453952906236033,0.001203155795455609,0.008047014043655872,0.0018622762229024295,0.002927321086310474,-0.0015692101969917937,-0.017530851194269642,-0.024895683139968636,-0.014757984816840075,-0.0011809316639949,-0.001450008478893067,-0.0011147121972296928,0.0036331102001085614,0.020134766665429578,-0.008435899063064321,0.001545024505037405,-0.0041713811524014465,-0.0052927361879077095,0.00047433907050129236,-0.005258883021943606
2024-05-09,0.005745211209462555,0.002179105777875507,0.010155358590083416,0.004866649901398247,0.0015952146952089117,0.01565541986116323,0.035823544169596704,0.005372430403400711,0.009964564004065715,0.004326430877544115,-0.018587478992265604,-0.015864649448707812,-0.006095525303006357,-0.0035574566670221372,0.013337086003782283,0.020911913761125486,0.004772381844628923,0.007467342897808639,0.009411397706941148,0.020296068668792147,0.0060243430484898525,0.005859016019659857,0.005774415563601746,0.003408483082623809,-0.008038968488955125
2024-05-10,0.0012875751038708548,0.0023554272774409355,-0.007557908461329897,-0.0056429501995349796,-0.0031932135043606104,0.008079783894319735,-0.0034863545181529117,-0.016071925368196245,-0.006914293205166429,0.005851933780144532,0.01266367036842474,-0.020562350450525728,-0.028481523413039753,-0.046341270946981344,-0.005526597355837478,0.008519996875870066,0.0010455268503147437,0.0038322625850289458,0.006409681797009746,-0.002771093401420131,0.00040024901076891124,0.004866626900286574,0.0006616740054248703,-9.446819563078217e-05,-0.003088965845300621
2024-05-13,0.00013413338465911067,0.0023047018499718686,0.0021025096171272016,0.0025490588096518827,0.00037615571658654496,-0.0112653199553874,0.0011634199285679959,0.010962193906755544,0.017491688602703327,-0.0024623932518027768,0.005779925517470293,0.020097034145307512,0.028707909053262485,-0.007042476914799183,-0.002668017982023247,0.005312770769744462,0.003576611958425913,-0.004072178799620301,-0.0002011660913146016,0.0032520324740217105,0.00870053748183662,-0.0058907910700220344,-0.0011581206733135626,0.0003780398959866797,-0.008992394829708823
2024-05-14,0.004577640902657333,0.0064116274048728345,0.010301359828407027,0.0056286246594186694,0.0029105755816356,0.008426442720749588,0.012709585058626346,-0.012158180575230207,0.006154525441429498,0.0068412157213871665,0.010530827082292634,0.03239754278801776,0.021279799363315487,0.017587936308201893,0.0012815613331647482,0.0041967642101823415,-0.007208827796069251,0.005027883643531542,0.013891915862517552,0.007666691024223832,0.0010576701859850944,-0.0006634706975230826,-0.009146122444000414,-0.0045460123979180755,0.017121490897878913
2024-05-15,0.01230686649208651,0.015509369190919354,0.012394991792125566,0.013554931211523522,0.008867486179228912,0.012757032448187737,0.03718744660247767,0.008868920205058686,0.012143968786535442,0.017332684093354023,0.03521052965033647,-0.020254418706909572,0.01430328114990524,0.07976611923362593,0.0022386796324610596,0.005179558301884411,-0.006657702463968715,0.007376721429949818,0.002973080557996902,0.013747579014819097,0.008485265352199428,0.004514456604409962,-0.0005013228774300784,-0.02479472384147822,0.041626023364421304
2024-05-16,-0.0020595463332229655,-0.002033277997156669,-0.007235929808153926,-0.0009775643503982616,-0.0015810501922175063,-0.003900942141432421,-0.0022148910107907117,0.004864306617097663,0.0006321519896718529,-0.004952168849067461,-0.0028678550132319523,0.004873391179277019,-0.017855679444659014,-0.09905966618976898,-0.0027724711755797923,-0.026227069964332633,0.001614720055312068,0.0,0.0017795990221897494,-0.0007065931639474962,0.01049040214691801,0.00807478636708046,0.06753226911353029,0.005821362182033393,0.018306986869921126
2024-05-17,0.0014364832035496022,-0.0004868896807674004,0.0007213354422688483,-0.0067612637247599725,-0.0023296288555834164,0.016363162829441707,0.06197153341768162,0.009398335918171338,0.00015809705604708256,-0.0018544149875740655,-0.02012511509677444,0.01487402019069651,0.010839652187551455,0.04145445848634578,0.013891305488794548,0.015700560232086644,0.0029430754640715658,0.007322611057132479,0.011393299842939452,-0.00011774920367457494,0.0023309156883566415,-0.0013113477348518615,0.009948712783922835,-0.0011615645318964396,0.011312029421431863
2024-05-20,0.0011517365981137655,0.006948604753589335,0.0022080933744864093,-0.0029588603519672117,-0.0004665310374249539,0.004015863208074463,0.006577784672418787,-0.0031229414661702254,0.006143231020230612,0.012134237155366247,0.024576859364815448,-0.014245067870223688,0.0032948456482486824,0.08133132045569022,-0.006550408367643836,0.01802524001976723,0.0018858438822224616,-0.013744352410719553,-0.046015572682911454,-0.005907557786757759,-0.013982771458898618,-0.0019703957391651182,-0.0072964730416402645,-0.0033955289993439215,0.011245587635790094
2024-05-21,0.002449295525287391,0.001954335690087451,-0.0009595489980645459,0.005144873947354305,0.001678882646232758,-0.0014706294501547247,0.009957195246452494,-0.007456371371994017,0.006833697003856389,0.008661434756144577,0.006373253660541132,0.06446711975223281,-0.008810579340706164,0.0026165672790088436,-0.004888054410089292,-0.010196595800376762,0.002629837771235048,0.006421741353587088,0.01994506890334946,-0.0003554246951243212,-0.0001982013788755761,0.006196606440048085,0.015000581332757508,0.0010684199486000732,-0.010091013700298154
2024-05-22,-0.0028834455866350367,-0.00019746888549923572,-0.008483533039516971,0.0012004685254193442,-0.0014922441123055008,-0.018544867564565436,-0.0365321942503482,-0.017083125640254306,-0.007566987788672058,0.0034434325013892922,-0.004581206696862346,-0.035399542384592496,-0.004656823556743842,0.02506197698327922,-0.019359514478209987,-0.008755190395122023,0.0029850096779276227,-0.005706174661066529,-0.006083045434576152,-0.009049848874082705,0.014832577283682273,-0.0032126628137746803,0.001533748562615171,9.694200129369255e-05,0.0052092951389311306
2024-05-23,-0.007330960579578275,-0.004508645654006401,-0.016546332174002178,-0.006454787416467088,-0.004395475710200075,-0.020146148039186556,-0.02402841418677174,-0.005625594787959232,-0.02128280477194388,-0.008209648024535294,0.08910589670256983,-0.036007818288810785,-0.031153784310278893,-0.056190786631002416,-0.009164334663591,-0.014831043024136339,-0.005614847449162868,-0.01392585709563222,-0.007034002862733757,-0.021766154949265797,-0.025067303902352154,-0.013921583471028608,-0.0063035412616573765,-0.02317449618245326,-0.031234394540331414
2024-05-24,0.006594598211651822,0.009412081210854751,0.011012579013747005,0.002958910904446629,0.002714473555076509,0.0009266841017383871,0.006872898729697024,0.01201618668264031,0.016451989256690412,0.007373180043901828,0.025397534711666694,0.03116576011599187,0.01750244572158423,0.08236671859815253,0.001423900520348406,-0.005145791582759316,0.0005778926745872629,0.006026319653439041,0.019063638766760847,0.0007331594015161209,-0.01840466474640149,-0.0009674554728340911,0.008293749791795936,0.010868516099296134,0.03629645383426049
2024-05-28,0.0006986012794964109,0.003770464792051298,-0.0013638846887585549,-0.014439472508965968,-0.006000592143200932,0.01045829379441463,0.052662220418163395,0.03019646663723591,5.2689936610963534e-05,0.00037196173867111036,0.06747573615090705,-0.013989415788236143,-0.007917749528625895,0.030459233167501206,0.010235134785387338,-0.006989152997643538,-0.019161798062906254,-0.01111645434470284,-0.0060467903507468645,-0.006618475751422561,-0.017779822633335114,-0.013518460213564861,-0.005213849677215571,0.00666030525291979,0.031070345427260837
2024-05-29,-0.007027205122289881,-0.007073204040587569,-0.014879029406347919,-0.012175681985626012,-0.005374524331771271,-0.009347362870368874,-0.002396840558758001,-0.014135020319737542,0.0015777923904969162,-0.00267597105998818,0.008079565313811913,-0.0031733327174769638,-0.012570140318447054,-0.034675979983789094,-0.01781555529681934,-0.024424985271921003,-0.012642819639329766,-0.008051804519807778,-0.006991898122875935,-0.009762284397457846,0.00041541450814311024,-0.008991446963204435,-0.0018465864567745777,-0.0153456476159383,-0.03843086867751367
2024-05-30,-0.006655984487470361,-0.01077122508927299,0.00945397231064405,0.009618873105514928,0.006126639013517959,0.0018949634848047382,-0.026047661141652977,-0.013675438975928015,0.005241213364870129,-0.03437018963725325,-0.03839373165008088,0.014648923152829736,-0.0159965999003152,-0.008018538269867356,0.0028631465463251618,0.0033659335094711382,0.017994003538958022,0.005374970872646247,0.006139234579297171,0.014546751697139612,0.005798750521190122,0.005736832423507393,-0.00046229944715770447,0.008095578091713079,0.009702089502414961
2024-05-31,0.009066909256698211,-0.0018619839736481179,0.008393979308395253,0.006766719615036063,0.004406681471222556,-0.005881436093592545,-0.02349698146984381,-0.009444687322324561,0.005006270987743338,0.001108760667565823,-0.007877143610871136,-0.003978997402597566,-0.00797752109453307,-0.038382746091074095,0.024547739535922576,-0.0021538216397814546,0.0201879696816022,0.014514011945161531,0.01641994992836328,0.01855148947067836,0.00952224142309882,0.011983185671953769,0.013318249765456478,0.02149784649579074,0.0008991093021598089
2024-06-03,0.0008151843489045567,0.005355002212020836,-0.005653259467858509,0.016045213098627973,0.006878737200735445,0.008878251926791354,0.004672035871526707,-0.04078298326298724,0.009216113566127676,-0.003885940503961081,0.047793663010245124,-0.010102569596006488,0.01240794983372675,0.023923649776259968,-0.026529161660946026,-0.021377980465033166,0.0008771120085507036,-0.006263409192208074,-0.004005349801781903,-0.0022850196352141717,0.0072687601647822295,0.0006685839240504656,0.0009120434158787084,-0.011031732742015066,-0.020276021454020986
2024-06-04,0.0011172358120410402,0.0027327210752828277,-0.012986546714922546,0.011613390051337404,0.003909467207290907,-0.009017596418210323,-0.031690830281440215,-0.010355613150529097,0.0016478257936409736,0.0061476559995215785,0.012418277405664785,-0.008659479988969872,0.005799807526768671,0.05388295320338724,-0.009631873881235146,-0.011503510949500058,0.002755145131008946,-0.0046023746169032145,-0.013267831491382423,0.0076765091144762165,0.00040596883399375794,0.014231616237276245,0.011780785295486448,0.00543432390006513,-0.022007425028830647
2024-06-05,0.011815092894935732,0.01995931339404423,0.015183282228899017,0.007311244624617113,0.0033389928560740257,0.011775993219294973,0.013965649998058414,0.011190536078020008,0.00779050004740082,0.018903518164161713,0.050270859631280584,0.0013151256990527008,0.021058273520699576,0.02905772269839832,-0.00011120547149600224,0.005722813481927411,-0.0078363483888934,0.0029092012295404493,-0.00958591255521457,-0.0011956541254135034,-0.012458891279064237,-0.005764742762423958,0.00733046366437316,-0.01786896220877562,0.037900002078915626
2024-06-06,-1.8709454566146043e-05,-0.00034524173555206764,-0.007194344568954908,-0.0015008927600969819,-0.0006486176664864527,0.0073641743967564136,0.04041318982112716,0.018877622004538838,-0.00712185060809433,0.0012020978121118132,-0.011847082883307148,0.016660454613497404,0.013721884333253434,0.022341996393307643,0.005215585184956445,-0.0035273442165882213,0.0072602576252370835,-0.00048426363252148123,-0.0017757203001959078,0.0019122623553330315,0.0030780103360272377,0.014468775698451503,0.0008938554796135165,-0.0028612037158062408,0.003664221645640673
2024-06-07,-0.0012165147718674742,-0.000885284688817824,-0.011808764924249924,-0.01851606670895743,-0.009027770332832617,-0.03633551284065831,-0.06741684823831069,-0.0032814562555495684,0.012315897890505809,-0.0015794501123864854,-0.0009095958884070091,-0.0025885260992180074,-0.02168104598077426,-0.05156350517644768,-0.003992552740798704,0.0019780614842425555,0.003217151605848216,0.004590968699119892,0.015320555444522847,-0.009477587473683815,0.004497579238556471,-0.00840461426812728,-0.019094009839022402,0.0032552187559624843,0.006514269907856724
2024-06-10,0.0030850293585066657,0.004031189204604373,0.0034234329103193187,-0.0066890075894235,-0.002058919070543082,0.009126408480626166,0.01673215296279032,0.0328693721488532,-0.01933347667400149,0.009439712913173005,0.007433736598095073,-0.02101026729322036,0.007959161647520674,0.022876856047883407,0.007528085888833714,0.0020347428870811884,-0.0056956011356941475,-0.0038645659573071445,-0.0017018930632813388,0.003369489764502127,0.0003399094677209433,0.0017343820913475203,0.01626049048464375,0.011748758391965678,-0.0458933034722984
2024-06-11,0.0024054409931384382,0.0068392560831188895,-0.003422967699880335,0.010289205618221844,0.004300244767689881,0.002852538250894446,-0.0152335011720857,0.0006624237024835077,0.0701313793441919,0.011179051554563207,-0.007169564946104214,-0.01817434057762428,0.00022643690228611691,-0.022713069963141482,-0.00198741816610093,-0.007002432993270686,-0.010018843428061612,-0.011439968540096558,-0.02665331913142378,-0.003610510114359633,-0.0025178952379835986,0.0007764333896760625,-0.0034405453068214104,-0.01836897985227178,-0.008643897295390182
2024-06-12,0.00817942039510849,0.01301271077687665,0.015234299499488064,0.007485565448080228,0.006137560042568559,0.002658183908153708,0.011909392846152429,0.0062050658352542825,0.028177615403543965,0.019182378424806124,0.03486593483409987,0.03811347747393242,0.020619331275971237,0.04311914726245875,-0.010777263610365047,0.004329147205404475,-0.00800510023775313,-0.0009795798340881622,-0.014667731008404308,0.008882646581576172,-0.009241371344184564,-0.01382818477513714,-0.006314262143832134,-0.0006942683771934437,0.00802008515865052
2024-06-13,0.002011508440890245,0.005405528360830394,-0.008776059549517809,0.014592872068902819,0.0047176899957558265,-0.008183543017197694,-0.022447645528680005,-0.0031637976724215554,0.005476085306952485,0.0011782800061052325,0.0346174263885335,0.028799010597446485,-0.015649788217531154,-0.029130620255743596,-0.00920196387124802,-0.007235906419383047,-0.0011985440881027844,-0.0007354839296298244,0.011059670347820254,0.004054751822358531,0.000275037449501196,0.0074188826715303625,0.0058642724964654775,-0.00706854950239861,-0.0021241439693379886
2024-06-14,0.0006080205317328345,0.005167879418708212,-0.016023439966652286,0.008379675111109578,0.0008299937566003881,0.012876289526632455,0.02170743611572549,0.004479048035762472,-0.00820182327686209,0.002239471008265223,0.01736259043619188,-0.024746085007725318,-0.01155825074109723,-0.012760767271431899,-0.007468644884442144,-0.015096637929530844,-0.0004799456530160422,-0.0031927497925459277,0.0006193326293428193,-0.00023807759681816155,0.0006186957328012599,0.0022807525478581578,0.004786125118647161,-0.0011996524571351542,-0.0016899138043775983
2024-06-17,0.00792760512416276,0.012175374362672573,0.008368273154591955,-0.009978818361442276,-0.004713458881887835,-0.00520517570045054,-0.0033376686678647316,0.02222745768327376,0.019480452643170835,0.013020277107944322,-0.006847780905889778,0.051619109593938894,0.0059091566544494595,0.0024510065212842024,0.002608936366791369,0.002888777248447205,0.0014607300902443204,0.008816948937348667,0.006173545258036753,-0.0039363376988227,0.0028129599713899887,0.0042479916690480925,0.005950650982694956,0.015385665347166847,-0.0077352270166716666
2024-06-18,0.002537597073665159,0.00030926825298814467,0.0017450270027208645,0.009133313321818923,0.004621305412667797,0.003999264104052163,0.001484744474750262,0.011248965078119082,-0.01104517670409089,-0.0045378141744462945,0.034517194559625014,-0.013860022086213543,-0.010249509062015813,-0.038046410197731945,0.004182874269004884,0.008462727180127331,0.0021544151797612443,0.006319932159786964,0.010306749945781755,0.003936337698822712,-0.0020572712606334097,0.006308290621540335,0.00266630667183035,-0.00019698859028952103,-0.02408824278329609
2024-06-20,-0.0027203415916810824,-0.007737861475833479,-0.004243183599107096,-0.006682537942706783,-0.003325191856219012,0.012407060942233218,0.03785025808982753,0.009362485957576596,-0.02174773089908231,-0.0014348610105578876,-0.03604532574506474,-0.017957490517488288,-0.007122405203974079,-0.003906744861460446,0.01822203930467501,0.012197142408848121,0.013688551755747225,0.005316613830607619,0.008441440453598388,-0.0028613610663163493,0.014517859854887533,-0.005293895987087793,0.006046782253535238,0.0033441514751462345,0.0452021819796222
2024-06-21,-0.001341491211993752,-0.0026828563923002877,0.0022487846444073953,0.0,0.00027766289789405004,-0.015614512577113587,-0.037108676362372285,-0.009616702118432007,-0.01049938818984408,0.009112291389841395,-0.032721115077384726,0.00789947152070122,-0.0011535181311962536,-0.039797819379149654,-0.005777109708268883,-0.003927152688779701,0.002698131543673949,-0.003863727522574832,-0.012000982382558489,0.0025041875532650043,0.006542501685597174,0.0035126240755994887,-0.0014713455590161888,0.00421344428191794,-0.0034054895678756014
2024-06-24,-0.0032561511438087133,-0.01144999757834484,0.004332790810924261,0.00403612365248804,0.0010167729225052358,0.0039497558204108826,0.0007410321914974585,0.013261898600443552,0.0031276757687121264,-0.004702004714234045,-0.06917907847390127,-0.002352322975826024,-0.001848383499641461,-0.061867881741318416,0.024902087842020332,0.006566985269567886,0.008327086441819568,0.010222705627877752,0.013057452035656916,0.007711056386813734,0.0024840369814312846,0.0011285836051890617,0.01447283189204098,-0.0028395544604502944,-0.006096794675700191
2024-06-25,0.00384356810396017,0.011370706932723275,-0.0032854118784993126,0.0016945958826913258,-0.0003694484595784773,-0.004974590412272902,-0.022472870301669445,-0.010088300314374856,0.004458362038032995,0.007300028570173692,0.06537945510916705,0.02579011465212662,0.0020792464217131088,0.04332279262977047,0.002297932250621986,-0.00791004697421697,-0.007322375597259276,-0.007481758863746123,-0.004081027213744589,-0.012366452867979801,-0.01302679310512011,-0.00954373206982247,-0.021714575258390146,0.002154793344812048,0.0
2024-06-26,0.0012473735559663498,0.002063043145729605,-0.0026460935873974445,-0.014388850492071401,-0.0054686763114773305,-0.00927101143578294,-0.0034149209491137096,-0.001902969485489011,0.01979598338641585,0.0026796069095562413,0.0024556204839529384,0.047022052078928164,0.005753093522237429,-0.03268761414451792,-0.009885918830414984,-0.0020484916364446,-0.0023100601814035233,-0.006318140038678015,-0.003236465625822694,-0.003115483510334715,-0.0025168674556307826,0.003589497717536925,0.012821830972096233,-0.0001956777763781458,-0.01705574414250692
2024-06-27,0.0015751679490797151,0.0025780298563522204,0.010097486053152678,0.003964179265378272,0.0019498568083551,0.011273144249924162,0.005307112395353845,0.014747833723460755,0.003978003700478446,0.0015248932380425965,-0.019250608958646546,0.005332819818052439,0.009818471152281035,0.04296341411323682,0.0023155038633274846,0.0022315511979497894,0.0002999016874550414,-0.001219635205025529,0.008774571812877332,0.009674594774984169,-0.006971573285311499,-0.004968916171303341,-0.006021913752234727,-9.781515685644317e-05,0.012176472756359285
2024-06-28,-0.003942982620513893,-0.005204448898960813,0.004099089532772762,-0.018780898567687016,-0.006420435892744224,9.297215668029186e-05,0.004526561137094811,-0.004137700623625835,-0.01638763737368587,-0.013114204515447852,-0.003635805175337371,0.0023273813203096337,-0.0013642011942491376,-0.007933189487064193,0.003847209716966396,0.017076899337646972,-6.424241518371893e-05,0.003411237044447951,0.015395225755162003,0.007946752847302249,0.0024661217914581325,-0.010255391727557866,-0.0025076046499429116,-0.02859321133219009,0.017036009037361643
2024-07-01,0.0020562313979985585,0.005847871286188659,-0.00841406062074876,-0.017409553988729832,-0.005957312457586538,0.0026012036358740546,0.010483086876317658,0.024205297813483594,0.028689161516509482,0.02164561411775076,0.006133025576896807,0.0587798336030084,0.011312337633460233,0.048912293595765224,0.0005484835999939594,-0.012141771726127876,-0.0014140357205576473,0.002186809222394567,0.015648822226848803,-0.009476279670353447,0.001913703933679845,-0.013429543034852217,-0.0034026002576957835,-0.01266929213462056,-0.028260737552182866
2024-07-02,0.0067070817549536865,0.010445018885326767,0.0034237208435925134,0.0077554234044095675,0.006387975284874889,-4.643502198153371e-05,0.004459276529722472,-0.005287443011822337,0.016109430413056305,0.005567658619487989,-0.013200274305252394,0.09710195030947966,0.00828948243995553,-0.025430986639533203,-0.0007678550565042305,-0.004019280021810369,-0.00158771970305537,0.011583179972187574,0.016317687434219692,0.0046893609533205215,-0.002803754213559338,0.007225520743657015,0.008705259898583131,-0.0005101510154438214,0.04112377670539189
2024-07-03,0.004452590651339259,0.008302471057553234,-0.0002478518555297794,0.013047877872563469,0.007370529577332321,0.011209933637062129,0.03174872925507121,0.0019706378519356925,0.005794280534798883,0.0032389576966611487,0.044717520347923166,0.06337304899541417,0.017472542541715885,-0.011360458494743278,0.004379810151859586,0.008657786523884868,0.0007083569468383541,-0.003123998573968879,-0.0006705495253829274,-0.0009602572287926349,-0.0023307621699653887,-0.00042700097241687854,0.0024943593944467745,0.0063071099136701655,-0.0024984240946845254
2024-07-05,0.005749908524845502,0.01037283957818999,-0.004767671257894231,0.008244538322673486,0.005191890986721716,0.013396660734694534,0.022728229523506394,0.0004920767346672877,0.021389910200941647,0.014628574262734445,-0.019283486955406458,0.02060688228437289,0.007426861299806603,-0.005617284528201968,-0.015746757669161008,-0.0068592505826410586,-0.00833890688832897,-0.00024060346218161203,-0.01333909228443651,0.002758123618949572,0.005407619604699048,0.00838789120119589,0.026035591055122497,-0.006307109913670135,0.04765642837208619
2024-07-08,0.0011533873169999632,0.00237544186133938,0.0069948990570714575,0.0021584073484165844,-9.248455790090125e-05,-0.012479622087256387,-0.01236547780295309,-0.011006101493362288,0.0065174898042031125,-0.002827110566817787,0.018659579569162355,0.005629789876539415,-0.001306650298958934,-0.014046670654846395,-0.0061228465586953985,0.00215996482765057,-0.0008657781296669374,-0.0026516008369172413,0.0018538261456708097,0.003227900076598695,-0.006850277203276207,0.007898111245375428,-0.005153127760599459,-0.0017444517602866545,0.038739597670768865
2024-07-09,0.0009720072241751217,0.0008642058049610664,-0.0043598567180221015,-0.004429822799742221,-0.0018514129387186956,0.0016943111880903482,-0.00035549588048001653,-0.008115426860099868,0.003767842852189009,-0.014474547135605621,0.02450257365244056,0.0364508858978897,0.0034805310272589983,-0.002678576679376691,-0.008861233369145016,-0.009158596126226114,-0.0031669698625544506,0.007694315113474012,0.011918754026022113,-0.00023884774972265945,0.010734052131932265,-0.005177862272736886,0.003152306343069007,-0.003291745576231159,-0.00893789530091734
2024-07-10,0.009846667255694523,0.010372530776452765,0.009734069856348756,0.0031354800998870534,0.0024061920287140833,0.003653653384415535,0.0014214290840583216,0.008861296222450103,0.018628963793609878,0.014496107287218622,0.026514046042048243,0.0035389720904070512,-0.0021738807282999885,-0.0018656464048911498,0.0067371368557935666,0.007394484363508852,0.001541378804546092,0.0038248361667173147,0.000818577408242088,0.0073749797883620495,0.016055355596876417,0.006857897679321815,0.007269555430251357,-0.0008247121462671531,0.038003799915609586
2024-07-11,-0.008659890282272866,-0.022174276871465986,0.03531326297895048,0.00966803832714349,0.005346675625033568,0.017578001160184497,0.0182975005008997,0.0056994215480502914,-0.023494614200384862,-0.025084141071276805,-0.05727629813001443,-0.08822077208547265,-0.005236793090769217,-0.022709894418668174,0.0103536126790762,0.008035061507095582,-0.001367544395405885,0.007843291409138666,-0.0016858174767809158,0.028276374043400294,0.0018053647066995488,-0.007582729612982539,-0.008701311444753224,-0.003822945382400624,-0.011041403355405465
2024-07-12,0.006287511458115557,0.005857713265168808,0.011608913223669767,0.004267260169046962,0.0036705075842094832,-0.0006272936376367233,-0.019718929584958005,-0.00856140760075485,0.012966357736883522,-0.002532377935389546,0.014339678474930756,0.029434316513726,0.02335245213024134,0.01567118315337908,0.002544086441339247,0.01337907990613382,0.007250322910689046,0.0033087511135485746,-0.01217311334439451,0.007574592975972757,0.001201803975982889,0.006442975542364244,-0.008055131662549527,0.005471530547527619,-0.001815441721470512
2024-07-15,0.002746456842766913,0.002684269629601381,0.018823311982309358,-0.01156331882738378,-0.005511169145070633,0.0032219172131206842,-0.003205707113675248,-0.0016212169316542201,0.016604641715418825,0.0009035266953086754,-0.006209444449040415,0.017609829570940913,0.019261889443977397,0.10785717262775683,0.015021294317240922,0.0298836575619669,0.00032336665412452197,0.014523624736441183,0.024628390334950335,0.006723374680745665,-0.004279300173118339,-0.012258766252012174,0.005329446754143117,-0.0026803127558778176,-0.009849563731941003
2024-07-16,0.0059125671879812726,0.0003828707118836629,0.03354855529016094,0.014008418019972236,0.005785878850560283,0.01972987782004887,0.020480938722019146,-0.013318518090355181,0.0017902793523635783,-0.009828876096713625,-0.01632699013484076,0.015396997777534508,0.03501904119328001,0.0349592552357349,0.004452065073482261,0.04194002003987827,0.010080820496812994,0.011330944043143215,0.016852979128312667,0.012191030281733455,0.011790167304352464,0.014297541275323466,0.0054440714846304365,0.01638203855652687,-0.012759693781991186
2024-07-17,-0.014120287835678726,-0.029794417980860743,-0.010518309897077178,0.00021239221427029437,0.00045788395128482334,-0.0046540195707981385,-0.03340753183940815,0.01953976476914971,-0.025621332440084705,-0.013437298851801744,-0.06853510579840602,-0.03191970033228875,-0.019830992365596607,-0.00954880238994568,0.009918063802443438,-0.007739656723160935,0.01585820499962666,0.007559327625501452,0.015099539645964237,0.006820708008998744,0.03622120207242368,0.014804370975756872,0.014749852046896796,-0.011850250642978023,-0.1076473680980124
2024-07-18,-0.007714718215876788,-0.004743789041508603,-0.01953716730330131,-0.007673269804401794,-0.004311236950277701,-0.006401633154546521,-0.017131795204918997,-0.008970919887678825,-0.020748665852172426,-0.007127667998614547,0.02593417189627186,0.002933302220995548,-0.03916291227528603,-0.06578645686489765,0.0018219101937450518,-0.004959154381025921,-0.00014709015454646176,-0.01216868589208016,-0.03228587538712347,-0.008842100515869498,-0.007436203731406471,-0.005919246735021924,-0.002960767591284235,-0.005357953094427115,-0.023224320712721402
2024-07-19,-0.006662638314655088,-0.008903092976719578,-0.005105838527198337,-0.005901781768978812,-0.0036839199806174743,-0.01810066223064627,-0.01892801792511109,-0.02406704517999509,0.0005797714779415348,-0.007430359115705688,-0.026442784609792987,-0.04107613843938718,0.001287583285179852,0.10007734323456564,-0.010982023386948037,-0.023876339333857157,-0.0022713970106511567,-0.010215982738786081,-0.000952898567222069,-0.0018003014974545856,-0.004707784343454799,0.003142612025541522,-0.0009890565136667557,-0.010907519973939187,-0.027267037302849146
2024-07-22,0.010257139566992516,0.014787857380927567,0.015784939343500073,-0.0029098272776764845,-0.0005538826769947468,0.0003156824791686295,-0.00225061511482943,-0.004883665363853609,-0.0015615206045545662,0.01324951427858545,0.046473788823079544,0.05018271902171053,0.0218483347425932,0.028150347423961008,-0.006298776399331699,0.004754462928071762,-0.0006952272874810369,0.005585279865673222,0.002380658959616472,0.010308181529918569,-0.0029133180456576294,0.0017251482949566838,-0.005243238292997899,-0.016959466038157348,0.02790874471110014
2024-07-23,-0.0015698653017631335,-0.003530918591521069,0.01056647121246979,-0.0014042881641032122,-0.0007386563435171668,0.003510507096461622,0.0018758641745402164,-0.012966986206433018,0.004677334094984178,0.004302828829294867,-0.007719635954285084,-0.020607648987956702,0.002095965471565195,-0.028771214534592148,-0.016033755520585443,-0.010693038580519778,0.05473359783534871,0.0018547280768480797,0.00023776200361347652,-0.0007806465931590026,-0.012329262440854884,-0.009735250734482032,0.003828805235585531,-0.03447687062132466,-0.0120696927611447
2024-07-24,-0.022923336873522833,-0.03652937735231065,-0.021704489172297597,-0.010867017786130183,-0.006116266433426664,-0.0035105070964615765,-0.009414492323030117,0.0024766331062798185,-0.029175800477874773,-0.03651347359016996,-0.07045631675165341,-0.1316429436033912,-0.06599126417169492,-0.05002139747062523,0.00011066316408345346,-0.02390561010658912,0.02737038205041303,-0.01376085957508818,-0.008307151876896013,-0.0148350597250667,0.025468583297471013,0.008248198131898657,-0.0007078026527911421,-0.012614912406144542,-0.06277381156727219
2024-07-25,-0.0052238984211691085,-0.011088937554285097,0.012408562362718286,0.008161314406512408,0.003989000703359538,-0.015768400613655725,-0.03935694883572573,0.008426854041664747,-0.00481614328757303,-0.02478579874565906,-0.017393318028813286,0.01953112906763447,0.010678623265045865,-0.056836787221682714,0.017120725433019787,0.024283099653241953,0.01196230205891374,0.003750510846040487,0.0003833672382985366,-0.0032888895789873456,0.021272129139895412,-0.006569142977391205,-0.008249393773851858,-0.006591818366345667,-0.04460889652006005
2024-07-26,0.011137344972194393,0.010203680202734041,0.01641242473004324,0.007772766035034149,0.005539587089334693,0.010479424389843233,0.00275102141131568,-0.0175819919686148,0.0021587206297639405,0.016286271457523434,0.006922839575797086,-0.0020452089625195087,0.012971494825950126,0.04810702451135486,0.003150665485420536,0.01779048401584012,0.006499644284786605,0.015554523347942939,0.016963792759890173,0.017342783927381217,0.0062445527412675885,0.013154494463459074,-0.0034332267557702413,0.008038378374798056,0.012001136400124988
2024-07-29,0.0005876069798269525,0.0020067476797756166,-0.011167333840044627,0.005362817157862778,0.0021155265574544476,-0.0014060442276131696,-0.0015710532736032182,-0.012161394438873405,0.0012837972771578348,0.003427301314075137,-0.013087212695172077,0.054450283723543685,0.003271217122199264,-0.03659786771543464,-0.008606296017681274,-0.017122562463448555,0.005397145422548417,-0.001383096850269593,-0.006570748761761047,0.005122353453020196,-0.013032843487629207,0.004837384418477766,-0.002295606580653291,0.024277589769036403,-0.001715918691213558
2024-07-30,-0.005079227231496193,-0.013826432257582445,0.0037813553410631336,0.003843085921306772,0.0008264757357337981,0.009935936183544556,0.015213844689301877,-0.009756219710749902,0.002562660702265259,-0.008968341528874506,-0.07304004280056588,-0.04170207944562903,-0.021345319759786374,-0.0424778906337481,0.015416649779814154,-0.008189642447578773,0.018812088356571527,0.011467953132776298,0.020374357602261348,0.0077452501014773295,0.017319147339264953,-0.04964393266031951,-0.0061955289202109635,0.017749116023958542,-0.009418075632943513
2024-07-31,0.016123894118010303,0.02916414492166219,0.005779139844924779,0.01017712662103569,0.005766963158643248,0.017948680176280075,0.02144852323304065,0.04310784179589794,0.014879651504408271,-0.010864775011503097,0.1205533370473245,0.04157282172336867,0.012598237313445244,-0.0004456401387580153,0.0041930797521785605,0.01302509073269801,0.007891893136789797,-0.0025117401182878463,-0.01116848721251524,-0.003533202645947468,-0.02180693253836373,-0.0058301086349738795,-0.007980862278170128,-0.0010668102104237536,0.042704023695113065
2024-08-01,-0.014262136750138165,-0.024519607667105016,-0.033060892627441704,0.008587895709923996,0.0033104262243380794,-0.0034488837098835684,-0.013735382001615634,-0.018828017842150952,-0.016892677863788036,-0.002968406408046377,-0.06907209966475987,-0.0677870949965208,-0.05229949377974434,-0.053651315265964374,-0.02685688727382803,-0.04332856229447537,0.012725026202572052,-0.014276240309450638,-0.023007025941953,0.010014863989738628,0.018267337365512712,0.03020584321479451,0.01661517331938303,-0.006854435014950215,-0.08625662409270224
2024-08-02,-0.018793890858791885,-0.0240210520059069,-0.03600855777086998,0.030686055225049046,0.009721715388684452,-0.0019064443892983563,0.00038410711338896154,-0.038754201862336544,0.006845934785965358,-0.020882536114146977,-0.01792353358793476,-0.043301714320780456,-0.047391005621403096,-0.039326046252584186,-0.026126300146326466,-0.032652000092994536,-0.000163862000611534,-0.024889509074065896,-0.043337709259793564,-0.0005477230170849852,0.020807115914232798,0.026150562694223636,-0.01924114129691577,-0.038116702588326626,-0.0003017905783991095
2024-08-05,-0.029556394365404536,-0.0302698804420418,-0.032694014476779776,0.005276704151631479,-0.0025349542307471287,-0.012773165762624666,-0.04637374186475224,-0.0023190538766148655,-0.04936556091614118,-0.03320193424843586,-0.0656889846805814,-0.04324862022379944,-0.040104358162338406,-0.07604383875500352,-0.022305629185092254,-0.012765528874625095,-0.006196458390301013,-0.029435216852711048,-0.02152160119326729,-0.029013167474362226,-0.017763704596038758,-0.011947968122052883,-0.012789560115083897,-0.020186683461947207,0.017357964324921177
2024-08-06,0.009177465400997311,0.00950984413148876,0.010821339752762196,-0.022622182659994414,-0.0065478460901452346,-0.008032891286850028,-0.00888899673955838,-0.010571997719377635,-0.009796188988429688,0.011223502031288354,0.03713187521913066,0.008810602088580683,0.015290449631326452,0.024503347489203766,0.006111966251360132,0.02997563463662383,-0.0070290677846381894,0.016031475924995497,0.02752925921145683,0.01954602650170863,-0.014240385726271013,0.00017851838066286602,0.002216870151309562,0.02464264658469405,-0.03502255786920111
2024-08-07,-0.006706494161259906,-0.010888781837448597,-0.011910050116610327,-0.007064892588473544,-0.004572487331945893,-0.0006798590470787476,-0.012660960234923491,0.03044962041173569,0.012420839009862916,-0.002957137108268587,-0.05258157453273858,-0.0452676929224409,-0.01832609400144754,-0.08185114800546513,0.00401583263866412,-0.0019627078525186093,0.012751607755527137,0.0012039743075970494,0.00029947706283660726,-0.0068812189120663544,-0.0004406950970495712,0.011416559710349241,-0.012328427260056373,-0.045594272008418736,-0.011667078915724586
2024-08-08,0.022854217421822778,0.03013215732970184,0.02401849407975217,-0.006170712776403788,0.00045817560961640316,0.01556622880577821,0.027565600381506683,0.008930391311087377,0.01649646462528972,0.010635172645321784,0.0594642094418183,0.036255901329012616,0.04507944146897873,0.07227778285960768,0.021299041754663725,0.0313037809172012,0.005653828037976547,0.015996837050354852,0.01809869606376989,0.009752806258753539,0.008272930463413678,0.004986794025779331,0.011146830422434344,0.0,0.05775414384286236
2024-08-09,0.0044000587291470284,0.0052088972313019,-0.0020804158428111463,0.009813216146077684,0.0051175615351657065,0.0024522519879110324,-0.0003999291729397868,0.011347273093983994,0.013642338609249615,0.008235324237599942,-0.002098040410616968,0.0058169037389324395,0.004108722854349799,0.020432433915597584,0.0022392980203198606,0.006227528045410748,-7.25371046147368e-05,0.004254136781880693,0.008490939123203804,0.004621424282009378,0.00249347470458115,-0.00193316792495999,0.004276890449623859,0.002904144329802376,-0.015152386904596391
2024-08-12,0.0005252031893121629,0.0021513018510277543,-0.009049899909386618,0.0036293688450773904,0.0020941299177819005,0.01699935451192235,0.019410384540543796,0.031129359611728098,0.007104747088225586,0.0019437973292942077,0.03995488340266344,-0.01262938858524463,-0.013110188589206723,-0.023452807048064437,0.004909109066049553,-0.006614253007734127,0.00961680654463609,-0.0052023554981075705,0.001893100616411961,-0.0073825452456524636,-0.004617692058654478,-0.02211445061237327,0.010977043924556123,-0.0030205145612387982,0.018447984227210966
2024-08-13,0.01631166218959137,0.024509971173245763,0.016336921463255112,0.006911037317792553,0.006979454827120432,-0.0015335341694870399,-0.002749940646101162,-0.012670520633458079,0.017046897331136613,0.017544014782569752,0.0632648796227696,0.051032468678537876,0.04000059118159576,0.031823650504741945,-0.009729900384287863,0.008209329058068957,0.004496972147371933,0.008263545704224948,0.008451549966174868,0.00869915386434813,-0.009363209245384809,0.002873535085707269,-0.008331506859585006,-0.0040804269874245205,0.03138077189214276
2024-08-14,0.0031499856356211283,0.00032424674835568513,-0.006222223821859787,0.006251034004190709,0.004416086648681582,-0.008189191333500994,-0.011473950602821515,-0.013616278332464034,0.0020315980073056794,0.006860307661229447,0.01656618697879805,-0.03152675190710158,-0.01609502922170517,-0.01005337577082717,0.005826918405383244,-0.0035776386912727927,0.006769673482740494,0.012152631953678918,0.011000262630704739,0.0026278497885767757,0.0005678604235565886,0.008985694774815534,0.007749138617208278,0.008144361509429624,-0.0026962190040923204
2024-08-15,0.01699500857259861,0.024949212153764725,0.025603268908209246,-0.008103135739777835,-0.003062081146872921,0.0031339290416113642,0.02863507878603777,0.010649546417540887,0.013439795137420522,0.01175439912803228,0.03968305395067563,0.061436309145650216,0.04684529721446051,0.005902064542603274,0.011884495902161394,0.02356547308985167,-0.005215767774032009,0.00924869698445491,0.00621152175743885,-0.0007657877590853499,0.0038417798173810466,-0.005227054316313479,0.06375537282751169,0.02844440192292073,0.04589330962910487
2024-08-16,0.002239582094573738,0.00128496969633387,0.0026375662299328965,0.003495605254419154,0.002972389302839299,0.022140811735288115,0.02180234321690567,-0.01418099538318681,0.0059010959086534176,-0.0060988724677538565,0.013902510342256475,0.00920378250292453,0.003863247320080131,0.04070836457896282,-0.0011046373738446537,-0.006268845489604339,-0.00028546083806941114,0.007337644552073334,0.011374527467395241,-0.0005472739361374272,0.00188393827644511,-0.0001785087384767291,0.006528950859980449,0.005727468466571753,0.008110323961739227
2024-08-19,0.009515837873381946,0.013050446364195282,0.012155415491596388,0.004607530485358464,0.0023355208555725132,-0.0016393656726291592,0.015020921431161367,-0.025747971570824927,-0.0007080362336989331,0.007285763164526727,0.04258626160587154,0.0300815962441386,0.02242749298639276,-0.004148629987419262,0.006719890255422853,0.0034006303083114783,-0.0031112336219787525,0.005468292963523348,0.006892923988194776,0.008286997980337583,0.0015046596997860954,0.0031518200613799047,0.00366935893882945,0.016877957921684547,0.044241030388807764
2024-08-20,-0.0016273260564742046,-0.0021007430482952194,-0.011732124626368733,0.00793652202059512,0.0025986163622959807,0.003663270802502215,0.0014897922665725654,-0.0074218736985404345,0.0027409286465810527,0.0077275574082039675,-0.021380660520434167,-0.007300267158314843,-0.012272813432673708,-0.03590043043995318,-0.026703902358677176,-0.003924888108220319,-0.002474585828367695,-0.0031861876244693157,-0.004325859477171774,-0.001195071490315438,0.0033146955120217166,0.011746430959350025,0.011061646917651602,-0.011962777771702066,0.007186858086722072
2024-08-21,0.0034306611565434377,0.004653209806888936,0.012939709008979802,0.000607810901244915,0.002234693005352064,-0.0013345079227064104,0.002972871803948092,-0.01680027705889688,-0.00048582140735301714,-0.0015549653600598792,0.009775187052550172,0.00976670507756732,0.023739321721183967,0.04452007037300063,0.0016899524690140275,-0.000961671652032692,-0.005851706114823808,-0.0015969535689491746,0.0003728455193875183,0.005313179686532008,0.007898114072891474,-0.0014681900176841665,0.009347227893207898,0.010861232103555506,0.00897497320332515
2024-08-22,-0.007879539401688134,-0.015981944715886886,-0.00885756971690828,-0.009975541283695565,-0.0041157494371076115,-0.012047289256478088,-0.02099819827735287,0.013408373748716321,-0.008293844838167789,-0.020460740821808977,-0.037746313829189845,-0.05813634375381778,-0.030271632651638444,-0.03855567391266795,0.0025857564569248823,-0.0017801982526793319,0.005887621758046597,0.005691504637718177,0.009415007524962212,0.0029154077183982836,0.005683097822316967,-5.862214291544044e-05,0.004508779021912122,-0.008857528753469075,-0.039486896052071535
2024-08-23,0.010569479265881268,0.010787184365572817,0.03143549153175989,0.006526022135264816,0.005722018351544965,0.011487194343258775,0.03023187396410119,0.026421454550779395,0.010235512810387941,0.002979662705455558,0.044493826438305475,0.0448355914315171,0.04398988920920521,0.06331568837793972,0.014823481793582389,0.01751723285168425,-0.0036329733884682466,0.008589737788191531,0.007725241383820313,0.021758576473424687,0.01090418800287071,-0.0057763514589423024,0.00158633624542835,0.0070922712397164436,0.02139118253055485
2024-08-26,-0.0023869587657395944,-0.009755691119857976,0.000317604749068055,-0.0025441622492906636,-0.0012489335980629447,0.0031842629268955657,0.0044020221809768076,0.029732255385001766,0.0014977434657738084,-0.0079491551575254,-0.02275024342565226,-0.032803441227522996,-0.011090733003319336,-0.035632050720039644,0.008921294557065862,0.007862057457993009,0.005551952283038057,0.0031460035246052087,0.003931610528113721,-0.0004222076095306979,0.0029203430209450414,0.006951050857257973,0.004349798813054787,0.0133817929084557,-0.03272738693717976
2024-08-27,0.001372267958030447,0.002982801372829159,-0.007787033877858909,-0.0017338088937267756,-0.0008036682471808536,0.0027030152296240286,0.0014630915303479248,-0.01736699909208973,0.003734540131903371,0.000846080442738507,0.014445203108508666,-0.018939062709292416,-0.006802031296254509,-0.028338942928865563,-0.009363775758834481,-0.00011407861238008356,0.0041302568369059964,0.005147131602067436,0.004597669162859964,0.0014767323990703479,-0.00257417294331879,-0.006478226465297232,0.001314335528951377,-0.00963445553694259,0.0033944223581275704
2024-08-28,-0.005822166247760253,-0.011412313072873052,-0.006789140572961109,-0.0012254302051776216,-0.002056823686823847,-0.007051666972008083,-0.024793131636435758,-0.013292220430715884,-0.006776419114575258,-0.007859934948514976,-0.0211894165348478,-0.01667672472989858,-0.02564523927925215,-0.04170491684905481,-0.006440324088714151,-0.008350892372142016,0.006350303957209525,0.002452383299436267,0.005028648144720422,-0.003907265631171201,0.005935075790348645,-0.0011232404481510945,-0.0006567993192848755,-0.01563305964109279,-0.0278937398677169
2024-08-29,8.951821015109205e-05,-0.0014648971016437702,0.007108983956249051,-0.0032756525367757983,-0.0017020932238420092,0.005164620716356872,0.004485948901692838,0.01694613013782599,0.01446502638416767,0.006118630462950119,-0.06597794410175065,0.0025726237078790366,0.009218723946936866,-0.010145924016800078,0.012949102483592868,0.009831035641705694,0.005075970842450547,0.008867258138496504,0.0041489900645205946,-0.0030732367099735756,0.0018892431219385678,0.005721247338154972,0.004458905769941931,0.0035693325560280684,-0.00596195083761708
2024-08-30,0.009500711609878811,0.011848920018712131,0.0057873293277499295,-0.010720693160241311,-0.0027837596767494007,-0.0071515197828322195,-0.01730664286337691,-0.03216477950517484,-0.003443807052729442,0.009683911519562648,0.015023933651836126,0.03725544123667223,0.0031284805326066505,-0.026478773194414967,0.003731786763461049,0.012603494120590673,0.0022027530976020684,0.009445574212911036,0.011588173708036003,0.00961191656450882,0.009876363142051247,0.008841623572759227,0.010543708430118415,0.006326775265986846,0.020881507127047578
2024-09-03,-0.02079369435930284,-0.030831369562750448,-0.031057044393405564,0.016222888239484246,0.0030185887143390345,-0.00433295027353233,-0.029657496296266538,-0.044702487179793374,-0.027582170226570623,-0.01863171919423911,-0.1000966581668035,-0.01652927582030035,-0.04191958100011739,-0.08078375799895705,-0.02518286994073446,-0.04556038754217555,0.004009965542602189,-0.007461355983766508,-0.020221039010495673,-0.0005256090377496238,0.007807412182252241,0.017222886063566662,-0.0007774408880485267,-0.013927024917167418,-0.08144600908943568
2024-09-04,-0.0020489746168683718,-0.0026019691400940583,-0.0016888478779489968,0.012807447908718619,0.006189327101633497,0.0006077417877377091,0.003901697537418327,-0.021038384478949908,-0.008656114280952214,-0.001319734850180166,-0.016712974325863196,0.040981513663141275,-0.0025626248690726497,-0.0355686873361452,-0.013915180534994536,-0.010310261149282405,0.013240169371369051,0.0011008649309824988,-0.004412702155449973,0.002835577224919983,0.001195557979994404,0.007876201571263479,0.0009067386426790893,0.001345445205335864,0.028294553089172936
2024-09-05,-0.0024352282468067007,0.0009331541499022397,-0.004989321844828265,0.005640380194085834,0.0049060648549553295,0.008297784905919918,0.021191285721317035,0.0040143248072719824,0.006903981157526001,-0.0012479923285939989,0.009371273527181893,0.04787601603580388,0.01688485966309406,-0.02180195540832859,-0.0077767698191662646,-0.009518034713540374,-0.010827554380936553,-0.01106208627003479,-0.0077809598200650545,-0.0032563664865301323,-0.014262234276025123,-0.002447595409696655,-0.0036316970600606953,-0.006745314254062144,-0.010203025889965219
2024-09-06,-0.016973052327323376,-0.027152521490853565,-0.019198654657168145,-0.00010049408501926381,-0.00044484632449161114,-0.007430165851405642,-0.029009963688514148,-0.013831067431116914,-0.007039881406117991,-0.016517032042382807,-0.04171226324402772,-0.08824048544582787,-0.047197357934084846,-0.08048628550605645,-0.012593332861142057,-0.012671720003400147,-0.0034532809939321857,-0.014791882504485375,-0.024042784346640676,-0.0009475526369362351,-0.003703916169721096,0.0006836548524294864,-0.004166509233225797,-0.008041343028146956,-0.03718603822895312
2024-09-09,0.011133757136647862,0.0127776947427076,0.002785983362092392,0.004309773449348506,0.0022230584572405106,0.004197056104325384,0.014416802973132147,0.004920362248043913,0.0004075758255408195,0.00995777480243132,0.03478602916650869,0.025949973905266994,0.02493300811984755,0.050936914623274904,0.007182521684774712,0.014109531545381948,0.017390383073452118,0.014791882504485447,0.020267730154057136,0.011101979496555999,0.013474844839608506,0.0026730283909923384,0.009091865462952315,0.004538192987581242,0.0278916266976097
2024-09-10,0.004346326994243965,0.00919929865366494,-0.0008158470807640572,0.006976194244069709,0.0027496855443560637,0.004394427867848139,0.0034755837649989947,-0.0339164510644635,-0.0036279818621193943,0.020685762167513836,0.0151933700238954,0.044759273955983725,0.015128917059063857,0.021754572677702467,-0.017349132889141975,0.00035922353528440744,-0.007625711185638985,-0.01028627412981861,-0.05328343986204371,0.014373730365257638,0.004610992289965811,0.009778397396168786,0.018828795370108557,0.0006789648642267398,0.03338508989933252
2024-09-11,0.010206794111059545,0.021483010333300936,0.0029240809542528294,-0.0007947973057944827,0.00044278574606879643,-0.0015918222264343484,0.006915137061659103,0.013203951283404443,0.011518578836805567,0.0211177120089274,0.07834776500741099,0.008628742512625562,0.021481598928024086,-0.008301513501783772,-0.0093220794597503,0.0025105852627500666,-0.009182541306026061,-0.004731325222379773,0.008091307117667925,-0.001952425423305513,-0.015412870505554154,-0.022007758683899727,0.0003806577810379438,-0.0009053597252847888,0.047976431920571126
2024-09-12,0.00838778357424532,0.009768168264567207,0.012793437280693532,-0.004682501035875387,-0.0007085658979337511,0.01741476344611925,0.043085877105698125,0.029623204964132104,0.0004938417293173344,0.009317275588314624,0.018980410397306097,0.007337206636805016,0.016814654823504683,0.035874398217709574,0.008969676056386846,0.013578991637146301,0.002308138238614395,0.0022558503008028594,-0.0030446253564345863,0.004208785628671339,-0.0010926053171730135,-0.0025906762162068767,0.010347085591039713,0.011034898575296955,0.006053996119457002
2024-09-13,0.005209147951495396,0.004470022832530902,0.024368811835998826,0.0026925763128655624,0.0030965027962179155,0.009894570827460453,0.02713134360205051,-0.0007157096603621106,-0.001212799695657859,0.008372274680967441,-0.0003358726283658832,0.002086485160728214,0.017192374037639888,0.0009817983295304377,0.005623982993751825,0.016733037589143563,0.0028816046475599513,0.002924815598971772,-0.011097234566455104,0.01039444444907629,0.005330784509359183,0.0035102925410445446,0.011730943644009234,0.013900695872061311,0.010162376469787042
2024-09-16,0.0014758125532715154,-0.0044277777298890025,0.0035907344762674716,0.00912094670829082,0.004406884625265585,-8.375168155593023e-05,0.0017828222559418767,0.01478140845143414,-0.028168214410779345,0.0017403629036278697,-0.019671622270472127,-0.0153589759450266,-0.0015308848732894051,-0.009551778289315964,0.011384844125648746,0.007644912097704406,0.005267684483913036,0.01294677327149296,0.017177395966469063,0.00333997530951583,0.008841696504703227,0.01798976799120042,-0.0004962976490005416,0.01425468411138267,-0.0015111913779712024
2024-09-17,0.00040859633669759293,0.0005282060143136588,0.008237779227918345,-0.004847497233704424,8.767393080547836e-05,-0.005546263478781389,-0.003926494880409435,0.011781398210254278,0.002170285960656738,0.008794111932961453,-0.010242385794682113,0.004794890315022082,0.008065498689330715,0.005865100666569588,0.01342446556734518,0.01633332535633027,-0.01036908887035171,0.005308546696463379,0.006664952802766885,-0.006996473476913296,0.00047914883019573994,-0.007702804972377401,-0.024630566713099926,0.010936164526394405,-0.00831958888310025
2024-09-18,-0.0029701369002973965,-0.004338998990471032,0.00018227272012381494,-0.012473407879288656,-0.004141271903180248,-0.007740344731775493,-0.026088411742531757,-0.014889971999142874,0.017829900607740323,-0.010023722228846644,-0.01939267623995325,-0.0029445960609886415,0.0026018863269447463,0.0011689222380338482,0.001935867125322045,0.004034907673322645,-0.0026843529235966663,-0.0030932626283615185,-0.008253871663047838,-0.0012215050687023274,-0.005521915501008975,-0.01120657934366073,0.005455819264059392,0.007723635244404641,-0.01691735062542485
2024-09-19,0.016920307923775156,0.024969904749950617,0.020387538053541876,-0.0033190803588438542,0.0008824896892891246,0.015421236419487408,0.03072717366936483,0.029149212293412347,0.03639508926171154,0.01812596714424637,0.03892557170898064,0.07100962175825201,0.026497231488959213,0.0338523984778902,0.011873246490024329,0.049953430280256485,-0.0005483302907050265,0.011003572144079049,0.014114839952845225,0.00020364626630928794,-0.008037109026076163,-0.01377881418082446,-0.012605994015936015,-0.001390099104139729,0.05541864595933842
2024-09-20,-0.0017301318311112323,-0.0019053184187071222,-0.010773406916189877,-0.003835790995607529,0.0008819289301218293,0.012630557682531525,0.011327543946915186,0.0023340186484007907,-0.002931681312407477,-0.007826636326798343,-0.015992100011663485,-0.023519752638904136,-0.011026334036741005,0.010936123150373614,-0.0022509104394754023,-0.012100386716225594,0.011854997096730657,-0.0006567147948759026,0.0028938077013030247,-0.003980270898700447,-0.004012231078692556,0.015502424579092738,0.012985494496872441,0.003205137316444423,-0.005052993186072696
2024-09-23,0.002495817124092393,0.0026473517871753245,-0.003662511129335933,-0.002126010089545688,-0.0014113292836335511,0.00193852671610104,-0.015251237618228289,-0.009230597707461144,-0.0076099262637897985,-0.004051530119871561,0.00223885730119618,0.048140375327935025,0.000852453179605954,0.0007640380245622405,0.0122721611507412,0.006351464020920695,0.014907758591437312,-0.0012097237907654054,0.0016567716589354234,0.00987052304935276,-0.0057426025409021,-0.002586300962976354,0.015936215979878605,-0.008354737685555046,0.0051167560280402195
2024-09-24,0.0028571377996975157,0.004811933378268205,0.0016747614549531534,-0.00020258244050282089,0.001675654963673366,0.013872405171650835,0.04882418930399898,0.014291859437062458,0.00396612830636882,-0.010061690098532035,0.038886564096068776,0.016935793509053217,0.010806379968174492,0.00854051100020798,-0.002471631719835948,0.038995771308147305,-0.0032437243096094747,-0.008397859659165716,0.0007091307765585462,0.0014164995976225223,-0.002699399754523521,-0.0030548182019605186,0.00422349699860475,0.007714531527894723,0.009966168043398473
2024-09-25,-0.002208106523928012,0.0009267534799881502,-0.012272246539013404,-0.00834719896349989,-0.005921633418232183,-0.0013827232563759936,-0.010951502416565584,-0.02500644917512111,-0.00440786472566303,0.006826997190396291,0.021606479583318294,0.010757148762662677,-0.01251209503009413,-0.02715948563222511,-0.01976682542393127,-0.020100735396994068,-0.0011932275865982863,-0.006010177840167314,-0.006638518209459134,-0.0066958124768490435,-0.01348275362869826,-0.0056729364120782656,0.009008688107963719,0.0024518734787170706,0.023101463215876368
2024-09-26,0.003957018626419156,0.007484957611635558,0.00531455185926938,0.0023484227525503963,0.0,0.005073989582052931,0.006858763649944405,-0.03516628466659736,0.005067415734257878,-0.0018532886794294437,0.004281993127690512,-0.010953821465680538,0.008711408384515031,0.07409509507036821,-0.01981401203374541,0.03305003031051728,-0.0009347143725445845,0.0051220989848953305,-0.001952559904841851,-0.009100659245719274,0.004906867305093664,0.005499725384184126,-0.01834924425556316,0.01353658557888598,0.033203870015040625
2024-09-27,-0.0014513072431050762,-0.005572531904750108,0.006739795074172498,0.005187370173504586,0.003981209425894799,-0.00796748708764577,-0.013764828919896771,0.01809346484428869,0.0011859213956544425,-0.007657002940284123,-0.021513221222779034,0.024249227064234113,0.012822048508777403,0.060909024074388876,0.020158247317093324,0.0003067723982877825,0.008553496874280222,0.0028833557218027207,0.0034261936789496883,0.001273185555073958,6.181195324686681e-05,0.001961150210177493,-0.001753406804347517,0.008472508548310446,-0.01892534353981565
2024-09-30,0.003999221306372743,0.0027083131500177595,0.002538393668156005,-0.004779892871681313,-0.002475267223033738,-0.008031540905021974,-0.015715383999252545,-0.004993212272747592,0.022614349547972305,0.005312699106077157,0.00032944748824290657,0.004482044837533062,-0.007336838054817868,-0.07073872931401157,0.006971958103967934,0.00010234299200949358,0.003770608549480566,0.003758133896275706,0.0017088549532584439,0.007831959012429569,0.004080998030092416,-0.0020187400637472984,0.01208524700847276,0.001872972480570784,-0.0016442123238809554
2024-10-01,-0.008998800666687687,-0.014030560975393283,-0.013674504576634468,0.007194127007600551,0.004794202126699869,0.0104365981433154,0.0059659793370593775,0.03084103423341522,-0.029574653801527746,-0.022586299320405654,-0.037246314259814804,-0.013894251852425751,-0.02881425440837904,-0.07673209558404234,0.022523432648103296,0.003241847848055186,0.03578944594698526,-0.005309537005894849,-0.018282368926889832,-0.006487823257079425,-0.0004319848235137261,-0.0009242908619071459,0.006418790792298921,-0.022498836705430826,-0.026744031666004867
2024-10-02,0.000421992719650843,0.0014119797699214689,-0.0013778485452282637,-0.008462677445776364,-0.0022126270490082918,0.000203566476664727,0.01458866015424002,0.00897364361703627,0.0025165632465533063,-0.008498344501188165,0.01568812447801777,-0.03550382703625739,-0.0067355252113699485,-0.0032778546596083065,0.01019280891690194,0.004221562711250228,-0.0044001074259604174,0.0011084771322080575,0.0012067525811139126,-0.003518971789264427,-0.005074918670979454,-0.006493510052294826,-0.010389451856505043,0.0010627288873435888,0.0001877681563521693
2024-10-03,-0.001829849680570939,-0.000747289132477171,-0.006732273027810128,-0.00946520639192417,-0.006489190063775751,-0.0006922454344500081,0.007899733475932062,0.04000804444351105,-0.004906682347852681,-0.0014155326136749112,0.03310195892506669,-0.03414806745440706,-0.010519482301831197,-0.008364643126328461,0.01748305312961776,-0.007540047072202899,0.004334011000063772,-0.005332210226780256,-0.009987540089124135,-0.009165809572627893,-0.004165635395026454,-0.010525257855459191,0.0,-0.005538531303277662,0.019031707787616668
2024-10-04,0.009046337139021374,0.011827889988415666,0.013876146150655409,-0.01237718855510654,-0.00545475983740848,-0.001998025038998091,0.0044376610724492,0.008153584225935795,0.004994858405834588,-0.001152956397035911,0.016709403860813807,0.03839570976808356,0.025235184311853842,0.04677357653864503,0.009272319777920196,0.015225128422264832,-0.0011395385750714807,0.016788594180767318,0.034878375792064764,-0.004824810400344149,-0.0013094226586568014,-0.007315564422996759,0.006320779044128662,0.016103754696535664,0.04824898520597228
2024-10-07,-0.009081569912770038,-0.010769373858067581,-0.007879393346225906,-0.007563794106251946,-0.005124418051981496,-0.0033935140367649104,-0.01475409499804648,0.03664824860875891,-0.02278853119934462,-0.01579488698868568,0.022166829270192166,-0.03768957599969925,-0.013844032395899306,-0.011711904361566989,0.003535187643649055,0.002917108777665229,0.0006774759974079872,-0.012343084657834558,-0.0013739534935298028,-0.008871166887824394,-0.00475270340208772,-0.010476391323017142,-0.022995305704622115,-0.0294358238228072,0.0004095552472997558
2024-10-08,0.009413097770271649,0.01482423336266779,0.000689775367798444,0.0016856412199928023,0.0019807310358297683,-0.007399232494344503,-0.03231753209335883,-0.04400989038435532,0.018236779125796954,0.012544912474744046,0.03968131682871131,0.015124010919583781,0.01577557401829703,-0.007308167907905338,-0.026439985596670885,-0.026177749646253648,0.004136367129478043,0.005749507171692791,-0.0008538392746865606,0.002013591086460331,0.001002447993847847,0.006203826284462467,0.007682180094890488,0.0012980855001461823,0.010646764375705425
2024-10-09,0.00690247597092669,0.007837569071546082,0.002203563169048292,-0.005701004744397782,-0.0019807310358298112,-0.0054610705017173605,-0.0053696071839817085,-0.007150466274743375,0.01656043556256475,0.006609092270290918,-0.0018075912927999847,-0.014210915403026646,0.00021443104664238484,-0.004302888446284449,0.006021317535818916,0.020991580953115162,-0.004846930661853493,0.009218678649883702,0.01258948022674042,0.0010579918211467401,0.005993775445683828,0.006579389674891697,0.008619215337640422,0.011713604273046489,-0.010354340320551835
2024-10-10,-0.0017514865874064195,-0.0011362562413439708,-0.005564402728033343,-0.0039250142002011795,-0.0010821285436017009,0.007316064767089658,0.018492651901131116,0.03293980591297468,-0.0021805682261797797,-0.003888130620091475,0.01615233980259614,-0.009503630132407265,-0.010342763142513464,-0.01630272130989866,0.006744242410591509,0.0011352522524140755,-0.012672653852476772,-0.003063431385852586,-0.0027212654629705305,-0.00892290999623147,-0.0008719426860631177,-0.0018925108756574066,-0.009874483230526478,-0.006538463798995437,-0.04081719140082683
2024-10-11,0.005970301784518169,0.001562004108940779,0.020132632437000603,-0.00404735156775702,-0.00018067805307755703,0.01085428686886074,0.014690718490347069,-0.0036068413339225163,-0.006526640691534804,0.0011537886172475478,-7.416987634069705e-05,-0.09192353886888893,0.01012833209587102,0.07112934458163608,0.0061604020163940655,0.01347265197307015,0.01111809198190082,0.01910201283249638,0.04344210945179758,0.011246695989895377,0.005901362089697608,0.012587044496907509,0.006136072836796427,0.012184869623400716,0.022345657103669484
2024-10-14,0.00814518816431529,0.008356365343422037,0.00733989599172574,0.0007468976058830748,9.030615863086117e-05,-0.0016308312397319176,-0.009068716523513187,-0.0203370009637221,0.01634549751609708,0.0067506957813048395,0.02396862957161232,0.006224848869363441,0.015530565431515438,0.10725802596537919,-0.0004309473374803911,-0.020277662173262555,0.011028614619688924,0.00621577803913507,-0.0036505586229651755,0.0059959686838781945,0.0008667157969957504,0.008265433791339887,0.0023693591854416856,0.008884264411222273,-0.015728473408746446
2024-10-15,-0.007800182123287511,-0.013456849571457766,0.0008073091988585014,0.012084265871452256,0.004861078910234992,0.0034623584364339233,0.005938818116742258,-0.04264548423443695,0.010964368900282653,-0.0009548898403459402,-0.04799380089788591,0.0018690482583790414,-0.0016902183716774068,-5.0980496396082926e-05,-0.03276120510696321,-0.015244487751217941,-0.009655791111713516,0.002134464702054261,0.004100292391838237,0.011988796384043942,0.015351819497667124,0.006125791626985102,0.016796581614810367,-0.007928594785258813,-0.05363035111845894
2024-10-16,0.0043370790357083544,0.00012213230741516237,0.016318277299399983,0.004205332279202817,0.003137964528169821,0.0049891427128232555,0.006942088506047378,-0.004960062542532065,-0.00889115880653364,-0.006276407976385987,0.030826887966629458,0.007983687088569507,0.008422827498292356,0.06954278482088273,0.004778105482078105,0.014406430485297961,0.012859173335371257,0.012290898882860236,0.0056050946875115795,0.010924460418337043,0.0010961986671059302,-0.0068795204813102435,-0.00528019397567161,0.02649793765772126,-0.003261150058229149
2024-10-17,8.599310033373855e-05,0.0006922815273959649,-0.0027381289097766362,-0.015969781924146373,-0.007457746963646892,0.0059704521617615375,-0.0006920573988208834,0.0030340833401324117,0.0015949312018060985,0.0014408914576338086,0.008875892497325845,-0.0019899714413276278,-0.013723380460814946,-0.030290725647761932,0.00475529542719107,0.0022077234728851047,-0.005251955397140067,0.0027342516514568447,0.0034816187535232188,-0.00792383573746906,0.0011558502602365588,-0.0005803995161122819,-0.004071373179525972,-0.0021729861147018344,0.0007682637890639175
2024-10-18,0.0038389937679599064,0.006533410210534672,-0.0020807545332279928,0.0007460145134478467,-0.0011730933057212452,0.010562207979593495,0.05881083160089804,-0.01722272422377844,0.01220188665739469,0.003449647955760788,0.0077838696637059415,-0.0008605378505268966,0.020827467208189947,0.07548177622095589,-0.0033152760951045265,-0.0015983377968403698,0.0035862015668372766,0.00020999248622208022,0.004224217856582972,0.0074112878864451125,0.003944365151894631,4.082542704659521e-05,0.00517877308201035,0.00763597669945875,-0.0017935997262517182
2024-10-21,-0.0016434483217905584,0.0019194234846317201,-0.01585731472468149,-0.017625268737692365,-0.010255673828079293,-0.00019902108052380224,0.006830437764403722,0.012253075698905812,0.006278104147709115,0.001481568156584374,0.04054367112187221,-0.008417707909120924,-0.013625568987074463,-0.02991491420531183,-0.002993343819845601,-0.005032258665632093,0.0045660705440052915,-0.00801170474119801,-0.010571686746843873,-0.019782165148202285,-0.013965782662026962,-0.010210782067359658,-0.006168244979774749,-0.006807672874237925,0.012298193717026009
2024-10-22,-0.0005314462485117731,0.001089331486371974,-0.0037892843222981816,0.0009753263772964894,-9.107064305281059e-05,0.010729555523637746,0.02844094517041102,0.02352407649793247,-0.0026252192122699887,0.020632014459373686,-0.0008352359522236715,-0.0040291472851928115,-0.004866179832536969,-0.01413650901328282,0.0023289499028675423,-0.005186479649405865,-0.06318027078553011,-0.0019069998659012504,0.005009878282648662,0.001463415307903809,0.003800437914488854,0.0009433767184547158,0.014862389856880358,0.0012412107884994708,-0.024425059079565166
2024-10-23,-0.009179320377298883,-0.015442457900740617,-0.009171443988371625,-0.0027116316778406056,-0.0033813049992075625,-0.012123752431615111,-0.032989403246411336,-0.005829343240804152,-0.021860240467908774,-0.006830246308644081,-0.028467573344633484,-0.02001831071853799,-0.029923731049930485,-0.057577276557166386,-0.005219539595134355,-0.007052555414601184,-0.010243436319615622,-0.000848613718229597,-0.0031730869879110016,0.007284788493061467,0.014636940854598915,-0.0007073788070373632,0.015125110593005609,-0.00518195994057999,-0.007687286558216918
2024-10-24,0.0021603916004062384,0.008076115310585646,0.002186897034127852,0.006387499715148494,0.0030163415460515157,0.007663817134299539,-0.0006514186073771351,-0.006684500589053859,-0.0008236002782341415,0.000306153583961143,0.006072150576929348,0.19818699146920754,0.034789910882467544,0.050146559597765455,-0.00011138469183120558,0.003442036825201989,-0.012137730817461025,0.0008486137182296827,0.0070028344066762815,0.002175145057705556,-0.013291960043671908,0.00023584853835671507,-0.002765763030182303,-0.00876634921180322,0.0034600900767709384
2024-10-25,-0.00034522041185492856,0.006075260868584853,-0.003784652364073482,-0.005627827875649835,-0.002375964201408784,0.0020548662166116312,-0.0019569925877093177,0.015887438402182662,0.0036363933940667375,0.008019866291181761,0.00801561364956664,0.032891334056112616,0.006102009531457048,-0.019894477516947656,-0.00033422853414199176,-0.002820158868438963,-0.0034088051008593144,-0.011090057192160267,-0.011938726005283002,-0.009459933550766948,-0.017193289240682138,-0.0082880705463329,-0.006402754054734976,-0.003886063528944038,0.01801962603028683
2024-10-28,0.003086443034243106,0.00016132893346446309,0.016178047541079845,-0.0027166701528615433,-0.0008235354718333886,3.945329776617785e-05,0.0032594678004638517,-0.05254911326250707,0.008562787670591017,-0.003650232722406149,-0.007232402857319112,-0.02512824530239814,0.015197614443324209,0.05253624244514802,-0.006369775521119788,0.01194996812631271,-0.012743337276551664,0.012361711722791047,0.014247497954146102,0.0031284683371497137,0.004465419600389191,0.0063997229134619225,0.0029042849319213986,0.012236671028969122,0.02334442566576692
2024-10-29,0.0016168708698592286,0.009562612555485465,-0.003241755043718997,0.0015222728644964949,0.0011896664986964273,0.010835937036952448,0.021249990163640715,-0.010992995581308026,0.0011561276953092334,0.012486562872703435,0.00518140000496346,-0.01145548515134625,0.00020655555060268907,0.016339621275136,-0.015364092627544205,-0.007967937723776604,-0.015191370565370437,-0.006161712888002607,-0.011596900898188729,-0.0072104274482082216,-0.00938817831309111,-0.01266116868051401,-0.012770032299695894,-0.0007277828072141896,0.038819000793635615
2024-10-30,-0.003029603011272149,-0.007586304525345413,-0.001353839032518001,0.0029294737802706074,-0.0012810706780305007,0.005490789207931537,-0.018650056135050556,0.024111179315838997,-0.015395888599896556,0.0013418685583911252,-0.013614365766067709,-0.007619899978935549,-0.0037251762099955923,-0.036721780173715086,0.002274483988372699,-0.021572427731301604,-0.0015738897448820685,0.004465758676337284,0.006751456660571899,0.0043951369014202345,0.0032429233269693327,-0.006059947025826602,-0.0038016006492774834,-0.010982740052246113,-0.11223450617884911
2024-10-31,-0.019797856315194446,-0.025566823931121415,-0.016758328596076538,0.001623755393828903,-0.0020166903347605307,-0.015616471787270507,-0.03299540550007601,0.023817259740401706,-0.01837738763423354,-0.062436924960451036,-0.048373896648429816,-0.030353066395916374,-0.049734009483191614,-0.16657765337847188,0.006227541770722819,-0.008048192650308138,0.0002015133062352096,-0.013887702142467102,-0.011157764262594254,-0.017060159176233346,-0.0046806047478812896,-0.005915522448617799,0.00685697618159246,0.011710522859460278,-0.030958829945816745
2024-11-01,0.004211678376356711,0.0073716957879338095,0.005586881380008727,-0.014198501527341806,-0.005493730061366951,-0.004110813705942359,-0.00909858167856085,-0.014610944955690543,-0.013368524437670257,0.009844384044293048,0.019690320908507957,-0.0034882074251497285,0.016211313849372223,0.020048747266313956,-0.006341256819204941,0.00907610624571157,-0.0012829979856954778,0.0034365173872935063,0.004585634246832228,-0.011107697796002954,0.0016876102930137,-0.0004843401979682665,0.0029242909391101264,-0.004062221774205853,-0.015458683334864597
2024-11-04,-0.0021563387077012815,-0.002917488975776759,0.005056175470631711,0.015402755418430893,0.007379635655250549,0.0014248987496042703,0.003042025165665929,0.03103255387781252,-0.004045781982070831,-0.004665257394376175,0.00478915923530701,-0.02496977961188871,0.0008572850001715263,0.01836703023579176,0.017342853710190707,-0.008225945261148612,-0.004134128422943876,-0.007748711778605808,-0.014275556548501338,0.010895216221877292,-0.011873118812173093,-0.00012100137751291782,0.003158502161394867,-0.0002087417341384894,-0.008139577562054875
2024-11-05,0.012019296392962288,0.012676262971554478,0.018635860767896903,0.005297299247779365,0.00476744760607663,0.0022519104403699204,0.004041798729938372,0.005905297375616848,0.0064653213704670785,0.0073177883102726595,0.027976817218828647,0.034801627017114346,0.03183568819884521,0.04045472987001548,0.006676313484453539,0.01802939130735467,0.0066981316586276545,0.009248430271771406,0.007750371607811717,0.013192047267411697,0.0006949584384392763,0.004110648835684497,0.014807705833582251,0.008730974194597407,0.006728763662498309
2024-11-06,0.024561573185624373,0.02680079134120229,0.05631560860154079,-0.027770255462847872,-0.01048180130235808,-0.03085797669408563,-0.0453841955944434,-0.0025457565295519888,-0.003272224896044587,0.02097143307390589,0.03993244359178733,0.13759466024737685,0.07878089464452813,0.2709019988364539,0.03690615888275464,0.08379791958995154,0.00923035694267996,0.059023913945396723,0.109253784339811,-0.021513029159243198,-0.0029724844532397405,-0.02882614215115108,-0.002871961405938722,0.023118862849017978,0.02399335577746603
2024-11-07,0.007702320909745663,0.015621577757559011,-0.0035472019850512305,0.012449771531246009,0.011761496808659051,0.015948645391861378,0.02363684232741138,0.0016086162034484183,0.021146907495491276,0.012417232194103666,0.022208821693085464,0.028630012464395397,0.010493261358253523,0.004981493656563769,-0.00460662623677622,-0.021016713010800218,3.616759835090625e-05,-0.016277083293340804,-0.0441904840569022,0.01192644319538787,-0.007310854755687698,0.014547570542035778,0.004901626751858178,0.0004044349721467235,0.0320114204521822
2024-11-08,0.004322387177034996,0.0011678880811142101,0.007333999207173644,0.01262125600557018,0.0034655027744215066,-0.0067924425881974865,-0.021879708253994625,-0.020705880811592785,-0.001188822801917557,-0.0068162602768291,-0.008431414310287773,0.07869717552417867,0.025853839592231375,0.05762343534264834,0.0066353400198803005,-0.03703112706402629,0.022788564167424412,0.008985184265117576,0.002535045494553352,0.014815109718176931,-0.00807182855103453,0.02597390793217582,0.011619728347297067,0.0009092441551477114,-0.01256026418726009
2024-11-11,0.0009522685612223012,-0.0005836837491595016,0.014922527878665916,-0.004877277056322572,-0.0019135831648333225,-0.02375140115119195,-0.01806958780610107,-0.03040415796476914,-0.012101598901012778,-0.010778701168550961,-0.01618403373823281,0.08580690404849912,0.06757392951338663,0.18032503751402792,0.005637432003796841,0.008026162415718179,0.010606591199739075,0.014130257761290939,0.009700343923930554,-0.005018741727087727,-0.0027695997917031577,-0.010067780131148929,-0.007335601957121066,0.01841170673010951,-0.004063607613670878
2024-11-12,-0.0031111788157091925,-0.0018116896775897753,-0.01769799639647936,-0.015107044142725828,-0.009070594496662178,-0.008668821068980244,0.0035688968373248104,-0.0035303290409017998,0.0,0.011937633220181222,0.020644539773887135,-0.06342678815128278,-0.018141036520775054,-0.015885393620494553,-0.005317561014562662,-0.008941684397775734,-0.008129724594510269,-0.003011171581552941,0.0011277503412817644,-0.013933058817978445,-0.015600905533186334,-0.001145144025923074,0.009220013380818482,0.0012879599954166332,-0.025570168166092647
2024-11-13,0.0004857556014381712,-0.001287540832093316,-0.009945801053517889,-0.00953106757030919,-0.0037807939635780903,-0.010132384997697268,-0.016523331453595653,0.0005657037894787222,0.003961272575156397,0.005116589023948266,-0.013715458869776969,0.005313266949669512,-0.017221929555729883,-0.11409231309173203,0.007754160809148766,-0.015229560873861077,-0.014648594261474227,0.000602881679605669,0.006656817067539487,0.005511879312415825,0.0039231293015987555,0.004452244714954949,0.00598275130126057,0.016985422644690665,-0.030610679745932245
2024-11-14,-0.006450883465471252,-0.006973953719057877,-0.013574777011977537,0.0057735383418587,-0.0002771760752361467,-0.002612551531378182,0.0072176009938351455,0.007886219462695269,0.013676562455490315,0.003966747698392304,0.0033442758271977143,-0.059448133931949705,-0.03628808592003825,-0.02086811800449214,0.0038018045902654756,0.0007488773517248015,-0.034177868415295694,-0.0026153523182102147,0.0029396869866157365,-0.0090257974757137,-0.008980519958870038,0.002997106255900552,-0.012119910779415927,0.06044135083555989,-0.0033077380764557646
2024-11-15,-0.012891343001767624,-0.024114383063451532,-0.015030031361790968,-0.002660485070201301,0.0004617918245390787,-0.0017736414154014318,-0.008667435075495323,-0.02183865727035887,-0.01420971319908794,-0.02824785577378415,-0.03311251748847517,0.030196972790488486,-0.007268681681361786,0.09245667815965934,-0.0014768000976170962,-0.008529609381466288,-0.007748286648203627,0.004622728362892941,0.014122392366886104,0.0005332715393982127,0.013927824095554863,0.014616068941008052,-0.00260787901771866,0.053179356557923184,-0.02878844664814546
2024-11-18,0.004089010297291547,0.006923658907301276,0.0019675822783090644,0.001774623518735572,0.0018458653512379566,0.01884162282592499,0.02895642819401945,0.03272044400043885,0.013332913570978681,0.001829669179554217,-0.012972890640444842,0.054664350493325395,0.030397505384986766,0.061991131329582054,0.013213254653268476,0.0010149123181779284,-0.007262042548561281,0.0030033336727835866,-0.0011421993749338303,0.007223287169994867,0.004987511650380629,0.007111666128497712,-0.002019835172764898,-0.013472390169737052,0.029436438473030967
2024-11-19,0.003648712427977012,0.006856133437878976,0.007398479866176719,0.005084547372051812,0.0021182674751065106,0.00891942849470802,0.004219445114005378,0.003324533721894514,0.0011395485390936033,0.004870820106780941,0.04778747181089832,0.02120595242401374,0.014590866211077025,-0.0025846850405618444,-0.006375117203651855,-0.005555586975034238,0.004322381982578054,-0.0066192811755977025,-0.007948904689824392,0.004856989731316528,-0.011502325237560276,5.844697999703394e-05,0.029531096563637595,-0.009913314164435558,0.003305598921063581
2024-11-20,0.0003389521444339984,-0.0005761395929151608,0.0012997929336348235,-0.003202307762787671,-0.0023949565017722745,0.005616245032295766,-0.014134497359469733,-0.004018586814210477,0.003149154723326565,-0.005520513404729122,-0.007647675353840602,-0.01154032611298051,-0.01151090780414131,-0.01414897611138045,0.010014590725162911,-0.0021733811461111478,0.0027527004565810038,-0.003023309705148373,-0.009548046534772658,-0.0012648610149657473,0.0007187511844140349,0.0007611739526178997,0.006675163905336528,0.01623468233172898,-0.012924785506874982
2024-11-21,0.005353772977772749,0.0035907634464106748,0.01508518212009012,-0.0007745842991973922,-0.0011995949473871228,0.008304918886222052,-0.0021374950979851375,0.01625156766698666,-0.002098244672594998,-0.004326088390182938,0.005332271265106755,-0.007012172684276001,-0.009268550223673405,-0.0805975250303451,0.008063998408389438,0.020984070104250546,0.01352257351274012,0.012636853722189053,0.01639451893659585,0.007355126531352339,0.015489131049459457,0.010825318211825266,0.013783709046467942,0.004017854043401419,-0.0007997427138558652
2024-11-22,0.003094694863942919,0.0016027126103884206,0.018301142110337815,0.0005530524279397693,0.0009229046225348415,0.012809813332372294,0.015218782354583418,0.014242398406224533,0.005890136105395845,0.009953381110286172,-0.032710356948934205,0.0373345373484672,0.025952053572802357,0.03137604889563869,0.0015429965370700282,0.020074916396867457,0.00038750326506460116,0.011100187326362443,0.015365872849439915,0.007509542437862884,-0.0021243995447202202,0.020228111957710068,0.022927916657914577,0.008074027576223716,0.006235523207087069
2024-11-25,0.003386203946960252,0.0015804139680539494,0.015088429730554685,0.025558518800412693,0.012376855705998774,-0.029901483187306007,-0.029948768610400602,-0.029383754555274894,0.012966437902476032,0.0042834079723375485,-0.0426727915584615,-0.04043088853449338,0.014482763037509049,0.02457727175085505,-0.01993625782888691,0.02032087443878135,-0.03821512475749412,0.006483943956177536,0.006976197101744405,0.013827480963502852,0.003923533638292391,0.006277157536641834,-0.010447993669934626,0.0030217192340739585,0.019894735674473737
2024-11-26,0.005207896793672397,0.005354813130598446,-0.007370387429554883,-0.00388957416667867,-0.002554488604369769,0.0019364331609546426,0.006133884691392979,-0.006819285585412977,0.009360503322694176,0.021730190703179175,0.006594765624039228,-0.001063755153845317,-0.014660653288788232,-0.06254616168488773,-0.0013642204862907197,0.005359711694825036,-0.0008433342056525758,0.0019566340078644114,-0.0012793059630291995,0.0039888598674227005,-0.00012941811332485792,0.010765341112907716,0.020021661712413635,-0.0047526873281581086,-0.024458838689910063
2024-11-27,-0.003034660038475973,-0.007904508914257462,0.0013705689413309107,0.006904675369283415,0.003647412948362689,0.0022202481870022992,-0.012669797503399584,0.0015349282152113974,-0.0005533082243189591,-0.011751230476258222,-0.011606814560208522,-0.015914020837727676,0.01676264646528231,0.05856672700436952,-0.0010508041652875178,-0.010178267150819011,0.008212442163178213,0.0019527369005148277,-0.0007203767122283659,0.006409848497270799,0.005678713337725854,0.0002788736976773016,0.006223079012924571,0.018451581212855388,-0.010804570659790284
2024-11-29,0.0061930564261678455,0.008748495973476367,0.0038109126717952952,0.010268654731606073,0.0061701366121782505,0.008587567442534243,0.016977084877436717,-0.0015349282152113462,0.010164054424969154,0.001110493798930136,0.021273715587895096,0.03619593916712737,0.014418698657947102,-0.04869369371193336,0.00430107142843585,0.0059520310524511875,0.006937199464192824,0.001559418249000693,-0.00028018170672344605,-0.004472312989868571,-0.0025127302375565694,-0.0005577365347802748,0.0067252075008859356,-0.0011060778016872168,0.006875802005680502
2024-12-02,0.001790757204873572,0.010828943043815528,-0.0004963168564006867,0.0023995684689230414,0.0015689771825503635,-0.0087929483026941,-0.004667003927862229,-0.00799162597071586,0.009477508384913737,0.017602635999916835,0.002744673886750865,0.03397975234247804,0.02537388864656072,0.020715681075972454,-0.010628851875277788,-0.008904091365682962,-0.011027706456365416,-0.009983383706129698,-0.01399308141691986,-0.014675260943515562,-0.0013557540324074626,0.0024516996306418325,0.0015123883711195094,-0.0026424210824295097,0.03495560770405135
2024-12-03,0.0004635721159141501,0.0030615141977876166,-0.007140151708981156,-0.008666278303945864,-0.0035407670342836105,0.0020107532444556663,0.017478588609722526,0.02776413724990977,0.012690970820369836,0.0005103432898376642,0.011689512398268214,-0.016005713052796626,-0.008104037776474561,0.02272271758533295,-0.00010566468558036944,-0.00810718949688526,-0.006439692513093507,-0.007504002685565729,-0.005824069847235355,-0.0050786153948122635,-0.01588762925772331,-0.024105821431623018,0.00934737355169924,-0.006078581947312984,-0.0005633138646756136
2024-12-04,0.0061904035822566775,0.01228722206650958,0.0035765129219618988,0.010688217369814072,0.004808929646585755,0.00302908748607766,0.00880132398427599,-0.016009225116614706,0.001482532844055361,0.014321832782913758,0.03420085416123337,0.018355288553428408,0.030715151965396054,0.06746375573375779,-0.024420250275802996,0.0006259628004244133,0.0009666852183808888,-0.003773223799577074,-0.005817015018405337,-0.0027051379988584025,-0.012482560903372651,-0.0017688603127978873,0.010002184717337975,0.00462647404479481,0.0140577183505523
2024-12-05,-0.0016470582568723243,-0.0027749177599003224,-0.011733664688463045,0.002018117515398645,-0.000271792584179973,-0.00742520820917337,0.0010509294789879833,-0.005720225392875778,0.00012341894741449395,0.011817666549394933,-0.00048233551045915354,0.03178623389945424,-0.007425176465214757,-0.03183641334404047,0.0038956056670504014,-0.011403646914588304,-3.875444673429776e-05,0.002979908662807463,0.008509297272898586,-0.0023993169345255584,-0.006333295724563725,0.005240166900091869,0.008959346650535325,-0.004197218671871141,-0.018434058540648817
2024-12-06,0.001894046731556188,0.00890981644001812,0.003563836766202357,0.001484318965893838,0.002261019124480302,0.0003705001517973534,-0.010913661179437118,-0.01735987939826787,-0.0008232493234843567,0.0021441306722680816,-0.018226581700649638,0.05202108959673976,0.0408882459966235,0.06943569732705668,-0.01710179015500075,0.00012664375019765938,-0.008636446571988159,-0.00019836905997256413,0.007629338296255685,-0.0014631779495990682,-0.0014055686057367338,-0.012634104504429911,0.00418842452655996,0.001972350927373858,-0.019789924672492718
2024-12-09,-0.005163136278962494,-0.007818074489582001,-0.005035129030547949,-0.009259799915252801,-0.0025325173667663523,0.009870874002918592,0.025512463504238383,0.013153436669722055,0.01597291470261188,0.005508084054511961,-0.025814901171342337,0.0014634148953150045,-0.025603203791468607,-0.10128810526684284,-0.001649387630300849,0.010651040363966186,-0.005903998271161391,-0.013784949455193214,-0.01445559658878702,0.0028199951963879637,0.0019403380104122158,-0.017585627572443346,-0.019733672874727645,-0.018328461852139464,-0.057315480899673664
2024-12-10,-0.003113859477937577,-0.003413280410839119,-0.00434195330932895,-0.004716159866443499,-0.0015408428020961236,0.013078415980993926,0.0003450139416761249,0.003226535133112736,0.004125246529014003,-0.006049298250369148,-0.027312890067357407,0.028328310501358537,-0.011813118698466848,-0.026431452071589517,-0.006846271130632785,-0.027602838108520874,0.00572847192022521,-0.00020116268328058102,-0.003904039730228277,-0.014603478414745042,-0.002476464155028618,0.008686472077025656,0.007644127887602212,0.0010464833294060725,-0.024207495346811884
2024-12-11,0.007700833038749144,0.01774408810640919,0.004510326104047848,-0.009499046961146018,-0.0027247960180235378,0.009488652360594872,0.0017232864446540175,0.02667193635937889,-0.005179575743216254,0.012686237118870932,0.030908435127401213,0.0576113551148347,0.01993532041385875,0.03697087535730539,0.0016607091246845797,0.0012350992080864577,-0.01710653869902388,0.0020100433563238007,0.002755002847769323,-0.002330926343198648,-0.01750804778155644,-0.00962373222758349,0.004327073572872956,-0.0010464833294061336,0.018690653134390802
2024-12-12,-0.005165811223291085,-0.006474756499726623,-0.01308107557117864,-0.01222170438712281,-0.005654778694876699,-0.01477229774782158,-0.02935221648436049,-0.0016378159227148832,0.005946110356788128,0.0012686584066738038,-0.014241993437873687,-0.01582716714006912,-0.014503687918872066,-0.0027123398998815077,-0.008108044429203437,-0.0210232509445663,-0.015307775731045095,-0.004427550970642993,-0.008246521820921256,-0.0015923380103153354,-0.0027313566379607848,0.0012886458787119462,-0.009204147481514019,0.0025270393278697444,0.0034516790321885826
2024-12-13,-0.00019853872071488776,0.007625177023170128,-0.006883915562004872,-0.010263378109919797,-0.005594931149656854,-0.01216527622337442,-0.0160861648062145,0.013566888492005873,0.0006853230245617479,-0.005106915259863647,-0.022755880284121857,0.04244899941747966,0.006707651523415114,-0.0076338856362329075,-0.005031063950879645,-0.0007093325416368326,-0.003894135721114965,-0.0008070838208787089,-0.006604819069275984,-0.0028728895301391786,0.0025948580171287717,0.0012281818486776274,0.003912289762049006,-0.013670061957094614,-0.028661060898723837
2024-12-16,0.00426079021778816,0.014297983459923712,0.005860864910229247,0.002990250489962752,0.0012867477761016612,0.00241229791280552,0.0018001530602822508,-0.00689614185761138,0.011659448042268787,0.009612238617689705,-0.016901845686834616,0.05960057359180242,0.02591272032354338,0.015114800224739882,-0.022213070165950657,-0.004187444753269742,-0.006083322388412179,-0.0018183040122057173,-0.0015014349848711673,-0.003522372315388785,-0.019072852217827476,0.00046774762172418913,0.006556764686109085,-0.006490287882460355,-0.0017350257933570086
2024-12-17,-0.004128563775186064,-0.004413725333604061,-0.011514354216597113,0.0024302283537527523,9.187924205636338e-05,-0.003846011153453628,0.0003596557893496845,-0.005442107261041295,0.009672692833396284,0.006335219300493557,-0.012271917053166837,0.035724138195772255,0.0006353385872708788,-0.01170755166438768,-0.007476938580696782,-0.008267995947215525,-0.00211760628559999,-0.007103036293168913,-0.005105253889957043,-0.004823452192902809,0.017639678462164892,-0.00474416941492061,0.005780597135936997,0.00808420316018399,-0.013269479232178265
2024-12-18,-0.03025662357994095,-0.03674350276362475,-0.04528221399498254,-0.012582937924691454,-0.012475772514913781,-0.01937149963953233,-0.035129813879763286,-0.004923431674443056,-0.02165458004728542,-0.038284704804768185,-0.011415412673756687,-0.08642421525210743,-0.07276531530041744,-0.10755929668146554,-0.030003219747222344,-0.032205393411353436,-0.01575708127425698,-0.030396260388623392,-0.03409543142331282,-0.04213455089408519,-0.011402750975784743,-0.007365810284743317,-0.019792023076090837,-0.014886402858156846,-0.029300419933448955
2024-12-19,-0.00030704645349531975,-0.004463426789026874,-0.004447528298961997,-0.01525720502274803,-0.005427975244542221,0.001420087931281009,-0.012366652583577019,-0.004534557053921821,0.006990158445125982,-0.0008233727235043576,0.013636898095124089,-0.009038042516689774,-0.006682166659040321,-0.021453283811528195,-0.00872348012470842,-0.009720444569033738,-0.006814889777569142,0.003562803368892156,0.011180079591837628,-0.015586556115986364,-0.008115715501132017,0.0006504840782549717,-0.0016048307551612224,0.00017968316793895566,-0.021058719853415068
2024-12-20,0.0119393312611692,0.008694839365844647,0.009325993612532018,0.00567795012487771,0.003933715550600663,0.01037999743966833,0.014970325031890788,0.006725684083832307,0.018641055150802655,-0.0009843838589473095,0.03029856619282355,-0.0352567708528249,0.020924525611772778,0.01733564208684596,0.009793533202759235,0.015611474542223879,0.019325906323633384,0.01474432530218434,0.019721842853374617,0.01670661547169037,0.006179571337873604,-0.006701435436804519,-0.012497510090450926,0.0059086125456751706,0.002772078184326578
2024-12-23,0.005970360891118923,0.009695445446139952,-0.0023007717100094888,-0.009214629218313682,-0.002902019814017082,-0.004719916680210686,0.0025969109390413343,-0.0005473579311959104,0.0030601845153034584,-0.0030967336742539634,0.03623250055834111,0.02240426356053564,-0.002697234323862842,-0.038625281393502915,0.005855409569110672,-0.001777375674157374,-0.005187038603937259,0.0023985867899150395,0.0033193005046167887,0.003903049043549166,0.005522034042875551,0.000297444278900976,-0.02070287906581817,-0.005639286803359041,0.04422195805717762
2024-12-24,0.011053748206390117,0.013468681041473148,0.008902978984770786,0.0042195058347333034,0.0030888676294391557,0.001990032656870636,0.0011109309240458646,0.008043175675934577,0.011412894433070527,0.009330034515397411,0.0039302299874041935,0.07099116636191981,0.0286208786269644,0.041885018430001954,0.008423701283574102,0.005948425648946953,0.003365410833718272,0.011703303239995992,0.01630993388228713,0.006620732272521301,0.003984739292496406,0.004925014369392949,0.02546171252824046,0.010358986466926871,0.013472262800350042
2024-12-26,6.672738724073259e-05,-0.0006796332097432683,0.01019881040712652,-0.0005690819966309268,0.0009340940595750778,0.0067284927019149185,0.00443128244400591,-0.007085521901283685,0.003170589406825792,-0.0027806891901416145,-0.002070405620330218,-0.017787254049436575,0.0,-0.018808169415587453,-0.000827388839220053,-0.0012249395604170177,0.003782855056869972,0.002446421671734642,0.0034194418256470864,0.0026806235710707363,-0.0018531095275025194,0.007195580789029357,0.0011862614306173277,-8.875066787288618e-05,-0.0097872542902113
2024-12-27,-0.010582515737152503,-0.013382217212488542,-0.014685466834542842,-0.008232249718800252,-0.004210539559736491,-0.006894214453703702,-0.014100388104558497,0.009797346590190263,-0.01333072910408431,-0.017453004429891814,-0.021088554978434003,-0.05074526160258332,-0.028114612836788705,-0.03221789535100202,-0.0001182409020868585,-0.006175102771620527,-0.00206346856342951,-0.007357532735468065,-0.008135202870933635,-0.01008965162882132,-0.0036471219160185238,-0.0037091906409576682,-0.012252744158503285,-0.008924624908742396,0.0010390001559059804
2024-12-30,-0.011477221849949032,-0.01338919936829139,-0.0077188735266273106,0.008004655173399858,0.004303825340338973,-0.003194779040875952,-0.012408503650395385,0.013049236525679303,-0.013352175480980388,-0.013327944612058757,0.003497385477392468,-0.03356928885086787,-0.02840710918427519,-0.038948250149794236,-0.00011816102602300697,-0.005083219257289165,-0.011518728412475311,-0.00968780739212156,-0.007700556927571442,-0.004970085852854929,-0.011859189040519937,-0.014497376871383444,-0.01196320935843786,-0.006746164945234674,-0.02221146875635348
2024-12-31,-0.003644473479253004,-0.008530912619979228,0.0012680858348371844,-0.005367466693855628,-0.002523823423461808,0.006214287831739849,-0.0037907695521526854,0.009709504271429553,-0.007082836436608911,-0.007869258289796581,-0.023549489504206246,-0.03305021011916344,-0.014688149092720386,-0.0288195013762515,0.013042950839283522,-0.0006889238366981781,0.00530271662996996,0.001035237478956725,0.0016283606674498993,0.008681371610740975,0.0088900601122904,0.0033460661805867864,-0.0024320204419167792,0.004951545144667968,-0.01356762582014155
2025-01-02,-0.002460172868936237,-0.0019580668129096784,0.000814184945927525,0.002744413846407469,9.351278035657892e-05,0.013496228917030742,0.022531947545081178,0.01810119232514134,-0.026586149518387406,-0.006951776045787859,0.029495964557704202,-0.06274403546918701,0.0021115427878161314,0.03525513383017472,0.011606343913401979,-0.00827664859148531,-0.007622509356749351,-0.0024861147485363017,0.0012090283140627014,-0.008907913848358836,-0.0041573323813416125,-0.010011270772795452,-0.0038813314736848444,-0.004771109354154721,-0.0013255213880393596
2025-01-03,0.012425845115167358,0.016232625072400374,0.014767935638713385,-0.003202580192331786,-0.002342347312251591,-0.007895124609843705,0.0018549156571376919,0.012786714397346214,-0.0020115057263199376,0.01133134226792055,0.04357427119135919,0.07895504556688626,0.05022048006630475,0.05093361205676054,0.009303480519271629,0.011111856526986553,-0.000892114900083337,0.007851373137525706,0.01357413757343274,0.013052926050620594,0.0011796903970822945,-0.005134317785369654,0.008629375500263353,0.003063409175371017,0.038541400227098996
2025-01-06,0.005744033493090688,0.011427434676351959,0.00040084669328467403,-0.004477738549078059,-0.0025359890907295443,-0.0012328556129919187,0.00959063906606313,-0.007988640762339544,0.00671637533317459,0.010573342336455245,0.033756070053507004,0.0014850709586745647,0.021989838985995096,0.06130038263240516,-0.0045834997520746296,0.0011264718719848571,-0.033384796478776346,-0.0030918705471359863,-0.004887493398538275,-0.012939648516638548,-0.0036824552563016187,-0.027816157181810075,0.00713463890256492,-0.0009900396303792267,0.03279754352897823
2025-01-07,-0.01136849773418668,-0.01800530343620784,-0.008049357841829769,-0.011341643156810266,-0.0046191621346169665,0.005617626735063329,0.003298524269499395,0.011191923735452969,-0.011453089516603747,-0.012891048694864782,-0.06418613606176692,-0.04145067133894495,-0.037488770522425455,-0.08492856157645316,0.009942324750308628,-0.003300437509512761,-0.0043874795086958325,-0.0022733878418533787,0.009586521815973402,-0.009558770815956914,0.017731353391312314,0.00434912490907081,-0.006804300824127914,0.003056935364596644,-0.017284774598989774
2025-01-08,0.00146008323078499,0.00017464857383616748,-0.004545153291156046,0.0012797570622461781,0.001605054939270284,0.005301603121984867,0.002558002323377517,-0.011191923735453007,0.002020983396249784,0.005171544439497536,-0.0002140470771220685,0.0014697002488740785,0.0008485233617209975,-0.016478142374601407,0.001022984036517968,-0.005330912851004126,0.010484653968079221,0.0033051273568437565,-0.00016446315578008515,0.0026265307178475767,-0.027453981570247563,0.004947531193995214,0.010843076826052865,-0.014741361945369966,-0.04407347743553379
2025-01-10,-0.015385229890816907,-0.015805247101539462,-0.02225647806292228,-0.00664801113876902,-0.005770643461667257,0.009512918374949551,0.007635048576468508,0.04230080168143669,-0.024399169997399463,-0.013301554096813422,-0.030434810508772607,-0.00050656522430214,-0.02542654616517335,-0.004741854202353711,0.0040811440649969515,-0.028285718457991698,-0.0017078752133204457,-0.02442461434073149,-0.013499257357481647,-0.024706879215098867,-0.001477137420430084,-0.022080459251988906,0.012987107110793648,-0.010164419998096579,-0.048773711387237594
2025-01-13,0.0015492398261862396,-0.0032189973950665232,0.0019350786981543453,-0.00035098307804066987,-0.0028505936234388945,-0.010001100303675396,-0.02382379596286389,0.01952544305229759,-0.010397916369830146,-0.004209827780739878,-0.01991594804979075,0.021478195369560783,-0.013488869570923013,-0.02972885272533434,0.020824802388564594,0.03223827051140169,0.03177293923368979,0.007159358263925944,0.01793151387070709,0.01219873242212531,0.01682244987630498,0.0017645320706221916,-0.01593277631721813,-0.00526002447378352,0.010970274365065081
2025-01-14,0.0013750900179164917,-0.0009498588157093197,0.011305207447732649,-0.001640025974697589,0.0011412127404744376,0.005235693007988215,0.00886274926581948,-0.0068335248564909004,-0.004789573821754613,-0.0036501482630794725,-0.011095060700391828,-0.017382638722844804,-0.0051277791425232665,0.01646403232983084,0.010690510913139151,0.024712889108048662,0.002686828854884449,0.012303459544720669,0.01326074646659716,0.009081057318840919,0.0019361441632584362,0.005650024518174356,-0.00811756420540085,0.0003699897604639261,-0.010539520703514361
2025-01-15,0.018026520303546564,0.022745558285050954,0.019470534920736332,0.01708827275847498,0.011903842096661036,0.007461090407550896,0.027557883270230673,0.032169489947602124,0.019484861237900143,0.025275085137600344,0.03343616578197316,0.07731423282838396,0.039282046681476605,0.07380303839437179,0.014690917312486368,0.008895375765006678,-0.0010119600970130065,0.025172591844266647,0.01952770979676654,0.005705216980363304,0.0015186306891441358,-0.0005636477231632077,0.006039503425980096,0.0005548350513778695,0.03279262544435933
2025-01-16,-0.0019250258231096,-0.007030598624764963,0.0020067310848289237,0.0032224848127109526,0.0019703076634928407,0.0068871946090514665,0.0028572101957236107,-0.01673872064357665,-0.04123902619961494,-0.004066381700702156,-0.01979237157166056,-0.03420597069137606,0.0011924626166032026,0.02407767686860038,0.007211691273341874,0.014984847689742948,0.005953772035100346,0.006647245335722918,0.007579615786246403,0.02049610473279683,0.01913007838085637,0.005309987189589326,-0.00043780591647672756,-0.01602718571798053,-0.01275182240245823
2025-01-17,0.009989991745035336,0.01673751708730998,0.004311435303691242,0.0017216449337019717,0.0008430896815271301,-0.005321403332684962,-0.015454046768909786,-0.005076836731238852,0.007507052116405549,0.010426461096747611,0.030524318440046147,0.030181252561434033,0.014702401125930223,0.04800701980369913,0.007692371384714997,0.014271641010643073,0.007081598469044253,0.00839670891900091,0.019048999819090518,-0.0006689899556064126,-0.005020215350177929,0.003917566348911694,0.006985355258414928,0.005246300170045935,0.02517845908533178
2025-01-21,0.009111737917268138,0.0058479472297202975,0.019023099918266347,0.00890611301789256,0.005789538084156347,0.015366546556984287,0.015454046768909775,-0.017234381915569242,-0.03243617818168804,-0.0012361368726452522,0.022403425677288254,-0.005713813715474756,0.031213819341557,-0.00437536443610572,-0.005121497465426369,0.03512627933978358,0.03205139126658005,0.008326790872441668,0.014822467870046898,0.01856617196204219,0.007588561667948711,0.003654968927963465,0.012323127222191725,0.015576107647010225,0.006728504108038509
2025-01-22,0.0056058286555815216,0.012704756477398315,-0.006549018902495776,-0.00524282680600268,-0.003170817646923219,0.005122510213068569,0.0003565099522874926,-0.008419020896958184,0.005330640151049322,0.04047659200178321,0.04335530962462631,-0.02135504315494337,0.009064506336202137,0.0056267643474202465,-0.01835313805368719,-0.0018846209479313695,-0.013822406703341254,-0.004749694849400309,-0.0007227595943809841,-0.017562765478426758,-0.01963116550815414,0.018502037342113992,0.0016102607432460499,0.0010115035711630242,0.011949914409017725
2025-01-23,0.005443078906516337,0.002123842053495463,0.00454527720172061,-0.007800727548280732,-0.0014019166567100323,-0.0014158718257654048,-0.010032286966621637,-0.015284702792321593,-0.0007597530921179372,0.0011422272033473832,0.0010192802084361431,-0.006598243859181292,0.010100242231140656,0.0005406807749036198,0.004565542607926691,0.02186639351539411,-0.004133946841773099,0.005736438941966925,0.011763028003207457,0.007327680838888567,0.009386533472662146,0.008522478956012703,0.0062018392249658764,0.020287224137806367,-0.00575388825057394
2025-01-24,-0.002923446107858965,-0.005667100364969656,-0.002794710286489985,0.004481248008578837,0.001962315030920701,0.006199449222330093,0.005028724278274428,0.004911531763045232,-0.003942280104563527,-0.005949785833486414,-0.03174443740492834,-0.014164587635274254,-0.005759043182276291,0.00670021597735816,-0.009699842208509482,0.0030220006996861844,-0.0006437638877666332,0.002954097895386567,-0.0041825472874586584,0.0034232593940664692,0.001226788443452035,-0.006213903565235231,0.010075983976085157,0.010036001644806638,-0.0016268474376313778
2025-01-27,-0.014246366989865908,-0.02954703467150048,-0.009622380308336663,0.01174007874946261,0.006884328855818058,-0.010459313683880304,-0.016254675081664408,-0.021203081909510188,0.031285623382495,-0.021625609651502203,-0.1859460486826266,-0.023466650856007368,-0.02649916956306713,-0.06950837981418068,-0.010458402513423743,-0.031524764498907995,0.01345151743415122,0.01095258227903441,0.003806420292663587,0.013251098569631855,0.0405112527668047,0.03319857184301774,0.027478726258583035,0.010465576507674965,-0.06586356608180244
2025-01-28,0.008555538066428732,0.014671787236648866,0.0011031421158078035,-0.0006798854651262085,-0.0013916617505094044,0.008619165823801737,0.006171741561906741,0.011863144417672285,0.03589205451171639,0.028671809946242882,0.08549741888298258,0.0023640734639690623,0.020061009243251632,0.013683488564730294,-0.009563207955509695,-0.011945082004875983,-0.09629334640410088,-0.0017521593502360113,0.00484068593483315,-0.012149265245402855,-0.016553224806615755,-0.02066465964782787,-0.0011299246747005912,-0.010643993953660476,-0.007330550028523058
2025-01-29,-0.004492895597858128,-0.0018797046738474627,-0.002295914970990504,-0.002043261340619864,-0.0013006390035112305,-0.0038478030414185464,0.013302401613871232,-0.013789823155871057,0.004606120698004301,-0.010949722344900461,-0.041875733806860556,-0.02284170549807513,-0.001130942754140056,0.03205467191553859,0.0022321070121062506,0.007504648758791249,-0.006777874547346173,-0.0007797324531348305,-0.0020987348789726365,-0.013302451923273458,0.005107404144570262,0.0002406258107308769,0.0021561445333253717,0.009319784783308747,0.02747235964396084
2025-01-30,0.0053527269690866785,0.004253089884837093,0.010115321148726758,0.0037424752950890048,0.0022285033905840414,0.015031970539815968,0.02538921009654936,-0.0003857619739515185,-0.0074220999515723215,-0.06380173955184752,0.007650492805654018,0.028327903495885404,0.02632357026291397,0.03478313845022109,0.005115227955047628,-0.04752205025018028,0.011575525737383192,0.009509989013132998,0.006170659855447774,0.01264147996147191,0.01131500575166866,0.00707357586506769,0.011725863813323687,0.0021180706068651078,0.012785425779330848
2025-01-31,-0.0053360588431012705,-0.0014540250509804881,-0.00901086317669964,-0.0065872360408312505,-0.003251638272135642,0.001974448600582322,-0.007338809319047784,0.003466609992588189,-0.006714752220119264,0.00016845829039668952,-0.03743489633417001,0.010734640646320742,-0.010128261980794844,-0.03364980643849101,-0.02834840337224103,-0.009485193142733835,0.007153763748318062,-0.005811643890262279,-0.003473211682566014,-0.002206164467068477,-0.004720977948760533,-0.008518485487734352,-0.00497950644676969,-0.003267311521187004,-0.024787297691621787
2025-02-03,-0.006752498112291906,-0.00803532797323964,-0.011769798583828385,0.008109164041384077,0.0015772632081404085,0.005323078655223504,0.005596371603680323,-0.0025666974170840706,-0.03444220352315666,-0.010024432671388143,-0.02881111168562612,-0.05309008706919777,-0.017489417674138873,-0.02403972725211148,0.0062560950329772665,-0.026987216123372855,-0.016398960164096293,-0.004088401540407315,-0.0018347586974293648,-0.002100524866734394,-0.0018419949251503494,0.01654999822565957,0.01396081606283877,0.00827979656083585,-0.01459499760052513
2025-02-04,0.006686029732644003,0.01220055179769497,0.01375472691754552,0.003057886126780901,0.001956271070886083,0.00980023748604468,0.019002100267005564,-0.00399147578072021,0.02079016685357486,0.003522436904052495,0.016914141842964456,0.021988536096152256,0.02145799188407754,-0.014235328501636791,0.020760406238062145,0.0011058450507159042,-0.0038279393144321767,-0.0023437670006455037,0.004226033722454439,0.0007744329882163572,0.010610504866797786,-0.0037399507858684256,0.012281122924678072,-0.006159224879111897,0.04475233159015182
2025-02-05,0.004046302784908392,0.0045277314691783595,0.010825637366869045,0.016375355073169687,0.006955809055429529,0.00619034264242983,0.004439176447979202,-0.018490185794352576,-0.001418506324541182,0.0022286215417970205,0.050774914838566575,-0.03645352337012321,0.010872279786178662,-0.018901431156684738,0.0021080998465791523,-0.008601550483550931,-0.008433554944835888,0.010503923090793201,0.009250232220178504,0.013946147294988253,0.007787710412108156,0.005220322387373186,0.01663170345154902,-0.02466173926850633,-0.06472819927613387
2025-02-06,0.003469588042460968,0.00520610427757198,-0.003274748800299113,-0.0004449675960892131,-0.0018502912934636562,-0.0026537744373774834,0.0010215829095749245,-0.008446657293337625,0.0032210325345983335,0.006102833381135011,0.03037583582212831,-0.010232799351092567,-0.017229543896926176,-0.01748873906433051,-0.018568847720318506,0.01822490826246557,-0.0030052470442956673,0.008286009360160988,0.02364310934513886,0.0025050634357515703,-0.007657320888155273,-0.000769373819209688,0.003799159282137881,0.01392457841998139,-0.016654284431483552
2025-02-07,-0.009195734788507786,-0.012693431028096256,-0.011657375344754889,-0.006476094740522339,-0.004361141262690068,0.001782570144409176,-0.011984340491444357,0.005419399540078161,-0.02426071882357078,-0.014705211516085927,0.008974120050238163,-0.03451714290429049,0.0006375056157253621,0.01512342162770276,-0.00011307980292076875,-0.004305237577638204,-0.00925081435066601,-0.005580712920740721,-0.003980383373040347,-0.0032686794700095426,-0.0025438089419628786,-0.005403195361031992,-0.016666921316626834,-0.011033898911704173,-0.02388507896137134
2025-02-10,0.006768338924216317,0.012032368786790907,0.004502986471600716,-0.0030290685857006935,0.0002787544357028267,0.01679638680250656,0.005838933712798144,0.020097256003363415,0.0011866722427304297,0.006010021317124562,0.02832296972128091,-0.030577195209388917,-0.0006375056157252931,0.020660218463154686,0.02178018159964436,-0.0018155336664033783,0.008581643787231516,-0.007943504308660658,-0.017409613810202052,-0.0004365389651037838,0.007287943536051171,-0.0026227746204356495,0.017347334965343124,-0.014354710818961615,0.02678573078344869
2025-02-11,0.0007603451821600064,-0.002383588605456578,-0.005831395349496919,-0.006425224150857636,-0.0022337188878265996,-0.003658285589870855,-0.006872905415825161,0.011177544617719163,0.021596894859062698,-0.001893978503425346,-0.005781425513216704,-0.06547989008634725,-0.022085249219675154,-0.048700979757012375,0.008032983947040577,-0.0027292390919662944,0.002540117984541077,0.0025255729437268517,0.014468421512719331,0.004357709018740977,0.012179102943231268,0.011277348218465454,-0.004382026355205933,-0.0023821176483126176,0.005596143425275311
2025-02-12,-0.0032267953523621657,0.000586954565321692,-0.009258529036221009,-0.013662871693806753,-0.00541899417793366,0.001046607072714827,0.011655947929039448,-0.025229321786201495,0.018105290857913178,-0.005850285554868431,-0.012578766202813282,0.024091057420887543,0.021447276071392327,0.029533339426219638,-0.024407639497632923,-0.02853456364457174,-0.016582372331862917,-0.003498531655288531,0.00167148021862661,-0.009283047832392265,-0.005587933846776418,0.0008849925485577787,0.011063835195646875,0.0019244667295487212,0.005565069092126451
2025-02-13,0.010502124669382646,0.014283265865419698,0.011206085497957069,0.01648608263727923,0.007745714023196716,0.009814510830150674,0.0040816020420066275,0.0009167664219309704,0.019482254180378637,0.003660418588900951,0.031155015683321814,0.05613428883532556,0.03295447254274549,0.08105512380516425,0.007496441599915232,0.004704235487311243,-0.01653980529029324,0.006598053641533046,0.003153477014667987,0.00993520001424001,0.012735875617411713,0.008455649533736065,0.01380270617946264,0.0032903228085901827,0.0008052283205373929
2025-02-14,-4.905180973979657e-05,0.004189892996402993,-0.0007519843368318538,0.005285941619819541,0.003896979504570593,-0.014983466926549196,-0.0051046434557229965,-0.007489683500142611,0.012630444170734143,-0.005152909597624473,0.025973730416944656,-0.00028100285016493403,0.03399413732127251,-0.08320365196026192,0.004004869739294425,-0.0010749788165727232,-0.0268809813148904,0.0019324184145193995,0.000976599896735833,-0.004573322235484965,-0.007019959357512222,-0.04870549577826102,-0.009660985736016973,0.007182880105536283,0.011471389306696429
2025-02-18,0.00293156727217521,0.002264280759471182,0.005472505838262436,-0.011847942297196,-0.004082839925881318,0.01642526914447792,0.020264131038491645,0.014923688398120607,-0.0005315768485273925,0.0029582365878063795,0.003953284849622854,-0.004873623368530301,-0.008089831178045931,-0.03592620242317103,0.013563742273638563,0.0019227478369012567,0.012563029520005951,0.007117422524986232,0.012074757788534179,0.004464659735790518,0.0005164208164943148,0.015473168802496705,-0.0025022054133221183,-0.0074566546817964405,0.010379197050224942
2025-02-19,0.0023521745287631915,0.00027827766346636204,-0.0034389319776142683,0.001247969332348734,0.0005577027534917525,0.0005539429240083393,-0.0033489777656936777,0.006346732998629853,0.0016348152823846033,0.012445433789959152,-0.001220423925254716,0.018050813649058695,-0.011650094065652584,-0.02277947244956546,0.007855183139896808,-0.002828784018942484,0.010238146828102028,0.0003833284722267019,-0.0025035466534077426,0.0007602156405121693,0.01853802269698099,0.006387162914438942,0.0021175552643579276,0.016206009758022413,0.0035812909825469405
2025-02-20,-0.004169143458317308,-0.004253772269034279,-0.00962976136079579,0.0037341354444870196,0.002413273924060336,0.000516699154436362,0.004685460260634214,0.003994660164347354,0.003912811409764783,0.005276696994383447,0.00630060974003788,-0.01723217010242546,-0.02668057961035124,-0.008073703952111471,0.009087110433311006,-0.010966425528718932,0.007684768529562645,-0.015447334235862404,-0.04560834631355389,0.004765446356255376,0.011273167639690083,0.004315130897939761,-0.06751737178017912,-0.007210371818914186,-0.004544308013163796
2025-02-21,-0.01725204722983592,-0.020972796909071428,-0.029228737575819782,0.012012381421961104,0.0035165060576592315,-0.0009229691054979344,-0.012092878466372733,-0.031483282802328205,-0.0011396196027098206,-0.019215974743766618,-0.04138426330905019,-0.04797223327197698,-0.06089816237839056,-0.08627821579468076,-0.02100306041888778,-0.026438351437327676,0.010102629984297996,-0.01253199210066199,-0.009641292409370485,-0.009881085579585834,0.01627456637498742,0.017899893600539108,-0.025315092186095157,-0.017244207348474854,-0.029600862695092676
2025-02-24,-0.0045608649445578455,-0.011874658035087245,-0.007234723917777851,0.0028973789098324294,0.0025832394257861184,0.0054148811569904014,-0.005082159567637323,0.00819463676140123,0.006292521115498759,-0.010366855747714442,-0.03135748577583991,-0.021756545199510743,-0.018779876332208508,-0.03594287794937794,0.0002198168809454122,-0.0032991440954120202,-0.0010216290618805261,0.00432559763790617,-0.01103557200439977,0.003920742582049876,0.008833355702393615,0.0018195264620313933,-0.01178042144666448,0.02310654961911082,-0.024938454004842972
2025-02-25,-0.00498546007619155,-0.012679321481805053,-0.0037994290237241906,0.017099889842125182,0.0076185966105024325,-0.013276072540975698,-0.020937802997247363,-0.02451826996561233,-0.00024290221370098827,-0.015214223369149333,-0.028416644841632997,-0.08762494178787733,-0.05354079792083046,-0.0663634179594784,-0.014508183874602764,0.010098662049749513,0.018431396996641154,-0.00019619535169952278,-0.015190984994022737,0.012207698341137004,0.014250015274604802,0.012296491483928135,0.042021251953159894,-0.00604328855740255,-0.03914303198357839
2025-02-26,0.0005046234510921561,0.0024128309858801105,0.0012526481100213847,0.005889687486570224,0.002100818409991638,0.0015251697060953886,0.0038082306533260744,-0.0037842833022224544,-0.02741242223505759,0.004588690050635368,0.036063048672234525,-0.04043677756749929,0.008180715874690086,0.002209431888183587,-0.00570565639779233,0.0006422471775348618,-0.015641503554844845,-0.002160922570420501,0.005385736375989147,-0.004196397478893186,-0.01828881701140696,-0.007849933265696649,-0.015369887952160051,0.011692827844910741,0.007474867489031022
2025-02-27,-0.01609079855614156,-0.028164260585662175,-0.015371616600273216,-0.007093899338719572,-0.0042063554904407515,-0.015357280506670757,-0.018835607922170396,0.019178490746099074,-0.012812576987803232,-0.01817641878536853,-0.08859145138795066,-0.030905910133740465,-0.03368168802101121,-0.02178906402449184,0.005370960459284428,-0.007559544480785228,0.011171803924121822,0.0054913999995015676,0.0010041120713537354,0.003981581307263438,0.003977784467794652,0.0039036448618178063,0.006114374362412393,-0.004660695762718076,-0.051222905361219886
2025-02-28,0.015485199007902363,0.01566804747112976,0.010584574668673803,0.01219152119802775,0.004389051134225381,-0.006285532695668532,-0.003174051475947639,-0.000797309790991849,0.018951167487201187,0.011298128389634683,0.038932529091025625,0.03837459125197188,0.019051637496759772,0.034202254316786126,0.01539260313783081,0.011550843357711513,0.008719529952505814,0.020327838005235868,0.02138713683328402,0.008448808991045496,0.007847967768613474,0.01081533579710464,0.018628966473179562,0.022123392540222043,0.0035110480899696174
2025-03-03,-0.01767537421104162,-0.02212553974757011,-0.027727676730413407,0.004656234532782434,0.003154334537627532,0.01309428477593445,0.015422686984179377,-0.02558375046136884,-0.01587965824889355,-0.021643670751607412,-0.09094892921519282,-0.028844050845269347,-0.046913766615871585,-0.04685573690833977,-0.035570201662939324,-0.03524100880373961,0.010834361359737806,-0.008468160291073484,-0.015344810002492227,0.004674900761259692,0.013602324275298467,0.010016263555616599,-0.010397675799335822,-0.008914859834013867,-0.016457509323538472
2025-03-04,-0.011907508531810475,-0.003022281842829849,-0.011368108337293365,-0.012391699398605684,-0.003291868838084744,0.008660029400338732,0.008658062743114531,-0.00013642687626459798,-0.008861605915058862,0.0003088179743625469,0.01677934865633183,-0.045311188236941684,0.0015057036087892572,0.032515429605454824,-0.009726099322792274,-0.01605999314855923,-0.006927417980422598,-0.035809428041843554,-0.04060296537971427,-0.011621222548037444,-0.011181385988123965,-0.013820280918363955,-0.027213893846179234,-0.03408800403113263,0.025330498965795048
2025-03-05,0.010690674598028818,0.012951789171382573,0.00988222957771211,-0.008016209531262298,-0.003210869262348426,0.0020791481693782673,0.026205360417887732,-0.02611907540453508,-0.0008056607490407478,0.03143508151249319,0.01123077045938652,0.025621016692865903,0.028369430297134613,0.04552507437056833,-0.014710373821946315,0.03529912276974245,0.025517106010840902,0.005792428333021939,0.005101783092698966,0.011091071547106446,-0.0018152252691566004,0.008223523861873219,0.010578783235356071,0.002748155647123371,0.009090055450493788
2025-03-06,-0.017910541434329044,-0.02789484294331801,-0.015420331055003683,-0.0033129847843499914,-0.0031290524513918777,-0.005094160642131142,-0.002690883640899095,-0.004068766396589868,-0.001740708128012921,-0.010352008412163724,-0.05908591046205051,-0.05770651942025788,-0.04793132657629846,-0.037932259900262215,0.0030291406446037654,0.007417362488478732,0.0023429166359131503,-0.016668703205292925,-0.020038065655661682,-0.026000482321126648,0.004290754159675413,0.00028627149306355006,-0.014059704329376997,-0.036140611416395935,-0.028128722096966888
2025-03-07,0.005589106079687923,0.007326630128708929,0.003258541341882821,-0.00321325976642817,-0.001568168386836008,0.0005218196474086795,-0.0033738351946060122,0.01340613748548458,0.01576767579810033,-0.009061199849503264,0.01899190692690696,-0.0029651004058366417,0.00592795258899768,0.015198841376410527,0.016956424036292578,0.02687800786874248,0.02598670059804428,-0.005279196551978402,-0.017430114544623072,0.005968752010339539,0.0051727078401646994,0.007358601208899076,-0.03133975915521861,0.0007585779383116554,0.014661832376461648
2025-03-10,-0.026996709750957863,-0.03952732961962001,-0.025473357799235367,0.010377704401652185,0.0034099512490936624,-0.008794495623060066,-0.016354692844249914,-0.016785916360268622,-0.04969413155181906,-0.03400585141893724,-0.05199878522832824,-0.167545740677576,-0.09158025415525889,-0.19329905160371216,0.007407032659408182,-0.01463703229502068,0.011586778787489527,-0.02264864656660964,-0.042408831870906,-0.00967648183694288,0.006040762530139069,0.0017603373887696192,-0.04345109350901652,-0.02330041564913403,-0.0373761429692632
2025-03-11,-0.008347592381907083,-0.0023933231521931345,-9.963357336289736e-05,-0.007164444635224033,-0.006553908286141097,0.01165930639065754,0.02878134936608895,0.007868490406993518,-0.02962381962955832,0.0007625843868829922,0.016501736476349838,0.037245079838722016,0.006871406921733041,0.06720962318065164,-0.00797911830118473,-0.015884073007940615,-0.02170857862816289,-0.008574805388167552,-0.013352160260300311,-0.011759073050346892,-0.01103255834719466,-0.017975205980508027,-0.00433641382746478,-0.051558801101489915,0.0013444842319282472
2025-03-12,0.0052924115487716404,0.01121761367996255,0.0017420022285272022,-0.005991548596146136,-0.0029676752358311718,0.004337373317600702,0.008640806032338614,0.01871813545831001,-0.017633330176276298,0.0073848815173584185,0.06229466299076358,0.07319368705023727,0.02904093646113835,0.0002086134602724393,0.0045673665575689144,-0.004838354502987041,-0.015864900757371028,0.0014692299150231396,-0.005426141416446848,-0.0031000403047896814,-0.018314507087877675,-0.027821155295531648,-0.02595159369859033,0.00874611880194425,0.04080544563085423
2025-03-13,-0.013420066276045816,-0.018154333269607012,-0.01503047026646097,0.008753086589552801,0.0031531374700699056,0.01760034574283983,0.017060796541682383,-0.0163415942027315,-0.03422264572175105,-0.011810645684481976,-0.0013833929690728268,-0.030323348875332203,-0.04873978467620029,-0.07717380979716099,-0.006858805517990528,-0.014357450559844206,0.013836724200233035,-0.005468020217691431,-0.011962381389128095,-0.019935781160839442,0.0008592852231084384,0.0013059860070995146,-0.008249867524576905,-0.019322837578277404,-0.0269498490539064
2025-03-14,0.020445389974660638,0.023883041552540816,0.023891988928314185,-0.00530911623680004,-0.00046327303182459807,0.0003996778676249641,-0.000976426024012958,0.009173045915837225,0.018007462482224464,0.02551856133331957,0.051349503358979635,0.037912677650069934,0.0402376689494027,0.031227348730358782,0.02916456901496946,0.018813305926364092,-0.003768338571422103,0.022932118574171854,0.03168752521281969,0.019824776398318974,-0.0011049997761798526,-0.003684482777580232,0.010008927826521229,0.018107000505861486,0.028734150709596368
2025-03-17,0.00768163565547106,0.006462794798367076,0.012538674001480383,0.00497813759980568,0.002036084054348817,0.005398932434643415,0.0032509906339674966,0.0059314652349788674,0.0023859990710405903,0.00036026619574749936,-0.017745076192819592,-0.049068231054900005,0.015932593358714782,0.03139373899991767,0.015805688298021377,0.008794238326833403,0.003084302436812545,0.011679163955981602,0.006389770650090663,0.0169346794186265,0.00018436381100419904,0.010600301089332435,0.02442112364802892,0.007272791629586459,0.03522445464623268
2025-03-18,-0.0108670615035402,-0.0171943773628704,-0.008721091389124112,0.0009926074515864457,0.0024007664569237505,0.011604364010877142,0.001297467442032613,-0.006900386286061836,-0.0061403373408097294,-0.013416093695738544,-0.03490312740325705,-0.05483544563443539,-0.03543432903485205,-0.042265178402377444,0.0016435822271861353,-0.01745843233994497,0.003564903441056586,-0.0012229611197793076,0.004435927196957227,-0.005247636196280834,0.008621442463824801,-0.012149273756719156,-0.02161313766424981,-0.00010069708086752042,-0.010379662718650286
2025-03-19,0.010831796247396306,0.0132926320226134,0.015430609521779107,0.005168168746863618,0.005884901175849226,0.00409929439969153,-0.0032467684641770416,0.002903951269256553,0.011918079032807427,0.011149551447065257,0.017944250649201257,0.045761190368065634,0.0368339033046667,0.04643720669843868,0.016181227237087877,0.0056564096073992215,0.002702640786298298,0.010953412796479588,0.01746586429073382,0.0012049758129722686,-0.007700806498649225,0.0051148339725048805,0.00860880790039322,0.009417096211782496,0.02593833935896641
2025-03-20,-0.0028957723335400003,-0.003395280547752013,-0.006368066987561903,0.0006576080357703412,-0.0014678709433430415,-0.0012814060805390753,-0.008163310639160981,0.017927338477980264,-0.00531050101102017,-0.0025301701130592416,0.008557527259815172,0.0016944590202751025,-0.0005995559165982346,0.003314684195137211,0.0036558232414491683,-0.007023648310000648,-0.008129867189913374,0.0014111775327131642,-0.00041829048909998727,-0.000657047604994552,0.00018406401169018642,-0.006069372389531521,-0.006041616564669238,-0.014361375166706233,0.008529798363508704
2025-03-21,0.0003297563413001435,0.0032913063511417415,-0.006212541044702345,-0.005935958806282544,-0.0013783197326246398,-0.008082476604942154,-0.01586284215942688,0.0008134159458269552,0.019289689122107614,0.011361193751296827,-0.007027070855381342,0.051354715813140585,0.029158873068604815,-0.002735138802478647,-0.007001042263833133,-0.001398742190508086,-0.05967963878820074,-0.003632762341127116,0.010902262970848607,-0.01112663206556371,0.003734858235622613,-0.005145957700208525,0.004721503019986062,0.0060509242037981815,-0.006554915709635135
2025-03-24,0.017749976730995206,0.021707046583332508,0.02457411716899892,-0.01030653478351619,-0.004330731799698701,-0.004462490783133984,-0.002000713363243436,0.014663562012078598,0.011207339840889797,0.00464072231939094,0.031034325734698574,0.11273547481030481,0.050730034619886545,0.06711600923095724,0.011329449218422532,0.01738925507014272,-0.010792632057532245,0.017480066203506624,0.026263085067591698,0.015280981607475697,-0.0020799970347357977,-0.006258748424526313,0.017409795104766573,0.007212969353849247,0.06730031006079827
2025-03-25,0.002400889846210259,0.005690351579621891,-0.0055694217028030854,-0.00011142532467514384,0.0010152152862772147,0.004390711790074645,0.020483069915323473,-0.0008015706483539941,0.013589063767491449,0.005277700657096019,-0.005947997580503561,0.034423463077927825,-0.000738569377000833,0.005843817909861056,0.00408435058672297,0.002776626623328692,0.016168203246594907,0.005567635740655208,0.012300072289979386,-0.011283786271044559,-0.013999262858583932,-0.01704752629044457,-0.031700737897705014,0.014173403906282286,0.00839678773375702
2025-03-26,-0.012010067262381878,-0.018572067390751727,-0.010210861343348079,-0.006594815955408265,-0.004067208812284144,-0.0008263225124260293,-0.0016363687683877551,0.007987242710905179,-0.009971228950894646,-0.013220944205326898,-0.059134310275674576,-0.05742390273973801,-0.04688948819857687,-0.051646410658006,0.005882039735861432,-0.004417014126890307,0.006988032575088064,-0.002978803694866406,-0.000398327900811217,0.0038938181958940122,0.0043378956056941646,0.022646146616294202,0.005295098106025518,-0.008202047559498922,-0.04107239618495039
2025-03-27,-0.002659284863130742,-0.0057142998122445285,-0.00477812558771387,-0.00291974698451263,-0.0012049259013538866,0.013316671121389569,0.0255470321411718,0.0007952974227207222,0.010418182438298122,0.0015628732954701915,-0.020694319286352,0.003925268964187849,-0.01718123247652037,-0.028078048403981964,-0.009750918851135751,-0.005320343504735908,-0.006513127518810821,-0.0019908616370799305,-0.011659993414457231,-0.0025569851683320995,0.00868098952620809,0.012705606780977992,0.00491670657007151,-0.0032798594303307606,-0.032653711431307755
2025-03-28,-0.02034382556782497,-0.026680609685395526,-0.020540957726073374,0.013738951835511286,0.0060098667263838315,0.007384788228781908,-0.010269656893657188,-0.009451074859801283,-0.026940007287046815,-0.030624344400296946,-0.01592077694349004,-0.035704833212183235,-0.04182350648282714,-0.08086945243731934,-0.004749085848315806,-0.028731843033561688,-0.0017878455772759594,-0.019519778454961362,-0.021468466391762232,-0.001336833027561866,0.003549185897875341,-0.004038634820838903,-0.005621174085130486,-0.023978568318059626,-0.032689814677901996
2025-03-31,0.0066904524718166955,-4.263701014754066e-05,-0.004800590947277793,0.009825301404196412,0.001933942573248285,0.014261049112946293,-0.0003226400711568997,0.03366531218437057,0.019226533807503023,-0.009042797925262884,-0.011832353585052373,-0.016797411271064034,-0.023266502396135886,-0.009822109268971566,0.010974951140214791,0.0003336098719677694,0.011754303846104326,0.01211902750751511,0.010037985480994516,0.009209425950727922,0.01292682105380433,0.014123338186486225,0.030533227013163626,0.006403426491989612,-0.004661140300274156
2025-04-01,0.002820377385503122,0.008028799895399204,0.00010003836100676122,0.008628293891926998,0.003567904615031263,-0.0019801896396476866,-0.011684670968372052,-0.003238134997980117,0.004760651082845126,0.017952257959341793,0.01619951884828537,0.03525624951763979,0.00461308017781769,0.013208604695682002,0.005868232726080257,0.0023320642503639817,0.004311141471390303,-0.0012052681686362209,-0.0067081884891144,0.00044184047772544914,-0.07895283967786416,0.0008211406125169763,0.01177683725231322,-0.010388031810471758,0.0003892654406951919
2025-04-02,0.006308494357111239,0.007271926326484985,0.015665381740762995,-0.0006561752101527391,0.0022981054711280874,0.0020495598046479263,0.0042352586327180095,0.008526030643493826,0.003131356211497858,-0.0001307569100956871,0.0024481965929616057,0.05189662060946535,0.02785125410219041,0.04717350204776644,0.0013819952828974078,0.012296667033673464,0.009384286367370457,0.008207386167778347,0.008825800721308523,0.00605350326026876,0.013674467841487537,-0.006234273263546982,0.010414939865876048,0.002045277650542397,0.0017497847085742632
2025-04-03,-0.050536534960503074,-0.055019770603589924,-0.06634934838000657,0.004583164374846226,-9.18199464469763e-05,-0.0060565822044141146,-0.062719658726933,-0.0732375709523678,-0.09701327151755589,-0.023913833417961234,-0.08128114142925123,-0.05630172235818194,-0.08555129412148772,-0.06895384506354084,-0.08176165272418214,-0.09031463978192128,0.004208713406836428,-0.05049615078476009,-0.07223219763643761,-0.034722920262168354,0.028303123964727325,0.016906560321389066,-0.028247194203638935,-0.09690521783245767,-0.09317566584889314
2025-04-04,-0.06032656014450251,-0.06412143143699196,-0.04563402737153597,0.010828623082809715,-0.0011025711295968906,-0.02367020473214484,-0.06470004812468216,-0.06180181194844126,-0.07568027827730114,-0.036213731617084785,-0.0764228765621437,-0.11003572551557192,-0.07308559078744581,-0.06165359017717646,-0.09650986939857116,-0.05956225785757386,-0.05104105909936147,-0.07599704122898328,-0.07778676122369689,-0.04436917457912636,-0.04204288820378055,-0.05141863354077018,-0.047764923874680246,-0.06163111345046908,-0.08961216631501442
2025-04-07,-0.0017827202215732311,0.0024103696864225623,-0.009092470857128413,-0.0306203336030585,-0.019681272427776106,-0.021719986685703737,0.002213186690999101,-0.02897879836561835,-0.03742594463335631,-0.00551766434398834,0.03469994438982112,-0.02597878190231111,0.008074139400565157,-0.020577790906149425,-0.006496385061855816,-0.0282344838688075,-0.0030822749050312126,-0.00249167297565696,0.019590016875884995,-0.02659763756978868,-0.017245109190984827,-0.02173058326596599,0.007663581156203072,-0.0027573170778124644,-0.025030854968826975
2025-04-08,-0.015786794395784585,-0.018172687712796728,-0.026696814819830057,-0.01905876333418901,-0.012737681282339637,0.0054290299021522185,0.0,-0.040834673158959285,-0.051101834349552816,-0.009264190309001693,-0.013818840529489732,-0.050235731001905815,-0.04276531634895155,-0.03764005503954287,-0.02340273604833955,-0.022094610945140928,0.028691627988104762,-0.00386339744578085,0.011268014397910643,-0.027199069528330316,-0.004124823448750557,-0.011549912099564966,-0.0246359441905842,-0.019149729613397618,-0.06712436235556218
2025-04-09,0.09986284608912045,0.11335616073928188,0.08158139572069388,0.005868241380204071,0.01657431847341192,0.036323492196158734,0.03333642372389357,0.0647950648612448,0.142617325001121,0.09652474283809448,0.1716206566786014,0.20449058000160122,0.15390383815854766,0.15627046364336275,0.07459378970404301,0.09423452982778494,0.04170205485740386,0.07265962037449458,0.0774750012876087,0.0579449005848404,0.006445769172830663,0.024509474757974197,0.09120036498495189,0.11238421497603765,0.21366258934626892
2025-04-10,-0.0448080471617409,-0.04346309517025383,-0.04292633786111012,-0.02795548248758257,-0.017144283480022626,0.02413009288681445,0.007809809667010393,-0.034013844950514446,-0.043318528708439274,-0.023684844925189862,-0.06094720820004916,-0.07552202857803939,-0.05928956201919116,-0.043097445094558796,-0.06755428554866443,-0.04016356864997418,0.003153689471896109,-0.028346328719582526,-0.03133856333421923,-0.023091245896248867,-0.015217461834204356,0.007610107046396513,0.011209232132744697,-0.07032954394943376,-0.08780023934362875
2025-04-11,0.017685508564705313,0.018255378558624018,0.014478374553744459,0.005424096092989661,-0.0001901113116206256,0.01890679950058093,0.03167133785331028,0.017301985720580604,0.039792008995159875,0.01844693429465891,0.030757562677878148,-0.0003566259450701537,0.030084123185864082,0.03407843075914029,0.024508806871674636,0.014727287975999174,0.02386641525378162,0.016418540612258954,0.039244445844278206,0.012150392670068974,0.02023892030077322,0.02027498234554631,0.023882143961153502,-0.003997181534756887,0.051631506661683785
2025-04-14,0.009654564485726522,0.006755349593227849,0.011701640955292338,0.007109918437161772,0.006157883867924429,-0.005722318290653523,0.0064879390190120245,0.003004878665892946,0.021814289466461387,-0.0016489173349667403,-0.0019851987412289177,0.00015855643290671638,0.008030405413538826,0.00613499893706323,0.0035430052320357557,0.01578864313911988,0.0009261151217526062,0.010232562888285928,-0.0062855933191425664,0.020475419036813776,0.01718505614522203,0.013212752609970584,0.020584100209112315,-0.002713082883989092,0.011708472927867107
2025-04-15,-0.0028046244086618183,0.0011142369223558202,0.0012323211771893034,0.003536319914354268,0.0053690533930811106,0.005218738019025799,0.0010206051966586737,-0.002703926774144008,-0.0018779985488284058,-0.005377836703137573,0.013368805296760837,0.006950209565496565,0.00624936681343564,-0.005736176345066529,-0.001516837064548849,-0.015856986456466757,-0.01219170462066317,0.002541843320704818,-0.006797118225439894,0.0030412668049261617,-0.004805611911074511,-0.003909879761136955,-0.008055274672448544,0.004125715330702552,0.00832504846820063
2025-04-16,-0.022478913258385427,-0.03061758536830077,-0.009630658897862502,0.005563955362074197,0.0042183549416428805,0.032022570753676,0.01183047027820905,0.018923258717227904,-0.03971164938442461,-0.037292809997625694,-0.07119154777139383,-0.05069074290399683,-0.03208825754392986,-0.019323164194598286,0.008188955149394697,-0.011275396409039897,0.015845555244741745,-0.01577869578332484,-0.015214027028453744,-0.0007010602293386401,0.0018860702600429697,-0.01242332046654757,-0.03003023485280214,-0.02670332956881014,-0.07629802168485925
2025-04-17,0.0014257923621276338,-0.00018006730892834326,0.008130237147116698,-0.008871612130726724,-0.0014040419942759883,-0.004400359490663115,-0.007081499622300303,0.02521452992819913,0.013853346526558471,-0.010359904536251406,-0.02913114890654451,-0.0007454979855451015,0.0008868537275672272,0.016242679525174174,0.02233345518039269,0.01406606493526357,-0.027627268657979036,0.002575752449214035,0.010182822552053574,0.01484934523149222,0.022866951227865365,0.02516299662282042,0.022017138784674813,0.024347771674431227,-0.008988067919469765
2025-04-21,-0.02409062378515362,-0.025058125331444588,-0.02025949665825849,-0.017634424208163472,-0.010831204249456789,0.030466725196562627,0.008089079424384766,-0.012454912231737055,-0.01958332803138691,-0.023828341572426474,-0.046177454969923155,-0.05918076725792799,-0.015185649647745908,-0.00017140690497922774,-0.026482547052565617,-0.02804979409200198,-0.01246747858612927,-0.02166935790481175,-0.012886625714596273,-0.021063078706137574,-0.003498967744056401,-0.022802854237382868,-0.008727131679951311,-0.00959656778318396,-0.022420937683799165
2025-04-22,0.025685232640095007,0.025913432383375325,0.02555442443372832,0.005566041369925531,0.0024590092466937035,-0.014297390879940051,-0.009782534112123396,0.010870459534162009,0.033497614217216004,0.02121461304857907,0.020225374637364173,0.04499438204493094,0.03710673837208716,0.08223809823697201,0.025131887692694206,0.022330767896461844,0.008148574885759015,0.032542559366264316,0.02841466515785446,0.019219130539268485,0.00527543845880217,0.012768962427179753,0.02606135338375992,0.02457645583180125,0.008148160304945291
2025-04-23,0.015376526877306033,0.022424767692723738,0.01472011103425782,0.00966609146785506,0.00443007106495297,-0.024270798064606143,0.03530168347683808,-0.01921176304714376,0.024040271996578873,0.020426754757744334,0.03790127992635914,0.05227194715975201,0.038912144999215505,0.024949334714056293,-0.001844559263542041,0.01567473773446516,0.003176219359098617,0.011804420971396432,0.022205895341022255,0.0018439481668691194,-0.015137761475598902,-0.012889626808820394,0.0011591262855615786,0.013842650684647984,0.04676761907318107
2025-04-24,0.020830434090762334,0.027748600648374186,0.019828468643219004,0.010481062227372457,0.01019886238545013,0.014451351409752674,0.0,0.006006845785576822,0.01825845206945772,0.03390148049042401,0.03557808411610676,0.03437870754426389,0.04166420176093648,0.04550910498388671,0.01587515794594559,0.036809563746388975,0.007008010806910872,0.01104519054889674,0.015488825802759258,0.0036783642413257965,-0.002900348564513569,-0.03812782451334988,0.00922439482359857,0.030684935020083015,0.044148701644742404
2025-04-25,0.007199399733574162,0.011086288049104274,0.00030903663816058476,0.007339108168710574,0.0052922099052104925,-0.010900878955956528,-0.016829311230396073,0.008291555302855608,0.004357799102907385,0.011679711144795183,0.04213283960689628,0.09351849398026,0.02000261372279613,0.027909259164109294,-0.0018188363185419952,-0.001336903301813246,0.022935121094601912,-0.004778137550618028,-0.0044654506119479595,-0.0017224717536525372,-0.002261555325214028,0.009296474985342865,-0.007856292419049771,0.002995147129936737,0.022813884739377698
2025-04-28,0.0003812293734920367,-0.0003174364505549978,0.004215407473173306,0.006280255837607754,0.0023124211245788145,0.014141637459613693,0.0046481258164158415,-0.01856909316150082,0.0041008792252610615,-0.0017624972746416064,-0.020752557799449064,0.0032583903115033577,0.004694877061170545,-0.021065564479591826,0.007014927998702477,0.0019885110594245283,-0.0028303725688154746,0.0031187788735791474,-0.0013559211450552694,0.006187116777158028,0.004968788615208317,0.005141411999052772,0.0013661524224137897,-0.0013300310810665857,-0.0026937659782438473
2025-04-29,0.006279471094238755,0.00658267493226727,0.005881770602963923,0.008349618800501968,0.0023069384572021153,-0.009786658970495523,-0.011996165439599582,-0.028592676852973488,0.0050789808256106106,0.007335754500562662,0.002663541701362222,0.021284373105168935,0.005643628865462843,0.004180854856171977,-0.0028966349426344414,0.0011065790464815483,-0.0008612830197960631,0.010326341673240307,0.005739597538753641,0.0053538542098599306,0.0035983481968111463,0.002529966097734612,0.008574790328843809,0.011139881694656864,-0.0034294846425245154
2025-04-30,0.0003969567002435166,-0.00012620817174354294,-0.00629231800499478,-0.008126182796784263,-0.004711961806763955,-0.007510353244041787,-0.0077402217515268905,-0.035395041742518826,0.006088975685349116,0.003091330586308662,-0.0009177460396819624,-0.03438223363024816,-0.013480689328370278,-0.01584310415244835,-0.027325145466635264,0.006064742020913423,0.003921887070055609,0.0018474666486320067,0.0,0.003515718763592357,0.002562114973466405,0.0019086843463757546,0.01252019574289331,-0.002415954463534016,0.01333974532280681
2025-05-01,0.0070619207658889575,0.012976201823912958,0.006190456131102258,-0.005083353828892701,-0.00352093487711443,-0.02099106650379782,-0.007119914554000455,0.014990837952927898,0.0038515904786940764,0.07348604606912208,0.024397011671066723,-0.005829314402079844,-0.0013778113468651781,-0.007867609440677058,0.003719735462298438,0.015051058388222504,-6.286867261366735e-05,-0.0002050614593697816,0.009236926311718291,0.0032778498167724238,-0.01190583559586257,-0.01605977725933829,0.0016439660285464367,-0.0015404624322335918,-0.007216494702038421
2025-05-02,0.014735033338764254,0.014734750816403092,0.022242719065056565,-0.010883252894854586,-0.0024290390671842317,0.0017466735903771576,-0.009229207515191929,-0.007935846700359867,-0.038077593658179934,0.022959658008321133,0.025564249547415624,0.02356864125337387,0.02201318159648338,0.017872073865773486,0.014498352568594266,0.03048970705830397,-0.01035230864896343,0.020506242124630526,0.022507894953569824,0.012224581993081568,0.010689694658375281,0.0033697506927204382,0.013662396745094847,0.018331088667000825,0.02200141420004257
2025-05-05,-0.005750908210447426,-0.0059501725726331675,-0.007711186885965522,-0.005600913834261688,-0.0014038962849041944,0.029430400577679455,0.012286799644882733,-0.025954981114731566,-0.031963978788773294,0.0020425767979148405,-0.0059565720912732305,-0.024495847170982712,-0.023590194179900697,-0.027355594753435387,-0.01821808803089277,-0.001762571845553589,-0.0026261345071919794,-0.00645160303471256,0.00019803619002070461,-0.0022319159480228565,-0.007199857566524758,-0.010584210842053307,0.005856305218026607,-0.0041169689533935615,0.017955177097891135
2025-05-06,-0.008393337877751367,-0.009345290016605353,-0.010967822861994174,0.0033187890433644413,0.0019652316658836876,0.027638515747736927,0.02479188232983862,0.03513001375557303,-0.0019124614578998429,-0.006578705607320225,-0.00246302079326862,-0.01767474071206643,-0.03840825762919639,-0.012667632864552433,0.00024832853944317136,-0.006894236206087103,-0.007129397492371709,-0.005679598386101622,-0.013192441788096802,-0.007738450061127843,-0.003425157963006099,0.0026408020757990383,-0.007883610426376865,0.0006511580008987977,-0.019778704093817347
2025-05-07,0.004196508757069077,0.003918332606929717,0.0032979649082158055,0.004218034937169319,0.002054371682749682,-0.015106592963135799,-0.02445271905718673,-0.017017039781642318,-0.011450071139791278,9.232530148791122e-05,0.03053137522671338,0.0031546161942166075,0.016468835814921767,-0.0016774782615220712,0.0003726216143993107,-0.001871617405949517,0.006620264340397374,0.005881876562370598,0.0005614645143178494,0.001125249899010391,0.018154857926671483,0.0002513293363843298,0.002837218087068528,0.10222007678161271,0.01748961893371109
2025-05-08,0.006943737651214226,0.010271933892103543,0.018866575742504582,-0.011211801942300372,-0.005050436245198644,-0.019890788928179075,-0.001017835108327347,0.0323783253031968,0.006298593991509645,0.011061260938679426,0.002644730600720201,0.030659773437438274,0.03720993380342017,0.04933269660883063,0.013073540304927831,0.012287991244941461,0.006787636319436385,0.008256973664300962,0.0162276641315195,-0.003943926714283731,-0.010480704915901303,-0.004025999668537942,-0.0142671222703299,0.029247845264777667,0.013263545467219221
2025-05-09,-0.0012749277843107142,-0.0006555474292755615,-0.001840858041776664,0.0014946462667026392,-0.0003751119411084148,0.007228485693538802,0.011474987951843166,0.01527905289845621,0.005252220188113187,0.0012771800482289986,-0.006153365094515101,0.046108194570086934,-0.0023342307221510894,-0.03538880224185408,0.00999775947465881,0.004216185519130626,-0.0021307200620948627,0.0,-0.001539923723322261,0.006639425022675579,-0.009293913051100007,-0.00625965999752514,-0.004899078614326885,0.007770310736717961,0.011147073740849405
2025-05-12,0.03251296734847013,0.039932147435640074,0.03455368023595708,-0.009348598606923018,-0.0001877584913267105,-0.028595551740996136,-0.005721034647662995,0.014753234888594884,0.061232683526801536,0.023717625628310892,0.05300641080963476,0.06528003118679684,0.05916874677953927,0.0388694265552281,0.025748381934700963,0.050686526736408,-0.0007605680020346852,0.02005419571900499,0.027168287999388342,0.004922645116049823,-0.0005188981633087103,0.020342119282204932,0.0003101257264383053,0.04205210001628442,0.05006740002342411
2025-05-13,0.006582230528778774,0.01512583199903898,0.003649512994048175,-0.004066668555044223,0.0008441120768611374,0.004249948759953267,0.010073998799224554,0.02901286575593728,0.010101056215818433,-0.0002670535638990437,0.05481136920807433,0.04810492051681205,0.052384848082842925,0.21490584364304358,0.013971378314430828,0.028746508962082338,-0.02857671327049954,0.004119893839049053,0.011318259811608332,-0.012804845218716526,-0.03768040615498609,-0.013578458003472767,-0.009032925944418907,0.008022752323295572,0.03935584791180405
2025-05-14,0.0012771385761610014,0.005975165092443742,-0.008906923527684827,-0.006658407340977834,-0.005074867216062838,-0.02126227662564288,-0.02298175838305948,-0.012434992256835977,-0.0028218552384125643,0.00842492892589001,0.040794262711428365,0.0399319216619113,0.002609404355910207,0.02502488720585083,-0.006081055208141105,-0.008202799800214922,-0.023433116411376537,-0.002744709083017792,0.009949978329694614,-0.00988362253570072,-0.01411162018059222,-0.0044829934666305755,0.009859484418841224,0.01390894219841621,0.04571133901167914
2025-05-15,0.004872557762829333,0.001098352652513144,0.006507507508680586,0.008751957937880672,0.007134892637070768,0.015837869719407486,0.012232589048655424,-0.016725845044815602,-0.004153053004597181,0.002253525213353704,-0.003775350441351778,-0.01407694599861275,-0.014524742608281252,-0.07474187754888863,0.004213875614465065,0.0004288455212823195,0.03491470631009538,0.0066523005318865165,0.006939901114412446,0.01810217180488438,0.021962622933633495,0.027402571907171283,-0.004969470606654411,-0.006395502454126003,-0.023463784251778905
2025-05-16,0.006314102279205575,0.004342931329376914,0.008230095209994251,0.002668714529099658,0.0018690749405955403,-0.012160689602209927,-0.010524672742388885,0.007517201817990758,-0.0008989569837456049,0.0025127580054977628,0.004218666534108666,0.020670491941373468,0.028498877647343008,0.08625421644928814,-0.001519545334637672,0.010719557414929507,0.006813445661395306,0.006027205317222868,0.000261773880613252,0.01236859836401796,0.011431036673764772,0.005342418647859321,0.019426076693405694,0.01063651427513403,0.01878070656968987
2025-05-19,0.0010933200940945894,0.000958349375741638,-0.004202302521790516,-0.002900960459491426,9.336210701145266e-05,0.012798420816745652,0.004087227782427475,0.006002560447080114,-0.011808522701296861,0.010075127519562129,0.001254695838942981,-0.02280219175263177,-0.01675771100787831,-0.009312919815143187,-0.013070604028190916,-0.0028604675807607314,0.010070353985144276,0.0005812844733660668,-0.01006695538695629,0.000221443933931825,0.0076361307469784735,0.009084123988771516,-0.0012222454546316668,-0.006723301259392109,-0.020957175497015795
2025-05-20,-0.0033680006172298743,-0.003338856863202988,0.0005261715878286079,-0.007231363052689949,-0.0024303268321836614,0.018450974483986242,0.023846607521902867,0.002187090170311284,-0.009238802480674083,-0.0015265760973737531,-0.008816565521843088,0.005044436283555748,0.0010447077090681546,-0.009935880798826995,-0.009288085216830645,-0.008774423967000913,0.005817429718105211,-0.005439085586092686,0.003015764996556281,-0.005885382554153796,0.007643281962665761,0.00526619519311686,-0.00326659120272899,-0.002666397385796764,-0.010777722968711045
2025-05-21,-0.01699427924742923,-0.013994068722034503,-0.028476886526056323,-0.017237811472284103,-0.011199383231989388,0.007351594562024017,0.012533180941978845,-0.015706852435382185,-0.023329068660462676,-0.012297915534386087,-0.019385866332194072,-0.027122740878422213,-0.03146801611079357,-0.00918589264081673,-0.018594971183245476,-0.020173936824535096,-0.011711364895109141,-0.02066381627744022,-0.017619044933673177,-0.026978278743839724,-0.0031287123363854946,-0.001268734785454094,-0.014107251522919511,-0.017054621754201908,-0.012856537236464032
2025-05-22,0.0003945692246958432,0.0018693463837928628,-4.933488605112265e-05,0.0052265110533942635,0.005097486257548585,-0.008900989925318167,-0.015857601369884317,-0.006680006469871149,-0.0036187813492862624,0.005047277339223857,0.007784472588990611,0.019004252475032086,0.012493483123846768,0.048828857547042845,-0.003907747103318683,0.007794136350943215,0.00036146016568349917,-0.001193834530526489,-0.001418309353767433,-0.004587298588556802,-0.0037279571111111173,-0.0024207375058861143,-0.005198626171920057,0.006047246094393767,-0.012120258748763574
2025-05-23,-0.006849183214543818,-0.009303768191334483,-0.0031545873004101893,0.0016572599532283553,0.0007531282670596737,0.021669792905121613,0.013889114350831632,0.012580621657433795,-0.03071118088786452,-0.010342208052536684,-0.011661537423707832,-0.004997253689502847,-0.005513599938080671,-0.03285604462231012,0.003176092708578148,-0.005228082570894586,-0.003342835551591565,-0.003590001537631011,0.00015329391142011642,0.0010341036839613545,0.0021598711796812597,0.005016700482327676,0.004264790826960074,-0.012768949969973034,-0.0036195997527154666
2025-05-27,0.020577387012457326,0.023252703668759214,0.025058619142171897,0.013859695399620817,0.008992084813683934,-0.017094433359300068,-0.00725122556271703,-0.010497606597526384,0.02498362692148352,0.023077821285608705,0.031562961731518485,0.06709725458197968,0.03470379030828483,0.012236689621437804,0.008622374076672138,0.02337121237972163,0.016855053279115483,0.01742966271654007,0.01741501838499545,0.017302526436986706,0.010561398421446282,0.01139018015402503,0.012788932357463525,0.02377632562978118,0.037804120052116925
2025-05-28,-0.005802215424402607,-0.004441792585669779,-0.010600137408093967,-0.0043254062310783825,-0.0024272278845462406,-0.0022685891736127415,-0.008304316243188347,0.009025741802187372,0.0010482873230300382,-0.0072545238457449495,-0.005105126806973366,-0.016644185010272462,-0.01860437396510022,-0.04652359413616715,-0.012777721915393603,-0.00576332933523529,-0.014511867669955061,-0.006698245757846278,-0.006808127839784221,-0.0010160871169223448,-0.005365096967777461,-0.002386982431119584,-0.0034903801773138073,-0.007504111662496617,-0.01495056395214193
2025-05-29,0.003939612321384888,0.0019638266535384886,0.002963848393891683,0.009212545628841176,0.004476655869171928,0.005907233361944287,0.010617209930320008,-0.01036427605533909,-0.0023478698442389377,0.0028820428859637954,0.03197351965516137,0.0042777491260106125,-0.006338060216876361,-0.021665216688876106,0.007443154429634789,0.006559592755476896,0.007863004067730564,0.005126197187212571,0.0033341334620365566,0.008996818601342571,0.007516123391183537,0.007144480711441692,-0.001440801117378825,0.004473469198326274,0.0015051414537889667
2025-05-30,-0.0011190827579547142,-0.0015783612240807584,-0.005107053211453034,0.0015077174142715656,0.002880659314343832,-0.006598665713002106,-0.00995030567364789,-0.0005955175752302584,0.004491143445886108,0.003655906508106462,-0.02960257386263701,-0.03396601533337422,-0.004425177673934163,-0.008961434286643252,-0.00891398236252796,-0.010745677201399217,0.018179066457283663,0.0021608637158148716,-0.0014005496498829132,0.0,0.010557534109938307,0.00785952864937301,0.016546269994219646,0.009064374936142957,-0.02055842337642034
2025-06-02,0.005617200418764615,0.007867245657825187,0.0031161109970873845,-0.009350122896901158,-0.0028352103487344236,0.026233913208447007,0.051643237982097814,0.03511701655538296,0.004223038592199754,0.0034912429168350886,0.016513500505562415,-0.010941091649071494,0.013392308287403036,0.00040542467923862486,0.013038674915930571,-0.009701275370994009,-0.000542838838046948,0.0003924522157727212,0.0024970797416388017,0.001342666164025074,0.0012231823386656471,-0.012497635440650636,0.010579903626086486,-0.0007965331433963543,0.034614690140101746
2025-06-03,0.005686288008741855,0.007786527543477289,0.016010313046681043,-0.0017629286001972883,0.00046692046833408376,-0.008894994642019345,-0.004759635096682046,0.0048766065079382265,0.00775374755762891,0.0021622537004486525,0.02756804517640441,0.004599945784019605,0.01407857720665908,0.048226429784928526,0.011794577131569915,0.013629944879390635,0.0028155291703191904,0.001959726614738808,0.006064725397302159,-0.0020146758838810556,-0.0063261733515380236,-0.005558371478562263,0.002102706776690929,0.005738270106216618,0.023110456539544785
2025-06-04,-0.00026837630786721444,0.002783970787311622,-0.0028266263570682817,0.01610286076627841,0.007255105060900687,0.0064213132412345815,-0.003185742750905992,-0.007900681312937231,-0.0022162787829837,0.0019420257292457252,0.004944626116286623,-0.03614067809813415,0.0006901469590563805,-0.01130308062805737,-0.01969498329561865,-0.00020043405076081782,0.004239480436756947,-0.005693645716337896,-0.0077288699568304415,0.002796918390296767,-0.007801328552385193,-0.0054086558911211865,-0.006321199260310039,-0.0009688323916690543,0.010767871014684556
2025-06-05,-0.00484458823974022,-0.007555465369796247,0.00043173341857400446,0.0006941125988775345,-0.0030628982573390425,-0.005062672644074125,0.03480522486466474,0.00847285863672443,-0.010856515115292972,0.008179959834071963,-0.013692452665405617,-0.15384948606327908,-0.028338417738313647,-0.04718989529991899,-0.0009767211423585796,-0.0010596125078901953,-0.008706269901015626,-0.0027602497517397245,-0.008628284481464143,-0.0007822425064156503,0.0028676024827152626,-0.019164189271726077,-0.014089794287872895,-0.008494821712759856,-0.02467363257693632
2025-06-06,0.010216612089215106,0.009727865514616076,0.01603157498416826,-0.012805721104083649,-0.006061049461084103,-0.01350688232494814,0.007368712065274228,0.020522933503906375,0.016265396999942606,0.005756602836447944,0.01228211848812834,0.0360138325066553,0.08124306365348634,0.028540526019087444,0.018635666085134204,0.012501734735070505,0.007627285615266902,0.012361486916946142,0.014327097042336505,0.004796146801055571,0.008876235360464736,0.007465897076164282,-0.005014490798625263,0.012101052609468333,0.004312582063160517
2025-06-09,0.0009008769765978307,0.0014709584969651755,0.006866382921349116,0.0010541778457274994,0.0029883703102405817,0.004707437493749117,0.021187256949486834,0.009342685217941543,-0.012186637658254843,0.005025918122961767,0.006400723144077613,0.04453121583281344,0.02072275498754218,0.021107302659641013,0.0019162863082117848,0.013269516848824275,-0.0017869755750439744,-0.005475095759165208,0.0037936088254244683,0.0013343663632559238,0.0012892186045555,-0.008941202673044324,-0.0002053175196158489,0.015334020079671218,0.04657870179142533
2025-06-10,0.005653754979559288,0.0065922659640483645,0.005375486293451423,0.005136413137031632,0.002421561691719387,0.00029346792267399537,-0.0048033670852029595,-0.006265312146199662,0.006037878129545515,-0.0038784722638328384,0.009281581599223064,0.05519232015438431,0.008456353316185657,-0.0066071449272013276,0.0176722516494268,0.0013953509055361739,-0.008206950008024651,0.0011758205909501935,0.006948910103813565,0.008520082302473024,0.007828732173687354,0.001720962328314511,-0.001334803399867387,0.02619711336881993,0.012328151396177297
2025-06-11,-0.0028560914136342855,-0.0033752497784456676,-0.004110752130964143,0.0030229619117207677,0.0031576481834780386,0.005397696978330561,-0.008461784487912426,0.04399017218575875,-0.01938038534214743,0.0036033981281257507,-0.007810998523934495,0.0010421025390305668,0.009330346246637951,-0.016851036792099955,0.014356854502292973,0.012664583994929247,-0.043499108782185145,-0.0011758205909501432,-0.0016767240395822527,-0.005413584853392681,-0.007635507681536194,-0.004492955751160144,-0.015741864663143614,0.0066316964154425435,-0.017186759880158886
2025-06-12,0.003966247469725099,0.0023450230633123344,-0.003986800648692244,0.011886252166529488,0.005548474886159288,0.01234370232269246,0.0033328498292545306,0.0030693739012649943,0.0021106894117195567,0.013137532511937222,0.015078685098274031,-0.022679683166052338,-0.024055295010641332,-0.03917280262717057,0.0034706677440486224,-0.006021421179201858,0.027370533688865526,0.0,0.00033547700980515483,0.0048624368841046475,0.008976860592758465,0.006578701233197064,-0.010176927614904234,-0.007642930218125498,-0.02203393593921701
2025-06-13,-0.011242928818282325,-0.01263428644775486,-0.01845104077434966,-0.009682975368569779,-0.006012056010647699,0.01301549409169947,-0.002726039823928857,0.0666182768163835,-0.013901459318216998,-0.008198642681060048,-0.021118073175124843,0.019242741328905938,0.0027372719804066217,0.006862949165363083,0.01728808354653618,-0.010891312683897607,0.03595583309281431,-0.020603036555152148,-0.012340963137783613,-0.009748456015496117,0.0028046235663669386,-0.017931500012530847,-0.004121023044333436,-0.005664801183830745,-0.019944377972276786
2025-06-16,0.009469323987070349,0.013813979578395816,0.011720958493522319,-0.010128685579005137,-0.0017642506763736613,-0.014361734303802328,0.0018181083369897906,-0.02052845727841742,0.009978110040971993,0.008762294353875523,0.018977830742543268,0.01167425797647222,0.04311557818685543,0.07483461943155907,-0.0029554954724794026,0.01498307342150647,-0.04067633287035522,0.01134462681730481,0.02021316021187697,0.0007789359320952596,-0.01203902492869637,0.0037364521233134314,-0.00158965469234124,0.012973037741805922,0.08440377722701298
2025-06-17,-0.008581956398938374,-0.009798831213309354,-0.010588687866164662,0.012096110970846015,0.0034327565157999274,0.0005130624809404316,0.021267924419618955,0.046126726483488534,-0.014109733732180677,-0.0022984435487914917,-0.003947309718690903,-0.03960360944657592,-0.01583392994582191,-0.029958396671631117,0.009291958206419213,-0.013220153176827553,0.02595235829455791,-0.005755721084703226,-0.003111687499309476,-0.0035658767152515563,-0.01846612000257118,-0.014777960227335081,-0.0004242861656722999,-0.011363363536021137,0.00560180636014461
2025-06-18,-0.0001506471164413424,-0.0001702999549731366,0.005260636967834513,0.0017325876996378388,0.0007406409580549596,-0.00540018233840262,-0.014028023075472853,-0.0003646643869425607,0.004793163899890253,0.004591552451335456,0.009392319389974604,0.017857560202303197,0.04377798631905299,0.15121438780942797,-0.006563423035231193,0.005909556972242358,-0.022660567397533547,-0.0003980796603634679,0.016339465422865927,0.003454599472563764,-0.010887230275223798,-0.0031592870264852556,0.008872988581752112,-0.0022882111398006533,-0.002441984429393573
2025-06-20,-0.002351298196901591,-0.004091500062815386,-0.0021009203354233883,-0.0018485249676003048,0.0008325934883949044,-0.0004191069541604869,-0.01666955474733934,0.010278899457569695,0.022235564814750797,-0.005931288264851968,-0.01126743272200272,0.00034155282181088666,0.014275435196577379,0.043374851330339435,0.010166186796247555,0.0019991673727923175,0.004173953052934512,0.002783697045940908,0.0037890328767674793,-0.0006676586894076682,-0.006255867018168761,0.006685646341473314,0.010773656611524143,-0.001953321262884085,0.011371369375651955
2025-06-23,0.009829017063755472,0.010229912194552533,0.01216229149358723,0.0032321989287406945,0.0024937025999005494,0.003058490504208936,0.0073081282222503385,-0.08417175424797758,0.0024843525909344025,0.017853959924301718,0.0022220651174162756,0.07910624722725408,0.016400940222019895,-0.00256508913266338,-0.025613551603973814,0.01571420261962411,0.0040294834620752135,0.012514045698349687,0.011820742056228113,0.014916545181310411,0.010162445769899175,0.012183487851742801,0.018042557674554965,0.0010195887620311802,0.010394914016175028
2025-06-24,0.01098663429244116,0.015176366805758762,0.012669036314830346,0.007234611582431677,0.0046934356629355556,-0.015844238391270016,-0.010675668746421943,-0.045654184438178695,-0.005973168862430719,0.008421128480588666,0.02554303986210498,-0.023827555571310416,0.02084163921481594,0.11425484754411123,-0.013104261698543425,0.018370441183136858,-0.026291726597661703,0.014844088214005792,0.010687618770375237,0.0026286882590103437,0.005733007797630699,-0.0041693641735286256,0.001327464022798805,0.01186960183656796,0.06606626463795509
2025-06-25,0.0005602076849731048,0.002553076536561451,-0.011725011318515095,0.0012575856225621321,-0.0011944089472553762,0.0030327025232496515,0.012191486499951557,0.004237550784603804,0.006270873802582309,0.004397610089750412,0.042427406190420444,-0.03868634165630777,-0.011445089656367003,0.030136923498956598,-0.004367044610074267,-0.0038679600783482976,-0.003940861810679728,-0.0033012802500103867,0.009906076901556806,-0.02435909902932143,0.000591134803453116,-0.008705801290456304,-0.007579623844611745,0.006468696701335844,0.03527315581219341
2025-06-26,0.0077934334109692775,0.00930691559477312,0.016098362613624052,0.005015399823123446,0.003670202483452384,-0.0011076604529502278,0.009947386881490999,0.003812105241829204,-0.0027820575310859453,0.010467708027766509,0.004590493120936221,-0.005418374727754274,0.021775553253231737,0.053953208257264705,0.014211213513879127,0.02734234078743751,-0.0010695995744174523,0.007364369206769538,0.016375764151677817,-0.0009285034390027651,-0.0017746583652650991,-0.0021409423456936437,-0.012831359263007226,0.016938303989454402,0.0019506679753294582
2025-06-27,0.004956029834652175,0.0034177116013935625,0.0003248261512612448,-0.006387546928549293,-0.0016499936548437317,-0.018289975504647085,-0.02183231745068457,-0.004221393467016103,0.0003979327192980262,-0.0030401030082377375,0.01745740501441185,-0.006621400161764133,-0.01689544672833416,-0.05942726954174184,-0.005261669617421934,0.00738333488578129,0.0015057286432069456,0.0028920259877494724,-0.005695916722321502,0.0024892172382792684,0.002628107370056542,0.007723959790623283,0.01293406594737253,0.007219050525565867,0.0009044133437002377
2025-06-30,0.004769811928816336,0.006456149328470696,0.0014376765245300608,0.009792833752667122,0.005488940711134418,0.011913301279755133,0.005807824380192147,-0.002322539054183008,0.02013591105412152,0.0029596989342190664,0.0015203325251185616,-0.01861926308527601,0.0064226951171711694,-0.008353277668497455,-0.005760929612549402,0.009056621579219284,0.009872878315170175,0.008244763096760893,0.00970521208428063,0.00642079904195395,0.002228229158422168,-0.003383785086157806,0.005229442465078191,0.013558203072984,-0.013370425768477438
2025-07-01,-0.0003237317036786633,-0.008465166185971965,0.010235237079940337,0.0024764781971093283,0.0012080843938422038,0.008883435847179964,-0.0024413143018457303,0.011153539043285345,0.012833527240028552,-0.0108343552066878,-0.030134974737803088,-0.0548353231730864,-0.019392957710602902,-0.04421706599341649,0.0076349534401554215,0.006956465236103503,0.006027511624203826,0.0055222267114936035,0.0017231401905186696,0.007271927123986771,0.020540410652680738,0.011855272676397504,0.004693461316696526,-0.004202063962445167,-0.041659154324966564
2025-07-02,0.004523032166475909,0.006941234093660584,0.013757434521656878,-0.006373831309636784,-0.00018288781651485918,0.00551237530942954,0.015461945955605991,0.02220524716016511,0.021987220737205337,-0.0019528896929048721,0.025439993152528935,0.04848766871497916,0.02351024768787939,0.055452245199414225,0.017054846801527076,0.019028976252789546,-0.007302329967081627,-0.0007598277732462688,0.005460064844780618,0.0023381910868293205,-0.00231152495954797,-0.00012424979092651972,-0.006433519566155044,-0.00413841050608919,0.017551363549625842
2025-07-03,0.00785049006139128,0.009792158814384408,0.009232016359461121,-0.006989476251449926,-0.0023812441476990086,-0.006846293882020621,0.008089831178045962,-0.005305674997314196,0.0052114546359404825,0.0156579747361966,0.013203438882959067,-0.0009508330128998894,0.0071997842375925184,0.0038014141826597492,0.0011496181224363148,-0.0014317338660333606,-6.482705701866527e-05,0.010774125735412943,0.018411726944491467,0.0011113311594491675,0.0028886221349761184,-0.002297798780138605,0.007654272960313434,0.008259765130658693,-0.004413425337271688
2025-07-07,-0.007479822911334436,-0.007561396209012183,-0.015130898508329127,-0.009589419289283982,-0.005977927200667376,0.0007485003525817282,-0.0023901420998760146,0.017011036776343653,-0.01700167510697276,-0.0022477210393946462,-0.006927356204234811,-0.07030747928005848,-0.0091853101403062,0.0036471307692513386,-0.00969868050226113,-0.01608905095603766,0.0140409230183023,-0.009634490548248846,-0.013708409993068858,-0.008590370616829922,-0.004754616428653052,-0.002053949962708797,0.010014755280059425,-0.0067972079254683,-0.02280910392322921
2025-07-08,-0.0005479654391165573,0.0005613782359973233,0.006893821464359403,-0.0012778171199482112,-0.0028635719220607655,-0.010498326962963742,-0.004196630472301611,0.006256481825200696,0.00028572472119207156,-0.002212608965503194,0.01106083288019853,0.013080017887538436,0.0065091367722678525,-0.006405232417726532,0.026561299114692568,0.007075643986192385,-0.012982001740553304,-0.008961838491522498,-0.03198182580749587,-0.001457587918773212,0.0033433904059957183,-0.01639544983269217,-0.023010567649119226,-0.010939769466948395,0.022156317955067433
2025-07-09,0.005978718557821743,0.007053984870394073,0.010788994004395125,0.010407173448153518,0.005719185806992515,0.004461316177625558,-0.008749517622025365,-0.00038987302353421207,0.005366344294458053,0.013778515307014945,0.017839983153870063,-0.006501707849529535,0.0205214317703316,0.05224402449746201,-0.0050971766117396304,0.019812962126876422,0.0001079284183467833,0.0036325413081919906,0.0013429927819139991,0.0007851664485195965,0.0031403229791115723,-0.002346125849375213,-0.0028881425182438513,-0.00998232781396777,0.004271782294599444
2025-07-10,0.0028163406054207227,-0.001439159033745371,0.005128785004977915,0.0006898785857936084,0.00018382417950269696,0.002223316131965108,0.022472855852058576,-0.020221289310083004,0.0059969334396774284,-0.004039855451496338,0.0074622986953861055,0.046198855706690405,0.016309479716824036,0.03962182482714112,0.0075797621400496605,0.015175957091049281,0.002695839884532261,0.005898591489532576,0.017607808121686996,0.006259061277681139,0.008981943128791175,0.006139030245137037,-0.02034818243482829,0.007845731314498675,0.040703497896090526
2025-07-11,-0.003521617492822476,-0.002253047880222565,-0.013885977788387672,-0.013890386876721303,-0.006087922591630626,0.00955577301886398,0.03722438504349314,0.024889960836444253,-0.005902267935020674,0.0036624309212508993,0.004984454919256748,0.01167844971117151,-0.017415546869948634,-0.004896775134533955,0.004497910732577521,-0.005919548111669698,0.006868297118464078,-0.010489328135076265,-0.004625693941075347,0.00011150433272409098,-0.005022435096801495,-0.009127176006049235,-0.004860940816388343,-0.01400014410587022,0.015555372449883812
2025-07-14,0.0019062990833984936,0.00362039725886451,0.006698332151784905,-0.00210052662432207,-0.00027768964739149275,-0.0036620144241214002,-0.011484413104062265,-0.021843758180505057,-0.012101694334927058,-0.0005962429187498232,-0.0051673099282076845,0.01075495879659973,0.018638343949761885,0.017796601007089803,-0.011056032883284559,-0.0003696316096491624,0.012879015599628969,0.007449143945859313,0.0063938122696467,0.006440765806535002,-0.0005100593578758174,-0.02117134241467743,0.014512665723385389,0.0008338820064655336,-0.0012300464444970876
2025-07-15,-0.004282323121872532,0.0009162874718609827,-0.019773925437322305,-0.007033079520900955,-0.0036159699835269263,-0.004164364075514542,-0.010741945354022519,-0.004772021233664084,0.0023459983367661347,0.0055509749922627895,0.039614420191223965,-0.019500985006087518,-0.014497042779093545,-0.015319458098993044,-0.01451209506524794,-0.002788607668601618,-0.007311807911110802,-0.01727474943070726,-0.00747503086891191,-0.014831577762192263,-0.010577347446988896,-0.007048744412691587,-0.00408006511852948,-0.008286285044357525,0.0621037356852306
2025-07-16,0.003337615079474222,0.0010234038091116618,0.010003690111191711,0.0014104112184101084,0.0015777094110329057,0.004975696789391886,0.004368771471036469,-0.0009305376902021107,0.005008713863585173,-0.0003954909711362287,0.00391734766955151,0.03444095462458378,0.03598878278146396,0.02589756591288687,-0.00867007545128409,0.020159179056857986,0.0028674924814019037,0.006945720966602402,-0.0025507611176684695,0.009392917545762373,0.060089958785042655,0.006853626714289788,-0.0025191583624693554,0.007035169077609263,0.028320820760116234
2025-07-17,0.006100942713355944,0.008060111494224491,0.013035647578977226,-0.00023502345250676129,0.0024083741511529066,-0.0021758989541098375,0.006950554297837001,0.012818162707766553,-0.0006662933552985409,0.011953129932020409,0.009466639146369284,-0.007050661595447646,0.013070327697149076,0.03103033463175387,0.006134649395921275,0.01249188341365258,-0.004826357745931276,0.00956760956026129,0.014173710725137872,-0.0011136099228292303,-0.010983751772427351,0.012219266736978814,-0.0006307824284309185,0.019750271313132443,0.0020593587445816904
2025-07-18,-0.0007325832395875651,-0.0009615897277655336,-0.007126126463830964,0.00152634096567657,0.0018486622274408672,0.0025975477973482998,-0.001155094390446068,-0.003024571323212936,0.005508004508599938,-0.0032297597105975942,-0.0034162497036895195,0.031555911584314186,0.018067683711033677,0.021746004692133298,-0.008110382703874831,-0.01048365022441508,-0.0112307504838812,0.0005712103670504434,0.00471464676352627,0.0021147996455587463,0.004407950384218836,0.003468420880221135,-0.00042071584746552446,-0.006485266799384455,-0.02155091641567185
2025-07-21,0.0018943796948635745,0.005171361693961275,-0.004056258789029634,0.008876483321060101,0.0038709053084468744,0.015253192127432761,0.021155673895315214,-0.004487916387239391,0.006136992592796734,1.9558339593760794e-05,-0.005991971184677883,-0.003525100711992725,-0.01061910681158314,-0.014758895391831122,-0.010407726685701528,-0.005180754289883401,-0.007420349386476156,-0.002859099194129339,-0.0010305752021117396,0.004105416322508497,0.0040236547254034844,-0.0004514499815305609,0.006501649517223065,-0.004788262072866135,6.366130554780608e-05
2025-07-22,0.00014311092236799798,-0.005189153378117551,0.008275325375297717,0.006028219119262806,0.002388828933383932,0.0094401831613078,0.01041244100482785,-0.003180046035120918,0.008995608062564086,-0.0094354143529694,-0.025709853858088744,0.010959828902223289,-0.005483018662257212,-0.022468465957970966,0.004691156387221549,0.017213823596850576,-0.11441757532535286,0.005520197613937446,0.0015796751017683726,0.017017504565879277,0.021488089661106217,0.020999589015022555,0.0018797806650415457,0.0018189307632190223,-0.014628765753567412
2025-07-23,0.008471555947003452,0.004550889780965668,0.015157497355409465,-0.005563090204183291,-0.0015611910564339961,-0.012478717461642091,-0.0008402911587627416,-0.0009294257603344809,-0.0011667756373670505,0.0011867643937927476,0.022202635834811597,0.001354092368731555,0.012359449265041478,-0.016528902032481696,0.015556341485394823,0.024623002603627132,0.02084086884427236,0.007940923195467934,0.018123898978816458,0.001957628414991581,0.00694319707506784,-0.0002527277074325008,-0.001775286861581277,0.015410182446955866,0.0250834399628865
2025-07-24,0.0003309977370316064,0.0021259991161006577,-0.013904171152845547,-0.0017452118287062247,-0.001471749107395399,-0.006137070328856787,-0.005619485071273472,0.010702322998154714,-0.001822778172199362,0.009855038818230761,0.017183810026743608,-0.08552542784602506,-0.020112905919386984,-0.002794139935500432,0.007116709675177135,0.004503491259776642,0.0027620372101322507,-0.0005651119282505527,-0.0007079426858991609,-0.003482882217114335,0.0027164228307123015,0.0033429297168624827,0.009569481588411068,-0.008085355277534033,0.021636292083972188
2025-07-25,0.004215355509912938,0.0024041656907985375,0.003705957672601135,0.006267680297778469,0.0032164880445536884,-0.009293039490678532,-0.023664734067441445,-0.01643071157996157,0.000561258324224899,0.005524243494956933,-0.0013823270754584475,0.03463720149934859,0.012976102355951143,-0.012786232452810704,-0.003781658178715249,0.009800102487968724,0.001473240768556089,0.006947758536750339,0.006956199115736564,0.00010902388477464193,-0.007458677313216508,-0.0032165578792345295,0.008965979456497169,-0.003943758831595925,0.026478348697191564
2025-07-28,-0.0002511317003774528,0.0031204653118022964,-0.0011593993465373398,-0.006500347363044399,-0.0020206635147185623,-0.006494663067578282,-0.0005772138106541781,0.030524666262152434,0.0007944996467067031,-0.0023582955451459868,0.01855865226448988,0.029706848621968117,0.0006508549765278896,-0.03156590554509446,0.011302162912292715,-0.001869174535841113,0.00040349916138983534,-0.00694775853675032,-0.0011392991980596337,-0.016155088462481728,-0.01243581618504988,-0.0075457170805092455,0.0014352568461253553,-0.009096969982808178,0.04228426538151951
2025-07-29,-0.0026410366877477926,-0.0015501597858401618,-0.006400974252828343,0.016744923251155105,0.006597721849242104,0.002746613677307996,0.0005772138106541174,0.033512785956375475,-0.013072743911396656,0.00013660525190890304,-0.007040358648133097,-0.013574889801361277,-0.02770989476628154,-0.021440870009340383,0.009715302314535953,-0.006697755460018506,-0.0028758687384420507,-0.005100576039194929,-0.0041658125944052105,0.015937114462705012,0.011306257510817583,-0.00318760296383881,0.0073492242932384445,-0.0038288757259114276,0.021533151640798515
2025-07-30,-0.0012601246347007209,0.0013387932475465588,-0.005087256128494589,-0.0051665346042669555,-0.0037516910919018127,-0.017424424698434752,-0.033742428224356504,0.015419328539314181,-0.010563440556657583,0.0013062395207716433,0.021197164904088208,-0.006747506520358081,0.012102064929428431,0.01613026597304878,-0.01438045652156556,0.009419571891476972,-0.0034573845219919176,-0.0018957185167461127,0.008681555745154055,-0.014276592301643328,-0.005069111325033005,-0.02410535322412154,-0.007554247310661783,-0.0030904357910856535,0.011598348720988517
2025-07-31,-0.0037582800219577626,-0.005313264464307265,-0.009842469093277486,0.0005751465868973751,0.0002749953007802498,0.006623418228251275,-0.005686043520978185,-0.018054460432078416,-0.007104824449200994,0.03871547740452898,-0.007840175111206516,-0.03434052685502853,-0.004238974259893776,0.0007414829310731113,-0.005374896173159988,0.00894357331468553,0.005478535134690906,-0.00628155083668785,-0.011378513651942505,-0.014146755856547445,-0.015180875381925526,-0.01588954658562005,0.003988505672819504,-0.0036035952090663105,-0.017987090636665447
2025-08-01,-0.01652617763451541,-0.019895229587494553,-0.02058517068016732,0.014116671131742009,0.008832055117120877,0.020096397826572604,0.00807060002715474,-0.02712674853832757,-0.025321519331393285,-0.01775746092215451,-0.023608121226798857,-0.018465033347039538,-0.05694757188404893,-0.18267106415987175,-0.01875052137458202,-0.021530518949743276,7.122360416859623e-05,-0.018695660137745467,-0.02346363655471747,-0.00247113184164913,0.01559935092496782,0.001195636287967239,0.005191567631888465,-0.021383950065229133,-0.026495045315781292
2025-08-04,0.015085355384855111,0.018283370891934277,0.022133678413726522,0.0027290441680695187,0.00173175742911881,0.005806339793967675,0.011543694605364354,-0.0175819919686148,0.004781584991822558,0.02176088366095922,0.035512069773851344,0.02167142527004271,0.03357818291415882,0.010997838306465217,-0.002222415804310308,0.01161900884391803,0.006369084132794652,0.009873160561584611,0.016757484427293155,0.010182037959299254,0.021929464711776547,0.000729768157721213,0.011106767767995934,0.023396810694140815,0.02915726459794046
2025-08-05,-0.005082764440420212,-0.0068126674937790425,0.005084319214696956,0.0030614883443981764,0.0007281476412439852,0.0008037680984962059,0.010829871474622343,-0.01442497039207653,-0.0021168961182062526,-0.014839703292966211,-0.009713718442209087,-0.0017476574412364776,-0.013131075372830042,-0.06552597721147582,0.0012872204423477738,0.0012213651364459204,0.010658058177097309,-0.0040535282651360145,-0.009869850561398058,0.004553716144982015,-0.0017554390367622943,-0.0016596644933034922,-0.002815539588596742,-0.008667477944770562,-0.014070705506934258
2025-08-06,0.0076303958197283745,0.012504719857980925,-0.0013140546834609235,-0.005790532512467516,-0.00027298426029694756,-0.0021233597342562006,0.0,-0.01653146642908234,0.04965337441251654,-0.00533869997982522,0.00648625663512085,0.03560499649944306,0.02084694883679871,0.018585226843703888,-0.009281526409664025,-0.015105656826995014,0.015317452722146635,0.004823893270607156,-6.86484168414081e-05,-0.007787328248051898,-0.0008790131964644685,0.015492954286051528,0.03997171098780114,-0.026983580785867937,-0.06634921288832546
2025-08-07,-0.0008379750805715818,0.003378521807628995,-0.00326976293450188,-0.0017095885670617454,-0.0010016761776849101,0.008402586680171171,0.011865277863036768,-0.005026880348241714,0.031298712343558535,-0.007841026390804359,0.007496171998690796,0.007349951735303974,0.0025586817444536655,0.023472347470463558,-0.0039027686885866474,-0.025094848911840585,-0.009473282998332968,-0.011227483640541956,-0.015252157844800898,0.0028995849832423367,0.005495182646768282,0.004112985716635711,-0.0023246080363161946,-0.020083942586295093,0.05533122649403767
2025-08-08,0.007767426102698934,0.009285074608191082,0.0021810992628488327,-0.004343764547730324,-0.0031939939253076456,-0.00022360485625666846,0.003446377553465318,-0.001635702602825586,0.04148535739201776,0.002301173464362124,0.010619919008578975,0.02264179762598033,0.005499358778626497,-0.0008047253685320538,0.006378466715847358,-0.0014395038948576521,-0.011957493743432973,0.009300717825458937,0.00632298621662882,-0.00827476601731607,0.010439288482651576,0.00013031529361847444,0.005898062497649743,-0.0039945008629429,0.002085993469626515
2025-08-11,-0.001979497560583303,-0.0029633558806593453,-0.00022705019722137786,0.0011448600277946283,0.0015526611891861061,-0.014479017992943764,-0.02027294304741366,0.006798122431749119,-0.008372309178519603,-0.0005173201801425215,-0.003509238112943672,0.028057128395424267,0.006267121032529196,0.028820029810676558,-0.008038909075039532,-0.01934460756821816,0.0014791182726394932,-0.00038581395139042243,0.002766508519401877,-0.006646754928424729,0.002822898379260647,0.009530316132930454,0.0019261775668716324,0.0010667658947244312,-0.0027822631956624347
2025-08-12,0.010589843604162286,0.01249046950945093,0.02925864264070296,-0.005047707256585829,0.0009121840890914851,-0.0009078785028290671,0.00670652875904893,-0.01158453982291868,0.010813691077267549,0.014215182172784797,0.006023816556037098,0.005324552775796538,0.02039404147953722,0.009342370034737146,0.004854715182837733,0.01015535642081914,0.01235703653708735,0.0120817948449884,0.011298049858075266,0.005635755726141301,-0.006001226974756058,0.0007094869560693611,-0.002987210691603354,0.010341744028869334,0.015379148269763606
2025-08-13,0.003417206050253846,0.0004999604940021791,0.019256972358318886,0.008246611776521301,0.0052740354740176245,0.003044643380447489,0.017000846114430014,-0.006739560303242423,0.015897437361664515,-0.01649832570302204,-0.008608653798643968,-0.004292710283261014,0.014610187673182371,0.013515636418031994,0.011509191116810704,0.002395939409339276,0.02519213727751772,0.0057023765353358315,-0.007953823974733643,0.009285765219599593,0.009447157708282894,0.0020613416399034,-0.025708894341353757,0.02535297205022155,0.05271555381217736
2025-08-14,9.305657202052432e-05,-0.000775758444124198,-0.012971906971176025,-0.007441875576122852,-0.003452375156948414,-0.006358881635978504,-0.014388737452099556,0.017510691004236238,-0.002359943938688221,0.0036430354469972745,0.0023651056738877856,-0.011260099884090402,-0.01109975997349852,-0.006504072745184608,-0.0009345578466305144,0.009143435732047536,-0.01193348416246287,0.00472727835869907,0.01241712435976049,-0.007152445048245281,0.0017184336546757313,-0.010803890286266335,-0.0013872635805414018,-0.0028332888359575057,-0.018995022037722343
2025-08-15,-0.002344034961438168,-0.004407014553971541,-0.004875207555328157,-0.0071502076030209825,-0.0012748927850341721,0.0005856467855486066,0.0,-0.012829366713843491,-0.005125334935222747,-0.004431088881465546,-0.008662804692042638,-0.015072159502432781,-0.0005192900828145727,-0.02285146077992228,0.0,-0.023532229173535167,0.0005486530768991337,-0.010429654894034813,-0.012554716322645773,0.0057036158993995925,0.010929088913256524,0.004024546581036376,-0.006131124975548395,-0.00794128890320729,-0.019193818733499787
2025-08-18,-0.00021765512234882508,-0.00039852399129763525,0.0036476512227829245,-0.0028977115116641016,-0.0018239863403847827,-0.0015624875893944005,0.001448204094180743,0.0050694787488843335,-0.0030271651946962514,-0.005919476116473005,0.008607801368352371,0.013819862125930686,0.0012976704693965586,0.009964434139956433,-0.005978541124872703,0.011823192822386332,0.0070144341418653154,0.0007621443347655572,0.0035738015569915967,-0.008511562733157983,-0.002210374727215834,0.00877206811172951,0.0069755968480314096,0.010002688334450506,-0.00774778449888901
2025-08-19,-0.005439899526511449,-0.013660470525039325,-0.0077064044441335165,0.005787050546504253,0.0015506039863544604,-0.005488312721199512,-0.019877892837546717,-0.011961304496904196,-0.0014302255730334458,-0.014276504165331777,-0.035625106188042995,-0.017608491717904292,-0.04076258179450179,-0.05994087910525802,0.0003526862567288273,0.008326048367047638,0.0010433565964576075,0.0019030069018981584,-0.0029887136937452314,0.017062042549096126,0.008755923765825124,0.01706387679271805,0.00584188240360592,-0.0024053905252132248,-0.05598354694910146
2025-08-20,-0.002660619942930772,-0.005955014323671972,-0.003542856255837963,0.0021902370371430055,0.00045576346902550917,0.010071289165624142,0.01639865092014321,0.01673326101291937,-0.01993191816954049,-0.007976430927444505,-0.0013673634964971996,-0.016564741620176276,-0.0033827243423506788,0.00765101921825637,0.00831047188020961,0.01075693305279327,0.011047286443683281,0.005119920131119575,0.005421031932125845,0.0028706848503669566,0.005832194600376626,0.006983194968992894,0.012557881436721893,0.006600738358553644,-0.008138740349294439
2025-08-21,-0.004019891234610142,-0.00464051349122207,0.0024813303113979477,-0.004963842081502071,-0.0038340475924977533,-0.00347592916281607,0.005214389068282988,0.008262839230454512,-0.004923416482597182,-0.0012883601739178386,-0.0023974379006856325,-0.011770166368817137,-0.003666195176950788,-0.013594453421063768,0.006853672245751423,-0.006440249830295269,0.0026870707944496126,-0.0032206010389210144,-0.0026381645505127787,-0.002981263889844876,0.0005030685155090537,-0.004902117576137467,-0.045986360074579825,-0.0071168808738453024,-0.009060231736784337
2025-08-22,0.01524006767331853,0.015309567580035764,0.03845961683609671,0.007379343602419565,0.007834674611181161,0.010649518982753443,0.02087279592688653,0.006856276744072858,0.01263662583012143,0.005912290029565607,0.01705581002367675,0.06031041669933769,0.0401306202556335,0.06313678633899233,0.020170360453049988,0.04166679747706422,-0.0022386890582974306,0.016373770125403267,0.016232725049118338,0.019167099435553524,0.0020099205646155064,-0.0003780378524962471,-0.011602342899408145,0.02254746221693633,0.024437742972498414
2025-08-25,-0.004410775275590772,-0.0028887649014316644,-0.010574026736233675,-0.0028762246973019416,-0.0026349405289539285,-0.002417757282480456,-0.009096131280062541,0.014761896027661951,-0.002637774524759978,-0.005872544882251361,0.01017330889317426,0.019196337227210383,-0.011302433094967788,-0.04426705302619687,0.002606136055842829,-0.007765282575734626,0.0034007017803845936,-0.005803621740706501,-0.004533519485850453,-0.005766251976562947,-0.004920299436528662,-0.016009436893534925,-0.007879813653563179,-0.009722369784194405,-0.026577995696889765
2025-08-26,0.004178295104639576,0.0040069755898665144,0.008229101478328319,-0.0005760208101140196,0.0007275516229382552,0.0072358055476428994,0.0,-0.02269786246354712,0.00942016138224148,-0.004412227578508171,0.010841395706416915,0.01452187916170169,0.008029964555264373,0.008071945084192953,-0.0015855115688493378,-0.0024086103138474383,0.017139922057826388,0.007668581628889944,0.01236812656944533,-0.0026220633924916585,-0.0035066638772947648,-0.001153398805139659,-0.00020806370955521377,-0.0005098266735677275,0.0197593830890906
2025-08-27,0.002275921406955702,0.001535794647823587,0.0070605873153024076,-0.001153493050644501,0.0003636132612162755,0.0020166939883499383,-0.0008569855797029969,0.008471740834036519,0.005132719840409774,0.009318264045292216,-0.0009355788578709244,-0.005903612812939926,-0.009882154776009481,0.0015871417201254964,0.011158039302701027,0.0032641819696310596,-0.0021759834786507534,0.0020474179616647476,0.0023751379878304496,0.00621632871282091,0.0016983309221369456,0.00632734329758603,0.00031227866227859544,0.0037328586954490516,0.0030562406748065817
2025-08-28,0.0035351068723046006,0.0062404092446850835,0.0011860623541766553,0.006556733698995319,0.0015437756447990807,0.007391652350960381,0.015033576661964702,0.007470653280643627,0.008940749184059306,0.005706561624243669,-0.00790570841387192,-0.010408659566889222,0.007256487611111246,-0.0016195909151261111,0.007592797277777205,0.005163839426924094,0.0037555047776738743,0.0013007557342190816,0.005963210865767549,-0.002612729246926529,-0.0076085094625148696,-0.008381176237815698,0.0003121811747579423,-0.0038178659658415614,0.008638443514483769
2025-08-29,-0.00598153537129435,-0.011643010763045355,-0.004455022395798711,-0.007134025096821399,-0.0036363238257150917,0.009603638858147003,0.01868686861749174,-0.005330523567238095,-0.0018076343154578571,-0.005805259692780816,-0.03381165435421267,-0.0356293206445078,-0.01469933928081248,-0.012822128370532091,0.005435552740038738,-0.037172733939943574,-0.0012063261902732928,0.0025965180513977462,0.0011619264617166447,0.005435333431300043,0.009755671796793576,0.008890618356100706,0.009011355706581223,0.006270646675542821,-0.03593271346655883
2025-09-02,-0.007437888193564877,-0.008415307957215352,-0.005414915616839295,-0.007469395062158612,-0.003350564316277962,0.02336740250914344,0.02618101260827205,0.02533124649612105,-0.010479434881735175,-0.003103369107083713,-0.019713036514491123,-0.01360034804236362,-0.0073642350921676505,-0.0032231929779112816,0.001437296793228259,-0.007160980688625441,0.0003757200704919307,-0.00743636690094369,-0.00572275820195832,-0.016726289792180573,0.005010800039121384,0.00603127444912812,0.008930954157210624,-0.0009296413592021878,-0.001907971324758716
2025-09-03,0.005405022362943885,0.007836568892801215,-0.000983888357819734,0.010917718385695396,0.005942775360617174,0.007801481349128729,0.005101329962798735,-0.02546480040770088,0.0373823332188683,0.0004552682916525242,-0.0009372260023245525,0.014259073808795026,0.005093807820429162,-0.0041263036085460135,-0.022681376943894334,-0.0022378547124203745,-0.007631249892097169,-0.001680843634857837,-0.0006341094013954205,0.0005510672120665984,-0.000337048807502094,0.0011386602785370163,0.016118786474408404,-0.007553603696670095,-0.00117122796102756
2025-09-04,0.008322535450544438,0.009010727675887458,0.012418929019825579,0.007594953990901603,0.0068134549667779685,-0.0044286747373555105,-0.011040905071922692,-0.008724322386358835,0.0054783303839958395,0.005171154071776547,0.006076904242296264,0.01320230431684188,0.0030705014616751796,0.014743056820279325,0.006645423055393494,0.012210810494206654,0.01719858907916489,0.010412981419852665,0.014287588522144198,0.007464434580695601,0.004260625995319067,0.006428064599328785,0.014872697047246385,0.012109022003119056,-0.0020993561588006572
2025-09-05,-0.002900350441516548,0.0014419237197609777,0.004975163999429728,0.015131869496817746,0.00649778968921458,0.013257668006979742,0.007553280626094922,-0.021116554373440618,-0.00037547706689504754,-0.025864628358700167,-0.02740216240269134,0.035717557533237444,0.004654654390136107,-0.025518345512159438,-0.01949731995413124,0.006782778171754006,0.015313920931388482,-0.018482898088978246,-0.03156390220814375,0.011201233433130285,-0.0018477746891277648,0.005200403009517275,-0.004169926279895214,-0.007603890214326168,-0.0680926009655723
2025-09-08,0.0024535295419670193,0.00486613492934096,0.002016661219115856,0.013236582878123427,0.0035018162582557675,0.011323711365555902,0.008030001592418071,0.005629227019320993,-0.00758004513282915,0.006443817121539553,0.007693824414153946,-0.0127361095766315,0.01003301494390036,0.010411406039817255,-0.0022920381926796406,-0.0007092083685599621,-0.010379221377047509,0.000753532770246703,-0.005006089068671909,-0.005856891012282697,-0.0016827079725112923,-0.006331763251919776,0.017456826522475804,0.007856379523656754,0.0017848576527331457
2025-09-09,0.0023092523208794106,0.0028290624791937487,-0.005893500994534458,-0.005699391367382325,-0.0017942061619339413,-0.00227248560921713,-0.008836528845252052,0.0047804294191068405,-0.0149506219450665,0.00042138045152580184,0.014451498666018775,0.0016441653277190816,0.006024102866447691,0.053412115629089665,0.004807173766948489,-0.011155270019601562,-0.004475110381353339,0.004321304105953307,0.016724522657888555,-0.002286923737366704,-0.006589863825604877,0.002826053152510064,9.781288597445879e-05,-0.012446648686168727,0.028710128700079118
2025-09-10,0.0028866837953472123,0.0003273035440359341,-0.00177485116237442,0.005699391367382214,0.0029589696694058295,0.0035857690781288176,0.006167053779894362,0.017826261492872753,-0.032791271045805793,0.003924835333552764,0.03775343262051414,0.0023605495234688204,-0.013539461784563337,-0.010849795665483873,0.017318830052603665,0.011462662669827952,0.01478962843660244,-0.003380313008481757,0.008990861501981872,-0.0016367004372046996,-0.006633753996396161,-0.013320531547043315,-0.018550156157908122,-0.013553197941891549,0.023593090493258133
2025-09-11,0.008275924601042638,0.005803681615277243,0.018314571970957285,0.006663530025667097,0.004644903911964766,-0.0014924929949519461,0.010106497306851361,-0.023154498584903628,0.014185276809186579,0.0012782561102659654,-0.0008462586151700266,0.05868272574299215,0.03562063164947318,0.02693781038167645,0.00022445513741315418,0.019830039898307453,0.014680399529952743,0.016233157561611956,0.016565338373644423,0.018072987207522036,0.015298605340279063,0.008101915986531788,0.02206334685734712,0.011079284443748004,-0.024556262114979195
2025-09-12,-0.0003347625365709058,0.0044074400546495205,-0.010268503814033993,-0.004326279663109349,-0.0017839437493522895,0.0019696315993883206,0.014449200009253257,0.004237550784603804,0.017410562270457654,0.017588555726204592,0.0036620168169008314,0.07098109112687583,0.0034423013316519984,-0.002813039561685208,-0.005964224178742808,0.00032441397045512903,0.001231347544485156,-0.004266000582318774,0.004408391663875994,-0.004622352595678539,-0.0024680820444559445,-0.004612569571102179,0.008149885876735825,-0.009612152474772874,0.018457812105312308
2025-09-15,0.00530983028777682,0.008520470143072816,0.00422864325189323,0.002331887499065657,0.0031199211344996674,0.010351078276418409,0.010895002121107753,0.012471434419867889,0.0111731844856819,0.01065103481439463,-0.0003936467559653467,0.03499204596495332,0.014530567353372163,0.01224511649504313,-0.003391627298845919,0.010190778588296472,0.004107727841814354,-0.002232969317908942,0.006463004798292994,-0.00161746277992145,-0.003713538708283255,-0.0067995205719823554,0.0019307263834582292,-0.002936353143892255,0.016201500655926734
2025-09-16,-0.001377834697222049,-0.0008454403645194573,-0.0016479623962577317,0.00210509451141601,-0.0008905933163418285,0.00200440059968761,-0.004136506778225023,0.019213330155672573,0.006107248126145962,-0.012339077089064716,-0.016278071737281796,0.027849686096646824,0.01629893075082807,0.002717894145221768,0.01662209096387485,0.01079168591778028,0.002258400121877595,-0.0022378224794463502,0.0009383403146692823,-0.005302296462735915,-0.005312720180346327,0.007749051185298444,-0.0026073770670106853,-0.003378784237991329,-0.00435295087969986
2025-09-17,-0.0012431144932423498,-0.0019979406941483258,0.00255676791916904,-0.002548910949531408,-0.0017831486774829302,-0.007745087571334619,-0.021207695352136,-0.009293706711009968,0.003521013968839509,0.0019233021834196365,-0.02659722737366243,0.010006196509857018,-0.004452705157008747,-0.022669732944560015,0.0023363306841985426,0.022416894203838002,-0.0025331616866191716,0.009661839529092714,0.008245688931381494,-0.0013026478663630077,0.004184743378826987,0.014322736400510822,0.008185260114158542,0.0075216717458000395,-0.008134723599176625
2025-09-18,0.004661656098012296,0.008976598384148765,0.02460175024669916,-0.010373155929264329,-0.0020544399920860673,-0.004014356216469492,0.005278469793232357,-0.0037418027413600504,-0.004655392669439339,-0.003083015295126659,0.03434388991210669,-0.021384159862326838,0.030399770775924755,0.06803993962501241,-0.0031163221422710534,0.035530399767783556,0.0010562367840244351,0.0009241209112628695,0.004736194701333269,0.002170336710948739,-0.017304568941898375,-0.018952173114925062,-0.006446278223792079,-0.010737892611062963,-0.007821444477361526
2025-09-19,0.004940556697161345,0.0067465299591487875,-0.0076258743558089035,-0.0019079535526308458,-0.0008053828505763794,0.010551365296973236,0.02726377361456036,-0.01578881466887597,0.03153058391446455,0.018473260574695834,0.0024367633114044094,0.021877209710827492,0.02141403969092714,-0.0019545607276011683,-0.013353793760871077,-0.0008997679938009235,-0.0014367552994886434,0.0022144263138696376,0.004936188316925597,-0.0065253639653322995,0.01158857099853217,-0.00816975651036872,-0.012334401608765384,-0.00962301245138675,-0.003361766404793686
2025-09-22,0.004719943972387415,0.005902560057156402,0.005786213343709644,-0.0036010608227293184,-0.002239714216894603,0.017158380367683163,0.025292192316438686,-0.0009525713161827185,0.042192900302590174,-0.00674170396062263,0.038530451374934785,0.01892459915165659,-0.0031829869565781557,-0.031170445670361445,-0.0011513693326090336,0.011847086215610323,0.0156298105020944,-0.001332484987918543,-0.007461560400919563,0.0002182024004751468,-0.011301511711551247,-0.01921693706096111,0.004776900287966444,-0.010604596438220808,0.015133613448926076
2025-09-23,-0.005458436585496771,-0.006664444678056771,-0.002253066357561792,0.006965368063733143,0.001971390580387948,0.004078048498240162,-0.0020000464430800094,0.0215497376713591,-0.006464105813548765,-0.01019860964397128,-0.028617642790173294,-0.019441082441463448,-0.013193280833491293,-0.036444647184215105,0.01707703785829905,-0.0017809230180431056,0.012987952322240552,-0.004454364345670694,0.0009596918787714564,0.005439472720271457,0.0135124553873532,-0.0037307073475661896,-0.0029219674862574147,-0.002757800551822229,0.0069226049302614215
2025-09-24,-0.003186705609680798,-0.0035167228478133047,-0.009228730542766852,-0.003813455389846625,-0.004036344875981252,-0.009104369003754706,-0.003509639897089632,0.01769719082086203,-0.00836725849202465,0.0018049158360357077,-0.008216136468703266,0.03900845039857305,-0.001436814733825958,0.005297225708462075,0.012923550099245128,-0.0031241858217707086,-0.0008633644009135965,-0.0027939884999991296,0.002172121755438379,-0.009884550109142517,0.0006227883938263537,-0.0005247146492405646,0.0020463703115799867,0.010457342649043041,-0.0001242402496949454
2025-09-25,-0.004624172513464782,-0.0043206014549962745,-0.009607307000864665,0.0,-0.0017994020453388404,0.004156538489887818,0.02993418573044871,0.0078237259797737,0.01791159235712427,-0.00613457935532753,0.004060340737146719,-0.04480186162620923,-0.022170656377211603,-0.04799949706558528,0.008926204437156818,-0.01300486470907839,-0.003935778155801574,-0.002614846905536053,9.572031893341996e-05,-0.002991235122327725,0.005868735824625767,-0.001773037039942775,0.0031101208898214267,-0.0038865804457593953,0.00242122966997421
2025-09-26,0.005712795234045289,0.004102442173319647,0.008530521312348011,-0.0008996973304453862,0.0013499433619425024,0.005755674720215595,0.02002725489601933,0.000389569258440999,-0.005504221127631377,0.008699141267967558,0.0028099031575023995,0.03938961629749567,0.017847875682901332,0.019054942599506977,0.009173355512694546,0.004389540748566905,0.006380075631232945,0.00726726218731265,0.008292005079461566,0.009826220609944791,0.01107900388196118,0.0022977516891833825,0.0010668646617367343,0.004239182668003645,-0.011286856306901204
2025-09-29,0.0028064247447203627,0.004620437709346346,0.0011594989921606363,0.008177771028851165,0.003321460025545225,0.01636192499893196,0.015173344331734808,-0.03205868393099122,-0.0040401127374681736,0.006120493444398394,0.020331822428759798,0.006360288086303643,0.03627738450290408,0.06621860717241057,-0.01854235942380655,0.012481886785910286,0.009270876932054417,0.005000497841144959,-0.0011712356138277417,0.0003295954988766912,0.010572042565254675,0.006731363042585534,-0.0007757954306943715,0.01147874128528644,0.011844748250383216
2025-09-30,0.0037597898827210047,0.0027354487081807433,0.0014062213950051768,-0.002904647565763626,-0.0009863931151630246,0.008503744538253297,-0.0030635365011373863,-0.01132540565062215,0.0007858061820065801,0.006488918695771688,0.025677826329153195,0.0034011943142930328,0.0015075654492348856,0.010424828138494172,-0.010688258143731144,0.01167853666543063,0.01458873192800845,-0.004814844978105626,-0.0008239898251448029,0.004055394897836789,0.020707014979144706,0.0007813320814531365,-0.0001941358493250389,-0.0024423948644315754,0.0026612590913249285
2025-10-01,0.003401684988263315,0.004785485524438967,0.0021880162019354862,0.002578954315163155,0.004007681716740332,0.0015741326049985922,0.012664356018201166,-0.008305590843670375,0.003215167495093121,0.003392200749707718,0.0035311956061996734,0.03260699487618123,0.007158500870671006,0.02539417135616203,0.0,0.007662085514405783,-0.00042071440253753026,-0.008950302140621934,-0.015076754567138433,0.0015302364969220473,0.0033918297801565195,-0.0030636511057466477,-0.0107307484179048,-0.013629629494300577,0.01362821156232954
2025-10-02,0.001151140720406421,0.004102644713341661,0.006289748054448353,0.0029078435416010906,0.001613034451446147,-0.003488904306035992,-0.008895214884059135,-0.022118657747968482,0.006555096245001334,-0.007668305665979179,0.008773575541577188,-0.052409624917241146,0.02611710905981148,0.07215200563496728,-0.010124833372640462,0.020075053397479024,0.0007211075161111987,-0.0007494270154201739,-0.010222340684173742,-0.005256229927058923,-0.0003762746826306775,-0.0074041645532406655,-0.00255329614922781,-0.007197164443864398,0.03428154591918081
2025-10-03,-1.4767471260179647e-05,-0.004218592005638049,0.007390002309611332,-0.0019003352591984333,-0.001254334021981457,0.008000845595952238,0.0230109325027781,0.0023734484991124356,0.0034553030219053762,0.003116865423178031,-0.006746146966392577,-0.014252492909231236,-0.01013866430862007,0.021141825705442326,0.005300297484278142,0.014730817856007808,0.010220766343369712,0.006911453919412877,0.008031452490476397,0.0037259934301368237,0.014201304865002944,0.0014457848164172585,0.0036316350922635595,0.002938491898650182,-0.030265453890970104
2025-10-06,0.003579813724412676,0.007482066859813396,0.003978572156403781,-0.007975252317447092,-0.0032324521151919213,0.018670357712142448,0.012331759476699369,0.016046874246320435,-0.0051679069167358494,0.021455827695391016,-0.01114823720962712,0.05305409919515741,0.03635547635772684,0.015794865140385465,0.00493653048361329,-0.004973700087459722,0.01914210501654512,-0.0003724488879528963,0.0021044888331783504,-0.009451636887748466,-0.002547729908863207,-0.012290492671199202,0.006153219567831361,0.002486423514604163,0.21275398667706413
2025-10-07,-0.0037143820348426687,-0.0052795418778261655,-0.010795024166495451,0.005735199045057694,0.0018869604102478461,0.005146197838027116,-0.015323386799235299,0.004518309902861006,-0.000818479289569163,-0.008721831535095682,-0.002698441213908405,-0.04549829949251959,-0.027450486957124733,-0.027014856627977823,0.001565570253135334,-0.017656658100754792,-0.006183491314281368,0.0013027142123674194,-0.004830889626621897,-0.0036505347746452073,0.0038720841506651,0.01406203139840974,0.005244241023517473,-0.0019531221580635903,0.03757480593387276
2025-10-08,0.005945343779221919,0.011398596217511017,0.010430372342634288,0.0007845544629138407,-0.001257742183600733,0.016356457714615965,0.026607640694328676,0.004498090330116458,0.006141374097297482,0.0016589857908293844,0.02175681948046783,0.012847468714676435,0.03766133459438131,0.030118233301149582,-0.005827508713279722,0.031170644597185198,0.005755652029584304,-0.0048472313333560715,-0.011966359263109868,-0.005222510627539857,0.004226364673179376,-0.01220207478451291,-0.0032986772781658327,-0.005703584309757647,0.10769339499080084
2025-10-09,-0.002901212830195306,-0.0012109595862478501,-0.006465435462927026,-0.0007845544629138669,-0.001979210241414191,-0.018625225753276277,0.003360543330927138,-0.013968956762015946,-0.0157004100800648,-0.004678862571105753,0.01813089463097838,-0.0072063587131694804,-0.009446784034259944,-0.0006974027882927266,-0.013693522408649699,-0.0035113442434344133,-0.0122533555018715,-0.0035569811010960017,0.0049215784387047325,-0.005474094324032026,0.007301057366424144,-0.000730210765260514,-0.011042327782262601,-0.008076205868716296,-0.011399411247178099
2025-10-10,-0.027399797306962,-0.03533111853495656,-0.030400801382499378,0.016018029228881618,0.0027878649880924687,0.010047058859954675,0.015975516719932505,-0.04398175672918617,-0.035132010240949876,-0.022142294719191144,-0.050099631530154766,-0.05195335338705128,-0.0577105567488196,-0.08066087308404209,-0.02936966174410418,-0.018272877399318335,-0.005351453225543489,-0.021995560370884404,-0.015303112485246165,-0.012852495527335629,-0.0018857936310749698,-0.005928035616349001,0.0006876174800248448,-0.01635054985168306,-0.08039346121811713
2025-10-13,0.01522754489520044,0.020999303481887274,0.027459306728576188,-0.000552057343636188,0.0034068953445065067,0.024010471634505016,0.039491549754364294,0.01274448983425793,0.009697188915848344,0.006029238522721627,0.02778258522403875,0.052779538485349636,0.01434415607174186,-5.607711836200115e-05,0.01351994953933935,0.027028227801408566,-0.002418541211172274,0.009540198655533093,0.02325755309177916,0.006334293107460603,0.0009433413426742594,-0.014806002490320483,0.002745601441119578,0.009842389417050306,0.007048180436039145
2025-10-14,-0.0012224016319925188,-0.006683234011422824,0.014178268747460105,0.0031971470082684116,0.0033060253096122267,0.007115811676483972,-0.009781049621695043,-0.01838074135249745,0.00044404353368307243,-0.0009342866778087992,-0.045019240466325876,-0.01539666493428667,-0.010422084223570667,-0.04421369738962023,-0.00011566619752555128,0.04400870998568843,0.0026759341768063036,0.010953903467838559,-0.019310538864339696,0.010208009619892983,-0.00026195899783873234,0.011259040334939716,0.04864096045355927,0.008128655682929616,0.007686849154551516
2025-10-15,0.004429697562726796,0.007032016239585387,0.009754584384022668,-0.002203697660861754,0.0,0.01718391083164241,0.032169337122019005,-0.00014496900359199123,0.0063164825844998175,-0.0002725479023386769,-0.0011114789856192203,0.013674604901329141,0.02770388792315388,-0.015490462989575338,-0.0005790700777387938,0.012397574701421395,-0.011487402165188653,0.0,0.011879665367794041,0.014404766423348881,0.0016753045584612706,-0.01173389491238157,0.016833533503057076,0.004845651524185155,0.08988073040695002
2025-10-16,-0.006833556809050219,-0.003709802410565925,-0.02127695771381458,0.007472465276974712,0.00285045674569838,0.023117985169431865,0.01723112044108693,-0.017251894901548808,-0.007608860906866748,-0.0035511569119545737,0.01095022271154542,-0.014816786729139185,-0.02977834186779679,-0.018153639045747412,-0.012121421805118491,0.012856033096438632,-0.012411275935441063,-0.02819244286046152,-0.023667636439974726,-0.0035265468004438993,0.00495707234518178,0.014679383622059656,-0.02375975425410956,-0.016517381586685212,-0.01707712695451463
2025-10-17,0.005660343785832389,0.006545236754772689,-0.006755837953317552,-0.0015338655816221093,-0.0019587678883814692,-0.018996349267191463,-0.045348795350198624,0.0025039529570443633,0.019370629284000622,0.0038432762301217173,0.007725462942447067,0.024331310172500658,-0.005089097798950408,0.017320705903362203,0.008174899452847908,-0.025993084612388456,0.003844593432850435,0.008081636411172082,-0.003287973059531016,0.006492480930887438,0.005709341607993968,0.011960235537721626,0.011764826852748753,0.007163939239113183,-0.006329658159055626
2025-10-20,0.010346762560389149,0.012522069909412088,0.019326455854045486,0.003830389840709961,0.0030257806095244514,0.03575507474940295,0.01541577397586674,-0.002208991696413532,0.03868097494530444,0.006230631655657903,-0.003170638763439442,0.01831477587612344,0.04278671661232545,0.02283126504338745,0.010528180071201073,0.010617507361061507,0.021478278168327997,0.011622502004430425,0.016002387675059772,0.010040375524671819,0.002584295397334128,0.003692100487926003,-0.006332047840104204,0.011588894200431079,0.03158777840064805
2025-10-21,-1.4904592548673624e-05,-0.0002615917482421227,-0.004725778014894917,0.004903277437516385,0.00017769001977647735,-0.066427122202817,-0.08594512108971902,0.006465780306007316,0.0020190097011623834,0.0016821661103704202,-0.008136414546060781,-0.010853643121685474,-0.015224749269637915,-0.015123394068839197,-0.00230440488152117,-0.012369577667941844,-0.03295457053657753,-0.00113717413536686,-0.017583176952028774,-0.0028272840349291483,-0.00954357626308199,-0.002240112805742179,-0.00778366503407266,0.020684955419454067,-0.010572817511830257
2025-10-22,-0.005212468267243702,-0.00968072831209264,-0.014888295491656394,0.0006519178742931846,0.0009766963657544502,0.00010605032482095541,0.002053158028231007,0.03398456227516934,-0.01657681841829787,0.005548017386565068,-0.004869391502995129,-0.008235365016010689,-0.037935618370064976,-0.05552684777800915,0.01272289619745706,-0.020683181421882774,-0.004832816230436233,-0.005705642962772399,-0.010081361213388524,0.004237976304637485,0.005509095292817599,0.003818087918587187,0.008624013841136398,-0.010731092434619883,-0.033317920320678936
2025-10-23,0.00591237858353294,0.008371341261387805,0.012577753276997939,-0.006866812319809681,-0.0012432780433998091,0.0039943702532297155,0.006813545150764124,0.036969241895677935,0.004362523603168023,3.850060739009602e-05,0.010374211051715317,0.022547291398770954,0.029780615499030376,0.007557370734584099,0.013237821853812724,0.0127416942681281,0.0018661738475828347,0.002095877774884364,0.00146112236759374,-0.0006508479589934722,-0.0024389835911976876,6.58656765541721e-05,-0.0026168604700193285,-0.0004422927303943346,0.02046419272449891
2025-10-24,0.008139356488562998,0.010621673394475997,0.01214092021306759,0.00043739684597855435,0.0016868968288035588,-0.003358466049881991,-0.004309831383254102,-0.0015020226683357966,0.012404524248105989,0.00584194641894034,0.022258035392054606,-0.03457920037137167,0.015796351349814955,0.09368643728320117,-0.010167328813368475,0.004275217175844149,-0.005423864562614902,0.010790437973568118,0.019833238872065707,0.0029254436268496583,-0.010813273474113143,0.008806384153610595,-0.006477994503542507,-0.012015560184534448,0.07353024252733531
2025-10-27,0.011728661579555206,0.017652480809064255,0.003481892645617527,0.0033832903324349543,0.001684402892260822,-0.02823439606845571,-0.036813975290650565,-0.000820199052709835,0.02253543297267336,0.01499383734595132,0.027692151144970242,0.042211814191010485,0.010246199001597211,0.01947288444293315,0.0023816016956762585,0.008268314223033457,0.0030853492438666823,0.004133796929862598,0.012272815341959509,0.002808956724138975,-0.0005252819314194209,-0.004930416847103745,-0.016141584316502415,0.00589226910137524,0.0263384198507311
2025-10-28,0.0026524780243792965,0.0076605278808250495,-0.005367937920157708,0.0026116171722951518,8.845375045335013e-05,-0.007191829710492189,0.0070505398763918104,-0.023944169743727952,0.0007065606505676427,0.01965415727436889,0.04861857742843619,0.01781041931942368,-0.010806112252739683,-0.017331045687402912,-0.010475992910376684,-0.004945230445465229,-0.0023440604273328412,-0.006395785560420653,0.003970381577478689,-0.01983060816225595,-0.017867527350761442,-0.0024414181375863675,-0.012521931902260513,-0.006160948106147088,-0.006413264091289618
2025-10-29,0.00048027169098161166,0.004492870449753416,-0.008551944310438632,-0.010158051183811403,-0.005683919188049046,-0.003794458273018786,0.012335749988499413,0.005726723592937828,0.0025988547161788934,-0.0009598141785635673,0.02945785122908878,0.0020823424117692893,-0.0005601414270594252,-0.01878354244746393,0.007412903056462805,0.11006090822708338,-0.0009061721609861893,-0.017130259234413525,0.0004911821604227755,-0.02608855528898667,-0.0017669440180707117,-0.01732569945375882,-0.006905590380155099,-0.01270920515021128,0.024199890037420985
2025-10-30,-0.011059070654489161,-0.015406693244326393,-0.00809451573595022,-0.005835384765554045,-0.00535798776209431,0.019451474207493994,0.025352519538967458,-0.001254323430365435,0.006283446827328092,-0.029590445980310513,-0.020248085279448852,-0.047501755655160294,-0.040597913831889,-0.05938646823952327,-0.005925972948890421,-0.0040046196375853466,0.009004719213033658,0.0026840283034541604,0.012781779597807073,0.004732980777092814,0.013044284108898989,0.005429880036500115,-0.0022472556224741114,0.014409483580305566,-0.03656238886955792
2025-10-31,0.003274731939679319,0.004812416806311901,0.0056202580134992195,-0.0029857462513965282,-0.004037555841887381,-0.005445349765875755,-0.007470364944785579,0.011783577032754325,-0.003802262344922466,-0.015236525400138043,-0.0019734183403692595,0.03671813319553837,0.037792233403425676,0.04543460576052027,0.007288485155523244,-0.01015171828562774,0.004400966727549789,0.0026768435752326718,0.0054143782903968455,0.0025823842340748832,-0.0009526587524013089,0.005267533703746032,-0.01032404233173897,0.006950103506626502,0.005010182707993929
2025-11-03,0.001875018306885159,0.004773298207041867,-0.0032135542714711043,-0.002504280305813177,-0.002692573950097152,0.0017912982604373527,-0.005696722927157656,0.0024776380306559083,-0.004894215035782787,-0.0015074088681434853,0.021448378486165685,0.025538450543862383,-0.008918057521157171,-0.039637301208357484,0.00011344428595021035,-0.011621749079250374,-0.008042314342593502,-0.00420966017777285,-0.005705275679017489,-0.0014587281948180138,-0.013915402049192258,-0.015751427943912672,0.004043893547594762,-0.004449622740593666,0.013688481197572594
2025-11-04,-0.011924353295924664,-0.02050691472772997,-0.01742604294218984,0.002226326799790876,0.001356255160255441,-0.01767243750416912,-0.023584830594968447,-0.011197982068870791,0.003672905070218473,-0.0052357444173193966,-0.04039310108689996,-0.052848572813666,-0.05464697372676092,-0.07247503930884465,-0.010836771657500546,-0.04116243531667692,-0.006084745335831441,0.005163894670930152,-0.00032336288111782616,0.001682945750648425,0.0032161351510236864,-0.005759177919971896,0.006671309486389749,-0.005814213135495773,-0.037673636714120946
2025-11-05,0.003459398571762206,0.006486933663193192,0.014324743232040483,-0.010956137613495892,-0.0029860658192623008,0.01149801326624776,0.02106802808017644,-0.012591122297963877,0.00037029605711407865,-0.014038629624112751,-0.01766982230750043,0.039306411995623604,0.017686945518644612,0.03824148765815121,0.0026344691027462724,0.038635559511924156,-0.024716318375847063,0.0034279876585860815,0.007827002212750024,0.0008964549823516499,-0.004612981965047697,-0.009421160057791518,-0.007853188963017317,-0.0009873669956052765,0.024804714397747823
2025-11-06,-0.010787307565268271,-0.018803008975921322,-0.01785502426136721,0.00895284918305265,0.0052422941894566125,-0.0012012407765737874,-0.0022936314629347283,-0.0021140382769000558,-0.0013707015250660128,-0.020035324263284925,-0.037208545384962245,-0.03559926445921521,-0.04907258770387185,-0.07841021624638972,0.00967608380993101,0.001106273743440454,-0.008959114442854542,-0.0036186295781062117,0.005567193966407921,-0.0048278892568287095,0.0052015180493609585,0.002329534517225729,0.002067448650970648,-0.007843157366056095,-0.07545626293979761
2025-11-07,0.0009840232716329205,-0.0031603184975974147,0.005228710014742122,-0.002119046696784603,-0.001985254331099608,0.006100376279774767,0.008460069730783726,0.005346922608585846,-0.004830527423588933,-0.0005634228707259525,0.0003721114707823952,-0.03744886561150212,-0.002103027568816555,0.04607345086490558,0.014285237913502648,-0.011793178922631443,-0.022799170906797082,0.007034833370063353,0.0025172842072458262,0.015412492170107907,-0.002141650651027783,0.005799835699573237,0.008909753885191683,0.002260107191504615,-0.017656021628138414
2025-11-10,0.015483847432383142,0.021883016660812563,0.009966288498172165,-0.00022325020774723085,0.000541727896833923,0.026974026330607748,0.0416959911524555,0.00587658276848558,0.004538407434672484,0.018308909344763428,0.05631653285510292,0.03592274671529928,0.025553030217598468,0.028036913616921323,0.009005597750949359,0.013669257712753135,-0.013729673489517185,0.003593453253315535,0.00849318208905861,-0.0005543227829025936,0.009813950964535438,-0.010120470139992517,-0.0016583538555234195,0.013454275666381594,0.043732897309755485
2025-11-11,0.0022866236688574054,-0.002667073302762832,0.0008602296978624084,0.004567954320101586,0.003964431265090303,0.0039300815092205245,0.014310735021759313,0.014404693731420119,0.02137110593244862,0.005282431185985817,-0.030037214335174377,-0.01268032095842644,-0.00958213759038564,-0.04477058200081756,0.012975753370130273,-0.005128316012178576,0.010933125326371857,0.004520574596331579,-0.004015796542105802,0.01113754958337666,0.02836099728362619,0.020678156973662844,0.009909712680326957,0.022987502534930395,-0.02683438876577158
2025-11-12,0.0005563336963194146,-0.0007886635349668952,-0.002459711089693406,0.0017768277391184224,-0.0009896704750341784,0.015982361021277473,0.03946906562602686,-0.041125720508192694,-0.006487791833362907,0.004824422150558545,0.003307882918741538,-0.020731107188327342,-0.008445095487811347,-3.2926318531351675e-05,-0.014083168826325173,0.008922469827632628,-6.56025837643531e-05,0.00860785843728178,0.015062535162789251,-0.00748490839350199,0.002884903191481803,-0.0035743973394570003,0.0,0.0155511321976997,0.08615146919821504
2025-11-13,-0.016733243059015003,-0.020627286095403215,-0.02851807174527906,-0.008245165724802689,-0.004962744603242614,-0.00811594387120292,-0.01880150528712995,0.0008593177105123932,-0.0019032501358421112,-0.015477005621992168,-0.03646711365097375,-0.06875241071018368,-0.05391023627533508,-0.07108617470420225,0.002545258798790115,-0.034568634408389504,-0.002607091913438895,-0.012939661140207132,-0.034707902380199225,-0.012339700337547853,0.004414400738193518,-0.0003378322033508246,-0.008738714676552196,-0.08066442212235252,-0.04313584773138287
2025-11-14,-0.00016378217190490574,0.0007557492267729736,0.0029097579362593502,-0.005722126275690557,-0.002717407001151542,-0.018212761198262515,-0.031272608963240994,0.021667615725810285,-0.0019804359095259394,0.013597085691179728,0.017558708664468615,0.005853666241942873,-0.0022076260509166076,0.003032711459186496,0.016877063284715436,0.0008668593440494568,0.021528078854978216,-0.010054195290953832,-0.01914964313727898,0.002122982168523777,0.003476652342002981,-0.0019619742065576508,-0.0005852902211086572,-0.016963062926751087,-0.004648669953027064
2025-11-17,-0.009360102835536118,-0.008577228495181513,-0.020075553931165658,0.0024724622428240668,0.000634694137031131,-0.011530197275275704,-0.01071863837720475,-0.0011213093617982158,-0.018338265985077234,-0.005286604464892409,-0.018951053657407912,0.011238716089416035,-0.01876572806257384,-0.07321450064406813,-0.018425661585337053,-0.003580315171116739,0.010698976663600125,-0.019249795994577365,-0.010728892415004583,-0.008294092408056085,0.018457762536044253,-0.012606953424739569,0.004575730402110936,-0.0010402365276822821,-0.02581553602230269
2025-11-18,-0.008433010863377237,-0.012250562852396214,0.003045795105836389,-0.0003369176220999212,0.00045312665233546113,0.0072386702324458525,0.013760122220016786,0.016690191638727318,-7.469497556412872e-05,-0.027366645572650034,-0.028483287444823868,-0.01893489628165649,-0.0069121190558164404,-0.008217049227519474,0.007938320071975782,-0.009409113280402228,0.008334239495557182,-0.0015562224014043233,-0.0032011179660720833,0.004043524202642919,0.0021021442712557655,0.007991622862012026,-0.015269008437641975,0.005566783866617356,-0.043463908828843954
2025-11-19,0.003855757148191913,0.005952337323179684,-0.00017147171852550483,-0.002023190829753981,9.06572666591393e-05,0.0016281258445646413,0.007563564781532045,-0.022598294313550794,0.004179013490990589,-0.01359985926335979,0.028054495876269764,0.006805426562391663,-0.007766533799028126,-0.01733880168391326,-0.013043165916268551,0.01132743513458201,-0.010183878918087513,0.0036919042517273653,0.012809587911146546,-0.007877499223907852,0.01247188860866745,0.0,-0.007722794041334167,-0.015264596841309585,-0.02970423877462386
2025-11-20,-0.015359602533844793,-0.023956493501141027,-0.018679927091577973,0.003930221252477599,0.0013579556621278804,-0.00029336859393561273,-0.014529193824938821,-0.010352439246949167,-0.008638599469070626,-0.016130752130625807,-0.03203242369786675,-0.021922199285516537,-0.03613366135876663,-0.07726115452150753,-0.011413357198446309,-0.012699902176044348,-0.003517523334930374,-0.008766022928832037,-0.01625557581322545,-0.004189182535346927,0.0027614969085799366,0.008130555942557825,0.06260472325806109,-0.01900038698955189,-0.08166184413769775
2025-11-21,0.009911937023691694,0.007484769366012803,0.02793325498825225,0.0030213733196238195,0.0035222757724933927,-0.0015485295000223418,-0.010540272212812198,-0.01219087806736321,0.01948949882234899,-0.013276705058988399,-0.009790851268402874,-0.010530198558583292,0.022054629146548183,0.009403082282246242,0.006282231523117366,0.007842839004857115,-0.01610302584763079,0.010897153360844519,-0.001207273129406522,0.016094095445742602,0.004078940316462939,0.018254638990121086,-0.01685307719951065,0.01526747213078838,-0.010932297637794951
2025-11-24,0.014611241086193577,0.025251662702624453,0.018086703089335437,0.005682135452875517,0.003958940174270197,0.01572002942959321,0.02893711807935294,0.016032337492227555,0.01618582582601152,0.00397416003412538,0.020308941393949672,0.0660172720981127,0.04583195147865468,0.06271444051505745,-0.0027996998291018706,0.01652236856240728,-0.021320349503676173,0.004248758069455564,-6.710199562715863e-05,0.0026757861626278143,0.010489177558878402,-0.02645334745425644,-0.012035664324843976,-0.022695164124088264,0.053829598864827154
2025-11-25,0.009362030553383407,0.0061448600804155625,0.021566503148211544,0.002551846642605369,0.002779967225210262,-0.0003157406112367744,0.0008573870012291349,-0.016754142657545643,0.003798202195763628,0.006288127313256544,-0.02625236853586816,0.003870128654219355,0.006619559807844456,-0.0072536776977625205,-0.006299900126317453,0.012449100905629938,0.002988527257097617,0.012448707856034089,0.016639236764600832,0.009199386986968807,0.009333615159138178,0.010221164492781846,0.02786116929780003,0.013349707687080962,-0.04236351202154882
2025-11-26,0.006879763512976049,0.008796879302697954,0.008813484186924184,0.004422860634786198,0.0033971520512817684,0.007966521739529534,0.03639832452136947,0.011343375421695782,0.00209182590417099,0.017683784095154906,0.013628426497535618,0.016974787220379935,0.015022406622907148,0.041810039453804036,0.00753271649063572,0.012487597974261355,0.0038606730836848566,0.007773290459358037,0.015197554611837881,0.00440333328999618,0.004297091307764538,-0.0016176792392360558,0.019436082132657743,0.00116095754278783,0.03858984618397915
2025-11-28,0.0054435632273936016,0.008074426929661215,0.005846236977226334,-0.004755224576358527,-0.0016971334460768755,0.012347782735317652,0.056434962347547926,0.014598782055643309,0.004672952133414649,0.013319822731352777,-0.018250529412443567,0.008380619474776033,0.015302215410674988,0.029195647273772093,0.0130198003861065,0.0035320228134015324,0.008113887087158817,0.0071509444440725645,0.017528391621751713,0.0032897583267543964,-0.003088191262781607,-0.000607174391883335,0.012841134234317863,0.01000490893499672,0.015239858856859172
2025-12-01,-0.004575959173217758,-0.003364555019057123,-0.012662807128089924,-0.012526817198972414,-0.005371297015381515,0.004809481913078849,0.025259250554025885,-0.00014074630887585078,0.015126209461309542,-0.010768997568688727,0.01636265119304991,-6.97394621241348e-05,-0.02735367462040581,-0.04874622103171095,0.00957253837307913,-0.013463843608966467,-0.034067728013883886,-0.008284753094109377,-0.013376325628486296,-0.01156211809142677,-0.007665153809092179,-0.0048714478403492235,0.009187515162425525,0.02177699363728586,0.010199250350865299
2025-12-02,0.0018505862825212542,0.00779554447802998,-0.0018337510869012032,0.0004504334020209253,0.0006313135507489608,-0.006460877304549151,0.011547702416074961,-0.012176288676479992,0.010855683796743168,0.006675328097538651,0.008522905549192763,-0.0020945908399217085,0.008860442447436735,0.013076131212639168,-0.013005788141168869,0.02505055462125172,0.0059704351692158415,-0.0009458235284673578,-0.0033722518166256162,-0.00355032834832268,0.0003895849416138758,-0.010774113804226049,0.007859359506535504,-0.018336938282566998,-0.020782306648491802
2025-12-03,0.003456786217426821,0.0024408164053413,0.01802795050488154,0.0028110359179993032,0.0022513733416695725,-0.0009300505859088987,-0.001129969477293223,0.006531426198758644,-0.007153633631999635,-0.025359686639780894,-0.01035878011343199,0.039960567737700375,0.03183257716937495,0.05058653020715984,0.018575054097148266,0.015367142519866083,0.011208498084065328,0.013347355600007165,0.013709697012462588,0.0025530583846603795,-0.00043821902427659587,0.00581064633028363,0.017635591451141335,0.00864319174900252,0.01090483288870123
2025-12-04,0.0007307890626128348,-0.0009305825236047842,0.00873477680037197,-0.0054042637909239005,-0.001800678980862109,0.0006459865002764292,-0.024994173324595026,0.010278101206640832,-0.012215793279375341,0.006488829072488685,0.02093976783855516,0.017287167308555625,0.02325688062620193,-0.010418177350359324,0.00423798540005014,0.012867353888417928,0.0034631012899781844,0.0020520155785632467,0.012638909341582634,-0.0024419277234712135,-0.013977330652467876,-0.009244499763397964,0.003751360298498731,-0.0025566542815197556,-0.0074727520081617075
2025-12-05,0.0018977350040129193,0.004069102724247343,-0.004178360110525891,-0.004639313431549387,-0.0009917958563446772,-0.0017839435807101467,0.022730468691322527,0.007396569738930355,-0.006863570983802831,0.004813310246453404,-0.005303645132968037,0.0010335035967348669,-0.008993714492516819,-0.015889027553418374,-0.0041291117459626965,0.006686986433729211,0.00855042184852321,0.0003726547990780164,-0.003358999423547948,-0.0011120359032525053,-0.0027200746817277123,-0.013226950573360596,0.002348330059386926,-0.0016130970742183318,0.009171653217877624
2025-12-08,-0.003008799415334641,-0.0019203914721323337,0.00039862513686574893,-0.0032944454778699203,-0.0020767984446158024,-0.002642939357994434,-0.004542912958116647,-0.020083539223417286,-0.003197560218945108,0.016137000980794174,0.01706749448128362,-0.03447772390855956,0.0006101839638315744,0.016436312251301263,-0.010948257702237264,-0.011119837089136683,0.02872970963242868,-0.0037327400544033247,0.0005393404279066412,-0.007706431948732764,-0.0015363097535774667,-0.03627203699132246,-0.01355692454993345,0.02188590183828665,0.014302873763715055
2025-12-09,-0.0008634278241621205,0.001232604122794925,0.0020706713442962803,0.0010236004520277255,-0.0012663388145142417,0.005124051608821799,0.04561412059704479,-0.008977577364876277,-0.0025582890023414006,0.0020344823434482223,-0.0031307522745199433,0.012636566806914386,0.006930536613287474,0.011458436916033021,0.0061458053994365444,-0.003594101987980642,0.003239389136868188,-0.00374672562351062,-0.047757951935089235,-0.003819419024932058,-0.008267354294422343,0.00928163980603564,0.013122454601919005,-0.005683715593881721,0.002303863471352588
2025-12-10,0.006610281415951135,0.00408737478017622,0.013512629592790405,0.0038575851054270575,0.004605182206272466,0.004250103468607268,0.016181610597796367,0.009686689671278045,0.005755849221286536,-0.027737779361902727,-0.006454291233027983,0.014008389943791177,0.007604658213150598,-0.008217945023557653,0.010448532595068722,0.03470597102318903,0.002246397118349343,0.011383908138810135,0.03144587004051251,0.0035950890853459695,0.03237670957787878,0.0013598530369545888,-0.016474298816662247,0.0167713729443446,-0.000902839314093871
2025-12-11,0.002324244979309141,-0.003239647790837473,0.011665984554769436,-0.0013597450245900165,-0.0014424771965148534,0.010712248978541639,0.02726880642633444,-0.0184567927192976,-0.0026939160410902646,0.010207703021102152,-0.01562921714424109,-0.010152139695978488,-0.013315849764158423,-0.02231261809729943,-0.004775349011837834,0.016536083509265852,0.014722076087115326,0.018021810264004057,0.023172809175109766,0.004364122541697886,0.01666102302233247,0.006700390745014555,0.020464227206753553,0.023878701929183326,4.513721144525913e-05
2025-12-12,-0.010810189042095767,-0.019303469072931075,-0.015440555650361799,-0.009685233246694406,-0.006063088490715382,0.00557898750763174,-0.02673392578976885,-0.006374097333458908,0.0008988517870461178,-0.010270341829200724,-0.03320989556876012,0.026650529578487583,-0.02056087451507429,-0.00581569494586295,-0.009839417217177588,-0.04532034480350827,0.011244618437787283,0.001456957649711401,0.0035855286476689906,-0.001229030535629145,0.007448070537825479,0.014668782242870899,0.012199214571284228,0.0012552843918085044,-0.049291549658737166
2025-12-15,-0.001512030324677354,-0.005032000654318463,-0.007592337769001394,0.0006868537272538721,0.0011794233184333513,0.0009099271544499963,0.035201991261014136,-0.013460308410734737,-0.015098445975886323,-0.007783156157861534,0.0072300945050929495,0.03500417593015653,-0.01478724082952878,-0.06583048956737259,-0.007056248268280171,-0.013691169685425166,0.00864554767498159,0.0007276835751648715,0.0046981163071177275,0.0031254673523919176,0.012166866969826115,0.01590480650191291,0.00077095555775906,-0.003252922506130657,-0.015298113356327449
2025-12-16,-0.002736037133594218,0.001979871129127266,-0.004742605927117208,0.005476938986575812,0.002263873170042161,0.00022742956353904103,-0.006560815446944308,-0.025661578971263053,0.0018224589395023538,0.003301087054829448,0.00807896271619421,0.03019325551468915,0.011672555673973153,0.008707298901978385,-0.03101375815420984,-0.0014083228358892762,-0.015310085486124923,-0.006385187197621453,-0.014066270322816444,-0.007382615089751575,-0.02300141969055917,0.0005510769950915925,-0.011799809741679176,0.010175270175896388,0.0076304933538198
2025-12-17,-0.01106460773219221,-0.018710966371063256,-0.010701300061117566,-0.0009106983161157389,-0.0010859800910554206,0.0085515594385759,0.04289154470495538,0.026986433297171965,-0.010138194827446231,-0.0005669737926510515,-0.03889665598996,-0.04727460429487326,-0.03091987949449337,-0.033900179035688933,0.0218995296361348,-0.047001188029636605,-0.004769642169555331,-0.00018296592891638554,-0.001807982342893643,0.003698076885477035,0.004909087016172675,0.01774671306151539,0.0020772792937195296,-0.008908994746746664,-0.05432487464481426
2025-12-18,0.007522963990016468,0.01438610949454393,0.005928043258769432,0.004772226451033411,0.003795992287456425,-0.001804831428641165,-0.015721993723244575,-0.011689130381247912,0.0012866850997309658,0.016373726679337935,0.01854688041923136,0.03389652701091261,0.012660895475075465,-0.020646611476864616,-0.014621730827001012,0.006987480442938407,-0.009842052827429055,-0.001648836487059976,-0.006306010399505669,-0.0052711255549452015,-0.009650394713457609,-0.015614060414128219,-0.00720214840875812,0.011146232190309222,0.01478092376749132
2025-12-19,0.009022618958016409,0.012951286785452345,0.008328325943861745,-0.0037393801325156964,-0.0025753849880105367,0.001128353513111944,0.026779157143869015,0.012424303145453782,0.005422726861126484,0.004000407866591435,0.03858226769342382,-0.0044993863680712525,0.020253545384657005,0.024447857313844364,0.0,0.018195886164392484,0.008451029901426679,0.005485441539374878,0.01336077200410299,-0.0038306072756603064,-0.009356641891161147,-0.0073108935481353944,-0.00410136154753369,-0.005647497248424184,0.05970551690415167
2025-12-22,0.006210566721978087,0.004781971862048902,0.011063494503704915,-0.0021726748245364928,-0.0001816877019904286,0.022819254559298667,0.02496079177707564,0.02468192296143355,-0.009915011500959322,-0.002060048477056273,0.014807720863768428,0.015527202757108985,0.014710628160323471,0.011277547788130653,0.010299374353279841,0.010685138335102224,0.019714519805430743,0.012203655980212814,0.018367004243160585,0.005124234128033361,0.0045928210515775985,-0.012328304822611064,-0.015509701738160542,0.010195951081953812,0.007096553006015778
2025-12-23,0.004560042005282501,0.0046723786427916355,-0.0059328912249799436,0.0016012547052894031,0.0009984875863759967,0.013165297757330809,0.03723617934219612,0.008141152852311049,0.005116613877828172,0.003972124468264389,0.02960802520538894,-0.006507353223946919,-0.012098860271877355,-0.02284877400283092,0.006538157211318255,1.7154421418403895e-05,-0.002111594535532991,0.001986430913789711,0.008751662703509428,-0.0006801827865499069,-0.007455875215088475,0.0034281419976392624,-0.015212818655482007,0.007446878146285566,-0.0002326534979566898
2025-12-24,0.0035114479496600164,0.0029213225081327495,0.0024961271228274022,0.006038885037045169,0.0038937806964322013,-0.0041426515087481285,0.005843548689568323,-0.0014235746676825158,0.0053096944255422995,0.0024002425695715777,-0.003176160869262579,-0.0003295782832779731,0.0017373966453635916,-0.010663368184925337,-0.002925580182572424,0.0022981348368024818,0.006609553626403591,0.005397637318106339,0.009891754252747053,0.006555945404700757,0.00967219881009314,0.009107850973712221,0.006381790022298812,0.011067325181308919,0.0006512508664938835
2025-12-26,-0.0001014201750952399,-6.415738798761732e-05,-0.005117779825044617,-0.003299765133169481,-9.044780842096848e-05,0.011609088487159046,0.08660244074675871,-0.02480648670530307,-0.0014984751785940306,-0.0006353623154994487,0.010128246578783116,-0.02125855152458737,-0.01184927598537454,-0.011875186831872381,-0.0038387589998801082,-0.001302735334423945,-0.005615280479822745,-0.001975796132184488,-0.0038351541412576257,0.0011259502479061747,-0.0007221473243204165,0.001728631293997614,0.0011640607258515353,-0.008068854465566218,-0.00023248514445859184
2025-12-29,-0.0035699930558561223,-0.004852314296638911,-0.006144030919632007,0.0037540700360261035,0.0013549500049951809,-0.04450407961760148,-0.07456235176172701,0.01636646309460631,0.0013159470067161956,-0.0012515285287563304,-0.012198174039464112,-0.03327112293491274,-0.013770621935642094,-0.013300341118347981,0.009457332091843088,-0.007558562006959507,0.012017786287866735,-0.005408272099711718,-0.012767585573964171,0.0020236597477470753,-0.00033724961438783187,-0.0011751141132004164,0.007045121857619681,0.005532438987818768,0.0028796820104288494
2025-12-30,-0.0012218468855631148,-0.0023220939779831596,-0.007431138285647792,-0.002387274431934834,-0.0011742025613231599,0.0007273032894686568,0.04401037811110724,0.0018657666674187457,-0.0024870835251959533,0.0007798555139255491,-0.003619329992199194,-0.011399736021774638,-0.0094581207096944,-0.009325972229756022,0.0075910683344896646,-0.0021107350082296772,-0.0017811553398549113,-0.0025339746100624568,-0.0010197228054825737,0.002019486391861538,-0.003136528111913629,-0.0036034041372802013,-0.005435510907683255,0.005240630959310011,-0.0012530655978764797
2025-12-31,-0.0074365500962735335,-0.008299970275916396,-0.007567931993924314,-0.00799908313142203,-0.0042561556789037225,-0.006488999253824397,-0.06839254069465761,-0.008351296849801203,-0.004477611054965066,-0.007949824505874468,-0.005560855557135792,-0.01041870064110701,-0.012274907944354284,-0.02385749824443369,-0.005576050791110689,-0.007859087878311946,-0.00891251162825588,-0.007457943249103718,-0.003717368711702716,-0.008215718923716864,0.00019333337940252105,-0.005150362133043428,-0.00456718445489774,-0.008925543007768405,-0.0054947410694250074
2026-01-02,0.0018313617663269853,-0.001938970842216345,0.010587214389429772,-0.0014926363819321204,-0.00027229002085408415,0.004958545328225588,0.020435555578520448,-0.002896100687122788,-0.003131421666977736,-0.0223309251501613,0.012521788173345694,-0.026246437918020935,0.01790938067075549,0.04492077081253075,0.02080643368857494,0.04361728799919347,0.02732798844377574,0.002917010834166731,0.010066519209866015,0.00033900137976999026,0.0019309848702887481,-0.010663114234731833,0.012044521215912327,-0.017020162751359546,0.04255376600681432
2026-01-05,0.006638033243240065,0.007911541355641635,0.015752781855715426,0.004928627474487487,0.002810024516004801,0.025972938179914393,0.0494056087268961,0.018106575045037765,-0.013933738517613961,-0.00019035563217633658,-0.0038730170930416103,0.03057312274344065,0.03796257787016176,0.07487471864260221,0.02680078458849374,0.029133153718041108,0.02875356115968204,0.021610847075335324,0.025959752187630917,0.0022568163127081337,-0.014769819431675019,-0.010065359735355047,-0.0004435059310914292,0.01965361807051988,-0.01075254707140738
2026-01-06,0.005929568682081867,0.008748164882668597,0.01316812514196684,-0.0020601953508800207,0.0,0.010755105002161711,0.06487318299576052,-0.02465343692816531,-0.018504465279846907,0.01189892640767269,-0.004688795139394922,-0.04230652917497186,0.006372623063465584,-0.017251360204594102,-0.027019915140749733,0.011281709890304392,0.02025970515548851,0.004798735399957489,0.0062053929031204305,0.007299739892714172,0.002346620659618095,-0.0032822904434232705,0.014358264144084143,0.004373694877403675,-0.030914413728863208
2026-01-07,-0.0032285629973805552,0.0009620661677244327,-0.002345720537978305,0.005826172900076278,0.0007239057130390361,-0.009605943617543418,-0.03802213768122669,-0.01056504624788218,-0.007767566996107173,0.010312145829044314,0.009937584060043825,-0.003586402728205757,-0.008834428264200481,-0.018651490246369445,-0.011237261047006411,-0.043578151861020716,-0.04941575185396526,-0.014106139688820171,-0.023036011013233864,-0.009782544355683868,0.013098119175043494,-0.01345587577923543,-0.01426954722066907,-0.014594913615562198,-0.02040743689755448
2026-01-08,-0.00010153783677743937,-0.005705266499539128,0.010861316068531624,-0.005024491241269139,-0.0028080584649001496,0.005507322733438559,-0.01777255873436836,0.03976523283852627,-0.004967425592754203,-0.01114846507572145,-0.021756831844313266,0.010124471981728842,-0.0072979027466123425,-0.0013834488920799082,0.030979779246989685,0.019275841395055483,0.042495862392853044,0.005201340306043113,0.008526569854552704,0.008886975823272598,-0.008421333410720672,0.024968121090664125,0.003100211783277493,0.011097476023958651,-0.025755036467825135
2026-01-09,0.006591570183952557,0.009910954224034624,0.00756039643123064,0.006618085335142604,0.0036218264919422034,0.007215903791294916,0.03758621382396167,0.00339651988413027,0.0012730846985475868,0.002444193949197288,-0.0009732491752103244,0.02091338126870214,-0.00323305591013626,-0.019779815483095726,0.0025745495756103985,0.015484759918171163,0.04613771853606596,-0.0030458078356201215,-0.0018210250089542024,0.002013924048246366,-0.006631857833021193,0.002399459371911392,0.012829688728497417,0.014866599548929852,-0.007404690156043931
2026-01-12,0.0015692219387488094,0.0008294699866321966,0.004868373867442735,-0.002961392048167553,-0.0011755852870655853,0.018549616736782293,0.0648580458589788,0.012216717899591069,0.0033871074933367975,-0.0043912574434963525,0.000432699636909862,0.00883700211279967,0.02763794381700951,0.009095469405910663,-0.007096043265505375,0.019481236729417383,0.015208279154332233,-0.007926507645931571,-0.014380425605693794,0.0013402228346616508,0.025743392491191848,0.011145286716678776,0.02959360769590936,-0.026761523592348048,0.022003537116000754
2026-01-13,-0.002001476724789629,-0.0014839587378681312,-0.0005737231455617481,0.0017095214477582934,0.002169292183900224,-0.0014220515093612454,0.017583653974066873,0.025220130461454125,0.003069147713342097,-0.013736508896486735,0.004693178813997547,-0.003927828743923325,0.008084486493367541,0.03918433281404257,0.014142087289440549,0.010676939461334094,0.012726207084024626,-0.019357828832406856,-0.04278343102774511,0.005565478737909523,0.018565816332655798,0.00542218278609086,0.020056864580947204,0.0014172160029008183,0.0619803561082137
2026-01-14,-0.004927356850498766,-0.01074028346788367,0.0070156928492747725,0.005790627109155193,0.0025250586887360146,0.010170333239523918,0.07308963266815781,-0.011910644233877186,-0.004184101371076401,-0.024279440189170654,-0.01447378787871917,-0.018051031148363036,-0.00012021076234563091,0.012466971617332009,0.022302638117340727,0.0034815317016203473,0.025465595234776383,-0.0014762682902875403,-0.009793651418856058,0.008620843696757993,0.022675639409205507,0.014522446058759625,-0.0026622224059199805,0.004856266814439261,0.011831817356218195
2026-01-15,0.0027195131661778946,0.003592992343913918,0.008776326551701168,-0.00022654568429168517,-0.0012616974287203333,-0.0061465119926863475,-0.014772699960025051,-0.02059351166617384,-0.006754637533752875,-0.005938623145013116,0.021125164339048683,-0.0014354670972459708,-0.015382083268821895,-0.0669960130542546,-0.00940740272216921,0.013111237453488078,0.009021501010379457,0.00405450527806324,0.004504770045271333,0.006908976555094701,0.004656320561032564,-0.011822179408292492,-0.007022330846641314,-0.0010575053060660822,0.01913591357836726
2026-01-16,-0.0008382252035026964,-0.0008366633443358198,0.0009412039449673521,-0.00579176652271991,-0.002889871553646713,-0.0048305320875177415,-0.027992616388926337,0.0072840254385967826,-0.010433311478838362,0.006982909509314685,-0.0043936053878166886,-0.002442745094192464,-0.003056050285912519,0.007784711984818004,0.0016788779033688644,-0.000448173558185702,0.007825424700142771,0.0012866300311530977,0.010326047243987155,0.01216621697449771,-0.004153118558461775,-0.0006917911336617057,0.004185872345942048,-0.019679248745508016,0.017009670189174472
2026-01-20,-0.020566840670864645,-0.02147616707395802,-0.01203793935184391,-0.013184504479078546,-0.006077923084821572,0.037137944625647984,0.05253299443055446,0.002926614608526129,-0.0351668016880478,-0.011680202459332167,-0.04480567027408543,-0.042609305094350874,-0.03045412024602062,-0.05725842326923747,-0.0018889863802041395,-0.025708038401130888,-0.010997191364439869,-0.02304069723526481,-0.03163408879776219,-0.01874515441908333,-0.0020600925573426186,0.016945548752776134,-0.008305035329506936,-0.007763879717650631,0.00038812437313363315
2026-01-21,0.0114749889632404,0.013427856545581478,0.01964727871551256,0.007587924398282533,0.005987479893155152,0.014463871678662811,-0.016888506723599327,0.020386322530870037,0.0038434356364286217,-0.02316963334475698,0.02905657975096306,0.02866105598439217,0.013290034252723619,-0.0035191303294085144,0.023872461274469854,0.02570813315361056,0.01750040941558494,0.004875251268593583,-0.002314810213013938,0.003952587868379016,-0.0009169763633905386,-0.006415157549131129,0.00546057249128264,0.0255013695584609,0.07426813319008141
2026-01-22,0.005209636268787033,0.007243139361411499,0.007440829565229525,0.004342854734777319,0.001897521424405356,0.01829421977969421,0.03706074067228502,-0.020943128161101724,0.0028226246974350773,0.0157054707038651,0.00825721619066464,0.040695858938020815,0.023875148207162883,-0.016842193176548503,0.0032766948371936214,0.004683809463253759,0.013015541348015353,0.006525671331156641,0.005250310824327182,-0.009910875315369114,0.0021993182483689856,0.026151012473148452,-0.012901200507378328,0.0001766487896082178,0.015610082768832368
2026-01-23,0.00036271445090017455,0.0031524261001239506,-0.018631304874400224,0.0027332810442843966,0.0006317311477972755,0.013651695099226603,0.06423009734849514,0.02922616334019257,-0.001249069268077783,0.03230062336052797,0.015194528911584784,-0.0006678119583802994,-0.01878170234669184,-0.028132476252029998,0.005708487491331865,-0.0341828227852487,-0.0052163749943639525,-0.013847562578395744,-0.01965642468272302,0.0019900146110397253,0.00752341990008514,0.008541202018399143,-0.0008490175436812257,-0.01989445785718523,0.023179382884380744
2026-01-26,0.005065296757285074,0.004390436003521979,-0.003139228078862781,0.00476498795359387,0.0008117096187939012,0.014522878245374984,0.05679950267564234,-0.006375841857032786,0.029280086238765112,0.009249908201714471,-0.006414656086299057,-0.03135078007637361,-0.009712426030617349,-0.016123766725376097,0.000609673063474196,0.0147324085162159,-0.015625354700424966,0.006386186974011379,0.011089715494938422,-0.0013262362925423226,0.006113820843583516,-0.004405140449674392,-0.0007647975752708426,0.0029690444258889735,-0.03276284844238719
2026-01-27,0.003976348566725876,0.009024455902564647,0.0028371697151035494,-0.006244543651859491,-0.0010823327714873535,0.024235866660731447,0.03251424431099413,0.029236361575146804,0.011135349261250763,0.021665458667270262,0.010933690593105993,-0.00992969313376057,-0.0018786595888234652,-0.012491001235458635,0.009101080041499987,0.004690823281999694,0.022591405399424617,-0.0077060531807082834,-0.0024278877637323596,-0.00033187673783452936,0.013230909424024833,-0.007722654370164103,-0.005968099083936041,-0.0063085731395255504,0.002860896082274328
2026-01-28,-0.00010067497120472829,0.0033060073594277984,-0.005416483731554487,-0.002280590689097719,-0.001444935022625246,0.03804054442699281,0.038713287767028745,0.012608507512237301,-0.007110666301096413,0.002182473591107379,0.01578819087683279,0.0012987560805733547,-0.010459350678313386,-0.006662610538621144,0.00762136981524502,0.006816581343133108,0.0038918414786166884,-0.00018869460362647993,0.0015305243848789838,-0.010342072613377346,0.014508435027369341,-0.006764074402073855,-0.003169076659681204,-0.009538184321073237,0.0028131908635992014
2026-01-29,-0.0019863539443873905,-0.006003249689694161,0.00026585743998433156,0.00022820488761526221,0.0002710843990940721,0.002705807739847273,-0.0002841197116900594,0.032360253125671375,0.00714945879943628,-0.10528436571963382,0.005155768924444679,-0.0351442835440217,-0.01660535072255979,-0.05018061794662818,0.009148794585948548,0.03356769913015645,0.04139039978836656,0.010512588145220726,0.018611005138201117,0.013876000417216561,-0.0018901051920466086,0.017225536150115586,0.007180197913766545,0.018269516716482855,-0.002218224863516011
2026-01-30,-0.0029870370168700792,-0.012083575006611,-0.014225374758834125,-0.005608021649363077,-0.0009943356043114258,-0.10841233744964714,-0.33603656642343366,0.004790091888381611,0.004635379456155208,-0.007432414152937793,-0.007194213250919108,0.032707748293060876,-0.03632943751223285,-0.022543537973342114,0.010634218866912912,-0.011916009379384668,0.018636222163480074,-0.002056312738408091,-0.0017311883910966594,0.0009917905996426905,-0.00017603061142184464,0.012397873728949066,0.014627115180509027,0.010874527290925605,-0.06322285604823431
2026-02-02,0.004959045712933714,0.006842961889822125,0.009696740603088803,-0.0028611676020824156,-0.0009263964767301997,-0.04087351576386029,-0.04057900396975377,-0.0541300339886438,0.039779426403429755,-0.016212885627165916,-0.029306114416740334,-0.02018328139266714,-0.006835141865967518,-0.03596835594295244,-0.019783013452861445,0.04977769318522955,0.0028027017047571345,0.010979919530597704,0.0073287043848137435,-0.010406422167749943,0.015284203366560972,0.009312703224817897,0.04046608011667972,-0.07690790733337778,0.03950827922373941
2026-02-03,-0.008491346084250548,-0.01548326498855792,0.0022859024367643125,0.0024233875408566467,0.0004541942964778661,0.061647351472448514,0.06052712774363301,0.028012294256204266,-0.0019648412969745957,-0.02914250604864986,-0.028803821486399213,0.00035553266889641583,-0.012449391505522631,-0.04463081163072503,0.0318547929166572,0.017190895393066407,-0.012244435870716162,-0.009297226067612987,0.021542034378686167,-0.002228153449043805,0.010132659397279913,0.01380858315364621,0.028996750473516134,-0.0022043975913492875,-0.017036341519261436
2026-02-04,-0.004855691490926631,-0.017623356952960516,-0.0086375253770376,-0.0025389887432200396,-0.0012722502142909456,-0.0007046601942605336,0.028437951070881682,0.0052783648362329325,0.0256803727265563,0.0072208269872281825,-0.03469725096611563,-0.038532688670109685,-0.04811643537627423,-0.06341856264757868,0.022201934396368313,-0.015874579683534902,-0.04143501239060286,0.008000826306382198,0.007656734308570678,0.014285122843341347,0.005860066442543726,0.009929872011766778,0.002268193564124288,0.02679198234964926,-0.19012524307863854
2026-02-05,-0.012567856956365418,-0.014499938316045265,-0.018166468428128846,0.010803492007275534,0.004807889545089003,-0.02699275619765067,-0.17166869227969228,-0.015397791625643599,-0.0020998540074744607,-0.05081179884428329,-0.013350101548895904,-0.02191272731756527,-0.05371003303681846,-0.1432194650264104,-0.011805145156007061,-0.019721463751985222,0.010594597660665289,-0.012494316336222566,-0.022664734132697848,-0.0014303677373430966,0.014060286197808781,0.011030981790614817,-0.008315683789827652,-0.01962143686669796,-0.03917077405123151
2026-02-06,0.019003005567205973,0.020917587180192602,0.03529211027172287,0.0006856060380465078,0.0005428527944148207,0.030269515441489408,0.05115083227265614,0.0039041619315936084,0.007977885766246336,0.01879745669478541,0.07577302301087933,0.03439569638292661,0.05969303939956072,0.12224428421127527,0.019723754128723646,0.06822106646293814,0.023363301703524603,0.018038591389316187,0.03870470134328125,0.015622799090629509,0.009209338780363074,0.0035243702284409786,0.03285582802441742,0.0349171593753417,0.079555088025928
2026-02-09,0.004810244305276485,0.007630950352336267,0.006993795157537646,-0.00022851250050917357,0.0,0.025085614324893347,0.0800536441351528,0.013289645508830288,-0.011729030888589332,0.030588866559683087,0.024664966763379943,0.014992548192064116,0.0284233161754212,0.01281724628643701,0.007297216924282517,0.021685525653045972,0.02331564717259577,-0.00591498388588065,-0.0009309212422876678,0.004218696689451956,-0.005641131588522578,-0.011627205430265566,-0.01660289562108008,-0.01454874141549045,0.03562716593039822
2026-02-10,-0.00264064386524897,-0.0046501109914586225,-0.0027014799197115193,0.011474193386401174,0.0023489163320222447,-0.009963188662021111,-0.035199313651913276,0.00012819143271483905,-0.0034287922059860762,-0.0007982784835396777,-0.007924416525772629,0.018729813289406216,-0.0024879114350670356,-0.028750194472427586,-0.0011191555805846328,0.0003367981502006993,-0.013771517590538625,-0.007256498198171786,-0.011930613371987633,0.01329633871648946,-0.0012158981316880068,0.011061627561571601,-0.01814544806915959,0.026073630334417196,-0.011313725606043832
2026-02-11,-0.000231085512616827,0.0026784787459514154,-0.004556401863927291,-0.0053231362964392325,-0.0010835208397927667,0.011247091222494243,0.042014499247511265,0.010961116885609691,0.006628114685600525,-0.021770827640910106,0.007977089879130206,0.007170667714086594,-0.019423503705227576,-0.05899526714950965,0.02579359857419529,0.043015253784530895,-0.001366931020162637,-0.01524163502999519,-0.023717470307108628,-0.005554338030167143,0.010475637368854733,0.005766642828392576,0.016205818429494947,-0.01687490815970533,4.679623843403089e-05
2026-02-12,-0.015569451553392327,-0.020548592694657492,-0.02063028271008059,0.013199025556900867,0.004686477557127939,-0.03534565209196913,-0.1225454524656243,-0.03233362353232691,-0.051274148572826785,-0.006276282350313641,-0.016499491079763246,-0.02649972117437709,-0.03474374442667303,-0.08234627871717397,-0.01835585077296741,-0.02179717877163866,0.013790225884352234,-0.02010987555761428,-0.026670039445088698,-0.0011789771240336023,0.015203931621606777,0.007534056999787292,0.037121674617843874,-0.05455039260922926,-0.036426602233010946
2026-02-13,0.0007042374603937072,0.002128781517703512,0.013091029150278764,0.005476308292896831,0.0033212446285854156,0.02457422891441271,0.028957975370192946,-0.0020969343766929142,-0.022995784787441406,-0.0012948429668145959,-0.022340344621430332,0.0008867362574486323,0.025956801063150098,0.15241783208391943,0.006830958705387939,0.020764410758393616,0.02348933457044192,-0.0007740594101384329,-0.00029751808807563,0.014267639516919792,-0.004508242760726432,-0.007096579105664859,0.0018690133890053768,0.029545523782346265,0.00667865256604669
2026-02-17,0.0016121662321053362,-0.0010306404626511953,0.000304207475329817,0.001670570880138974,0.0009852792322258288,-0.031666383600955715,-0.04924204961975368,-0.006449484007847541,0.03117677762588167,-0.011175581103172084,0.011746279262753666,-0.016448249621048447,0.0007115340132583965,0.010292498008359166,-0.011100917840940718,-0.012268173514046347,-0.004607800839959689,0.010592235894975072,0.015024629249208174,0.009469841342986497,-0.0004929896556262296,-0.0032539606385733897,-0.03836963507666907,-9.478407579659832e-05,-0.020663529553976885
2026-02-18,0.005025111493454597,0.007439462389368636,0.003605074113067113,-0.0037904807583418023,-0.000985279232225849,0.022240759759257815,0.05453488972284363,0.04732396001731927,0.0017795329116435036,0.006880484157494272,0.01614186871621456,0.0016789405517192606,0.01538595273771703,-0.011937010751786872,0.018981453755015774,-0.016865696572040925,0.00035405339323083413,0.007443542659799714,0.005357947709989414,-0.011798308583820204,0.006798879127005508,-0.01700363804024502,-0.017458466415262087,0.015620869297811058,-0.014682836875032947
2026-02-19,-0.0026409180968155325,-0.0038370609600061343,0.0023080295410379172,0.0010047869449412285,0.0008061155158744204,0.0027891563109147515,0.01304066401395704,0.02229372947392899,-0.0143641415256223,-0.0005770833456002078,-0.00042561936906963197,0.0009476790897650401,0.011836084572602386,0.011455013939005181,0.007275479186845188,0.01131924675118194,0.025375094959484645,-0.008401843706664852,-0.002366957286842122,-0.0021215556565449835,0.007806458323591956,0.010779330368287317,-0.013917265556568324,-0.010323869094400523,0.016109793880900183
2026-02-20,0.0072058400517004155,0.008809965222619162,3.778084120122203e-05,-0.002345960255162897,-0.0008061155158745415,0.0195226903950525,0.07603743284178739,-0.004196549794482726,0.015233748038497256,-0.003091609658687483,0.010166403704481202,0.0002671812076262355,-0.010436329640201322,0.03208199199206084,-0.005451605962566363,-0.0010393884891237656,-0.012455117865496853,0.006498556094092574,0.008855417746405799,0.007511208955595906,-0.0180634032468872,0.013903942640097904,-0.015170164471014536,-0.003970117373779556,-0.015959901157606107
2026-02-23,-0.010263807839928392,-0.012229443391437474,-0.015692637371318142,0.0036839930153597013,0.0010747454303151013,0.02665702371732228,0.05026819288208957,0.0006182757755879805,0.006029131859271349,-0.032649720007401746,0.00907260443723529,-0.02954695527872496,-0.021062307847872563,-0.06703555830236793,0.00490780171033874,-0.004313403513938278,0.003578748460163337,-0.03410530165853166,-0.043131932248379516,0.00010548365484477189,0.01372040501144032,0.026938292664866238,0.022669779903170217,-0.01114348536195283,-0.01789581618546055
2026-02-24,0.007242165031108853,0.010684210886763053,0.010843541200775774,0.0017813204684769567,-0.0002686299144405426,-0.013955835494471214,-0.01866634654451899,-0.0017320230295154115,0.022143949447182894,0.011713577948725896,0.006763798223351665,0.023604408796446652,0.029142622652555027,0.011108770100683858,-0.0009070910121871671,0.015426314332755507,0.005750762081551857,0.004915959200467249,-0.0012439224544363939,0.002526005822326647,0.007090227825487471,0.0006657512019713633,0.0074438499289857215,0.015585218410950423,0.08405681594678413
2026-02-25,0.008402945104341215,0.0143891812415329,0.0047356338158318035,0.00011128086387740553,-0.00026863297595710537,-0.0025104111690772445,0.012066499697029427,-0.012835851278053813,0.007650516806739749,0.029384094849206652,0.013954478630995089,0.01940114803767631,0.020191623620591,0.12682813500829163,-0.004182983388606109,-0.0021109983625708178,-0.025810741827945356,0.01730718921233805,0.019980692548477445,-0.002736821701688166,-0.004517255080932447,-0.011501088430465602,-0.007920860351846274,-0.00947425344574966,-0.014033645661813133
2026-02-26,-0.005569959857260949,-0.012137927053256963,0.005315070065604503,0.0039959206112229195,0.0006268592381871471,0.008539325114314078,0.005109314350890122,0.0005014832222063176,-0.004678537445938535,0.0027918930961768774,-0.05610616378510346,-0.021357279325286554,0.014445066341477611,-0.015781176184060233,0.0032751385631069416,-0.018005918106724906,-0.009106990956239366,0.012072572068008275,0.009287507213018631,0.006828061185477662,-0.006958103344663161,0.0022009281501930377,-0.010632886623748491,0.0047483468657051634,-0.03464431019373002
2026-02-27,-0.004813509630285336,-0.003205885921664653,-0.017368548059672168,0.006074393865341216,-0.00035822626223010336,0.01304594710817348,0.05489774187065907,0.02696181611019265,-0.03265801167898957,-0.02260754110711472,-0.04253837483251021,-0.014967735162802965,-0.023048700617838435,-0.029197060934693462,0.015680177169951962,-0.013504967014596858,0.025314704900053806,-0.020591464524595083,-0.01922789973615387,0.001778266043472932,0.020167349570848408,0.02084979075986463,0.027976591237811873,0.004631586847376525,-0.01718324963192313
2026-03-02,0.0005684172026597193,0.0013164916975326058,0.009139026354877976,-0.010092878523604597,-0.0033930975954887927,0.012837146760680682,-0.04107203380424009,0.061980405490140125,0.0020420069532886102,0.014685139788610203,0.02941791661564486,0.0020103441525256786,0.01780781803339856,0.052020917638221094,0.019830785363725158,0.01269449059415581,0.03315786328720259,-0.002530949479444995,-0.009166072543786267,0.00250491391308231,0.0005231690308951577,-0.022316506489164646,-0.006665323296774445,-0.016257420024133776,-0.007973422326210317
2026-03-03,-0.008853414553509194,-0.01076331700950698,-0.017474891266618088,-0.0020106718690168085,-0.00045078690818239865,-0.04563796333219482,-0.08824922081124656,0.033939719794629813,-0.0036709834343797076,0.013408647244178758,-0.013405999706042122,-0.027372150980348144,-0.026762916796937156,-0.015669552574658685,-0.009158284508546355,-0.040887314883212636,-0.0132093741622421,-0.0017559039772977929,0.009032868260417895,-0.005330583794629817,-0.007308576948999994,-0.0234518592800165,0.006352720554314587,-0.009921564362221028,-0.03938182920197055
2026-03-04,0.007030536114047319,0.01512817415472587,0.00967381144551544,-0.0031358846812929867,0.0009015093090141733,0.007787713327779242,0.008798830896156217,0.01496507518447281,-0.004674457034245198,0.0031392250109650473,0.01647011544804586,0.03384721273919843,0.036283593166425425,0.13601647388610835,-0.005855754614534122,0.013465066190400042,-0.0050139366258385885,0.005646983707253479,-0.0029015916796602814,0.0012567853070948223,-0.005893714608226886,-0.008930256704390705,-0.0007821440058439863,-0.002520134427054407,0.056602610581800564
2026-03-05,-0.005591148225550186,-0.0030173773994566925,-0.019286248437365514,-0.004046293674522891,-0.003972957043252183,-0.012090565447196475,-0.014304097173972026,0.05057766180350001,-0.008530800875914566,0.013433502095925965,0.0016376663504562787,-0.00096123102727329,-0.012624428383452842,-0.015531789976392322,0.005147769150786352,-0.03601092124018211,-0.014369514853906053,-0.005256516287494511,-0.01969921744586808,-0.010098951665342748,-0.023385876244421677,-0.0276042879988696,-0.03584327721194927,-0.006132871394567513,-0.013050645220803299
2026-03-06,-0.013193791611277716,-0.01515752803457713,-0.02312718676153196,-0.0037235477487214666,-0.0033530106862930133,0.015708476698148666,0.022236530470651026,0.12166340001976413,-0.01093209183794695,-0.004196973741552699,-0.030570537605429608,-0.021988164166115053,-0.02172359959823231,-0.04214757950818313,0.0015922290646597967,-0.03631307373180089,0.025280813472472713,-0.01296676551330928,-0.013961698322916757,-0.010949965305310142,0.0032080898111096854,-0.0023405877684824425,0.003965866393552925,-0.008531581310971507,-0.03583114987981242
2026-03-09,0.008721878607696682,0.013267209227262903,0.010822452172128618,0.008666836988066558,0.005973329414339936,-0.0020718179527898957,0.030093057126044376,-0.041676560212596026,0.009355669758880348,0.0010997770081359087,0.026799887586009843,0.004903095477786746,0.025770045020064327,0.012946918213502875,-0.004429057675209337,0.034526945750851884,-0.011407984769350742,-0.004757208660493984,0.0015188647848769497,0.0022422739525560106,0.009068583177029521,0.010296305619671561,0.0043523935571788035,0.0011811295061970207,0.05189593130011176
2026-03-10,-0.001608419719141641,1.6490562873494887e-05,-0.0010256753484922487,-0.010703761670047978,-0.006881610169321841,0.011216537509720141,0.02311431253181569,0.014558502165006842,0.00364879782998301,-0.008955231986681241,0.011540154718599876,0.0014036436297641278,-0.019024918466886847,-0.016502552266198102,-0.012866545808875763,0.016686985240753953,-0.019660582578628943,-0.0053790415263920656,-0.0041130934450325195,-0.0014942905189920743,0.004606260947064221,0.005076593341018257,0.006253541843019698,-0.003350125920390847,0.0027099771085801524
2026-03-11,-0.0012559513052689201,-0.00013163042399331792,-0.002014913622299571,-0.012997482825386321,-0.008210949660845958,-0.003395863568684636,-0.027596595263541565,0.02047663900134522,-7.663911620974943e-05,-0.002171136910573758,0.006850206049899695,0.021263203188193833,0.002466434606117644,0.010679593146278294,0.02451716645076681,-0.01276455823350165,-0.002690881201193722,-0.008425370630061173,-0.004199636373271189,-0.010415075193038232,-0.0029587085592059433,-0.01739274024386698,-0.013113108220121404,-0.0042530137508606505,0.007842054172522876
2026-03-12,-0.015301420789775961,-0.017312361562994344,-0.021749560423136624,-0.0019528850861160825,-0.005419617558648369,-0.01984963254664512,-0.01852504871101655,0.09139014307127769,-0.019552680241044663,-0.007487006160910448,-0.015657060121153334,-0.03191481278720455,-0.033821333971247466,-0.027562655071161415,0.009258486976318531,-0.009799284360762212,0.005160184095851359,-0.016452025331662484,-0.016234147555855092,-0.00693170047305011,-0.0039173388214875605,-0.01856422830598984,0.014790105486531424,-0.014576926309379665,-0.03522731150323351
2026-03-13,-0.005676188622551868,-0.005944771534227172,-0.003319897036664559,-0.0049563964021921095,-0.003691035162626712,-0.013021372569552835,-0.05082545555301252,0.01259039636051951,-0.022298700096560837,-0.015826562198313097,-0.01590610818182284,-0.009692136394107544,-0.0055362394415384665,0.011832646978980656,0.0032983248146554855,-0.009608081835101678,-0.010517280871800677,0.0012279826163226469,0.0019422620420011581,0.0016289427296061075,-0.0021506709269846925,0.0009961885409838268,0.009450065204042646,-0.0014090117949914199,-0.022244192030576607
2026-03-16,0.010125430484197413,0.011154958148102998,0.00940453771464046,0.00771218418681398,0.004795765060439357,-0.0008900836759417245,0.007264767280714452,-0.0413816973327551,0.01073701886028607,0.011062399209724537,0.016342847084503342,0.011083506865035425,0.025300056587786352,0.039067314506675506,0.0034602463484561235,0.008308527527384157,-0.0012391386117849455,0.008351174614389579,0.009550618570554082,0.00832032769184794,0.0068907377761957935,0.009710426204742386,-0.004197806262747967,-0.0063652373421705325,0.01636061023489428
2026-03-17,0.002627101016221855,0.0048684067726689805,0.006306612412134169,0.0027482142844872993,0.00559661261935289,-0.002522571056499768,-0.021535861383046206,0.032585066483067984,0.005561550258065703,-0.0013511024228115185,-0.0070656657992947056,0.00933537602077204,0.013920623149038797,0.033421020552429105,0.010480240569082859,0.0031673721202862765,-0.013843041614694206,0.005260062714809035,0.0025477887165774237,0.004402126153441139,-0.02111028653045199,-0.004216123846185828,-0.007248991719739743,0.016486092470115527,-0.0013744524695781853
2026-03-18,-0.014051912692600945,-0.014037742391865471,-0.01624805926254877,-0.005619017318923102,-0.005412656728060662,-0.03214842869758357,-0.04218360817396935,0.023534426971060042,-0.017018453469962377,-0.0192624636248771,-0.008445383654979509,-0.016388196671314647,-0.022843021106798075,-0.038499870928958846,-0.0013681978178119293,-0.012009141281956385,0.00930706773922802,-0.011976191046715537,0.0029583227196851086,-0.014894939725013658,-0.003491881089157845,-0.031995715931422024,-0.025096433907433855,-0.008812443145029582,0.01591871865048253
2026-03-19,-0.0024673819700690397,-0.0031652882952852507,0.006522865548398748,0.0060763342861758695,0.004405735512196314,-0.042088486470760696,-0.04495468501621532,-0.03606630771460124,-0.003928630867926254,-0.007095275831026389,-0.01025190827509175,-0.03228927274343434,-0.004772664299095223,0.003060270802200428,0.015791182566459498,-0.007191122791040434,-0.007454412792900925,0.00040832463001201603,0.0007990916845014822,-0.004031714175969459,0.0013477399316327691,-0.012828228579210916,-0.0073230787199522595,-0.002215298722019763,0.028712457909006766
2026-03-20,-0.01443952585884218,-0.018654642096117186,-0.022089307222802293,-0.019155876086217757,-0.012348125173268087,-0.031034054726858728,-0.06543213715229576,0.03409182854350607,-0.003903823035572529,-0.01855050417363923,-0.03336869803842486,-0.032986169449252395,-0.027387222367802916,-0.02702396468630526,-0.0008426653960828404,-0.011347100117262657,-0.01593787917732162,0.0018354003676404275,-0.004908409284809593,-0.031498557949263394,-0.009429889868084974,-0.0038737361970275505,-0.015192349784156955,0.0031201795674268974,-0.019380844609895902
2026-03-23,0.010445276906504148,0.011413586288488877,0.02136211993251812,0.006503310835503909,0.006561611549206581,-0.022853374485926194,0.015324128407827322,-0.09377962964173452,0.014014804238242614,0.002954765416776362,0.01688047473673104,0.03443139945829688,0.02527437521042875,0.015673962775549395,0.011893320434656973,0.030119910244396104,-0.017979373968228216,0.008990938447398813,0.011622605478842031,0.007744571511901256,0.00021242189791177728,-0.0020119607643887256,0.014182306559528318,-0.01580104986029857,0.006682982537797889
2026-03-24,-0.0033624966130463346,-0.006860245677236822,0.0053604378099921185,-0.004408392927826595,-0.002028605685458535,0.00022271635118200717,0.007654311564017061,0.035365777021615,0.0005962431159831241,-0.02715388972769002,-0.002508281134920151,0.005707699063017406,-0.0274459507901534,-0.10269458287643807,0.020088648851716663,0.021053679717959434,-0.009915146499718256,0.0002029086077100792,0.00855221076417148,-0.006621184829165039,-0.0006373362543656189,-0.005781036644415902,0.010956997271681129,-0.01605465777049534,0.013184862105467519
2026-03-25,0.005557288574735996,0.006554088823184412,0.012145608783628092,0.0096037622110945,0.003593376587815541,0.029645532839315883,0.03527204475530872,-0.01009091635780606,0.0038868717408098437,-0.0045712029160832725,0.019668294409632546,0.007594547116542857,0.012959166471960003,0.00033143435153966313,-0.004447753944653803,0.0033572858415735316,0.02273327053577922,0.001216819739287732,0.010275397589799258,-0.0007966694500307387,0.019613374653700045,0.005294691775956061,0.008241199630061065,-0.004575264815772993,0.07004087941622202
2026-03-26,-0.018020135919566853,-0.02415735361822153,-0.017546437415215596,-0.008441782720382991,-0.007848241269913523,-0.038318848265911816,-0.07051656368544527,0.03356051115298002,0.001068245142811088,-0.013758530372588954,-0.04253034213772591,-0.036518388902706034,-0.036569041168098754,-0.043563652988843835,0.015562616683822948,-0.022289782452725292,0.005001895816047801,-0.005894943736739738,-0.012809400387150552,-0.0013669986049474967,-0.00287992846859862,-0.01047711882146588,-0.007176651753813954,-0.012585346685463475,-0.077862158212618
2026-03-27,-0.01719894102480063,-0.019730060860553386,-0.01769523181438038,-0.005473090876937977,-0.002413011857227187,0.0344920916538754,0.042998301999519734,0.05749943517409436,-0.01630523602902272,-0.025460080504767918,-0.021963340729077872,-0.0280150189690427,-0.04181797312333171,-0.07321219704164376,0.016763785550357655,-0.011139920151895546,-0.01848551206570683,-0.02560531909511082,-0.030707352823342214,-0.00824181881100792,0.005044899894561953,0.0020342253668429707,0.005794271610479819,-0.024898458332736195,-0.008773709359393308
2026-03-30,-0.003349064243429706,-0.007672695448329736,-0.014460302284415187,0.01322372705569225,0.0063909164601675846,-0.0002894695055481386,0.0012602684659790886,0.044332771547581716,-0.008760115500651625,0.006119652203548736,-0.01412753717929103,-0.018268243604687585,-0.017323832632301767,-0.0021744245605228828,-0.00963711741607335,-0.04105273105405097,-0.02844374368393065,0.01143818700565196,0.0032826760283346463,0.0037859487381329128,0.008448340035208488,0.013986149210019639,0.00495151473817562,0.020349867363779674,-0.02989953262661578
2026-03-31,0.028653466042465783,0.0332934824576082,0.03441614202030402,-0.001037616295296215,0.006258673432721051,0.037193492650150234,0.07020957913001656,-0.02007226104500892,0.028617869316112193,0.03075145798999422,0.054376241030536364,0.045315377792307994,0.06210516478554343,0.0824557950287321,-0.011361926767002163,0.059659159322120965,0.00967621970485204,0.020669892268274905,0.035959785115019564,0.015565787517429668,0.008009394947447778,-0.0019366515028983893,0.006295918634613862,0.021605429721179847,0.03700324356631723
2026-04-01,0.00750622148232205,0.012277496156567945,0.006270611294760471,-0.0009848961220622404,0.0010681917918342347,0.017348463901669588,0.0,-0.02514657615582463,0.0072239786626750405,-0.0021635573826314564,0.007711054213118247,0.02525999735964806,0.01191285800564504,-0.009321097916434904,-0.038098213292740886,0.030389135520406646,0.02168607800522872,0.0014168547366460824,0.004138887261597685,0.003601170967680233,-0.0013100023398630667,-0.002426073959350344,0.0036944792698659487,0.0018658687906907417,0.032785133629180695
2026-04-02,0.0009000692442135715,0.0011459654937042319,0.006908266504427434,0.006125364649595777,0.004224403012149914,-0.01939570172340335,-0.03509653826169303,0.10566671436436692,0.0011337828774017462,0.011012042440085764,0.009288164369341389,-0.05574001402961767,0.002336391743071893,-0.008883778705458855,0.004736919302418864,-0.018100204137773652,0.00830356086153304,0.0018187365819007893,-0.0026441690580456417,0.013500977332766772,-0.004433876451677718,-0.006754685093786949,0.008382303156489777,0.0005177103416535416,0.034091787539329704
2026-04-06,0.004715661120724013,0.00599930147498133,0.004249017957013748,-0.0016143411932055265,-0.0015591861196674885,-0.004107092256447038,0.004549529057603846,0.007368409197218994,0.011422429939559263,-0.0015542157511646848,0.0014083319278955812,-0.021783536042954785,0.0034945506164943806,0.019235172528290184,0.007231180993799995,0.005589365714706972,0.02397222148947832,0.007041620271119232,0.007985790567573444,0.0014396951438745038,-0.008553561742727034,-0.00244847713139953,0.007918324631671811,-0.0034216616109103218,0.012246509848830998
2026-04-07,0.0004399773016391101,0.00015296511497040052,0.0021770667735696797,-0.00011542249595494812,0.0011008707953411138,0.009680581273932702,-0.0022721194031677747,-0.006208962240450797,-0.02092349539479067,-0.001583521748180303,0.002586197577764938,-0.017642424845982326,-0.0005815777136697547,0.002228759989321889,0.008010716096175936,0.0044269748899859246,-0.01611920474973957,0.0,0.006578354394712921,0.0014376254012085574,-0.010680553499449201,-0.01034966343847158,-0.03450280520111921,-0.005206718066594386,0.006112654606685582
2026-04-08,0.025150609779818547,0.029298642387632357,0.02945398740563106,0.003226540371392645,0.003843322003919473,0.006279313363379332,0.022937798063618845,-0.10288514607212108,0.021078040151454248,0.005464582028634288,0.022100936428509733,-0.009856563133277247,0.02300271696148057,-0.0005138684026251699,-0.03570298210411455,0.06304148511241181,0.001273663259578264,0.02611940472109008,0.03492436609280152,0.017852781012070894,0.012049089297387955,0.02515852584678858,0.03820287803143866,0.03488250196837824,0.04540322507076436
2026-04-09,0.005752513692051993,0.006741853876922751,0.0057040916302820155,-0.0025342934689869937,0.0,0.007748433781414136,0.013543533453565732,0.01892397448318417,0.006122572068527736,-0.0033716362107280877,0.010000366429111672,0.0068808468500743715,-0.020678543452151914,-0.03528303012846408,-0.012480616141953815,0.019876757232372925,-0.0073940225252618905,0.002535865297800868,0.007633824547559188,0.007138981398886216,4.1418564989216885e-05,0.012073205942700688,0.014587432080720242,0.006131602932784179,0.020578756328229034
2026-04-10,-0.0006619995879319516,0.0014411428001932915,-0.002522661920638387,-0.0024250963963190573,-0.00265219490272577,-0.0017827733092611521,0.010038673599338566,-0.016999371946035728,-3.8310259802688224e-05,-0.0059145055060769655,0.025340922819897742,0.009588788947183922,0.005354223760368494,-0.006946316605218047,-0.006826021127469514,0.004550865943274463,-0.016403255164585684,-0.010969774268700553,-0.0014833652144623153,0.002153366199629063,-0.011880794310033152,-0.010280368214586845,-0.018445292201582825,-0.0062324563365238304,0.03488143874220433
2026-04-13,0.009724956729963633,0.010289407828256481,0.014324843869134364,0.0030016765398447635,0.0038388254858640887,-0.004057403475821635,-0.011648399736431997,0.028822726484401727,-0.004926113418270593,0.03575403391967977,0.003598419882182361,0.00989500379675574,0.03780978750733722,0.03902587985355408,0.002981185632390464,0.0013523410244285121,0.00968060659672216,0.017378146738275733,0.012220495705707442,0.0037571668305363304,-0.0020989889991216426,-0.010944317990256096,-0.017506590021962493,0.020065581145719675,0.007278412852461604
2026-04-14,0.012111242670247968,0.017994146816371247,0.013675980167532817,0.005288557903098039,0.0032787134180050494,0.02210325929203807,0.05360465296801433,-0.036624279930382024,-0.0014285879140919877,0.022483816018266257,0.03732742252058702,0.03287951656879672,0.03910850220218698,0.055064919803031555,-0.020520794970041025,0.003177908325942448,-0.013173556585042417,0.002320166034592542,-0.008194660481557389,0.009490867030977389,0.008952908113957903,0.005556452537581822,0.003845877279760698,0.013839314523110699,0.03283819802805418
2026-04-15,0.0078600237887659,0.013902354761134352,0.0024902482920722635,-0.004366808791006831,-0.00036380978408753387,-0.010456884729500534,-0.002780159998319582,-0.010225719380910322,0.02894009378924964,0.04503892039800363,0.011938027722559098,0.07343111096819792,0.034671881839124945,0.06044273434866697,-0.003401712043388361,-0.030787078955314313,-0.0007852284022758433,0.007503631187861701,-0.01682238048071303,0.0007426629595069746,-0.005973691644387495,-0.00695034958672593,-0.0023217728656065775,0.004376844838140146,0.011886528144838473
2026-04-16,0.002454297369362188,0.004804795803754312,0.002076603745127842,-0.006354417440577454,-0.004649706687208843,-0.0008631178955779131,-0.008386944582963086,0.02616580541462836,-0.011437751311164823,0.021745236543680494,-0.002618142636842774,-0.00781208631169376,-0.0016795415725494119,0.019862720462047023,0.01459886188500587,0.003227866098463582,-0.0059248738513546515,-0.0026871300957661093,0.013054739859327459,0.00918457473117816,-0.017455716596305553,-0.0018848322137304861,0.0004807881986481759,0.008311641550007435,0.07513138935824705
2026-04-17,0.012013236382059651,0.012999291467006022,0.02136664010333352,0.009114577985945869,0.005558878690293451,0.013205474549607812,0.032998085643069046,-0.08107626250574804,0.02559972274868711,0.0060020314796961965,0.016649068831843635,0.0296911094422974,0.02414381851825662,0.03200982341527742,-0.0279588344192667,0.028062694538302138,-0.025508164638011355,0.007658500564386907,0.00109633806452379,0.015846835073376375,-0.0015361012626807144,0.026342666034671888,0.021243667537510866,0.02274230336776016,0.0004670973842606077
2026-04-20,-0.0020016695574076216,-0.0031798946747412455,0.005676826520560189,-0.0002296566423411991,-9.090785701420834e-05,-0.00864849962892801,-0.020305207709556482,0.044496713161959134,0.010381395006123128,-0.011226721944164046,0.0018824243533806851,-0.020476797687229584,0.0011352424575692592,0.025362652273227117,0.0009083339164136398,0.006609986287708477,-0.018594914586977485,0.003807367255411411,0.02136282523469408,0.003613637464692982,-0.015015190658502034,-0.016745904716687823,0.0032886896131570135,9.409789784252699e-05,-0.012433753542215667
2026-04-21,-0.006568474427903533,-0.0038105891373010924,-0.010292542774509823,-0.005529410774023467,-0.003824423956962485,-0.028728747571710147,-0.05205958834916869,0.05554980374596001,-0.02551963105392037,0.014461851036347884,-0.010847460012281651,-0.0156116416401595,-0.024761986026556458,-0.07697998087328993,0.014422446620397674,0.0025643291983248385,-0.01618102255900348,-0.006289963177361053,-0.01266700629086484,-0.017885485122422374,-0.01983209890815972,-0.01513222929862058,0.01304777680156344,-0.019089825145028105,0.034108761885867894
2026-04-22,0.01007576539985774,0.016592094361584077,0.007150799618840062,0.001961780040862836,0.001914075126756042,0.0131588507180817,0.027079356989624714,0.008926850848102427,0.025959108321062463,0.020442233269101853,0.013022675641870152,0.0028167845306925577,0.02450985334686811,0.051181056754216706,0.011920824104814093,0.01046412112260744,-0.029309020962915863,-0.001722326596142498,6.38606243552674e-05,-0.008323294530992087,-0.0002653232992093284,0.003717032688265181,0.002927728582860024,0.005069101550803159,0.06455170870181362
2026-04-23,-0.0038882734971482065,-0.005648568869053129,-0.003478343987639026,-0.002192763260308729,-0.002735545876747852,-0.009742663076259298,-0.028686730964336715,0.04029022465607402,0.000951259658793847,-0.04046886637057255,-0.014224145002446242,-0.03623482292188371,-0.03594742629201646,-0.04112716999713413,0.0077519525779976076,0.03208089111294059,-0.04726191521322589,-0.007883895350105778,-0.004257939203310609,0.010210090787746673,0.019923977262904145,0.019823201724729563,0.015648600649398808,-0.011224736859348793,0.006143336999303598
2026-04-24,0.007719426373887486,0.018946848370419652,0.004092965917408656,0.0018469034621705002,0.000730206244567342,0.005114015549751456,0.005978054802238753,-0.017370962151208973,-0.008705431236900853,0.0211105217434589,0.042319593820825736,0.006879807968652782,0.0,0.009253330348982822,-0.0019323784989928128,-0.00534206811948961,-0.03132798271953823,-0.00736296830890973,-0.011000655011127592,-0.0019916649080647356,-0.013751145150584303,0.024311158971556456,-0.016110297925801386,-0.010181935738689505,0.13026323170580673
2026-04-27,0.0017213241598695744,0.0005270280291516697,0.0017696992444098704,-0.004971430812305595,-0.0028324278202815777,-0.007785532512716458,-0.006709463257024615,0.017370962151208945,-0.012809547555356335,0.0004709272230007819,0.03926316900565773,0.006278483691631967,0.0006534211374045201,-0.015588720873067586,-0.0017599172908956157,-0.002410249606739883,-0.00019485123217676415,0.007556041105022416,0.01080814535934668,-0.005471439022688368,-0.009539881906469089,0.0014835880438077266,-0.018096893088173305,-0.002439620665697221,-0.03863088822396602
2026-04-28,-0.004877826001792575,-0.01010765741307362,-0.011723247878910912,0.0010426533409336085,0.0004573929578449336,-0.01873736625464264,-0.03166851874601517,0.03558267449467462,0.01151746361085137,0.010373932738088055,-0.016008543515173192,-0.007022844604162197,-0.014474017203457229,-0.013204483684296532,0.016422427612486,-0.013263385486211667,-0.0020669981356733285,0.0007716979138310483,-0.0005777514150707867,0.009137308178885044,0.01081376593478279,0.005175293286418564,0.0,-0.0086350968776788,-0.03472321809525405
2026-04-29,-0.0001545530367001282,0.006095020909685223,-0.006703507300604895,-0.007787642920169179,-0.005594496130465075,-0.010723068864617815,-0.020757776455596975,0.07604529708092983,-0.0019966654409926303,-0.01122174710136712,-0.01856025148587312,-0.008600254179981804,-0.025776675159736317,-0.06585147603694379,0.022615315714630012,-0.009607434710472812,-0.004852725554699482,0.0013491318821670546,-0.007088839621748922,-0.007871990144304323,-0.0019334153019586091,-0.018334183417002384,0.003286373724540395,-0.0016767589406009406,0.042107002810258386
2026-04-30,0.009900455774975739,0.00928305245525351,0.021417107243182062,-0.0009339085858758888,0.0011029561974612205,0.01486229443655377,0.027682487428422678,-0.023781911696473947,0.004358082807074243,-0.04008994238092317,-0.047364620689692674,0.0234095155636003,0.030932340052757037,0.03269578677518039,0.010448405551230323,0.09424907505067524,0.01587916646719332,0.004036582140481254,0.012787768771847206,0.014956094082987384,0.010936241689218926,0.00429221996030171,0.030163080423712116,0.023897717730229622,0.05027086614628791
2026-05-01,0.002765286895853703,0.009553812706170681,0.004701659835921343,0.003569032879497409,0.001612745947339638,-0.001133652259722497,0.024158228562734186,-0.029599548157848835,0.03188000749804144,0.016200406979112132,-0.005627924828786003,0.023795549041588548,0.014140087256457488,0.018363640348232894,-0.013502366346448118,-0.0004944458958038555,-0.010089829318748599,-0.004036582140481169,-0.0024293115696581713,-0.002806844956430121,-0.01164026626663897,0.001155075203898528,-0.002504358109223914,-0.006478755563210556,0.016922821993017426
