Date,SPY,QQQ,IWM,TLT,LQD,GLD,SLV,USO,AAPL,MSFT,NVDA,TSLA,ARKK,COIN,XLE,CAT,LMT,XLF,JPM,VNQ,JNJ,PG,WMT,DIS,AMD
2021-06-07,8.486909905770367e-05,0.00017564591210423878,0.000208466650871502,4.2872037826108055e-05,1.5420903672004005e-05,7.448027962720833e-05,0.00024360654023000358,0.0003206126045615829,0.0002218011364399768,0.00021609781371038472,0.0007578337216728696,0.0011372649491060802,0.0007341511086645264,0.002492004055316138,0.0003430906904489074,0.00011339347120724647,9.872925603677888e-05,0.00010019138282332003,0.00013837500216849237,0.00011760090560283892,5.2457007035642125e-05,0.00012104014728859054,9.928439740546607e-05,0.00015860741204096922,0.0003307873747331679
2021-06-08,8.145629441680313e-05,0.0001730427458901806,0.00021814758049814196,4.3242738491516816e-05,1.5261105976583976e-05,6.037137316182953e-05,0.00018856674613445962,0.0003188893861918887,0.000212939216002878,0.00021448910225851486,0.00075704245601915,0.0011361134930163942,0.0007323344947529782,0.002293341777736852,0.0003426645546998949,0.00012974229952543697,0.00010076559432132092,9.06150672223818e-05,0.00011784378819148607,0.00012343596485322138,5.4135949145150065e-05,0.00011312290325977647,9.898504026701561e-05,0.0001585403481799114,0.0003311913784550122
2021-06-09,7.85789466446669e-05,0.00016947858264224736,0.00021566463457695542,4.458924035522453e-05,1.603616151315387e-05,5.6503547104068244e-05,0.0001946624611192299,0.00032788141119677257,0.00021381503176538124,0.00020932913190169634,0.0007404171116621638,0.0011268988620502052,0.000724392887403948,0.0023792017154066975,0.00032960081303273574,0.00011516551416440047,0.00010070314893114152,8.944822589629282e-05,0.00011807703614353013,0.00011778747748665916,5.729132918071429e-05,0.0001205544114695793,0.0001001666787929766,0.0001441445189344564,0.00032540164343911905
2021-06-10,7.327769980984638e-05,0.00013365234187374126,0.00018179234180341281,4.314650859249413e-05,1.515353251959872e-05,5.62038722308212e-05,0.00019583823285156704,0.0003299755480587812,0.00017690402169596005,0.0001857547548763095,0.0006646483614541495,0.0008874026659784348,0.0005666183326542611,0.0017682803115369112,0.00033174652901242236,0.000142209413844764,9.899597559535069e-05,9.434435904488688e-05,0.00012671987345144937,0.00011788031796599608,6.110776945399997e-05,0.00010187201537765594,0.00010068439706154583,0.0001438241785019785,0.0002600149091074182
2021-06-11,7.005427569006143e-05,0.0001394326470089429,0.00018426839598684747,4.334148253887279e-05,1.5526086575736794e-05,5.7207766204772206e-05,0.00019017371649165883,0.00032730616491596877,0.00017742816249697904,0.000196126528466218,0.0006650149099758203,0.0008869057895423622,0.0005628606268576678,0.0017188281011442188,0.000294647740085267,0.00021412596746822664,8.913950694544362e-05,8.430636354535344e-05,0.0001248498628032798,0.00011186212968130167,6.182256365636276e-05,0.00010352154317968588,9.799122739834262e-05,0.0001330058751978424,0.00027489235556490927
2021-06-14,4.495077818352032e-05,0.0001021463368691424,0.00013063162281019543,3.737395658342552e-05,1.393499061569138e-05,5.876223440195763e-05,0.00016238727789884055,0.00032537183233189224,0.000147743646075922,0.00014783605332328254,0.0006097936399237127,0.0007747502781170236,0.0004890830894457353,0.0014840477704217863,0.00029404349269874277,0.00023815537582512247,6.990885355207217e-05,8.074551154182761e-05,0.00012226926482876506,7.672593694311074e-05,6.986067126137897e-05,9.99070814471521e-05,6.247888095778325e-05,0.00010942188489783199,0.0002296116727149297
2021-06-15,3.741652402984693e-05,0.00010387881168990321,0.00011288149820986053,4.048053699180284e-05,1.3896788720841558e-05,5.973435200338755e-05,0.00016203594037547965,0.0002718942371150993,0.0001627537197187681,0.00013579245363977985,0.0006136447965940974,0.0007298100294938223,0.00046984830878328164,0.001470201924463361,0.0002868442958698706,0.00023412260938212594,5.16429534713744e-05,7.27830058992499e-05,0.0001029879533703228,6.843867732267127e-05,6.42646931969378e-05,8.597275831297736e-05,4.7163410162551705e-05,0.00011011613309046125,0.00020597178989443008
2021-06-16,2.4884607720442272e-05,8.011721668946724e-05,8.143755767438276e-05,3.5815384050310835e-05,1.2311507447618521e-05,5.600930946699083e-05,0.00015732474996193186,0.0002593283552122602,0.0001438924223149544,0.00011389907621496769,0.0005287995933435199,0.0007265903113933719,0.00038896615386274305,0.0014808107968677757,0.0002551839857965449,0.0002299597131530944,4.854064205175612e-05,5.94816807582886e-05,0.00010275593525615203,6.714917393946994e-05,6.56957090634573e-05,8.593426668524719e-05,4.338438600997911e-05,8.146472251336647e-05,0.00019310520064603896
2021-06-17,2.6245816196819217e-05,7.882274155632883e-05,8.158505606358067e-05,3.560942355583548e-05,1.268614624572647e-05,6.456924058162348e-05,0.00012641729501050206,0.00024806418375833064,0.00013999878983183872,0.00010675080411965181,0.0005272510929182274,0.0007043472985020767,0.0003851872609009127,0.0014111020931754038,0.0002279916350828281,0.00022998561531992418,6.257709195093784e-05,5.935828577064939e-05,0.00010455586062307915,6.943121663328484e-05,6.564843236193817e-05,9.641898178777559e-05,6.542711832883539e-05,5.974203268191189e-05,0.00019417072877429573
2021-06-18,2.2151540282686854e-05,8.50284598473176e-05,8.538250971927084e-05,4.734369108108774e-05,1.378200918638269e-05,0.00011774768453963903,0.0002582408678279163,0.0002517123213721351,0.00014158068108376833,0.0001128030121522591,0.0006392754450353359,0.000724371705747938,0.0004376959572537168,0.0013393983601867549,0.0002633129760947615,0.0002751083480289232,5.726022758559798e-05,9.786356391454754e-05,0.00014049610974383478,6.951512693463091e-05,6.68996288793853e-05,9.512732072844251e-05,4.1029423267827495e-05,5.9438586429267684e-05,0.0003537805506402053
2021-06-21,3.187643454079487e-05,8.835515063274226e-05,0.00011099327377052941,6.603173238226656e-05,1.5106368830646706e-05,0.00011941649554329818,0.000246639771140289,0.000198224433435433,0.00014712461102532772,0.00011421699000373161,0.000638634952667975,0.0006958656870534447,0.0004215073447851172,0.001135882839180463,0.0002781160467569651,0.0002690179004733411,6.141643670861271e-05,0.00012837226096447296,0.00017324602462651982,8.504943578535839e-05,8.812030720141638e-05,0.00010678868804671863,6.015727190887449e-05,6.816152499182113e-05,0.0003229230362341213
2021-06-22,3.6670747885210494e-05,7.035657923587398e-05,0.0001331015226613412,7.796719507705785e-05,1.442382330159748e-05,0.0001263944195850576,0.0002501519959301089,0.00019437724574626803,0.00013418721694552255,0.00011213041079398757,0.000566129831688098,0.0006066749445814256,0.0003575644436724172,0.0011067151279783318,0.0003733577870269206,0.0002888094731232921,6.272629381871073e-05,0.00015750490352127067,0.0001885848527460694,0.00010103209705633127,9.341378516999642e-05,0.00010446623795769988,6.39735177595619e-05,6.430100083676904e-05,0.0003253434286888689
2021-06-23,3.8191070251111664e-05,7.338383535295009e-05,0.00013385621714360568,7.773204880764545e-05,1.454636140433351e-05,0.00012734987663601003,0.0002495737239970273,0.00015055405389499565,0.0001307859307821194,0.00011708881898618009,0.0005633976688637854,0.0006022552963278341,0.00036346699919767605,0.001021090988128311,0.0003755251080931122,0.00028384439388053496,6.228576390744703e-05,0.00015229604011295937,0.00018169178821464136,0.00010246232924771475,9.348998695684982e-05,0.00010447396022478653,6.391863143142129e-05,6.269686646439154e-05,0.00032591803374369395
2021-06-24,3.263725212667495e-05,5.816274863531089e-05,0.00013214809518533206,7.734757085977996e-05,1.4270497186033672e-05,0.00012720433508262455,0.00024615608473653694,0.00010406374160461428,0.00012144572916115096,8.910334404992445e-05,0.00047782132093348033,0.0006450727896908376,0.0003468019089273303,0.0010337614194580503,0.0003705509306762825,0.00028120437358806826,7.226215464622931e-05,0.00015125286278969797,0.00018209555420786695,9.422581522822565e-05,9.470864934414343e-05,0.00010458107113175895,6.728380101449719e-05,6.207760057965312e-05,0.00032570022788692456
2021-06-25,3.4272318512475204e-05,6.0138644599934396e-05,0.00013775678892024798,7.283249214156152e-05,1.3720740669256686e-05,0.00012275697115378677,0.00024259474598990546,0.00010411115629028198,0.00012156816711058513,8.989761260801875e-05,0.0004808233445837189,0.0007109295257620501,0.0003556930669382613,0.0007565453272853123,0.000351516650434907,0.00031376060669737274,7.105714063847638e-05,0.00015408276802009876,0.0001807778400995759,9.447616700286524e-05,9.542033815352106e-05,0.00010397277030584453,6.902605031075948e-05,6.777451334632758e-05,0.0003635412052155081
2021-06-28,3.47456567946346e-05,5.9559165887998146e-05,0.00011920623853457435,7.863566610399482e-05,1.4080901364983512e-05,0.00012318938292209128,0.00023603615775947518,0.00010567219116874529,0.00012183719816855976,9.201268371078703e-05,0.0004847767887498764,0.0006880087671490649,0.00033696535495724746,0.0007866183097178142,0.0003487161809553069,0.00032407412737895676,7.691629244723043e-05,0.00016147773421408817,0.00018630474340139354,9.587934949791202e-05,9.491820115585677e-05,0.00011471219013634616,7.652534593473395e-05,6.79203991377864e-05,0.00036318420028993217
2021-06-29,3.4952646462995494e-05,6.679199404798725e-05,0.00011692191649399218,8.347505327016365e-05,1.4570970736634128e-05,0.00012318107820305193,0.0002334464939807248,0.00011350301972982507,0.00012185610860960168,9.838850046729774e-05,0.0006056702787551516,0.0007023497467894027,0.00040908031971903573,0.0012428364476646677,0.0004133928179310271,0.00031190749251091117,7.442461679358294e-05,0.00015730417565345544,0.0001734106180206049,9.605297195312105e-05,9.486188422390537e-05,8.62328925812917e-05,7.642835729566916e-05,6.198241083996233e-05,0.000378783108517693
2021-06-30,3.4793586310453554e-05,6.696333994812979e-05,0.00011815146562346282,8.34902118713236e-05,1.4610739129498648e-05,0.00012851349810409242,0.00024293729676993077,0.00011576986651036239,0.00012744124676936002,0.00010366110227942012,0.0004813675839893058,0.0007053494196582579,0.0004102968482067379,0.0011972628449662369,0.0004144926257427049,0.000313481387737918,8.8990281690849e-05,0.00015780898714429155,0.0001734691627651023,9.447382939059029e-05,9.449098150201249e-05,8.873062769002932e-05,7.796211741315507e-05,7.41495127560654e-05,0.00039657502856522227
2021-07-01,3.478979982552712e-05,6.649271476619146e-05,0.00011117375643129292,8.456850332284787e-05,1.467816006906891e-05,0.00012939965249212623,0.00025294918309231484,9.422237005068037e-05,0.00012822034639204606,9.923881765646918e-05,0.0004813650434281531,0.0007052377816803741,0.00040715630227718114,0.0011938993668079963,0.000344669266104946,0.00031832820251700067,9.838145105843105e-05,0.0001568600507924198,0.00017136729253185103,7.853646668454991e-05,6.846426807014265e-05,7.771902746443366e-05,0.00011672575427953563,8.015208051254386e-05,0.0005186989744788385
2021-07-02,3.632391308598675e-05,6.62928598519158e-05,0.00011530727437688915,8.427583265965371e-05,1.4580394491958097e-05,0.00012874263497009156,0.0002462957921331334,9.791054485401289e-05,0.00012635658251761438,9.959460613050631e-05,0.0004343487355528038,0.0006544604460235986,0.00041565326518803704,0.001317537018938924,0.00034240291204951665,0.00031885684740880075,9.597119254539217e-05,0.00016011973409649802,0.00017668320138743536,7.214150392253178e-05,7.055177425478826e-05,7.696870023617274e-05,0.00012451812973036144,7.819715645423074e-05,0.0005099765180170423
2021-07-06,3.874199504943447e-05,6.743473270889294e-05,0.00011644070957619404,8.548283982106422e-05,1.4162306349961847e-05,0.00010967359869640359,0.00022504874015857556,9.98300448232061e-05,0.00013879262211520898,0.00012389516494123288,0.0004372966377598381,0.0004900006048310841,0.00035044229941459594,0.0012726988880570982,0.000342263216862931,0.0003200029459801765,9.470493747354819e-05,0.0001598819444844328,0.0001767097634239192,7.189346663552247e-05,8.830956738570763e-05,6.1014159223451503e-05,0.00012609802746447638,7.722244378175341e-05,0.0004981829884514823
2021-07-07,3.438511544625041e-05,5.294717001153207e-05,0.00012715014190821836,8.278814357589558e-05,1.2154318738780655e-05,0.00010471519581744085,0.00022593208782220478,0.00012061465301900478,0.00013103845357288497,0.00010096254469129223,0.00037510608721832094,0.00042603693006846866,0.0003330854196337482,0.0012756513714788594,0.0003997905639904708,0.0003411462715000023,8.137530597977748e-05,0.000173225870580379,0.00019226908274387288,7.478866133754514e-05,9.026788994518564e-05,6.1003476954388845e-05,0.0001260083142227328,9.64939443178595e-05,0.00048437598199484286
2021-07-08,3.501508697318879e-05,5.270564919640275e-05,0.00012220773120276082,8.652958547557214e-05,1.2751308734619474e-05,0.00010462975661214303,0.00022476041218664472,0.00015528808238056237,0.00014838145639068924,9.674652854533506e-05,0.0003886780802390466,0.00044915960445667793,0.0003189709800428205,0.0015214143358820847,0.0004134778232618689,0.00032579573594260187,8.771977425468087e-05,0.00017100126583723818,0.00019113610251850013,6.79153505745465e-05,9.17024620969298e-05,6.340942373931195e-05,0.0001236836661989617,9.781173440660981e-05,0.000582809329594967
2021-07-09,3.867810446979046e-05,5.470276192681479e-05,0.00012081753943424263,8.46819229897699e-05,1.1983007056108744e-05,0.00010412783924570082,0.00022279466634683007,0.00016309280729675745,0.0001506378000234358,9.987542339810517e-05,0.000413712572231341,0.0004574685121755211,0.00032136488810735435,0.0014490721683447533,0.0004112480963133658,0.0003336479619142433,8.928627722398336e-05,0.00019308790904242506,0.00020685109348233993,6.461346064221627e-05,8.763605617426699e-05,5.5978783386660024e-05,0.00012054177238000109,9.704817841736833e-05,0.000585361938522698
2021-07-12,4.473008852544166e-05,5.6821122499362586e-05,0.00014227336321067605,9.143543114836553e-05,1.2241384868574661e-05,0.00010452791619293445,0.00022345247121964172,0.00017830537083059057,0.00015933390026347014,9.917791802871658e-05,0.00041507536857973557,0.0004561515351750115,0.00033989263332678306,0.0015154473846657175,0.0004333213517221137,0.0003376258944712329,9.202430456793358e-05,0.00023250876410320001,0.00025253883738059164,7.908921148464498e-05,7.86965500607155e-05,5.5978536775265294e-05,0.00012036742216182372,0.00012907879082395125,0.00058707241537744
2021-07-13,4.425250704722326e-05,5.176823860789568e-05,0.0001392778832483785,8.956846474127375e-05,1.114613596688278e-05,0.00010360681512441203,0.00022125497984402912,0.00017701734381121974,0.00015675212792661905,8.826729885725963e-05,0.0004427181301783568,0.000537342300608346,0.0003236296463423467,0.0015423184854911646,0.0004333602067221225,0.00025692563633748837,9.786994436619e-05,0.00023020126964080393,0.00025008479791215754,8.028639087297661e-05,7.444094169551552e-05,5.3021684303810454e-05,0.0001187401393795447,0.00021895545885270497,0.0005656303621762583
2021-07-14,4.474174893415005e-05,5.139473187748346e-05,0.0001530642016962264,9.265790099188389e-05,1.1865800452262525e-05,9.668691201215269e-05,0.0002241864800915896,0.0001906605286634145,0.00015489102768343846,9.733268896300872e-05,0.0004235601097362349,0.0005725090605643797,0.0003401093227092922,0.0015548695783514656,0.00043588840319769506,0.00024249493102180837,9.844830334610732e-05,0.0002343966224962857,0.0002623556657808225,9.024948294724427e-05,6.559573385652372e-05,5.051943209945097e-05,0.0001174160612434988,0.00021867011085857334,0.000567135258559543
2021-07-15,4.458954419600823e-05,4.6589794749855706e-05,0.00016583315527487845,9.641037678362461e-05,1.2289703189311205e-05,0.00010106179519657891,0.00022995467561760512,0.00023447499534898412,0.0001536638447858731,9.567948455576681e-05,0.00043991953422473854,0.0005924765769816623,0.0003843504298045078,0.0014941838527217472,0.0004849351973318108,0.0002544120724654005,9.814716369696331e-05,0.00022961279635505476,0.00024695209356256236,9.207377057602199e-05,6.776899439305351e-05,5.346758776610378e-05,0.00011990552739060921,0.00021764731026393335,0.0005766345338372115
2021-07-16,4.5045974224703486e-05,4.695900013099366e-05,0.0001671524845502827,0.00010292076396096668,1.2511437651699928e-05,0.00010027900656158592,0.00022720279438200687,0.00023418315290391244,0.00015248959745491078,9.528121145046797e-05,0.0005423217455884854,0.000543777216969274,0.00035461352136292754,0.0014772571943127025,0.0004762934441935048,0.0002542461100741419,9.876092502965246e-05,0.00023000882944269923,0.00023442141669522535,8.586481917303972e-05,7.423035462391248e-05,5.723475955363596e-05,0.00011906580680441028,0.0002091050698588073,0.0005986938190580826
2021-07-19,4.672493028786053e-05,4.9847713623500935e-05,0.00017531226989800727,0.00010307620239676723,1.2173225823181523e-05,8.959262207134506e-05,0.0002495077555973939,0.000233197173703937,0.0001626502577758427,9.454466262512065e-05,0.0006453133890791456,0.000544509479947622,0.00035337893723073866,0.001459518165027936,0.0005199962674774422,0.00026307957190078,8.515600117434449e-05,0.00024029529646740912,0.00026096030079621386,8.354891114943762e-05,7.43641121677972e-05,5.162852964432346e-05,9.592861566168406e-05,0.000245385604247596,0.0006055257151227919
2021-07-20,5.884081381951537e-05,4.4836198834408725e-05,0.00018081104560303604,0.00011674978240301858,1.3292713419459368e-05,3.628339709612886e-05,0.00014034635207418056,0.00048604764523963947,0.0001948265736806924,9.428952373834351e-05,0.0005885707267146322,0.0005248335342355933,0.0002920443496023332,0.0014737834919902112,0.0005253499472880973,0.0002099484286150855,9.520531108616003e-05,0.00023500517263385498,0.00027384648364599696,0.00010200297112897405,7.601175237537939e-05,4.7135531470644e-05,9.528496637178944e-05,0.00031680546374472543,0.000448987349568473
2021-07-21,5.9825547058165495e-05,4.874253374006519e-05,0.00020307078185878612,0.00010287890778349829,1.1904965564216215e-05,3.468111667364869e-05,0.00013987700461825378,0.0004951638705447801,0.00022519990904862556,9.631787752310249e-05,0.0005929252390643093,0.0005445800448198693,0.0003382456483895662,0.0014927192733546295,0.0004855153230575785,0.00024039041505632389,0.00011455920829481824,0.0002352249918430059,0.00025656215115738186,0.00011570505200738877,5.933426303503231e-05,3.681382213655101e-05,7.727631814397278e-05,0.0003336293836136637,0.00045096495826220937
2021-07-22,5.2321649726528895e-05,4.987929949129301e-05,0.00019452490427553294,9.616470965327032e-05,1.0734951367442903e-05,2.7326398609685016e-05,0.00014398979235884308,0.0005477728833449693,0.00021590753050653618,9.11016002318764e-05,0.0006823080155762865,0.0005471440606409304,0.0003501576273226571,0.0014815291571674092,0.0004545215740596546,0.00022670944260646901,0.00011073592953299496,0.00022206201590513046,0.0002648002443894373,9.286894462467193e-05,5.427035863817601e-05,3.411858480752475e-05,7.412262655891203e-05,0.00032927758395049343,0.00045491926967193216
2021-07-23,5.1004275609846294e-05,4.754222745412454e-05,0.00020746267876288948,0.00010068626625416545,1.1521469770056924e-05,2.6568620038928292e-05,0.0001408908993915272,0.0005663804465443186,0.00021221655100093698,9.986807467994844e-05,0.0006539623496144409,0.0005506511233340038,0.00034483514917173333,0.0015055819481677544,0.0004590170134714382,0.00022976406682964092,0.00011108455044576881,0.00022852270009523235,0.00027352403718118785,9.485968265616218e-05,5.462784249177781e-05,3.4917789048209507e-05,7.298713026287229e-05,0.00033435232104043463,0.00046889990801855173
2021-07-26,5.666156394312025e-05,5.491044932332123e-05,0.00020805903732332257,0.00010278819604719298,1.139708939667079e-05,2.7084333720247742e-05,0.00014466665347109798,0.0005664008330897863,0.00021975502204080394,0.00010805631685881169,0.000649724940972036,0.00041082097463766365,0.0003236630504251062,0.0014933828764032643,0.0004593530117419954,0.0002294116628444728,0.00010128768290889749,0.0002284659074389669,0.0002717288031573063,9.842333053292197e-05,5.875483128458015e-05,4.606350771479347e-05,7.328398346155389e-05,0.0003301345626771888,0.0004742066516216538
2021-07-27,5.5085586052479514e-05,5.286379908246774e-05,0.00019774820614072635,0.0001031295052122473,1.1457850349848394e-05,2.7373586167233127e-05,0.00014352485720891883,0.000566974048523827,0.00021995430583332464,0.00010674695237752225,0.0006565502496941322,0.00037075133803160575,0.0003153604751488821,0.001895010241955183,0.00048801382625977667,0.00019622816988137294,0.00016444439143320036,0.00022186006700995373,0.0002695829427341935,9.818018227868406e-05,5.7637935134926265e-05,4.6709083275579584e-05,7.07365957956935e-05,0.000330026468063317,0.00043546838347650256
2021-07-28,5.553981493482683e-05,5.950290399451093e-05,0.0002051419043036323,0.00010333398990984491,1.2081635555505171e-05,2.6926269958481645e-05,0.0001580144245238319,0.0005641898715227379,0.00023201897063182723,0.00010875183967181894,0.0006530812000840435,0.00038446531042401095,0.00034891979507439954,0.001966240844101203,0.000491233600915359,0.00018721002300931387,0.00017520923134643334,0.00021399634540027873,0.0002641505769579174,9.744950944736892e-05,5.7349354660110277e-05,3.659484881124804e-05,6.315935107641173e-05,0.00033070790882261077,0.0004378458214001002
2021-07-29,5.532693358507207e-05,5.230580302271041e-05,0.0002133472078283145,9.76053617499686e-05,1.1257446405583488e-05,2.8313561995572717e-05,0.00016246986827722363,0.0005544923163362062,0.00023175237305717876,9.829370152082932e-05,0.0005347876510149307,0.000351501511202735,0.0003019946564532548,0.0015244211097580431,0.00043105326331054414,0.00019013466428826476,0.00017523485290979034,0.00021115073457390326,0.00026411897543274134,9.764597344888657e-05,5.770043958589376e-05,4.835426003570261e-05,6.353916026593132e-05,0.00032547070468349294,0.0007145266251272598
2021-07-30,5.624911514731908e-05,5.176381806599656e-05,0.0002153142926497337,9.914615585560109e-05,1.1629216114054588e-05,2.8885002014420947e-05,0.000182914508186002,0.0005701865070148022,0.00022572214669112965,9.29530511571728e-05,0.0005381591350785413,0.0004593369866497114,0.0003008691110920247,0.0014999655544085395,0.00043480904832063024,0.0001900514782009059,0.000158188685682533,0.00021699739643773314,0.00026802314011325313,9.72390582751973e-05,5.770023508371481e-05,4.727251740279375e-05,6.177876804481381e-05,0.000314007511708779,0.0008095585686567007
2021-08-02,5.7508203267231354e-05,5.312265722936309e-05,0.00021771910655084687,9.927108103938337e-05,1.15967503741855e-05,3.103461292869236e-05,0.00017339943900307692,0.0005701928460191884,0.00022468280132869193,9.446298905375732e-05,0.0005418735044784034,0.0004706181973063522,0.000310444248992858,0.0014984226316856685,0.00044062547805616675,0.000224624925473883,0.00014911016396194457,0.00021937744786163359,0.0002670560665578955,9.580115147569673e-05,5.6679367501996436e-05,6.729923260437589e-05,2.2902141532189653e-05,0.0003174129476587381,0.0007355057105529646
2021-08-03,5.60803745697031e-05,5.31144857083961e-05,0.00021487186924454326,0.0001035885374972159,1.2012513070724886e-05,3.047214601425652e-05,0.00017324960783542278,0.000606457613538493,0.00022470115223806127,9.410371487783124e-05,0.0005448869498439009,0.0005269318765681516,0.00030666242592986687,0.0013738643939055378,0.00042733380382404705,0.00022690597352430393,0.00015232224381989576,0.00021598710275388052,0.00026262795950531237,9.503923261983e-05,5.370734306241895e-05,6.73432153018692e-05,1.514117203867357e-05,0.0003139023954044495,0.0007613660290232939
2021-08-04,5.650026261691712e-05,4.798082580141189e-05,0.0002108075924462927,0.00010162234460293828,1.1631122547646013e-05,2.8159519827213605e-05,0.0001575499053112215,0.0006068986180353095,0.00021272142864421094,7.106743470616912e-05,0.0005354771534847212,0.0005268181293494824,0.00030633363740754764,0.0014009136322312365,0.0004428797054040507,0.0002399076191790695,0.00015224552511252542,0.00022274447489933552,0.0002695867508708014,9.461938993259601e-05,4.409110974324888e-05,7.753395442401908e-05,2.024414737706675e-05,0.0003256807195430232,0.0008185571591601935
2021-08-05,5.764970402794729e-05,4.707654014376289e-05,0.00020767345459680488,9.44166238545507e-05,1.0908222158193617e-05,2.6821204833622038e-05,0.0001500485467085856,0.0006486934148280624,0.0002014556916232707,7.131508390168004e-05,0.0005584185617638562,0.0004813246170596315,0.00033814877764845933,0.001569373194324189,0.0004241850057157088,0.00023907634460895968,0.00017423028987291657,0.00021291851963238542,0.0002603305076773781,9.224168615237052e-05,4.4044515873930366e-05,8.368595943441757e-05,2.2723541114869308e-05,0.0003051680691000613,0.0009761640130175634
2021-08-06,5.915062378862536e-05,4.9022753518504245e-05,0.0002202709845063577,9.158652451498445e-05,1.1201201819442358e-05,2.6889340943501648e-05,0.00015579019008852535,0.0006335546905118999,0.00018414302870557923,7.366562302308804e-05,0.0005617986700085428,0.000454101244267497,0.000325942916008611,0.0014251248764373802,0.000416439449347807,0.00024665377965628647,0.00016581561501792053,0.000222096954747024,0.00026887973574828085,9.900551275988416e-05,4.0251809447173166e-05,8.064096931045566e-05,4.107999457959154e-05,0.00033441478529449057,0.001046399274419351
2021-08-09,5.5634334372073205e-05,4.806955706887476e-05,0.0002176285599733944,0.00010628264631987606,1.4877005948598176e-05,6.194273080052369e-05,0.0002143020089651085,0.000623469567980736,0.0001807154866979975,6.922559050811988e-05,0.0005416601439822359,0.0004718720048395523,0.0003459508242953593,0.0013789765786603463,0.0004191748123374216,0.0002403563343318783,0.0001617280973111691,0.00022155782560139586,0.0002952491122127872,9.874821203238359e-05,4.065627584142777e-05,8.38686934161043e-05,4.121476830568613e-05,0.000334722674765122,0.0010642962945285137
2021-08-10,4.9496552759898836e-05,4.613467586780981e-05,0.00019539999417224425,9.600502454420143e-05,1.4922445461464083e-05,7.887701798097818e-05,0.00027752812331081076,0.0006293364079485471,0.00017150892674135747,6.98714292682743e-05,0.0005393424917119731,0.0004932685320372187,0.0003372828231923897,0.0016705039881274835,0.0004060517704071362,0.00020724346562003704,0.00015832684475203625,0.0001775874004336343,0.00024098156742773102,8.573973989515723e-05,4.04553289177141e-05,8.547639508909896e-05,4.01225547773537e-05,0.00030283779654661645,0.0010848528506111391
2021-08-11,4.888101670923572e-05,4.6748831004818344e-05,0.00019557582318722514,9.70862480572008e-05,1.518245334346486e-05,7.879779538342045e-05,0.0002787409748765015,0.0006578670802593636,0.00017115513050493822,7.196673688104e-05,0.0005283362818529387,0.0003943379931427224,0.0003730052409190379,0.001721359894556529,0.0004226319672537611,0.00023855134940418127,0.00015277499710569838,0.00017838908389691976,0.0002380583415176978,8.674215193153731e-05,4.0323115234456255e-05,8.54630721215041e-05,6.42603342396613e-05,0.00021268063697464512,0.0010905835226780846
2021-08-12,4.8579822025969467e-05,4.6910594859847324e-05,0.00017705938689437667,9.387468853577038e-05,1.456044109972303e-05,8.896961872998329e-05,0.00028060758413025045,0.000651992532212435,0.00016794771994246304,6.27259002933715e-05,0.0005270844396625159,0.0003596765625073202,0.00035117370277404835,0.0017596714741002642,0.0004228108373220595,0.0002916493358534846,0.00015266413806065297,0.00017906623815114138,0.00023346384665033127,7.779391388444157e-05,4.0240545632590536e-05,8.570944613179331e-05,6.782217493025293e-05,0.00021362552223245704,0.0010954400316677455
2021-08-13,4.894846119647725e-05,4.7443749083301125e-05,0.00016412560889089017,8.703176898245862e-05,1.3507761762533184e-05,8.27058120039809e-05,0.0002882471121880237,0.0006076474077607912,0.0001600391198951603,6.64970214858528e-05,0.00051026786079879,0.00035316933401017024,0.00028858866183202885,0.0019523396677482972,0.0003727857292701859,0.0002787580344023912,0.00015754398800905218,0.00017806188388784286,0.00023366019383835054,7.539671822029454e-05,4.12549578585055e-05,8.304625906685199e-05,6.562604706501459e-05,0.00021600910985569968,0.0010921139952381658
2021-08-16,4.848847676670787e-05,4.539563327358629e-05,0.00016693094312501992,9.389344207607917e-05,1.5702612392799804e-05,9.378393416407791e-05,0.00031362501753075955,0.000608635412597179,0.00015903797633278827,7.094960422471798e-05,0.0004097224367171676,0.00035490202919362206,0.00028757606674470975,0.0019408848028030325,0.00036965437683347574,0.00028186581363610853,0.00015809045749229695,0.0001805431198361028,0.00024032886082794627,7.687924465505008e-05,3.5189666027509916e-05,8.034522554816773e-05,6.613576036929634e-05,0.00022054978316445365,0.00113660481738386
2021-08-17,4.5395721357594095e-05,4.17841328964591e-05,0.00016331992115748722,9.401916045778445e-05,1.5613497709545802e-05,8.993289881289211e-05,0.0002803710187446278,0.0006121413944901417,0.00015794926940662993,7.28390003379346e-05,0.0003143504073238733,0.0004565085649679698,0.0003254484627556578,0.001956672943868113,0.00034329746105768265,0.00026780508044869363,0.00015980550620382512,0.00017056230143980232,0.00021348137158882239,7.693637982732405e-05,3.9465566973014086e-05,7.787629643687137e-05,6.972427348759082e-05,0.00018838919827931608,0.0011721070064682208
2021-08-18,3.564245196065858e-05,4.236331268400139e-05,0.00015907906176751166,6.826074073559314e-05,1.2978394245878695e-05,8.997925070862088e-05,0.0002621067821637924,0.0003527921497956567,0.00011927328890017813,6.44554090659797e-05,0.000287030145306697,0.0005061633583553982,0.00032799384019034845,0.001966227166590106,0.00027831438065148824,0.00027086111159721894,0.00015033956803762948,0.00012923028902601607,0.00016171961198723883,5.8454431220208135e-05,4.111846486235708e-05,7.801325086705975e-05,6.943201627846173e-05,0.00013545050976284152,0.0011686312752001553
2021-08-19,3.118809581551352e-05,4.0180292248256294e-05,0.00011215524219475285,6.373821065535963e-05,1.2895690029408769e-05,8.992016866990132e-05,0.0002620727704618643,0.0003773170464251754,0.00011980771977331491,6.274182576919089e-05,0.00030844779957792367,0.0005447014699087648,0.0002811808850274697,0.001982055889360483,0.0002928517677736919,0.00025609709967255986,0.0001364107647465322,0.00010480861628798679,0.00014761931056820715,3.324190556320204e-05,4.5268521369461886e-05,8.302803282809502e-05,7.455189492202815e-05,0.00011170072049957751,0.0012501284155570233
2021-08-20,2.7758437443849665e-05,3.821353374447843e-05,0.00010414096471472396,5.778774319899702e-05,1.2497221024383062e-05,8.963211063880256e-05,0.00026146296023691896,0.0003124608673080823,0.00011865311941537535,8.288100117122369e-05,0.0002953920302513432,0.0005696927237373934,0.00028427779973795077,0.0019586093018567094,0.00026633665510803135,0.000283182982973243,0.00013896251497521724,9.1860069160142e-05,0.00012773235317030827,3.4513711147926394e-05,4.649031622046326e-05,8.987954398409923e-05,7.570785637086232e-05,0.00011568239088306082,0.0012132809007318992
2021-08-23,3.0958623101377926e-05,4.1651853974067626e-05,0.00010544506700742061,5.2964422833604586e-05,1.1586657746932519e-05,8.943909102154181e-05,0.00026257039874104046,0.00034434073967688365,0.00011921729419790453,0.00010252599937129818,0.00042819648489432656,0.0005705234429317114,0.0002967615158357663,0.0020052116115680985,0.00025969044180738167,0.0002804343862884636,0.0001428837611199417,8.729859574030027e-05,0.0001193353826690835,3.239640966795381e-05,4.732753937310149e-05,8.909864367429782e-05,8.000584687428949e-05,0.00011651865146024257,0.001196079100032673
2021-08-24,2.9422225892448763e-05,4.633996777152202e-05,0.00012370522730713925,5.052235148317202e-05,1.1605879806067313e-05,9.692238936247364e-05,0.00029110825825640085,0.0005033320100099742,0.000117141979326069,9.434263315461802e-05,0.0005842246103239722,0.000643267178852891,0.00034845253663939077,0.002005210979930496,0.000333081086285501,0.0003028013581218343,0.00014263055303376476,9.082288421456351e-05,0.00012798800435524698,2.885950420746389e-05,4.2208328613436985e-05,7.927302745559255e-05,7.874693483196043e-05,0.00012606340319362092,0.0012719746449780377
2021-08-25,2.923072959200411e-05,4.681532768247857e-05,0.00012848669347026112,5.337749884894747e-05,1.1626066988914436e-05,9.662559992341394e-05,0.000295632332663557,0.000560689082736512,0.00011670425330362445,9.65388881498519e-05,0.0005772265504400102,0.0006175476070279283,0.0003553698796185638,0.0015962668976755039,0.00031522558139009484,0.0003146738920168109,8.05745306530617e-05,9.099058503383992e-05,0.00012762843309825492,2.9920938034701734e-05,5.086028502208869e-05,8.222937854639688e-05,8.451221400247991e-05,0.0001154383975567852,0.0012771363885409825
2021-08-26,2.8328612884349944e-05,4.016558480941748e-05,0.00012161336297519296,5.101749399596223e-05,1.099561120266364e-05,9.91280080606764e-05,0.00027930753795463745,0.0005644789177702747,0.00010827882501008257,9.259612635891554e-05,0.0005960882538900501,0.000597054202122712,0.0003216603128644865,0.0014994046049733884,0.00031367025257987536,0.0003187432576486857,6.288417767305649e-05,9.848574585482674e-05,0.00015032966453617703,2.8196950435493185e-05,5.211987173256498e-05,8.202617472874246e-05,8.452084686203532e-05,0.00011449660346310674,0.0012750320194825223
2021-08-27,3.023905428276375e-05,4.1582759304210106e-05,0.0001161679209669959,5.143603744080223e-05,1.0830309985334313e-05,9.781091986085532e-05,0.00028130295620743104,0.0005657145341664454,0.00010171509026952265,9.769686253827113e-05,0.0005857153466663098,0.0006074883636364111,0.000306585918229731,0.0015146543761618103,0.0003219433567103297,0.0003307726435758951,6.491614091975221e-05,9.971035580623062e-05,0.00015163009582562867,2.754145339989487e-05,5.3263823579238236e-05,6.995526466235985e-05,9.007908705922801e-05,0.00011955113529579233,0.0009876961580737482
2021-08-30,3.3639820814505456e-05,4.653445918742093e-05,0.00015530412070266178,5.2259911740448014e-05,1.2070716444280948e-05,0.0001033182164495017,0.00027702151271609236,0.0005580588349895707,0.00010339208432594964,9.788697712375339e-05,0.0006174720900242524,0.0005049536114643375,0.00033737262870681714,0.0015755823465299678,0.0003547683258332495,0.0003323234320549066,6.495606274641472e-05,0.0001026610048051228,0.00015115176771043012,3.3494648275846695e-05,5.351407236364907e-05,6.852111523941025e-05,9.173869312043952e-05,0.00014065302412702503,0.0009290000201445818
2021-08-31,3.33963182111039e-05,5.185897133372999e-05,0.00015382617148112992,5.142582612482484e-05,1.2192594038327568e-05,0.00010122548313698353,0.00027676996025289354,0.0005595189380279375,0.00015243319071231624,0.00010520430542341539,0.0006139656229254967,0.0005314891396142111,0.0003298764260711753,0.001585036936924346,0.0003482968778356977,0.0002925793328297124,6.461551370921121e-05,0.00011028212169832836,0.0001619020479213175,3.8821168489101455e-05,5.448525756403488e-05,4.868104846001738e-05,9.500284726250895e-05,0.00013122637225871067,0.0008764477095405649
2021-09-01,3.327518191885672e-05,5.189502182475402e-05,0.00015267138079174314,4.966255820617252e-05,1.2021846216521374e-05,0.00010136191809676405,0.0002773851759113136,0.0005144301710356572,0.0001560546160583968,0.00010694608753283266,0.0006146485313783536,0.0004771549854408824,0.00032726116725879473,0.0015944507775355753,0.0003477291488515593,0.00028972874113153863,6.012413966170377e-05,0.00011037074387726414,0.00016152640544495015,3.9778163873246405e-05,5.4987913650193615e-05,4.913327772817536e-05,9.51091930109399e-05,0.0001337591650381447,0.0008497850984418769
2021-09-02,2.9695607395404477e-05,5.004565190867632e-05,0.00015420011202688544,4.9800462161523994e-05,1.2054817632442978e-05,0.0001013346790476206,0.000281022987694596,0.0005122356364862186,0.00014850271300327075,0.00010340495186317105,0.0006143990689826644,0.0004774238507703174,0.0003345744119702009,0.0016047689223153065,0.0003438794095245465,0.0002860228276089379,6.379912309574245e-05,0.00010535700696753129,0.00015463039355454795,5.353655454104337e-05,4.747292237630695e-05,4.326568311819456e-05,8.851160510282567e-05,0.0001297649134131273,0.0007830167863198278
2021-09-03,2.8880866557526607e-05,4.994374867216504e-05,0.0001482278517115724,5.060868883264718e-05,1.2224259000538495e-05,0.00010171771926113846,0.0002849466399627961,0.0004718645981142675,0.00015111457772326622,0.00010343585094250604,0.0005859014443781641,0.00047756709916411743,0.00030434704481366933,0.0014130548653771967,0.0003369974642135156,0.0002838247617646369,3.962820518871546e-05,0.00010210065655798383,0.000149353159411135,5.451190434996447e-05,4.810319271736301e-05,3.7126736892368803e-05,8.746907547602514e-05,0.00013376355521745796,0.0006279316178523826
2021-09-07,2.6701613978429866e-05,4.827073459453047e-05,0.00013203042472934698,5.374961345309832e-05,1.2015236319554272e-05,0.0001070555962266482,0.00033838848662013043,0.0004542609719734781,0.00015205977645808065,9.745488898791767e-05,0.0005900432715891267,0.00047622536633615346,0.0002859985706244749,0.0013814137522576678,0.0003318423063469776,0.00027705563500132725,4.112314048500514e-05,9.498171333286758e-05,0.00014274198640187958,4.708686597065763e-05,4.79268223516887e-05,3.7139907413836194e-05,7.014041802980881e-05,0.00010436648171371927,0.0004611915582437998
2021-09-08,2.7255008990029433e-05,4.7323936973382976e-05,0.00013260380283988633,4.214628867291508e-05,9.561354747638956e-06,9.340014425798195e-05,0.000289455122721309,0.00045654315237815204,0.0001637470394325157,9.801088575071986e-05,0.0005839404686628729,0.00048691159035721854,0.00026322016314269455,0.0014747789005571932,0.0003292371508607231,0.00028107359658405544,6.081561474703252e-05,7.506919735436379e-05,9.995404790697846e-05,5.394791919488324e-05,6.0745910706987675e-05,3.468345556112394e-05,7.973262488135577e-05,0.00012236669914298938,0.0004416871750722271
2021-09-09,2.7300106169611496e-05,4.7803174588137516e-05,0.00013752512925821215,4.3959151201635614e-05,9.100198547029797e-06,7.620837456300221e-05,0.00023585902688070198,0.00044039690296346985,0.00016936544732089066,9.717357700054116e-05,0.0005945577504866537,0.0004634135584760208,0.00029843517832608567,0.0011609797150644516,0.0003272630379522959,0.00028341774327202997,6.266721287946678e-05,7.499868104686143e-05,0.00010098406973263933,5.3753066671291445e-05,6.0416542394911536e-05,3.620394874970319e-05,7.950630584435082e-05,0.00012312525163372392,0.0004540596744596878
2021-09-10,2.8223066104815568e-05,4.700725086806753e-05,0.00013732397967605557,5.07079443767041e-05,1.1144839646246756e-05,7.726996033701464e-05,0.00023500010661175409,0.00042830382812163067,0.00017122577928508476,0.00010018187457588668,0.0005800154673605804,0.0004619719974246179,0.0002610892678540713,0.0010791599756422548,0.0003107973177563133,0.0002529091656970601,6.492248966949197e-05,6.944524887238297e-05,9.387626587579742e-05,7.185187334553295e-05,8.821282364885127e-05,3.716061134281596e-05,5.793757686707454e-05,0.00012382990809095461,0.00044827720456765873
2021-09-13,3.1317003583476355e-05,5.0024038510403444e-05,0.0001413126697675785,5.498229063876467e-05,1.1464016796375193e-05,6.841393573678837e-05,0.00023815381307660524,0.00044507204019086515,0.00023310397211441736,0.00010148608819845952,0.0005821359103947015,0.00049550830008382,0.0002668525728774585,0.001079995820393634,0.0003074574310450813,0.00018665072308596077,6.867606909552446e-05,6.533984129261182e-05,9.349527293047027e-05,8.186417169345322e-05,9.057260521489068e-05,3.688172197320044e-05,5.431453445610362e-05,0.00012714923553582135,0.0004458254902858081
2021-09-14,3.118441919234536e-05,4.9341215522060865e-05,0.0001427647032190049,5.683722568627063e-05,1.167927211096948e-05,6.902310522154372e-05,0.00022467235818593017,0.00045461591205725644,0.00021078149256977915,9.712171062381756e-05,0.000587896842090332,0.00047773812758873814,0.00028590565731818576,0.0007396733966710874,0.0003511496648328166,0.0001862233412688989,6.348061316908356e-05,7.22501139214988e-05,0.00010626733888630903,8.409725991944448e-05,8.975528752747154e-05,4.285490407349303e-05,5.570379393104787e-05,0.00012586882770943572,0.0004399712383227515
2021-09-15,3.260677198309409e-05,4.911296184268953e-05,0.00014719795589111573,5.1337788277329634e-05,9.730815167353506e-06,6.0198914648468925e-05,0.0002004271411573374,0.00044448947025390716,0.00021572801288080083,9.59802857046395e-05,0.0005778831499957421,0.0004752296073661082,0.000281250833517118,0.0007212593203358632,0.00035502698415967453,0.00020270886144191093,6.393072148652937e-05,7.917143511294512e-05,0.00011631226190697809,8.264460723637204e-05,8.980424595887376e-05,4.1746463136602165e-05,5.667222281121475e-05,0.00013126752132086377,0.0003679622346411564
2021-09-16,3.6092653996675594e-05,5.210728959515564e-05,0.00014683967963251697,5.169283732157307e-05,9.787478250913941e-06,6.073738222113952e-05,0.00019862207977198285,0.00048247681055379625,0.00020786626826138684,0.00010919873535273333,0.0005712618612394713,0.00038081933575427883,0.00024697567289131767,0.0007204236304523623,0.00040977790770879783,0.00021706561304826307,6.198834307495445e-05,8.380120934758147e-05,0.00011655675512462699,8.311517194425261e-05,8.615933074546942e-05,3.93603641458602e-05,5.32204870388577e-05,0.00013115769089835382,0.0003246101061484376
2021-09-17,3.386185512708529e-05,4.7847139537902105e-05,0.00013863322444867,5.283927270346586e-05,9.721760431623104e-06,8.933811455655999e-05,0.0002726003861040782,0.00047719056827858283,0.0002059219387494544,0.00010782739012840183,0.000538195577432038,0.00033076718506321127,0.00024438136389880676,0.000703090562796283,0.0004110233166717966,0.00020151033815967747,6.714497797819247e-05,8.154952509567355e-05,0.00010847783335434235,8.309535960127464e-05,8.168091017995867e-05,4.18809808557681e-05,5.381637608781947e-05,0.00011453073121907847,0.0003264564916587738
2021-09-20,3.247652648416073e-05,5.0496444017767445e-05,0.00013451245580357367,5.349315486655075e-05,9.965763560533337e-06,8.944274167584886e-05,0.0003026650267986417,0.0004442352690585512,0.0001881597619496906,0.0001228889647041168,0.000525518937720661,0.0002666626635646723,0.000277002941846223,0.0006699827835857685,0.0003898198874833223,0.0002053551543006663,5.6655595704878165e-05,7.427664332692186e-05,0.00010426273615815329,8.293049906713157e-05,7.317335037015621e-05,3.5435309869425335e-05,4.781186227278023e-05,0.00011244068561012351,0.00027009389192274834
2021-09-21,4.782855433305841e-05,7.309822864648072e-05,0.00015826968131324044,5.886421369553397e-05,1.0202682478436884e-05,9.174561000406046e-05,0.0002982380255577182,0.00044491603727340816,0.00021339690982364392,0.00011898652261852364,0.0005154084451338517,0.0003231167575839789,0.0003720348881096337,0.0007274108055571396,0.00040462744786308463,0.0002832318417025858,5.6803814292606954e-05,0.00010140730646186652,0.00015098681480857321,8.371478576422083e-05,7.167017750009798e-05,3.3489722652659566e-05,5.5813348462896405e-05,0.00014789328522385011,0.0002979298827500544
2021-09-22,4.4437617168674776e-05,6.736562855404649e-05,0.00014303060538675415,5.8880641694297036e-05,1.0178706414439227e-05,9.414908900476816e-05,0.0003031616316644432,0.0003943566956073531,0.00020844576105629128,8.421918124400452e-05,0.0003798887522630474,0.00032620997558178733,0.0003602658729169828,0.0006603535492816007,0.0004046630414400768,0.00028436993329015515,5.533040073779133e-05,9.945805943491553e-05,0.00015054362275735239,8.236622929604106e-05,7.142981317954288e-05,3.359324843288457e-05,5.1698255324235494e-05,0.00024071674415130444,0.0003018347457213498
2021-09-23,4.539766558759898e-05,6.002987316825391e-05,0.00013660314928647699,6.0793158641435755e-05,1.0576587045207806e-05,8.689248394868457e-05,0.0002730506768409243,0.00025106165612362447,0.00021807373661583387,9.305906099463062e-05,0.0002804130339825672,0.0002644717259722984,0.0003103939077278567,0.0006698171697464491,0.00038102567130199,0.00026526910448629846,7.070095079276511e-05,0.00011082714851763188,0.00016139887426691013,8.731299886269281e-05,7.113579510914616e-05,3.280139455057369e-05,4.958712984534618e-05,0.00024069211967202964,0.00023259940748788572
2021-09-24,5.3246843657945673e-05,6.414005379687961e-05,0.0001482160173287882,8.60636922946402e-05,1.2917092760309876e-05,9.426617466801788e-05,0.0002693150913320252,0.00020991488993280901,0.00022050964838455901,9.119928321487865e-05,0.000309788171415163,0.0002642261441619674,0.0003068202515002949,0.0006789813014998871,0.00043112495670315443,0.00029103231635546276,7.237897518738874e-05,0.0001409717895228985,0.00021982966204929093,8.645136566784408e-05,6.422463452115647e-05,3.0094964563378036e-05,4.373124636433384e-05,0.00025165422241214477,0.00024221671902613487
2021-09-27,5.3154561725846074e-05,6.411606029043429e-05,0.00014882116599884416,8.753601902708791e-05,1.2800580761796577e-05,9.17026312663724e-05,0.0002743621611449883,0.0002092154917288647,0.00021661345784651986,9.100327250726297e-05,0.0003075713750299775,0.0003038264560045221,0.0003259504469149912,0.0007058868026999088,0.0004310239730447674,0.00028544089492350247,8.523539472687813e-05,0.00013497991730944034,0.00020424234951734672,9.27559979495668e-05,6.231855251415358e-05,3.0481380949757252e-05,4.4150977778473526e-05,0.0002517204864543832,0.0002408294793351868
2021-09-28,5.168444096695797e-05,6.541126775798802e-05,0.00015505747411415663,8.785977767956395e-05,1.281049097412777e-05,9.186912275200502e-05,0.0002745071456452793,0.00023031744621586052,0.00022109176629584929,0.00010251892782438412,0.0003255161269017834,0.0003184900775954196,0.00031271261758699737,0.0006479498141645933,0.0004850851132367133,0.0002845524591905952,8.829672989881634e-05,0.000143652829237528,0.00023401740182040664,0.00010278997207413307,6.364161965852315e-05,3.9932553094485444e-05,3.995954973684318e-05,0.00025530836542333394,0.0002624807603029864
2021-09-29,7.004063893210301e-05,0.00010541145073269483,0.00014168460734498945,9.884034638166503e-05,1.7432388612222217e-05,8.49031934159895e-05,0.0002518704301618313,0.00022470217149373785,0.0002500614263200689,0.00017674127731011382,0.00040293137935327474,0.0003227368142192225,0.00038145785860701717,0.0005586913603248616,0.0004478396506010342,0.0002818863070307665,8.888381530099659e-05,0.00014936073138004414,0.00023210801295248058,9.936079049869136e-05,6.365849827011936e-05,4.30480853879531e-05,4.660334924517471e-05,0.00025786310140755477,0.00040413669767236344
2021-09-30,6.914115433229654e-05,9.873901303758347e-05,0.00014100431094851094,9.863310306701159e-05,1.7277404738716386e-05,8.467885092091392e-05,0.0003423190040992895,0.00022336137328814423,0.00020318218354732485,0.00016788455549997852,0.00040691441708227017,0.00028605470030844605,0.0004054110136885756,0.0005705994570264429,0.0004401730632724771,0.000289480203719604,9.04182179812716e-05,0.00013834765388095145,0.00021788160156291784,9.699341172240262e-05,6.568873263791325e-05,4.7621825738598636e-05,4.308963703807332e-05,0.00026397207195738104,0.0004114666937560261
2021-10-01,7.73023101269488e-05,9.944461630012749e-05,0.00014565392023008263,9.607979272913089e-05,1.7368753126204786e-05,0.00010184245468982689,0.00038417782410209655,0.00022145607361997793,0.0002040556896265977,0.00016909643705747542,0.0004023755683643288,0.00028677059378973043,0.0004062627219186096,0.0005649883681462485,0.00045036540773617386,0.00033924829002051797,0.00010256829969789375,0.00015203117832150162,0.0002276660217233047,0.00011098147593087332,7.830508164295015e-05,6.04302104361787e-05,4.583237917214866e-05,0.0002841420794716178,0.000444350164354301
2021-10-04,8.492967727234819e-05,0.00010138769912393638,0.00015722520739764676,9.977214939758937e-05,2.0149856417156643e-05,0.00010211962283423386,0.00039064059796221554,0.0002307536455522287,0.00020655014470535364,0.0002037314116578227,0.0004021199588456885,0.0002865073541566425,0.0003977286595434787,0.0005411595016272592,0.0004981998716764146,0.00033684890751858036,0.00010168717050997238,0.0001649255737931814,0.00025123991313836527,0.00010794963151276131,7.986930709973696e-05,5.494503744539872e-05,6.11394274314256e-05,0.00036235308651960983,0.00044300575411766654
2021-10-05,9.36388728110352e-05,0.00012601772095774684,0.00015916471089133305,9.908862336943136e-05,2.012623569010299e-05,0.00010292650594859618,0.0003876108912529981,0.00023501719760297548,0.0002375033007951927,0.00022745944831204786,0.000538361171154112,0.000289811842594265,0.0004661466820794966,0.0005406651969335633,0.0004782151428674098,0.00032080612651800086,0.00010234942136251457,0.00016842619274243494,0.00025013337766208274,0.00010644581676348325,8.066658042078982e-05,5.6677212243447575e-05,6.475135803689403e-05,0.0003697092269269873,0.00046387630153426484
2021-10-06,9.950324625778374e-05,0.0001353472313073618,0.00015863591413391422,9.967356045605765e-05,2.0340419757002033e-05,9.792288007535153e-05,0.00032886724195093286,0.00025656087057234725,0.00024735193326152664,0.0002488428535007585,0.0005871194759788046,0.0002897492507423899,0.00048197964966627954,0.0005790437942222033,0.0004782711675826898,0.00031894715888829286,0.00010195381145651219,0.0001868258806978666,0.0002624894414416837,0.00010905218221655753,8.092424672361112e-05,5.747657346777832e-05,6.591470816596931e-05,0.0003708699313020342,0.00047309478348312155
2021-10-07,9.97426612605772e-05,0.00013747176484915836,0.00015751063325796324,9.747662550382234e-05,1.9108818431599033e-05,7.689198177257931e-05,0.00031451117850388427,0.00028682951972521404,0.00023657872872744995,0.00026052738062837266,0.0005916739651829512,0.0002530459400738492,0.0004852247774040735,0.0005758001601395895,0.0004824568901083375,0.00031382956189877686,8.384255606826927e-05,0.00018487392314544957,0.0002625692505365563,0.00010697441705871402,6.772623176533999e-05,6.633490306342903e-05,5.905978261760797e-05,0.00035391382133942336,0.0004877687207502407
2021-10-08,0.00010371941348809844,0.00014137389643310313,0.00016374000876344402,0.00010100926725372431,1.9632084219605053e-05,7.807761404112419e-05,0.00030227629808342673,0.00030603257544002736,0.00023543265458962577,0.00026244526374395103,0.0005980406002927636,0.00026335584947013437,0.000471112528488295,0.0005181497624786217,0.00047655956733366837,0.0003331822290855819,8.298881242215758e-05,0.00018649609713636283,0.0002636562290562871,0.00010600364038902888,7.174073434824852e-05,6.667920742715762e-05,6.646877417182337e-05,0.0003615937641804743,0.00048499793391510734
2021-10-11,0.00010289430015405841,0.00014209212699987697,0.00016685102864845455,9.578848332395757e-05,1.8480093204444375e-05,7.70207453166312e-05,0.000301479821131481,0.00028959483890971427,0.00023336095142352327,0.00025706854192103604,0.0006025661559098522,0.0002690537950028992,0.000487618494607862,0.0005259695612609473,0.0005266951155898288,0.0003313314628252282,8.183849062181425e-05,0.00018733724014574195,0.0002626549435201173,8.784644767461732e-05,4.42925059180438e-05,6.664574106001752e-05,6.422231228741572e-05,0.00036231516632613384,0.0004944565863938047
2021-10-12,0.00010235427436622537,0.0001421597159496236,0.00016336509254828377,9.184702173343382e-05,1.822353257415215e-05,7.580774936093729e-05,0.0002933263829967617,0.00027254436314105704,0.000171330174437069,0.0002558336338957242,0.0005949626853235037,0.00023866683264607997,0.0004823644210622055,0.0005296742696586936,0.0005274429883834685,0.0003386088896057529,8.242484851265801e-05,0.00018984532040533194,0.00028007625340390813,7.629732570848897e-05,4.291308742014721e-05,6.753916785862624e-05,6.35496548793492e-05,0.0003757029850785098,0.000490749806376869
2021-10-13,0.00010232913633739335,0.00014280209283139752,0.00016324780749649666,0.00010558888486317838,2.011676061726588e-05,7.630635880170238e-05,0.00029363966721366246,0.0002621427506662888,0.00017508287358746646,0.0002559701560651248,0.0005833488904645325,0.00025042911032706035,0.00047219308214200043,0.0005464213998102548,0.00048373912894080276,0.0003499598168395761,8.280343403706941e-05,0.000183287232592443,0.0002697265940057438,8.30796454367048e-05,5.440660537513653e-05,6.13929131753133e-05,6.183047806978521e-05,0.0003747910927930535,0.0004906005534020625
2021-10-14,0.00010143202640088136,0.00014584199990214179,0.0001554661475559545,0.00010276673926333311,2.101289726957256e-05,9.108660442980893e-05,0.00031190185906471624,0.0002615375582009682,0.0001710160995681556,0.0002585721639118281,0.0005915357845206757,0.0002526167475099508,0.0004777277824957685,0.0005521848834351071,0.00047219189108362963,0.00033176760737996627,8.662177273509852e-05,0.00017509226136253652,0.0002918500600355369,8.578706573115278e-05,5.737621027531256e-05,6.152607640371928e-05,6.32157159801247e-05,0.0003640405979182394,0.0005673851733755069
2021-10-15,0.00011288074851317346,0.0001610748923040247,0.00016288973436062523,0.00010284416032039924,2.2158822580494334e-05,8.951922117012216e-05,0.00033781488654499673,0.00022706887873349352,0.0001909184345530007,0.00026872632338032534,0.0006687703376893775,0.00024442715554078064,0.0004933701220562144,0.0006862041564526964,0.00040663409912580924,0.00035988766134152194,8.64163466154361e-05,0.00018514055770717385,0.0003019249623522078,9.324752678810859e-05,5.8383336339157195e-05,6.819433065195419e-05,6.941789431457529e-05,0.0003612799926568969,0.0006031765534280181
2021-10-18,0.00011589517682105628,0.00016320923528698178,0.00016340411034278303,0.00010355865187597779,2.275987644889067e-05,7.485088538602241e-05,0.00026494461155964323,0.00022901656660946694,0.00019384365454339328,0.0002698996105943443,0.0006692400752728873,0.00029276305607467537,0.0004913631648146134,0.0009913000939116153,0.0004008229738750441,0.00038509993303065764,8.570705021187058e-05,0.00019665373559465038,0.00032173788078053607,9.323995622496465e-05,6.130590698062061e-05,6.58835978585547e-05,7.010408773335994e-05,0.00036690313893548315,0.0006013735672842676
2021-10-19,0.00011112631202740044,0.00016092010976808036,0.0001633292110517268,0.00010348721701996185,2.2528879756822457e-05,7.505070590018239e-05,0.00023358415179391596,0.0002265243343306176,0.00018260799338993476,0.00025833199021504515,0.0006706993466473696,0.0003469100454357637,0.000465044035801986,0.0010954929208043132,0.00039779048313890055,0.0003661211591679833,8.573765575542396e-05,0.00019554180111457185,0.00032137568749240935,8.917401188835804e-05,6.381384522553908e-05,7.726916614176249e-05,7.33808275536658e-05,0.00041819369828520627,0.000652116601680791
2021-10-20,9.887769669208976e-05,0.00014015866449981673,0.00013237636886284123,0.00010573437221492002,2.365940450565813e-05,7.283930591230929e-05,0.00024932414399794637,0.00021869316701616351,0.00016934401062005113,0.00023959193118852618,0.0005978624136103003,0.00026451392562032856,0.00037900443886175987,0.0011169329933515227,0.0003520717741472909,0.0002636072839189408,9.762120134575813e-05,0.00017065522829730364,0.0002787548348411239,8.712946433948322e-05,9.136886646989857e-05,7.940666486008138e-05,8.70847557140898e-05,0.00037872810154631676,0.0006239759457291064
2021-10-21,9.967020538067534e-05,0.0001401692591129031,0.00013464948882193812,0.00010820587019443925,2.3979834314057794e-05,7.458938528313351e-05,0.00028682608298496326,0.00022672473355768956,0.00016931937014472506,0.0002398227260925867,0.0005995897468880029,0.0002560812052294815,0.0003781036818287314,0.0011602530368206919,0.0003553402544656283,0.0002745583830240062,9.482603055971146e-05,0.00017404494494969772,0.00028855187520745204,0.00010048237961331294,9.033218318800779e-05,8.011109457377196e-05,9.13231402126292e-05,0.00028033729456481673,0.0006155314750140653
2021-10-22,9.48812107846032e-05,0.0001374653675083259,0.00012198465075195867,0.00010634695804334427,2.3798703575028365e-05,7.386725756156453e-05,0.00028753292103275886,0.0002172755213370861,0.00015410741978700223,0.00023736606540052238,0.0005807274918550847,0.000296801144824218,0.00037793279260966896,0.0012746501471225114,0.0003238573332043002,0.0002766965272549823,8.103931424999759e-05,0.00015998338345652897,0.0002722372107196401,9.544722672614992e-05,8.989681597326162e-05,8.232807811403626e-05,9.270717247337796e-05,0.0002701758183306039,0.0006371932269888692
2021-10-25,8.695316092345766e-05,0.0001367446650481027,0.00010543432934337956,8.430863331427997e-05,2.205236029917123e-05,6.851782787292028e-05,0.00029065861910785646,0.00020649231332153217,0.00015318943161237166,0.0002382373062567192,0.0005483593277471463,0.0003130769601472545,0.0003862335696442837,0.001257028116536916,0.0002637262347212555,0.0002364702861009798,7.903410088003329e-05,0.0001383980386710236,0.0002214980468238484,9.643874945060578e-05,8.835384473197462e-05,8.768720118978802e-05,9.857619004104209e-05,0.00026503478206587905,0.0006226289274180964
2021-10-26,8.837146986558418e-05,0.0001423781272090599,0.00010904819062902213,7.915390375118192e-05,2.1811231764793495e-05,7.102732812455456e-05,0.00028987384732868997,0.00020316315187562952,0.00015317503339136056,0.00023882023134321747,0.0005507588570913734,0.0010510113628597517,0.00043002799370468124,0.0015659037139336492,0.00027226219055687546,0.00023969833412704842,6.731371035192164e-05,0.00013697365292483958,0.000215604669304968,9.067262467386381e-05,8.811263643726343e-05,8.660465024915297e-05,0.00010542557835479495,0.00027752971284897363,0.0006461285331342499
2021-10-27,8.796622690341403e-05,0.0001394018274599724,9.972191447492024e-05,8.21247767212085e-05,2.280751302871627e-05,7.381114243008067e-05,0.0002979309586032703,0.00018566164610139062,0.00014815534975205,0.0002243824543664416,0.0007604516561638727,0.0010274474453691267,0.0004313682281524269,0.0015849958785686589,0.00020721984916690015,0.0002345902358456668,0.0009246999878878303,0.00012700290865224343,0.00018477570637331315,8.104158143036701e-05,9.083670317148828e-05,8.787128196909946e-05,0.00010735997126004854,0.00026861642846661923,0.0006206591999526323
2021-10-28,6.635072460100927e-05,9.457176726426526e-05,8.960442521706129e-05,8.643075944570712e-05,1.851617863843724e-05,6.896652790913363e-05,0.0002954120776225551,0.00022008080885638917,0.00011692325164120773,0.00024310405227196753,0.0006540808182203217,0.0010300583048970227,0.00035578020393962017,0.0016127156337536169,0.00025316888269860183,0.0002514072116639555,0.0009245246654880063,0.00012696949460897354,0.00020743756293897778,8.248577184977231e-05,9.87213854102055e-05,8.753507839194638e-05,0.0001026827755376134,0.00025563515730017754,0.0004023860527751022
2021-10-29,7.124565377947629e-05,0.00010110378578585396,0.00011070837463580339,8.68956315140604e-05,1.8636077103414208e-05,6.785332696727857e-05,0.00020446780361240414,0.00022414467877430674,0.00014800387859127963,0.00024367486480852648,0.0006713691516960764,0.0011039853516773394,0.0003658947068367215,0.001621363471683252,0.00025593924742391106,0.00032816814812984996,0.0009230898886766355,0.0001350820247805325,0.0002196636956245684,8.997967396058181e-05,9.73459500314497e-05,8.388144417867593e-05,0.000104789089136734,0.00024951510657397535,0.0003996643231767245
2021-11-01,6.318908490298083e-05,0.00010168027885251633,0.00010585440810919219,8.740458850499555e-05,1.827304943578288e-05,5.4467333580361866e-05,0.00016461557018539842,0.0002240409756948159,0.0001615947516900899,0.0002676224030095018,0.000699919288040356,0.0011632559537865979,0.0003638223825443157,0.0016162367146701593,0.000245596698229955,0.0002779953997466268,0.000911318021209765,0.00012216741992757864,0.00020978492025557676,8.17795649393377e-05,8.421975762668364e-05,7.054639451266394e-05,0.00010396882867313324,0.0002271310599315977,0.00036843277403103683
2021-11-02,5.570799863493221e-05,0.00010022473470591161,0.00012766858719261856,8.641801599267162e-05,1.55761718136674e-05,5.5674729295101187e-05,0.0001544893719882332,0.00021686069286784324,0.0001597384086459641,0.00023552389088476005,0.0007054391876156573,0.0015269674589542988,0.0004152066091564496,0.0016715396678872447,0.00020177797287180798,0.00027227272887288934,0.0009089541657758995,0.00010747876879080402,0.00018611301923224103,7.23073661982239e-05,8.20185912173336e-05,7.073938414257638e-05,8.874039812919183e-05,0.0001434839615101493,0.00045829620088063354
2021-11-03,4.7373649860727224e-05,7.653591518438772e-05,0.0001233442558566536,8.713615566947479e-05,1.6229958392886482e-05,5.4735203848711806e-05,0.00017256320191898138,0.00018831409853256918,0.00012850165530859685,0.00021857301046128997,0.0005954374894123535,0.0015751249904130103,0.00035707223209424275,0.001682121290415088,0.0001922770005885723,0.00027406914117729224,0.0009182873587251569,0.00010368216413885878,0.00018689862525266584,7.353259880912232e-05,9.206795002193121e-05,7.43486693217233e-05,8.362284733734435e-05,0.00013206634824690155,0.000454314601976505
2021-11-04,4.353487520013182e-05,7.279647466417983e-05,0.0001398776277741421,8.788863813174613e-05,1.5653071761274238e-05,5.73605046992979e-05,0.00017212555521040553,0.0002473225055708624,0.00012288401928426835,0.00019756210154742653,0.0005283180889446779,0.0016424886124435034,0.0003496127060184721,0.0015971120867213616,0.00019420884627452774,0.00029003861762423746,0.0009297428640073714,8.387238022730666e-05,0.00017253600530186606,7.154083473968948e-05,9.235138057947907e-05,7.609127675057545e-05,8.179890373731973e-05,0.00012979366570443015,0.0004703745880287423
2021-11-05,4.380327896243982e-05,7.944633342689787e-05,0.0001383951670185973,9.214233722079991e-05,1.71539697389708e-05,6.393444961389577e-05,0.00017604583618319658,0.00021122735325167658,0.00012139212240597138,0.00018822066927137696,0.001228315835976692,0.0016515193576552513,0.00034613332866684904,0.0015006709363002307,0.0001881692456175142,0.00028943340924549667,0.000935969078933227,9.330185865305043e-05,0.00018186152309466154,7.157962255382293e-05,9.254417200176063e-05,6.664994799138711e-05,8.180280792459145e-05,0.00012851656205811716,0.0006011893967459342
2021-11-08,4.040208243526315e-05,7.492823604886291e-05,0.00013566436842302488,9.815806196104313e-05,1.8985852547296687e-05,7.162846201372396e-05,0.00018923870148902872,0.00023177241042161742,0.00011761354850633555,0.00018637220334866576,0.0012108122731014346,0.0016433503573664691,0.0003307101930592246,0.0015252271484264364,0.00019413066039863415,0.00027422110287943024,0.0009437989954161125,9.138278227402774e-05,0.00017979218511879843,7.260717905584046e-05,9.099019445152905e-05,6.45077653534152e-05,7.69592630008983e-05,0.00017219101777402642,0.0005659286229098625
2021-11-09,4.025948929513844e-05,7.366036713318661e-05,0.00013306530794951618,9.564959222495796e-05,1.810860083579128e-05,7.232239615419804e-05,0.0001986617045539728,0.00023650282827206433,0.00011890438499316862,0.00018679041496656279,0.0012695078922640103,0.001772342242702124,0.0003175925594662762,0.0016454110931589019,0.00014824593855256352,0.00036068601380693767,0.0009437750460392606,9.172380760846566e-05,0.00018172651559352252,6.771515311213407e-05,9.128089643626896e-05,6.663613277013936e-05,7.871301557564458e-05,0.0001732611436017586,0.0010669497550367159
2021-11-10,3.796847498832236e-05,7.302692190828295e-05,0.00013311727260910752,0.00010445762459432588,1.8302297880270125e-05,7.345035004933787e-05,0.00019959351866636498,0.0002404582274575258,0.00011921308309807219,0.00018707098148729764,0.0012684116642827862,0.0026620223793325237,0.0003464870990029203,0.001590497394381862,0.00014839747940571435,0.0003772057778175207,0.0009451421173642487,8.784415844388046e-05,0.00016014735640810168,6.752918874498782e-05,9.056701682673143e-05,6.619413466440881e-05,7.932763958529389e-05,0.00016022394810585178,0.0010699961823238359
2021-11-11,4.1208775562962365e-05,8.436325266751567e-05,0.00014528962358134823,0.00010735901794024624,2.1875393247013474e-05,7.872703757319832e-05,0.00021156597287594304,0.0002860347021994547,0.00013513656407426218,0.00019898217083528673,0.0013553511889049107,0.0027446995837220323,0.00039977417775230104,0.0019327551193244685,0.00018763593983833334,0.00037647156024273596,0.0009448188414353855,8.748176234984426e-05,0.0001569412726104354,5.9437264532360515e-05,8.272023397768138e-05,7.132052186983374e-05,8.375269224306623e-05,0.0001607275609426603,0.0012846071704587698
2021-11-12,4.0508208286508794e-05,8.129926478671075e-05,0.00014758306097551274,0.00010235003650660279,2.0925205890735312e-05,6.34002089475031e-05,0.00021556636717766185,0.000286164203852079,0.00013415422141304075,0.00019288134322213417,0.0013992784052827595,0.002743242678741563,0.00038999727094177444,0.0019570302937914324,0.00018839230373605948,0.00037940157296761413,0.0009406801091827639,8.609821353258402e-05,0.00011784188732698152,5.670483327518694e-05,8.073990921937312e-05,7.147526272218343e-05,8.086523039847136e-05,0.00045541029116298674,0.0013046225000841985
2021-11-15,2.8366402892034485e-05,6.906202095268543e-05,0.0001357757452443587,0.00010265793180156661,1.976402533040749e-05,6.326957977613404e-05,0.0001900429655467616,0.00027991458918861205,0.00012329411245580557,0.00017656865917550514,0.001320963775231132,0.0027840279635842086,0.00037589839076294874,0.0018285142812793638,0.00018060705388020645,0.00033676073898533275,0.0009454716945788181,7.132710582820239e-05,0.00010624951901061798,4.872162301353723e-05,8.669961721599003e-05,6.46229455502986e-05,7.586568640666433e-05,0.0004646088476346241,0.001277711549476987
2021-11-16,2.5220549555903475e-05,6.690464143227547e-05,0.00013609799540388617,0.00010953285331436339,2.2239325491269003e-05,4.934598620896148e-05,0.00018766892693420525,0.00027810608888173327,0.00012022684154749668,0.0001755057138510652,0.0013274098382428758,0.0027565417033597606,0.00037932436865494327,0.0015124587921464747,0.00018307213214718504,0.0003086832311925918,0.0009418973421543772,5.935027984692215e-05,8.660312621336551e-05,5.1371220009227484e-05,8.820243501822006e-05,6.60513762958629e-05,7.640016300940116e-05,0.0004602493229659669,0.001282592120282912
2021-11-17,2.559647780954289e-05,6.417960005432339e-05,0.00013626571084970502,0.0001086896173589414,2.2354281430956017e-05,5.1894858332590524e-05,0.0001947585085922959,0.000277792480011963,0.00011510065616465543,0.0001756282191677518,0.0013147144836715243,0.0027893468888839077,0.00038058171455056787,0.001409531145762254,0.00018317705652588998,0.00031437490262319344,0.0009418824009341486,5.9401194908427e-05,8.945905993073782e-05,5.3427766294966644e-05,8.673760996428625e-05,5.463781828605005e-05,0.00010930517544202226,0.000409279467534709,0.0012917666785484934
2021-11-18,2.2685877677913874e-05,6.108237543758728e-05,0.00014502339822269718,0.00010153506140812842,2.1580717525577016e-05,5.586164782148724e-05,0.000180672839301533,0.00029976049195516583,0.00011748168193273891,0.0001751425317718644,0.0013691829424292265,0.002842884140667508,0.0003742409430983387,0.0013262263579754056,0.00018926712151788822,0.00031022132101688263,0.0009282201875724627,6.140608826245389e-05,8.309523115221665e-05,5.3940069073614526e-05,5.815669204833405e-05,4.693859497915267e-05,8.918067501670212e-05,0.00041420741607305143,0.0012946506826623332
2021-11-19,2.2473966683605176e-05,6.680776432461204e-05,0.00014361255253187097,9.97944129503177e-05,2.1540969451862426e-05,5.225791029120158e-05,0.00013973427047714762,0.00029714193208215436,0.00016021734019858072,0.00017694121842133016,0.0017094231419588386,0.0028452040754787856,0.0004057812918016284,0.0015364339881353641,0.0001876468494029388,0.00030107807068652264,0.0009282225479073424,5.9314226253765575e-05,7.741479122609247e-05,4.057670610058104e-05,5.9739509609619415e-05,4.610562109320491e-05,8.874313451221804e-05,0.0004203144481856625,0.0013262453378357296
2021-11-22,2.2277738955463138e-05,6.647100587420853e-05,0.00014784555132955264,0.00010575721675321408,2.2070167290854557e-05,5.544002051835394e-05,0.00014083404460624993,0.0003462912486662329,0.0001756166410259648,0.00017209166805752293,0.0017614831719059377,0.0028616316238905936,0.0004036572671003021,0.0014521618964353678,0.00025538949106325854,0.0002968053409886857,0.0009268168081381385,6.490994967754376e-05,8.348782916420124e-05,4.2393003900505575e-05,5.9941050069813564e-05,4.347679933688345e-05,8.865969535931763e-05,0.00042485055041134134,0.0012925121285963625
2021-11-23,2.2654096809094233e-05,7.003925607469046e-05,0.0001485328772940212,0.00010681006947401023,2.5385342353651753e-05,8.156111542813058e-05,0.00015502194194754848,0.00034836744274504796,0.00017454683030314707,0.00017568524698370554,0.0018163658080191391,0.002861413399890829,0.0004900355016518031,0.0016038039738932007,0.00026752864739182765,0.0003016896634018419,0.0009318078211993997,6.508546850843312e-05,9.807007973278135e-05,4.25298649594498e-05,6.93444320503282e-05,3.962068249928064e-05,9.794633427139763e-05,0.00041795531294032867,0.001310888030055916
2021-11-24,2.1183599117664053e-05,6.55005157359953e-05,0.00014380233656751404,0.00011829836140817723,2.8174317743219633e-05,8.309663348269514e-05,0.0001704744838205985,0.0004025151959042654,0.0001748611371886595,0.00017728134388975494,0.0017986089965695029,0.0021807520240500356,0.0004575981107414511,0.0012644596302381016,0.0003060953281127581,0.0003098734191711584,0.000930663588596334,7.823871285274559e-05,0.00012733469549981526,4.551601471243892e-05,7.117171003784761e-05,4.628798014365511e-05,9.342046401386342e-05,0.0004283918498407749,0.0013029804870136514
2021-11-26,2.1528600177302962e-05,6.552542841968103e-05,0.00014073271070704307,0.00012847803271161083,2.8424234268857203e-05,8.012607615624663e-05,0.00015767492516862973,0.0003980732246823738,0.0001743088238368812,0.00017505977869815617,0.0016140851792557484,0.002180732279217403,0.00047192816871848784,0.001258027566909704,0.0003094458226335462,0.0003048136042990249,6.792100769752274e-05,7.848406843739707e-05,0.00013033532654638613,5.304975127830557e-05,6.598682341064035e-05,3.690150197954397e-05,9.05759651843825e-05,0.0004286204091951858,0.001445502006577538
2021-11-29,4.830926871409753e-05,8.529389388319974e-05,0.00020272687533309894,0.0001447758647161541,2.999384161681535e-05,7.989314768345546e-05,0.00017771648865413603,0.001128938863399661,0.000230513915094831,0.00011516731200443581,0.0016806180719097846,0.002213845730563892,0.00044975640509271685,0.0012732276671101178,0.00035521380175971163,0.00038013218357235397,6.779592766069156e-05,0.00012562292775956938,0.00015731803841204255,9.265801791823797e-05,6.015666261404859e-05,3.762666902777756e-05,9.379836886515904e-05,0.0004424682979780678,0.0014640030698518244
2021-11-30,5.1399201068109225e-05,0.00010385796806824799,0.00018139704236348511,0.00014771302048825245,2.989634738044958e-05,7.999426109499947e-05,0.000183013050949003,0.0011311602613428514,0.00022278725336137589,0.00013827300322019886,0.0018417200725447203,0.00227363042461089,0.0004137690823133928,0.0013909686891806867,0.0003542481463654445,0.000304565735531251,6.873433380248181e-05,0.00011799947392069519,0.00014608617532137826,8.509248544446095e-05,5.918126888442349e-05,4.165799734873769e-05,0.00010533571939271617,0.0004426612766588265,0.0015694825665330003
2021-12-01,7.231735518843549e-05,0.00011452671921778939,0.00020462307508869765,0.00015966906913358902,3.014202987934071e-05,7.848742463326037e-05,0.00018063525159976197,0.001246461888264148,0.00025733270330847736,0.00012931778874800874,0.0018326713745028468,0.0022138279232365057,0.000420210136267618,0.001401413414294881,0.00038266426234809996,0.0003141051378202308,8.097998824563425e-05,0.00014921970570769833,0.0001579854723002882,9.81005759599062e-05,9.125816578719882e-05,9.150125791802066e-05,0.00011393300966726377,0.0004636020295537162,0.0015929934328886416
2021-12-02,7.89875392038328e-05,0.00013001332417216053,0.00019714948955044026,0.0001588810269379482,2.9968143041314845e-05,7.787012424982122e-05,0.00020879945670937162,0.0012624480323269061,0.0002561658210482135,0.00012691036378847148,0.0019086430709558471,0.0019582634700683085,0.00063105055757089,0.0015800691300608077,0.0003729374435166905,0.00031688018411844273,9.202864432017882e-05,0.00015598477578635444,0.00015989963629047901,0.000111901442235904,0.0001014869936077259,9.974202952284383e-05,0.00014818128884702672,0.0004813204492458775,0.0017008655294470576
2021-12-03,9.074844320359091e-05,0.00013188413781883645,0.00023837885484615095,0.00015789229844362818,2.946338691677916e-05,7.930482270837744e-05,0.00018975908696911486,0.001300114001257143,0.0002554824943162651,0.00012002984925370665,0.0019080744232502004,0.0019114943272657587,0.0006173874715771565,0.001628581214747066,0.0004130083183896329,0.00035411275071198185,8.345068683667474e-05,0.00020297724806102733,0.0001827633495601136,0.00015853915191492535,9.02498006596008e-05,9.624725495670911e-05,0.00015638994797066336,0.000547811593718383,0.0016871387823271453
2021-12-06,9.290221180280788e-05,0.00014262821492596575,0.00024475597938515114,0.00015968760657427566,3.288150871262674e-05,7.932925318105307e-05,0.00019299731134172067,0.0012196152968884878,0.0002578930104923921,0.00014126229548737146,0.00201907320893556,0.002085146758394651,0.0007869810158125532,0.0018609497772388366,0.00041267426650931004,0.0003389937721634299,7.592470083496257e-05,0.00021700777038877395,0.00020105329521199954,0.00015853185796961235,0.00010115679310217884,0.00011070982174565286,0.00016810815798531934,0.0005501365663702702,0.0017717507271025471
2021-12-07,9.928298103570149e-05,0.00013723249642737565,0.0002663797042010959,0.00016417506426829706,3.2787454148105444e-05,7.269735362764251e-05,0.0001913629525544799,0.0013587067143817947,0.0002820066531417572,0.0001436168334107025,0.001336616096531644,0.0020775972694907752,0.0007991940442324441,0.0018654958164106346,0.00042450156091398175,0.0003556492705392629,8.569226509847046e-05,0.0002200656592306886,0.0001990325695523441,0.00017008936453431927,0.00012745455082199995,0.00012289421503335288,0.00017155228824302886,0.0005929531692559807,0.0016905518807996682
2021-12-08,0.00012158071772675224,0.00018538747752280078,0.000285081004306967,0.00015571143475114735,2.9884291237363033e-05,6.416087615763231e-05,0.0001789907220228128,0.0013363734561245258,0.00034774926276107495,0.00018174774336346606,0.0016574617742884565,0.0021696184963197656,0.0009366756858318167,0.002229692608103709,0.00044463014524199584,0.0003625062726043542,7.673355584358944e-05,0.00023723370983198515,0.00021113679450581545,0.00017986833373883734,0.00012503084310710343,0.00012193608094879284,0.00016947160000296724,0.0005410136353313867,0.0017777500638074821
2021-12-09,0.00012192382048482264,0.00018637823673400502,0.00028709124581658487,0.0001721662821130992,3.203923165407472e-05,6.347292250407379e-05,0.00016957192124819113,0.0013453768294218044,0.00037384266028129144,0.00018133074793093293,0.001610504904095569,0.002049260693607839,0.000983457993688896,0.002099815489144901,0.0004401408737304432,0.00027566044672231956,7.677648363909652e-05,0.000237159804667045,0.00021642202502130815,0.0001826437069149613,0.00012634441575143618,0.0001199573548624619,0.00017286951215535198,0.000553460220813032,0.0012676642506706873
2021-12-10,0.0001238366734124246,0.00019579914373546835,0.0003139677714966811,0.00016470842655580994,3.1685788812972046e-05,6.420735433175787e-05,0.00019552170791822476,0.0013726931768275356,0.0003739966644516628,0.00018252364812458558,0.0017099645514025137,0.001372533301672876,0.0011175585141621094,0.00249534891394528,0.00044249042482354394,0.0002516493722927673,7.356954198936024e-05,0.0002357438890880578,0.0002133914544086732,0.00019409680956260672,0.00013096429489807012,0.00012131017607335929,0.0001826565538330095,0.0005483570754843285,0.0014030551416673422
2021-12-13,0.00012507098666710026,0.00019019591957486958,0.0003005726636411067,0.00014638250249040068,2.5964302605288213e-05,5.8790708238121597e-05,0.00018849963749422284,0.0013480747731966106,0.00039529405744332795,0.00021222047803644994,0.0016280224852787202,0.001282948680385621,0.0010684482569412992,0.002162959006520831,0.0004061790573561094,0.00023979014613510942,7.4186805916401e-05,0.0002356336242342406,0.00021421634916387266,0.0001934335069834132,0.00012494507293477145,0.00012658580062609458,0.00019611294041802123,0.0005477002084061147,0.0011883782564571861
2021-12-14,0.00012940083264379734,0.00020137329017853756,0.0003089235111833545,0.00015804790602074576,2.6632157804483556e-05,5.742891687669762e-05,0.00016644189061681383,0.0013550241769131517,0.0004191876720753549,0.00021554163868482486,0.001842098703328695,0.0014247344175323195,0.0010826897861710085,0.0021493119561609634,0.0004488385074305809,0.00024192640506403256,7.293123852013229e-05,0.00024162280011083556,0.0002220488840846756,0.00019806906147377642,0.0001391624746216042,0.00013704818284778216,0.00021355292827683514,0.00026535685035560897,0.0011539475295299021
2021-12-15,0.0001289152020857784,0.00020130056503023794,0.00031296286652425596,0.00015729835050940234,2.7684362327527507e-05,6.20561281544451e-05,0.00017772533822235965,0.0013596750931619494,0.000411644695542678,0.0002666422035000283,0.0018442245206162556,0.001383313770118266,0.0010847162035727037,0.0021458648544254015,0.00044945457009508313,0.00024144450854406935,6.81031922995415e-05,0.00024327659108034684,0.00022413787731444195,0.00020711523042820225,0.00013788700742974478,0.00013772118309403594,0.00021712517626069149,0.00025666021025572177,0.001154763390286747
2021-12-16,0.00014207214597209195,0.0002291231210468104,0.0003256822075997511,0.00015367300003204677,2.459042694075911e-05,6.292899503069623e-05,0.0001757865481860035,0.001369742286125195,0.0004549174901479575,0.0002862805028597412,0.0021217960421489736,0.0013802210642216463,0.0011059081616677222,0.0021481793275221757,0.00044698296287566013,0.0002394887342070599,6.714883722686032e-05,0.00024371413733142216,0.00022704634548560687,0.00021508523753742577,0.00013473904021309285,0.00013674278172416812,0.00021708825142956493,0.00025766915983354004,0.0014771629101440116
2021-12-17,0.00014551399053962827,0.00026353078585399634,0.0003483527987732842,0.0001533262881293437,2.4438125822686995e-05,6.796106966319382e-05,0.00018637586942918985,0.001370726857821799,0.0005403628059512148,0.00032847668282953024,0.002391677922301798,0.0014383959953492755,0.001177490849529856,0.0022495514669246537,0.0004490430793910348,0.00025000192566829356,6.708740455432343e-05,0.0002522097874151157,0.00023737056444567934,0.00021268379910131016,0.00013971911005460351,0.00014746362668705535,0.00019614702512543003,0.0002639850401769847,0.0015565992760514914
2021-12-20,0.00015145986966385577,0.000264885342194814,0.0003434219676038617,0.00015686688564909228,2.3853708685602403e-05,6.368204716597439e-05,0.0001833774537161856,0.001369916499472561,0.0005280438979557044,0.00032908132679308787,0.002360525838389568,0.0013843974282350166,0.0013325677514395055,0.002253893922588778,0.00045917428248313705,0.0002725086448430631,6.607890339558569e-05,0.0002721423104498224,0.00026478731585955254,0.000212245328499926,0.00018193816196863542,0.00017620033101392168,0.00025007512048700036,0.0002590543514574214,0.0015559461509272825
2021-12-21,0.00015708843168588994,0.00026427013948806237,0.00035337771667203215,0.00015919188707782899,2.4618555055038573e-05,6.41008580868397e-05,0.00018039552161746284,0.001381230018338204,0.0004883334624952453,0.0003348937184878416,0.002016876407244193,0.001451371851955143,0.0013341851427356645,0.0020233027202683574,0.00046574093450844586,0.0003178409830808109,8.7371196080725e-05,0.0002918120563565497,0.0002787157340165808,0.0002155893554199522,0.00018078594761402418,0.00017655177661625687,0.00024663810788025955,0.00026538252097408157,0.0015354682820909842
2021-12-22,0.00017388195550743934,0.00028940551500611426,0.00039224005412218685,0.00015394837449229877,2.4053362109313324e-05,6.088409143258378e-05,0.00018089922030976676,0.0013831510283894566,0.000492391321006725,0.00036179568087922143,0.00205185642363142,0.001475224982550679,0.0014106096936949424,0.0020685632148392526,0.0004221778985337563,0.00032801334163730535,9.252390890351999e-05,0.00030824831695855734,0.00027978152049525963,0.00022055181795421246,0.0001808580985596807,0.0001763456437874363,0.0002455422338342515,0.00031159344767678847,0.0017346690780531912
2021-12-23,0.0001788670901321862,0.00028996276572581083,0.00039626952392292364,0.00014749283468580397,1.999291274251416e-05,3.752010925088646e-05,0.000176394593354132,0.0013915118711482564,0.000504579869661526,0.00037428147445943156,0.00200361760858057,0.001744918124543477,0.0013101215504774347,0.001957374445465742,0.0004074815604949818,0.00034307569291051697,8.932847174169434e-05,0.00029871477708711633,0.00025625524688853906,0.0002249140092980898,0.0001722558975529989,0.00017922416966262799,0.00023046026364459898,0.00031317885898304046,0.0017157348064102615
2021-12-27,0.00018087789491233466,0.0002919088910807273,0.00039957419049679193,0.0001400359945258408,1.7316893656014706e-05,3.3662250230090254e-05,0.00015711007034299894,0.0013450093091929975,0.0005049839454196383,0.00037316584236901293,0.002004856757532464,0.001819102799142891,0.0012833218047033626,0.002104112096123891,0.0003573201912270274,0.00035315532836038,9.623323455964955e-05,0.0002869394944089478,0.0002263715520368735,0.0002214269781310046,0.0001703630236125639,0.0001738620467538835,0.00022797797131038908,0.0002973245813044691,0.0017128473666409793
2021-12-28,0.00019130322850256388,0.00030605761775795475,0.00040427132995545065,0.00012646396520321355,1.6527590930525534e-05,3.3918254140362444e-05,0.00015867893863185962,0.0013797485196495889,0.0005326503406833543,0.0004019098456954752,0.0020610573946324004,0.0018510015269103941,0.0012832478604258163,0.0021982909364059357,0.0003777515583337333,0.00034929745402114066,9.98392559514936e-05,0.0002924191172758823,0.00022475890431714786,0.00022900103079908835,0.00017380030720959432,0.0001797469837070182,0.00023111034405921463,0.0002987015217624829,0.0017331302396581872
2021-12-29,0.0001634796621221487,0.0002871765221878331,0.00032546943701373975,9.322531193576615e-05,1.3026720627860372e-05,3.47967914224852e-05,0.0001383690201271074,0.0006097396892746807,0.0004777330924885728,0.0003692906461906533,0.002010764370116085,0.0017997052857774071,0.0012998694352730623,0.002417561001054216,0.0002854259479637749,0.0002568228507009906,0.00010481656832645052,0.00023013157439643686,0.00017401764083625626,0.0001861632018242468,0.00017235477323424486,0.00017778132957079273,0.00023529249610116463,0.000286514616780487,0.0017164815484834344
2021-12-30,0.0001554294152970841,0.00026193426630114006,0.00032551135605158867,9.626629366444804e-05,1.4662405268611272e-05,3.469739424669386e-05,0.000136150522349682,0.0006063836731272529,0.0004521062597457592,0.0003456873968405593,0.001834305698055864,0.0016649667321346649,0.001306042398295792,0.0023323991339284406,0.00028589420715433527,0.00024636157491403425,0.0001038952011069276,0.00022969761289218373,0.00017300374505937332,0.00018564407093533543,0.00017440195098663498,0.00017552771090996165,0.00022165202517025496,0.0002865375555074228,0.001664031157641167
2021-12-31,0.00013470588063257347,0.0002504374349699121,0.00030228550312763494,8.761977374139047e-05,1.527843992595051e-05,3.500713935222755e-05,0.00014135216159541877,0.000490045912100452,0.0004015623422165044,0.0003310003399638074,0.0018203272368568911,0.0016742598071397606,0.0013484206505402516,0.002336730510132956,0.0002571527269226547,0.0002388165031305958,9.142765180012326e-05,0.00019779076727984457,0.0001607003932717895,0.00016666138249831706,0.00014339314702605186,0.00012955828876781716,0.0002112988913304837,0.00026743451182230946,0.0016618806258022077
2022-01-03,0.00012822271394131646,0.0002364618467894764,0.0002741658464758623,8.575884366748085e-05,1.5401833993402655e-05,3.667810526025947e-05,0.00011445001901707942,0.00048166626213361994,0.0004016843121478813,0.00033518846396079685,0.0017406767501848362,0.001575008514594592,0.0011110241482075723,0.002105253042498406,0.0002512538829315349,0.00023414843278397171,8.087620425924248e-05,0.00019118783086435138,0.00015880772311337082,0.00015194178617952177,0.00013598064058067125,0.00012233812204604557,0.00018282333570519534,0.00024978123881362184,0.0014671897265271837
2022-01-04,0.00011739566850341492,0.00023866409798035577,0.0002416963235217526,0.0001244251659754256,2.1370814056240264e-05,4.8152112601157574e-05,0.00012568686809314738,0.00044805889199605974,0.00043301538714615555,0.0003362122727572385,0.0017459448341854407,0.0024520472646752975,0.0011444147542945006,0.0020441675394924394,0.00025730116759310924,0.00019310492320137387,7.910966013405821e-05,0.00015203216661158274,0.00015909602348994687,0.00010747297466038496,0.00013423175391524353,0.00012140969768568862,0.00017460690596317763,0.0001909310960573294,0.00156298139244696
2022-01-05,0.0001132192306151266,0.00023114732743685488,0.00021826096389135626,0.00011767201423167563,1.7634984154564146e-05,4.7259350056413716e-05,0.0001248140538952584,0.0004564492288439501,0.00043433237848754377,0.00033098860665429,0.001674780374715725,0.0023109525373160326,0.001078856410729443,0.0017819452018236137,0.00031721318063638725,0.0003405628672215844,9.86237562168389e-05,0.00017417963399038894,0.00021661561367378805,0.00010694498212998762,0.0001231568481045776,0.00010504682438341041,0.00018109540014248107,0.0001908673767872668,0.0015362042711291604
2022-01-06,0.00012621454947242834,0.0002809763720717985,0.0002616455734217616,0.00010881986098432805,1.8119972943245363e-05,4.7423856398746464e-05,0.0001348528910333712,0.0003146343674545136,0.00044934932401821247,0.0004096435657370292,0.0018416949258052624,0.0024744302749242016,0.0013624126716610225,0.002014187839213819,0.00030528134428537594,0.00032709229959554517,8.663388373998283e-05,0.00016906905157122737,0.00022770551384089093,0.00013656316178135516,9.884786666492496e-05,9.379020723265562e-05,0.00018461254108915494,0.00014863587685411643,0.0016596311231331295
2022-01-07,0.00010330825978724149,0.00023279861367770982,0.0002346271618183408,0.00010558152269797106,1.8202069026222007e-05,5.504785215326545e-05,0.00016410789973932312,0.0003271380073385268,0.0003984254531170758,0.0003748888937980002,0.0015438963189457417,0.0024061068365615603,0.0012112219939892886,0.001624214919032279,0.00030259932369789886,0.00031901605142197246,8.634584414978157e-05,0.00016357010340551926,0.00022160554547920756,0.000125400952754317,9.912975630324016e-05,9.731104574855619e-05,0.00018446095384285928,0.00015474447551497894,0.0015685211478336
2022-01-10,0.00010378459919389269,0.00023820379839439282,0.00023951289635629433,9.178369481665447e-05,1.6773098966168177e-05,5.616105545895112e-05,0.0001653578110848804,0.00031401056190269417,0.00037068789629160986,0.0003749018866004888,0.0015865480515837628,0.00246300741399042,0.0011701679566487352,0.001626276881848379,0.00031276147403619067,0.00032422390508691633,8.656415870515677e-05,0.0001695297271134295,0.0002196773009198685,0.00012500551631585037,0.0001070432380520558,9.623301194366864e-05,0.00018375526452392617,0.00014150002234964432,0.0016226100785375033
2022-01-11,0.00010135640354351887,0.0002261938945389264,0.00021143714004947508,9.041065595414919e-05,1.6782348228441863e-05,5.4607807609170736e-05,0.00014037009921277153,0.0002783559662360669,0.0003702041919737364,0.0003732151448469972,0.0014875523473538716,0.002295319586067259,0.0010069617519061203,0.0012816556005200604,0.0003100300032802892,0.00033138535674463157,8.764535596057608e-05,0.00016993520850121818,0.00021959474550540457,0.00011521897887559341,0.00010350050676419434,0.0001047084944460597,0.00017351097935908735,0.00014447837081496277,0.0014834537453640988
2022-01-12,0.00010105117151482694,0.0002319668275090259,0.00021714584567569424,9.250514078709529e-05,1.7206792958020963e-05,6.151253536665245e-05,0.00014564508572896903,0.0003243695565271951,0.0003435749858009124,0.00033072791113765345,0.001494974720653647,0.0022878483247951195,0.0010335100307422589,0.0013809313346019514,0.00036832965673700563,0.0003340018126619105,8.721617490876472e-05,0.00017405678182662215,0.00021877647469939685,0.00011483101062422119,0.00010941966780589567,0.00010162590780937946,0.00015600765708298974,0.00014803992027097177,0.0015680536319294808
2022-01-13,9.711477963803345e-05,0.00022122742274756843,0.00020833458820090353,8.15257666910349e-05,1.6120273655070343e-05,6.154671126838066e-05,0.00016348158167636554,0.00032623766219388176,0.0003200360348938979,0.00033199598261379125,0.0012302132138482013,0.0022264413052358392,0.0010603069258894912,0.0013708114991297436,0.0003250676591128741,0.00033418921392932833,9.036715589312976e-05,0.00016768244488882435,0.00021269552338276036,0.00011012346961450489,9.62237667134305e-05,9.098003147137645e-05,0.00014008800724700385,0.00013566551389979152,0.00150148421092493
2022-01-14,0.00010504642950488532,0.0002504482013651862,0.0002088847416671678,8.5495195457347e-05,1.55512872241546e-05,5.7357247838763435e-05,0.00015343102146738978,0.00032711878415328283,0.00033669422220538377,0.00037430054623716487,0.0013772928719939825,0.0024901395242638725,0.0012228763757004357,0.0013964394918865774,0.00032553275120539835,0.00035693579089323194,9.661175075631153e-05,0.00016657312168729755,0.0002095902088100939,0.00010126492451806876,9.178775095289887e-05,9.136956521438006e-05,0.0001459638298891027,0.00014378146436185122,0.0015588395472589233
2022-01-18,9.189222860353403e-05,0.00022473021897578558,0.00019540779714902665,9.306995899138129e-05,1.9764471799539e-05,5.680842030630881e-05,0.00015415653800299607,0.0003621966689618965,0.0002948442662424579,0.0003713473221980661,0.0011020266264900327,0.0024887315889258028,0.0011986372387726987,0.0013948859524450517,0.0003537261613808359,0.0003597915654179041,0.000118202793647862,0.00017214594270749476,0.00042685443592561803,9.514273815296657e-05,9.206684578500288e-05,9.556046297275433e-05,0.0001446143538247529,0.0001680571347184507,0.0012831396453127817
2022-01-19,0.00010508031694699013,0.00022236708652990903,0.00022417455939328145,0.0001040644034357515,2.477849584218167e-05,4.9039234928461134e-05,0.00016411390609751328,0.00037589517413253636,0.00022690652082339,0.00035672055166551594,0.0009149289968460182,0.002361478593749624,0.0012178690481187498,0.0013577880035025944,0.0003524204274261861,0.00034350696532713153,0.00012411901978611855,0.0001914166956247266,0.0005141333239142451,0.0001012431935456342,8.666827859647748e-05,0.00010546851749669009,0.00014622766970540565,0.00016165081454892522,0.0011909063663878173
2022-01-20,0.00010477660029269775,0.00022767703132965317,0.00023431052298436518,9.971859075809675e-05,2.4613992673165577e-05,6.238201289039699e-05,0.00021475661438530327,0.00035128878925997807,0.0002493018060104893,0.00035636658382882187,0.0009500400640655982,0.0024243094425533164,0.0010563457813260425,0.0013515265271502972,0.00033215280589707976,0.00036755406090396815,0.00012413338289801845,0.00017988706176774968,0.0004984314963361258,0.00011124198531272811,4.421406456811975e-05,0.00013660675953146656,9.360525334522235e-05,0.00017282850822774576,0.0012319802229774999
2022-01-21,0.00010530203689684402,0.00023183284834451967,0.00024163169542382388,9.869244943066817e-05,2.3584517744898596e-05,6.174022444658545e-05,0.00021996279124215012,0.0003368025011763386,0.0002515845950297928,0.0003501585177594027,0.001025620218832001,0.0023548649841707184,0.0010202007794294034,0.0013300329501928362,0.0003282951685345632,0.0003478153432284888,0.0001047097164519914,0.00016105303639473047,0.00048440188858411013,0.00011701413425933164,4.7285778319851364e-05,0.0001378421994590401,0.00011296153467505569,0.00017497074792923999,0.0013633877056588694
2022-01-24,0.00010985792409996624,0.00024830815465322706,0.0002177576697349008,0.00010556654376410777,2.5714586633699047e-05,6.231537735487822e-05,0.000221066632990397,0.00027767281660518996,0.0002410470959385146,0.00034070195833898933,0.0009591186079006589,0.0024180006678035395,0.001133259376000982,0.002373372621865943,0.00030694493315076425,0.0003439578961830698,0.0001054388690749767,0.00016156305787472269,0.0004908827800553552,0.00011046401703273414,4.700691577427608e-05,0.00013861921988105153,0.00011539906389621065,0.000406077411279831,0.0011997115371205386
2022-01-25,0.00010542099878839024,0.00024142626985567602,0.00024116374593994926,0.00010812626367370945,2.6106625980439793e-05,5.916570493500602e-05,0.00021552678940806285,0.00026764568108191987,0.00022969266562066173,0.0003232355558830148,0.0009523524346057052,0.0021440235433730086,0.0011756726665291283,0.002332859043657733,0.00030716301898222063,0.00032388386237914066,0.00010460111793311786,0.0001608206432276648,0.0004900936346422082,0.00010495886743622378,5.335321231777857e-05,0.00013695461975817656,0.00011530844581278998,0.0004044515195813507,0.0012199112951685805
2022-01-26,0.00011157772434369064,0.0002684621529166928,0.000247584404888984,0.00010411009191421223,2.6413394369335297e-05,5.944608127837019e-05,0.0002159963283482827,0.00027039888970002305,0.0002361476607895562,0.00036191332785463277,0.0010639870063732955,0.0019807946551748464,0.0012509352151205755,0.002237223316649761,0.00038653928802370805,0.00030233630038143056,0.00017024032951984077,0.00016031096551709384,0.0004958328505739237,0.00010576983279766278,9.668275640570278e-05,0.00014223972846111075,0.00014153074113670985,0.00039989800409801586,0.0013298959307019177
2022-01-27,0.0001011086554892846,0.0002538816390026615,0.0002543988057018927,0.0001118961856754316,2.8483563099583876e-05,7.368706190338278e-05,0.00022279469636512998,0.00024121463261664344,0.00020791009965178333,0.00037636788751606976,0.00098394338322129,0.0019697326059249453,0.0012704009454826012,0.00221088262468426,0.00036109256136730185,0.0003022951008678945,0.000171440754752905,0.00015492513079208778,0.0004989308136160349,0.00010381981664948411,9.390595426110791e-05,0.0001390485686088073,0.00014279741860524233,0.00042371622358852555,0.001166693841846586
2022-01-28,0.00010241397078786349,0.0002583101879533637,0.0002812319865629656,0.000129165585728812,2.8677874903511482e-05,8.189468154275507e-05,0.00028112829700387116,0.00024126627783914578,0.00020655370638202357,0.00038172383771901974,0.001036415398523585,0.002793887982191472,0.001338951801406168,0.0020710579782554886,0.00036748864439726457,0.000307634545097735,0.000167797871503639,0.00015946139455168154,0.0005157828828787706,0.00011831710417190523,0.00010234099231902301,0.00013956693629525962,0.00013170287221500775,0.00042044127506763194,0.0014802419957150217
2022-01-31,0.00013528200304555675,0.00031055274414311704,0.0003015425948862307,0.0001225646032526673,2.708284776346702e-05,8.23787067493087e-05,0.000290094953140211,0.00023838203554919768,0.0004556866492549694,0.0004234958638392779,0.0011179176790029484,0.0028168683833226698,0.0014123270479355888,0.0021065072368667507,0.0003662082748135763,0.00046248676971367926,0.00017360988830753636,0.00016862328548700233,0.0005201132713639658,0.00017140639717566432,0.00010233343278831098,0.00013985815137090258,0.00013996333873752937,0.0004502491875793162,0.0014579219029970726
2022-02-01,0.00015231189681653306,0.00036432291070580947,0.00035154176758227023,0.00012021675960258246,2.621816824097121e-05,8.14887268452658e-05,0.00028469416510497624,0.00024205349252882246,0.0004897243427687243,0.000424457873999867,0.0013724762142738353,0.0033686657859938293,0.001810177498741708,0.002347832735147662,0.0003652197892653087,0.00046070011641620315,0.00017918650851308536,0.0001726338475753532,0.000530053181502407,0.00017855214116194537,0.00010172598843858503,0.00013573165118914906,0.0001543323142902741,0.000499739224406561,0.0018028379485067428
2022-02-02,0.00015444660267297156,0.00036469164632207414,0.00035730121729526346,0.00012061177474597663,2.6244812878308303e-05,7.898826394379104e-05,0.00028371072642686414,0.00023207697193278242,0.0004890893718541622,0.000422950281212296,0.0013726462665947857,0.003361642216405733,0.0018091654071769683,0.002414999038541998,0.0004320627024073563,0.0004791440878296084,0.00017936135018030766,0.00018278147899667007,0.000545869445577375,0.00017883752545105574,0.00010256710857955908,0.00013545928371813757,0.00015158828274142578,0.0005034114908121709,0.0018250124322270942
2022-02-03,0.0001577389099811856,0.00036325165903388913,0.000353759023949302,8.248626499423102e-05,1.997865643127115e-05,6.6543509405362e-05,0.00027063347657543395,0.000228019773453845,0.0004583865121953116,0.00043424990655557306,0.0013736089252562886,0.0025221329167079533,0.0019255411703521426,0.0025720994405920967,0.000381618188286359,0.00047927637989623084,0.00017892171421781306,0.00017713641602305172,0.0005254058864964707,0.00018423522799284283,0.00010878076084353535,0.00015175428906755482,0.00015159404777854776,0.000504817618354224,0.0018597863775974375
2022-02-04,0.00018871475744221684,0.00044772549117496973,0.0003736215550238097,8.489843769534957e-05,2.3529454450994903e-05,6.370436716501624e-05,0.0002743712512086943,0.0002311594282325761,0.0004650204902435084,0.0005043144585812121,0.0014824037045309464,0.002436437352287278,0.001995181917564443,0.0026305850385190113,0.0003232261394450061,0.0003555889314968009,0.0001560889621147829,0.00014694927717902233,0.0004533659865047812,0.00019041265497092983,0.00010838613430526822,0.00015595243145107775,0.00013292600380803327,0.0005208311573963962,0.001800989072279879
2022-02-07,0.0001693334237528569,0.00040301391033405095,0.00030961508586522943,9.5355114612934e-05,2.710196001965447e-05,6.333751794595367e-05,0.0002626607141700382,0.0002567400294375785,0.00042537200305696194,0.00043347292937799076,0.0013028705967020311,0.0023399743394958324,0.001849227051257034,0.002661479107972336,0.00033638811760169126,0.00035894095643308397,0.0001498770169667038,0.00015506074663622338,0.000470687091196177,0.00014966211349076386,0.00010832879062870789,0.00016890528819246865,0.00013072958220565985,0.0005310749425407559,0.001656279574182456
2022-02-08,0.00016985089566106995,0.00040655929739560176,0.0003091727891632202,9.501196921812652e-05,2.7192537213727147e-05,5.800481487733238e-05,0.00026066620028249605,0.00022041499589658581,0.0004108391459154941,0.00044483572799326634,0.0012949082456700906,0.002330740351079729,0.0018478175031718378,0.002836175705711489,0.00031856847405244566,0.0003560548311126295,0.00015311670529105406,0.00014386692982878467,0.0004651812347877846,0.00014973005512593663,0.0001082900274006023,0.00016810089888889566,0.00013565250422889122,0.0005251483817389396,0.0016562782318748149
2022-02-09,0.0001726686146984894,0.0004068984887032454,0.0003174122237708981,9.462619457137859e-05,2.694514000050936e-05,5.73858407682333e-05,0.0002629883088311515,0.00023454550763918718,0.0004291218157252253,0.0004526073381870521,0.0012458271226840287,0.0022734816772862865,0.0018377026138291824,0.0028447665290616247,0.00033426414840019797,0.00035456745479541175,0.00015599659348401921,0.00014680558052520618,0.0004788854199124799,0.00014851466729420956,9.879564632525963e-05,0.00016836093657985975,0.00013071235173751753,0.0005232381268346762,0.001673590392827992
2022-02-10,0.000184145275770668,0.00043095422243588335,0.0003361256607160589,9.448899071486066e-05,2.751234829669158e-05,5.7511816795071404e-05,0.00026123987158109546,0.00023412774593618323,0.0004328568627237342,0.0004781269927735997,0.0014523409330984276,0.002230926985244206,0.0019748476144737835,0.0028293598939633105,0.0003375217475139411,0.00035328811995336635,0.0001527365289878101,0.00014838206216309224,0.0004797826734420384,0.0001740585754727449,9.74511301090693e-05,0.0001583074195753059,0.0001307668533617576,0.0005787809981181394,0.0017421973092770794
2022-02-11,0.00019764155008794042,0.0004474791867387752,0.0003430882409275345,0.00010612921338328434,3.730334727428567e-05,5.042835116124439e-05,0.00025213804337997686,0.00016765936092693763,0.0004489180988548045,0.0005232167587236064,0.0015014745010297694,0.0022779514253915218,0.001987986294617152,0.002794212458814681,0.0002784013592431783,0.00035045180360884125,0.00018229346072233123,0.00014845396493529532,0.0004806736197349933,0.00020518805384510906,9.92728876094496e-05,0.00016375971224835543,0.0001379011496087552,0.0006345022807985294,0.0018212654703827359
2022-02-14,0.00021896307380990477,0.0005035258110799529,0.00034570305071351145,0.00011718684999161407,4.0273147115827e-05,6.955797290189618e-05,0.0002524193249266172,0.00019993112132580946,0.0004714042617628694,0.0005503731449181398,0.0018102927962721754,0.002336307589538813,0.0019801064411763573,0.002932039086206551,0.0003232176472167756,0.00034821975389122785,0.00022045301936629916,0.0001593294399900399,0.0004883230243563905,0.00020970454434274577,0.0001008935866721029,0.00016522014842647312,0.00013804454425852297,0.0006519072879853014,0.0024304199922554055
2022-02-15,0.0002090086021921262,0.00046846141187815006,0.0003417224355386474,0.0001214888099800905,4.409742152922397e-05,7.048338692496227e-05,0.00025620200072799294,0.00019822214221422167,0.00045130298560811156,0.00044796526695131716,0.001670616103482648,0.0020869790721945174,0.0018130765851441892,0.0028899934656088774,0.000352985923995382,0.00032774902840662976,0.00024456708671204114,0.00016547989019881818,0.0004930089102813768,0.00021406651409216224,0.00010764479948040716,0.00016454499793005736,0.00013298273712271808,0.000644097901812982,0.0023683161110994388
2022-02-16,0.00022301551746860176,0.0004993865479823047,0.00037994250947786336,0.0001159340863655128,4.1176569528929205e-05,7.501742757786552e-05,0.00027640402980776715,0.0002084733358280503,0.0004785688209820555,0.00044956098004188104,0.00208283639552101,0.002218118359980733,0.001966655174898167,0.0031384509266064605,0.0003295557729692486,0.00034047056529368274,0.00023064479716417236,0.00016948534385783948,0.0002842017539742115,0.00021392498130502578,0.00011178761626792447,0.00015955788379261342,0.0001330832261141,0.0006508339431920869,0.002521121911452383
2022-02-17,0.00020559986402816718,0.0004645882452457404,0.0003285571926699973,0.00010684389501816087,3.627938951690351e-05,8.060097781781681e-05,0.00025564408119966463,0.00020083851016925914,0.00045874930869908143,0.00041638676624670924,0.0019981587323476113,0.0021997081972145254,0.001926246411441327,0.0030705465499747623,0.00033222047572441915,0.0003396404836324123,0.0002327577202822997,0.00014169499452859046,0.00018391459114430294,0.00020899564410793603,0.00011073817604366413,0.00014194740137968086,0.00011814815096979806,0.0006565908688848644,0.0025015560548989225
2022-02-18,0.00022516654278169674,0.0005078373909051309,0.0003507181373570796,0.00010724455553103643,3.617489715488353e-05,7.709899480124378e-05,0.00020674348736890276,0.0002060749201082096,0.0004593348485293899,0.0004644779663830194,0.002277545711594456,0.0022845651210539864,0.0021559565030106463,0.0034163439197226505,0.00032945707575353654,0.0003945647400491913,0.00023379028211766934,0.00016070362701293427,0.00020033814344510008,0.0002051351449793342,0.00011225653840334672,8.915638267977324e-05,0.00019727609156233576,0.0006718845362182043,0.0025753857262764924
2022-02-22,0.00022069404736118007,0.0005056838422658054,0.00033653670942197734,0.00011117968724611817,3.6481588518173314e-05,7.678566309709914e-05,0.00020069850061667238,0.00020810850390437957,0.00045824857620638417,0.00046781538213894235,0.0022721989642447366,0.0023119010718611246,0.0022973940903482835,0.003422774962589634,0.0003268769110665236,0.000377115326913869,0.00023386266953116696,0.00015847102435528348,0.0001975200186509665,0.00019802788351138678,0.00011509761919309198,8.758218439018254e-05,0.00017960897549289368,0.0006625426817130167,0.002441972689638057
2022-02-23,0.00020554409883720805,0.0004679604169385218,0.00032798243729318494,0.00010387882599638434,3.42326393502688e-05,7.643938422086627e-05,0.00019847343386545095,0.00021615457075742679,0.0004668998384082007,0.0004488158141622815,0.0022200740575173336,0.0022499624921624474,0.0021329853634540342,0.0025448722582141962,0.00031956988664299244,0.0003703147259734347,0.00022781362152334255,0.00013637834376440219,0.0001806773960638326,0.0001984174614587478,0.00012505983329370152,9.519862822168086e-05,0.00018357206369351884,0.0004056420204826977,0.002419881075987879
2022-02-24,0.00022210315822312785,0.0005036911149973072,0.0003190921956612687,0.00011069898859017903,3.824699452194179e-05,7.59028658440915e-05,0.00020945449603991176,0.00021560687134322757,0.0005032014511411228,0.00048643269675246835,0.002325265050264795,0.0025261355392278504,0.0021798898256674324,0.0025734968123509996,0.00032286657199806187,0.00040186813026882865,0.0002286787982125108,0.00015285165483015304,0.00020515608389722682,0.00021343291011639352,0.00011771615565666599,0.00010018960602760299,0.00018939615838917627,0.00041811722302497394,0.0025489507099821698
2022-02-25,0.00022605772774809854,0.0005333900604720222,0.0003458884295074046,0.00011057972682457633,3.9039708418717565e-05,7.76380000711991e-05,0.00022759212823814714,0.00020468037804945684,0.0005110076199304398,0.0005826454894438352,0.0024007509700307273,0.0026382389450234005,0.002408773720967977,0.0026028847131198156,0.0002468625551076351,0.00040809476849307334,0.0001726186987786072,0.00015987894514853037,0.00024238690192742847,0.00022777329699286519,9.456348259327407e-05,0.0001344095347762862,0.0001637190686885716,0.0004467942041913085,0.002626363942064135
2022-02-28,0.0002517946999813989,0.0005462229717322813,0.00036147446265953463,0.00010250180211741062,3.73995692647527e-05,6.370039235426143e-05,0.0002181749069837787,0.00020099789198169333,0.0005200784075370474,0.0005440474991240435,0.0023950995772013795,0.0026222452574337553,0.002433222714927145,0.0025350607459411227,0.0002838200414001581,0.0004169973767822262,0.00023079759526908428,0.00021453797553326568,0.0002674508287638649,0.000245271941553736,0.0002223237016031375,0.0002259558485464112,0.00016816938075704863,0.000421410239813873,0.002702387548128202
2022-03-01,0.00025081214881052293,0.0005410970861356121,0.0003334767066438032,0.00011011200641357417,4.330744457049911e-05,6.029430598336521e-05,0.00016463778049912242,0.00023534040710095332,0.0005197493219143988,0.0005393670012917778,0.0023248091108342733,0.002081496312605387,0.002426501550196167,0.002722090406057754,0.0003099478325639188,0.00041200602863193506,0.0004571714496100076,0.00022221865733233672,0.0003494380912658704,0.0002423595765299324,0.00021711136691364853,0.00023612545449493383,0.00017256707548476543,0.000414208772021692,0.0024045125562042417
2022-03-02,0.00023075359076008616,0.0005018909738408806,0.00033290682281652005,0.00011734200735426011,4.388007794475863e-05,7.75491732062546e-05,0.00023958467733645116,0.00044793058585055457,0.0002780940521689534,0.0005065278183438456,0.0023159593371324056,0.002060948109585629,0.0023998337296281904,0.0026660903602762007,0.0003144417877702673,0.00029253488997614367,0.0005950555769766612,0.0002902271376829353,0.0004260937092226588,0.0001883337140337233,0.00021507974229891777,0.00024735271689631217,0.00016634605753417577,0.0004034376218241902,0.002721737056586872
2022-03-03,0.0002315012658982494,0.0004627943068885991,0.0003132269433112728,0.00018211554554728798,5.6721910279148114e-05,8.16309267560912e-05,0.0002414317530685915,0.0005752499211572674,0.0002644144777416142,0.0005192833657513902,0.0021045205385321454,0.0015146605305645816,0.001958948221044166,0.0024139463026408283,0.0003413636661434565,0.00044102577944527845,0.0006009150818163162,0.0003217824664240657,0.0004392164560687864,0.00019900947279817403,0.00022298607840431567,0.0002478824252579123,0.00015149535993746116,0.0003582605005960203,0.002432742798715475
2022-03-04,0.00023038179989660635,0.00047161331006563285,0.00031499334527742195,0.0001871341994088524,5.730038687142305e-05,8.352241251744443e-05,0.0002396113265178325,0.0005829316444444379,0.00026457797589279344,0.0005277117706441763,0.002126833650447746,0.0016349927884660865,0.0021701389600485206,0.002758987836832481,0.00027458223468399483,0.00042934306047777654,0.0006005722405416418,0.00031200527680127273,0.0004261500395703415,0.00020194096608791288,0.00023094264739591534,0.0002475548842776472,0.00017641796843108226,0.0003601344404576288,0.0025705302927454513
2022-03-07,0.00022890858651233536,0.0004796960466795622,0.0003231743453067853,0.0002025528020263988,5.7351666296744903e-05,9.648202194533608e-05,0.000251782717107882,0.0008075998341984731,0.0002807842884153578,0.0005386578964543245,0.0021556476094903815,0.0015925539374586086,0.0021513101811350775,0.0028801143805776593,0.00031833433934637905,0.0004300667444575203,0.0006290126972097518,0.00032901991622234767,0.0004671938324863452,0.00019429145825377602,0.00022623465999363062,0.0002317007154088794,0.00021070841192240473,0.0004137194606972476,0.0024914436568098234
2022-03-08,0.00024695758191129987,0.00046322023743073775,0.0003379106795641671,0.00020240258565100216,6.192111770773545e-05,0.00010829100784836297,0.00024601990239281714,0.0008649266236468046,0.00029676814447376974,0.000533421005722064,0.002284437402328487,0.0016704999083853242,0.002043485116498395,0.002864493175404228,0.0003251030632901179,0.0004063999194162175,0.0006434022905169584,0.00039811315796125217,0.0005483467852987975,0.00020985515537929952,0.00024021791713274386,0.00023905140961783807,0.00021423377077425533,0.0005472460573295694,0.002611004747324569
2022-03-09,0.000248924183469796,0.00045580327948264456,0.00033856251913328284,0.0001959217101844234,5.841967219648888e-05,0.0001480570721869412,0.00029836020419461056,0.0009117517137422887,0.0003041670374100165,0.0005270163082978456,0.002274623682969365,0.0016340164598579135,0.0018986784139705692,0.0025983239254694208,0.0003252612675278846,0.0006342862542323562,0.0007203900559063966,0.0003844541733274002,0.0005151175702023506,0.00020572796608677514,0.00026081569228595666,0.00031431038079036863,0.00023047002818400866,0.0005458765661532048,0.0025988414547158905
2022-03-10,0.0002866919923896626,0.0005207216135086234,0.0003795376468708861,0.0002012090201187747,5.839948431824025e-05,0.00019489605143558386,0.0003095871124273494,0.0017525659376470637,0.0003679799765089075,0.0006223041149223851,0.002508152399466917,0.001709730903323956,0.0020424314643244686,0.0029677332575938522,0.00036920962268837754,0.0006316003488478002,0.0007171618122734188,0.00045524156020917153,0.0005990034516933005,0.0002183905117949108,0.0002609946599895395,0.00032104540294357645,0.00022659012000904658,0.000556453953931972,0.0027411776096401036
2022-03-11,0.00028413654553749446,0.0005207148360961983,0.0003640543603002248,0.00021021285771447037,6.486662309732226e-05,0.00019491772450946248,0.0003099243977286876,0.001757091466468809,0.0003912457262399352,0.0006201467725069511,0.0025087260654389253,0.0017281536060158337,0.0021125225595967326,0.0030200109856308955,0.0003930927594349871,0.0006327416057455284,0.00071755764689087,0.0004486541728882732,0.0005877452979216155,0.00021752915250863617,0.00026078822787403835,0.0003580206944485843,0.00025425128000151084,0.0005564518351073755,0.0027669548374708573
2022-03-14,0.00028154258998620103,0.0005206850721143756,0.00035884704207484223,0.00021063056232747875,6.426198903639251e-05,0.00019701101259902344,0.000311038267862847,0.001806024518069431,0.000419579040831142,0.0006154586177118324,0.002334544685150049,0.0018732577016007887,0.0022344065032038653,0.003308264840729876,0.0003928439664595406,0.0006379777684215755,0.0007247130969073315,0.00044921665065224796,0.000615219278153481,0.00019363760114577522,0.0002609706432099632,0.00036554691336466636,0.0002548393708303575,0.0005086669850342048,0.0027215727648417587
2022-03-15,0.00026649071049633774,0.0005125775979789627,0.0003690974336646431,0.00022714314382963613,6.562409956081235e-05,0.00020885168577476144,0.0003595326953372734,0.0019301268347924432,0.0004280358554163349,0.000579409931943313,0.0023417873594691416,0.0018997604314212897,0.002384431588906227,0.0032959440945027436,0.0004412539013532569,0.0006380459370673838,0.0007030417944077375,0.0004536023645850081,0.0006196195459609125,0.0001657479320211565,0.000263207033616909,0.0003614832366621589,0.0002577541360501297,0.0004730921603278783,0.002578695879188809
2022-03-16,0.0002706809809091682,0.0005079095046766479,0.00037710479498261437,0.0002154456968343719,6.59780202440214e-05,0.00020886616424133634,0.00034247837351716556,0.002082966782247429,0.0004520259353711575,0.0006254629212640719,0.0023321794619449187,0.001872482882272629,0.0024336131095898457,0.003169661069817137,0.0004724605520730356,0.0006347801372501791,0.0006664156831984816,0.000453444955749993,0.0006271625551862064,0.00016360380104966119,0.0002934284387672801,0.00042820895779678456,0.00026388605126329825,0.000540189738242933,0.0022149268980197205
2022-03-17,0.00029643462108399715,0.0005804443400346306,0.000428995635290404,0.0002120790702850935,6.557435562561653e-05,0.0002094398463034016,0.00033821876946083505,0.0020795729943042266,0.0004967164246100691,0.0006594168708719456,0.0025482916874014355,0.0019738749170904314,0.0029657257496246573,0.0037258084523452903,0.0004424493290914524,0.0006324680300626517,0.0008523543508343979,0.0004885002248208565,0.0007270481760515396,0.0001666608374157635,0.0002893249336629412,0.0004283892650277575,0.000258610966980294,0.000581417584345487,0.0023682453741545547
2022-03-18,0.00029088415751956823,0.0005553420036430404,0.00040395342249710433,0.00020800493266180122,6.94023314636675e-05,0.0002057527567455787,0.00032088604943971116,0.0023412940933691794,0.00047029378685365763,0.0006413656337616793,0.0021323505708274715,0.001899835067572,0.002932601033797665,0.0035133645921079323,0.0004990594791270383,0.0006518839675040595,0.0008599402739806132,0.0004869220232635172,0.0007241518208446701,0.00017516486589958397,0.000292771406311179,0.0004289127928065216,0.0002582005687701237,0.000551306657739716,0.0022213335124942543
2022-03-21,0.00029731368089500184,0.000577819049409545,0.0004097253975898911,0.00021416083473201956,6.949843920514798e-05,0.00020428830333133667,0.0003228520682068721,0.002343128975160865,0.0004936601965126161,0.0006580502222424907,0.0023701362989477855,0.0019789985599515552,0.002981323610330537,0.003638469943993222,0.0004955579409483573,0.000652511944566523,0.0008535711122214822,0.0004871837896731731,0.000723979823679312,0.00017398675498458646,0.0002995576070646347,0.000425798632756667,0.00025652700144157954,0.0005472199436500557,0.002180142656376601
2022-03-22,0.00027178562524512567,0.0005283145715279128,0.0003771484294818676,0.00024121156775828038,8.015879366097563e-05,0.00019736882958354583,0.00032647643526928163,0.0025591932273280452,0.0004723070420268897,0.0006106658923071596,0.002037924785069641,0.0018456176020218186,0.002780660347163271,0.0034244679503921383,0.0005809458692895473,0.0005518383977236284,0.0009080697369473046,0.0004525387600445591,0.000694812974351553,0.00016981899719771301,0.00029925320782323836,0.0004194804161424497,0.00017583854951505306,0.0005286955264530884,0.002088163763504595
2022-03-23,0.00027688598815110715,0.0005418515799118931,0.0003785158795341337,0.0002443117717488587,8.015571318539105e-05,0.0002002394016594897,0.00034220702111006283,0.0025633271863587425,0.0004906784690898481,0.0006199916184404714,0.001970619383982551,0.002135258808473358,0.0027533263217532785,0.003555977924410983,0.0005818575403388582,0.0005415337339697334,0.0009062232707835524,0.0004667345078459278,0.0007178665520128699,0.0001681643715109928,0.0002941192800812592,0.0004226856017234487,0.00017406347429210601,0.0005289753326848505,0.0020843868126358646
2022-03-24,0.0002797118721691793,0.0005477463522033605,0.0003842673132253716,0.0002696770022790976,8.050355681379349e-05,0.00021008089333380777,0.00035154820747250584,0.002652805091571883,0.0004766710661663889,0.0006325219293159166,0.0020281210925016013,0.002038974292216565,0.002747865404425598,0.0033184198829849898,0.0005832453299272866,0.0005410395002231271,0.0009122604039236452,0.0004844168939217696,0.0007398487023767243,0.00017441243466714487,0.0002846486584125201,0.000416956279227368,0.00017634752840057225,0.000520176631514647,0.0020737055421200076
2022-03-25,0.0002744282129347974,0.0005373376249382532,0.0003718849936938875,0.000262516303294902,7.59697017245696e-05,0.00021183923434666318,0.00034616238910603495,0.0026871767309250153,0.0004666047806488781,0.0006076115244932096,0.00240298088493469,0.0017626049621971352,0.002665171513190584,0.003368249825471192,0.0005778219666426006,0.0005094191434030369,0.0009150911021596657,0.0004709749115211237,0.0007176320715980604,0.0001613801884156237,0.00028608718406714003,0.0004084902703457936,0.00017261482495539295,0.0005126715552356409,0.0020982842282995743
2022-03-28,0.0002635096062408284,0.00047755191094364365,0.00033530117731350056,0.00027318012026901657,7.819279336216527e-05,0.00021046840843184317,0.00032878313758821797,0.002695387433278483,0.000452379784713946,0.00047173527135268347,0.002226976266651037,0.0016424491982225667,0.0024029984608232033,0.0033048163967250377,0.0006002052155958434,0.0005046512429926273,0.0009027343837616535,0.0004718741289253559,0.0006781145998895901,0.00015459885983456616,0.0002706969285263006,0.0003749422847933444,0.0001728270708820402,0.0004814523269755523,0.0019003923993890452
2022-03-29,0.00024017818563967043,0.0004774941656145413,0.0003081460273494815,0.00027711963932350016,7.895894294519225e-05,0.0002283417184910951,0.00035866219063100457,0.003042489294927438,0.0004446738900083624,0.00049571055785652,0.0022304701969954733,0.0019625099698403754,0.002425750009902215,0.0036064886855350434,0.000597519971471225,0.000498267938482209,0.000859004561268617,0.0004172715339499691,0.0006511893178423869,0.00012966275786024082,0.00014328679656085974,0.0002817697867812111,0.00017961404964699458,0.0004819113541024413,0.0018248201356879414
2022-03-30,0.0002480970464176322,0.0004929542313449042,0.0003454746931239603,0.0002544767215972052,7.661851264005182e-05,0.00022252941647333565,0.00035347289091636213,0.0030330034274535693,0.0004642002165389442,0.0005067565666970494,0.0022385699798175055,0.0016804530609721973,0.0025596884095945255,0.003304124591540296,0.000565340684472047,0.0004985786160668328,0.0006482115743124326,0.0004053253149093433,0.0005521117549924813,0.00016313335545309994,0.00013920201759305673,0.00027522518096141977,0.0001790466228466684,0.0005162258726286161,0.0018387950456787198
2022-03-31,0.00023729908762418306,0.0004866722273633531,0.00034819047973637894,0.0002505474356416771,7.627289106266475e-05,0.0002082959776287989,0.0002665309266402658,0.0028488309712307908,0.000459146415467481,0.000498922773534834,0.002224108952212622,0.0016791975544260087,0.002588631987953574,0.003344899587707685,0.0005671618546694667,0.0004671748083693209,0.0005261502010796091,0.000330837141456604,0.00047224252056720376,0.0001644973179801001,0.00014441442417323412,0.00026258641121409417,0.0001942902958526029,0.0005024428518320904,0.0015461575259338035
2022-04-01,0.00023227703801804997,0.0004800268843719563,0.0003240344356069479,0.0001846244468936589,6.37118038001476e-05,0.0002023116234380082,0.00026402974881561806,0.0028540208632361025,0.00045401873127813233,0.0004993718554917168,0.0021821938171580624,0.0016743328627430384,0.002650656836086218,0.003409494178467206,0.0005493679539366014,0.0003185422646596829,0.0005202656533738828,0.0003246091346069498,0.0005000636999143244,0.00015391879838205961,0.0001456280060950735,0.00026791998721431164,0.00019641909082636827,0.000536479312424128,0.0018754446749172941
2022-04-04,0.00023135163802110405,0.00046888900978744744,0.0003230529660816424,0.00017979111303679314,6.35967583059907e-05,0.00020261557724535434,0.00026544875603570864,0.0028463289976238568,0.00045396531697570964,0.0004888396153908753,0.002182536641389942,0.0015544115591766279,0.002432935335788417,0.002993752409937449,0.0005525310822003051,0.0003216239356975441,0.0005248096675970679,0.00032443694671136956,0.0005003054353404223,0.0001706469074092239,0.00013557158814718275,0.0002792883087027516,0.0001787692606689943,0.0005285553457019798,0.0017175082344064248
2022-04-05,0.00023169169926302028,0.0004799638185505042,0.0003095612996261892,0.00016641004082943605,6.420164772703842e-05,0.00019021878437747945,0.00025455250532729814,0.002691163329036473,0.00046508949029787594,0.00048270268051522886,0.002153061965180465,0.001717561278506613,0.00240175824576261,0.0027476351703087675,0.0005083041850519039,0.0003219019159177637,0.000497402644236094,0.0003059822553598429,0.00045679592972295397,0.00017081725144801554,0.00013880546324844024,0.00028023490125206633,0.00014447103412669013,0.0004728783110893713,0.0016850956559699645
2022-04-06,0.00019150984665035602,0.0004302431998679111,0.0003062452224920296,0.00019179348749848152,7.316939423218454e-05,0.0001804618521929849,0.0002620899420016394,0.002660738425264603,0.0004535644954175561,0.0004108492895060196,0.002030197463478227,0.001753936134177004,0.002516098452784027,0.003042046049764632,0.0005102375068791811,0.00034670323648910756,0.00048386930481699554,0.0002323375027401537,0.0003793699155847387,0.00015032265503640794,0.00012709259820226987,0.0002686882977683696,0.00014133426653356766,0.0003464868267883848,0.0016026873863223686
2022-04-07,0.00019386871659133999,0.00045544040223641783,0.0003157657448313213,0.00018981262780900634,7.309536836421392e-05,0.00014086574037355543,0.00021372087895953583,0.0026185688748760435,0.00046500312046377087,0.0004803442458354732,0.0022279694790006957,0.0018208341662900038,0.0026341003030132676,0.003238162799256896,0.0004988268956395836,0.00011232015877743655,0.0004213437705735028,0.00023305699193084897,0.0003873242038250937,0.00015667166716838422,0.00014024913041336636,0.00019038923447072705,0.000146317602358378,0.00036528439486562344,0.0016182011531198012
2022-04-08,0.0001569186051113829,0.00038725851972245303,0.0002740403676987381,0.0001876328696075351,7.41135867951753e-05,9.182949584825051e-05,0.00017576921668521558,0.0017771015364164775,0.0004003820328500786,0.00037236910487442734,0.0019828779896536573,0.0017349781990559806,0.002497138693647802,0.0026948384506333837,0.0004553186403896119,0.00011237271579995001,0.0004522386154444177,0.00016184285578152536,0.0003033367048632815,0.00014935884083874107,0.0001398293675929169,0.00018961583068145878,0.0001502730606759402,0.0003555923645765479,0.001475860177453354
2022-04-11,0.00015618959052696052,0.00039128230732671135,0.0002773708688868389,0.00018265909681121692,7.029865039276694e-05,9.343434916862286e-05,0.00017306529044635777,0.0017677302753990806,0.000366640047521321,0.00037858649793527877,0.002085588782538538,0.0017534635412898409,0.002485174753290545,0.0026875881877209437,0.00044593576619367004,0.00010888523774304579,0.00045107585543346744,0.0001635239820381525,0.0003135922155812292,0.0001491664213185305,0.00013987221627766354,0.0001556745467792076,0.0001242914080594591,0.0003555920582456805,0.0014169588932149574
2022-04-12,0.00016349810837235158,0.00039862228978361985,0.00026569364606576036,0.00019598203325174045,7.55210560487626e-05,9.205075281139158e-05,0.00018248091162003491,0.0017482204867918304,0.0003711559609536112,0.0004463551441737409,0.00220765112807973,0.0017363565687352539,0.0022356744574001807,0.0024691323782757035,0.0004933833802276781,9.888383948208806e-05,0.00044503652667243727,0.00016185690400489364,0.0002859113694800872,0.0001520796357751826,0.0001483803932705706,0.00014866845575073817,0.00014539225619205083,0.0003492131361888611,0.001467100261410357
2022-04-13,0.0001613063495829811,0.00037901162505135703,0.00024289506246969744,0.00016551974481968733,6.389950962965329e-05,8.262039642654486e-05,0.00014287030159809843,0.0017585029351631582,0.0003386556330818014,0.00044400451583852615,0.0021585991024659743,0.001667816206802747,0.0020317830741758127,0.002401818353734865,0.0004576551889870726,9.893775945106634e-05,0.0004395703336977729,0.00015976146234425207,0.00028723615175333983,0.00014882915635804967,0.00013807393465339445,0.00014033853439804694,0.00013750428692234083,0.0003254967611518021,0.001476201899329292
2022-04-14,0.00014249792554204074,0.0003489505113001775,0.00024865600805877146,0.0001655784907849573,6.200341851620696e-05,6.434458610191183e-05,0.0001479407247005201,0.0016191142159136405,0.0003062085641811877,0.00038574920784258826,0.0019130952881818862,0.0016234896445994542,0.0019998316514247905,0.0024415885037534276,0.00039344529684948285,0.00010056994984143012,0.0004353511427065745,0.00014901465376932282,0.00032907863271105256,0.00014912280238907357,0.00010319030366113826,7.232384258540339e-05,0.00016588611421381483,0.00024818690799268425,0.001271800883833629
2022-04-18,0.00012475463214047132,0.0003056358688749892,0.00020131066391966738,0.00018281568113085294,6.555897719671313e-05,6.281103146251085e-05,0.00014787429084790673,0.0016292889188427556,0.0003121727566230513,0.00039308089662789094,0.0017910491621585352,0.0015799712922872217,0.0015778276166140796,0.0020197751361671237,0.0003928664253525577,0.00020061790409421016,0.0002196344239334911,0.00011400717810332586,0.00022917126620445742,0.00014250569936083947,9.948853300696537e-05,7.340631879093494e-05,0.00016545167647461523,0.00021354243666013394,0.0012452919550072757
2022-04-19,0.00011629827610060602,0.00029773795953503456,0.00019052618585432916,0.00018110911729518758,6.355884765251132e-05,6.203234141261319e-05,0.0001480921583870682,0.0013180694065327233,0.0003100036133764011,0.0003929790509626498,0.001817062909546356,0.0015269924387993077,0.0015003307367161605,0.0019920019197642233,0.0003417735658622873,0.00016916890265591155,0.00020370717422598425,0.0001075058334647223,0.0002390322886313387,0.00013051501909898877,9.885996221374204e-05,7.78821965855462e-05,0.00016854599528059213,0.00023246178540092759,0.0011920618056813883
2022-04-20,0.0001238428204501957,0.0003020150421731873,0.00020585733969807204,0.0001761365787720843,6.6832428947288e-05,7.046315662551745e-05,0.00017747173354708983,0.0014205407782777876,0.0002972899969734937,0.0003918529028428889,0.001598761496249021,0.0014779611727628226,0.0014797532669901233,0.0019587507199161683,0.0003453880241841105,0.0001736187095408529,0.00021644787991241353,0.00011741581694917504,0.00026202823818299875,0.00015596354752379915,0.0001415108341757645,8.994535933533104e-05,0.0001750470652088681,0.0002859536749417461,0.0012341284376477185
2022-04-21,0.0001238682447820558,0.0003134106947594732,0.00020234651474058103,0.0001678213260691422,6.199163123030191e-05,6.859604592336582e-05,0.00017072599581576304,0.001200477937580617,0.0002933887361652959,0.00039162338152393404,0.0016515156899434603,0.0016030920516589416,0.0016428904819251165,0.0018621010110075192,0.00026067071566639253,0.0001734867515851101,0.0001702154069453448,0.00011996109539253285,0.0002621332490973338,0.00016879951800915155,0.0001408320036970512,0.00012689485376780386,0.00017975628263639778,0.00045702957958850687,0.0012598132479018248
2022-04-22,0.0001288879094047653,0.0003166074659323713,0.00022497292650483172,0.0001617355724274952,6.792566489344591e-05,6.63915616428276e-05,0.0001790579662211685,0.0011990893792741158,0.00027146996644748973,0.0003981447365962996,0.0018611672152775258,0.0013414907331235168,0.0016709953157102175,0.0019798413482324524,0.00031463710309091356,0.00017869794079771755,0.00022648166845965265,0.0001197215935988139,0.0002411980290663408,0.00017109436279687774,0.00014006215577199208,0.00012370934130958105,0.00017939160310074167,0.0004813667403410103,0.0013671679286922382
2022-04-25,0.0001620785281712563,0.0003436898227264288,0.0002458639571584982,0.0001381828870450163,6.75578649626933e-05,6.15384032308801e-05,0.0001905253285015569,0.0011314451593459655,0.00031138394673592976,0.0004182971539880321,0.0018594115760268513,0.0013407910021951345,0.001665107481805882,0.0020676511230759104,0.00033226880046418624,0.0004296679281873608,0.00023133704447807825,0.00015064238408296607,0.00026555286669706064,0.00018127863326962467,0.00014472968835285707,0.0001248859736498169,0.00018999423655123235,0.0005077776515680182,0.0013842897398212717
2022-04-26,0.0001516497439663314,0.0003261468806354651,0.00024071264734388425,0.00014021955099579537,7.423240662621567e-05,7.66814333195954e-05,0.00020276779949008727,0.0011173816840153606,0.00028631538097690816,0.0004373776651845366,0.0014004771261702355,0.0013316324950764027,0.0017270157355902508,0.0020292120235883703,0.0003938697890171012,0.0004298530976946068,0.00022818105236800174,0.0001473087233599536,0.00026325228021506264,0.0001794552726180392,0.00017567888738509072,0.00012825435364550774,0.0001879168083046547,0.000513683587432435,0.001254625362746722
2022-04-27,0.0001976469137039733,0.00040717700341227263,0.00029678144825350043,0.00013502659048427208,7.080061828274523e-05,7.588631586807045e-05,0.00020485247888206697,0.0011404767476976769,0.00036480841209262114,0.0005168552453395336,0.0015674398319704464,0.002255506866126641,0.001949020022317159,0.0022139302400062066,0.00036819866985955354,0.00047760972637015737,0.00022687369022520335,0.00017386868426030682,0.0003084791056904018,0.00018607390178178315,0.0001735135563572928,0.00013705148453732873,0.00019293252524269148,0.0005824869497998938,0.0014685829430238684
2022-04-28,0.00019532754271221956,0.0003943462807500932,0.0002977242790291065,0.0001401837911192719,7.422528956891884e-05,6.055465464907332e-05,0.00017709898109194194,0.0007897927780039084,0.000363544128844768,0.000609159756219588,0.0015699981409721874,0.001930290014970466,0.0018940656543332403,0.001973760082890184,0.0003453354983966342,0.0004913923953434938,0.00020677604214561974,0.00017348271501418727,0.0003148443663301741,0.00018233941459229726,0.00018291103610192406,0.00013488179564316843,0.0001784992481759875,0.0005832741141072065,0.0014678197766417576
2022-04-29,0.00022112755047429958,0.0004451022383217221,0.0002782333994329197,0.00013720488535997512,7.086394093296017e-05,6.213102118943479e-05,0.0001776402092873668,0.0007913239336882627,0.0004506902879014749,0.0006241921206589069,0.0018378597177805631,0.0019286971426879633,0.0016904365112948693,0.0019608913044409783,0.00039383134845768467,0.0004934431174316838,0.00019249603936324948,0.00018198992889379158,0.0003280592606833594,0.00015477988639845178,0.0001859287336083544,0.00016365800564325356,0.00018346578958662143,0.0005461617301290319,0.0015957086482985521
2022-05-02,0.00029667756184408863,0.0005544371314177863,0.000302739751293286,0.00014323483705491294,7.735257087305231e-05,5.862145073424908e-05,0.00019509197731473328,0.0007704267052556215,0.0005244072721836912,0.0007227628620598771,0.0020010368871951714,0.0019305450395284392,0.0016803972930990853,0.002271641096212192,0.000423560564787073,0.0004932414099409057,0.0001971276083744852,0.0002463845870349174,0.0003858456014864908,0.0002727719413980467,0.00019494362268805855,0.0001781182333731365,0.00018992737035102025,0.0005976542687205378,0.0016570099804066598
2022-05-03,0.00028547485084670345,0.0005609322886388006,0.00030253537538090376,0.00015965668932467253,7.899553224943842e-05,7.779267332435548e-05,0.00019832053265087706,0.000647715620393266,0.0005070025422150445,0.0007388357901416189,0.0021361306412543387,0.001990185317058132,0.001820236972184438,0.002501126259158991,0.00042711114893628137,0.0004960382726453004,0.00019187272247654,0.00021687626829923655,0.0003394732309746015,0.00029722576562220737,0.00019098801644803465,0.00018239040755696446,0.00019011548212450547,0.0005718706029138604,0.0013801798300873318
2022-05-04,0.0002861816903310261,0.0005607959174144733,0.0002997161409048884,0.00016133856030288085,8.064227188386761e-05,7.59426129777452e-05,0.00019645917072099456,0.0006737095717819562,0.0005118630814748738,0.0007430720112503265,0.002112058256505567,0.0019905517996988034,0.001802607016899295,0.0025061527937559266,0.0004653834843636659,0.0004885393063037297,0.00019062215950113134,0.00022568890002309534,0.00036104216000479625,0.0002852101227980608,0.00018960052450941745,0.0001806955366488792,0.00018014272606663422,0.0005718066202851589,0.0013851883848580205
2022-05-05,0.00033147774849762976,0.0005986051661006236,0.000337551117501049,0.00016032849244754065,8.518002231597298e-05,7.989452290040897e-05,0.00022018809633681655,0.0007151060085974516,0.0005702874082828608,0.0007708257230859749,0.0021542060190906146,0.0019462225518947962,0.00183908728799271,0.0026203897555701055,0.0005559810156604112,0.0005799714833967618,0.00022355217989763877,0.00027434351974972435,0.0004179756959340338,0.0002910439613017265,0.00019066666473279375,0.00018130392073290998,0.00019047973436246013,0.0005935333840860615,0.0017752387056463124
2022-05-06,0.00039435040353704955,0.0007172344925539281,0.00040004814455780124,0.00017399603002298734,8.112406756292855e-05,7.853011746679783e-05,0.0002432573418320844,0.0006752606292206081,0.000730241196438524,0.0008700686533480239,0.002313763245405883,0.0022317075720256563,0.0021290617630021656,0.003212140070510153,0.0005548860504124896,0.0006041646925172434,0.00022253495644713553,0.000320024494398505,0.00044563012461865494,0.00032972669418559374,0.000208740029398062,0.00019958058936149487,0.0001940921269125666,0.0006216416873328663,0.0018920988562668118
2022-05-09,0.0003907826433134177,0.0006988041503511081,0.0004042897685713963,0.0001824468430866516,8.322118378685258e-05,7.838004577453513e-05,0.0002403089022013058,0.0006671243017083028,0.0007124670746689361,0.0007988423193314768,0.0021173068322354023,0.0021365961007701034,0.0021187725535569595,0.0035244776537141503,0.0006002138396572961,0.0006060580321167943,0.00021886707815202994,0.0003202327824795445,0.0004350832192073656,0.00032989245733388206,0.0001728950321529111,0.000193940614412295,0.00018943209346943072,0.0006170408282081319,0.001856257013402261
2022-05-10,0.00044738717381504704,0.0007857343102009987,0.0005048435479925066,0.00018351741791013677,8.271537320413465e-05,8.924815003958527e-05,0.0002910210255194046,0.000936172377937994,0.0007746748929596591,0.0008743258702890908,0.0026280178908006714,0.0026254446816060717,0.002701566516366356,0.006100457349487878,0.0009993077476636411,0.0006923674110103832,0.0002190899752192712,0.000352192734266153,0.00044714086283457034,0.0004355386446790464,0.00017414344808541356,0.00018522623060303271,0.00019142036854776368,0.0006663521706538175,0.0023921506204474825
2022-05-11,0.00044728629758088406,0.0007828670310263617,0.0005013402230303607,0.000181487551967691,8.026864696490619e-05,9.105040347696362e-05,0.00032171795040327844,0.0009659976603468483,0.0007808049840357835,0.0008810697218132106,0.0025883785181397894,0.0025890068469679754,0.0026434358488324167,0.0070368086894665215,0.000963414328486992,0.0007051162655585573,0.00021505577835008596,0.00035095327954274115,0.00046245572183887016,0.0004539068573567109,0.00017402949078424004,0.00018344407162792177,0.0002007452889445546,0.0006686815011094266,0.0023936166738819415
2022-05-12,0.0004450532674555791,0.0008011144405259691,0.0005335657621726955,0.0001875074871320675,7.621886638754647e-05,9.333323147019065e-05,0.00032486495214446767,0.0010577025653846946,0.0008994038802652493,0.0008549042225958049,0.0026065038842026764,0.0028610951797089033,0.003254626548312826,0.012071991556142317,0.0009221623381414042,0.0007104736726265263,0.0002136148817239836,0.0003545480714791557,0.00046390832621648613,0.0004477610346958363,0.00016695603306341602,0.00019366356102046718,0.0001848482147628707,0.0006934392818561455,0.002324856133110381
2022-05-13,0.0004443583519657858,0.0008004399584357425,0.0005404615508125402,0.00018759386081662504,7.620372559669434e-05,0.0001032069595891474,0.0003956145939109882,0.000932476331375921,0.0009329157827012055,0.0008701907645180668,0.002628829307930783,0.002857880157460692,0.003415978791027811,0.012431517581264541,0.0009083128003027357,0.0007162260647261846,0.00022055859283005838,0.0003511166701216326,0.00045727514005149844,0.00045095007944251115,0.0001722419464011816,0.00019407339386851797,0.00018229499150866705,0.0006973654703245546,0.002299675122007784
2022-05-16,0.0004678245043995295,0.0008507808453229504,0.0005743273759472359,0.00019951128156490443,7.627100775025449e-05,0.00010558809552239828,0.00040118550850016106,0.0009134973572602354,0.0009725786788046789,0.0008766668646839695,0.0030206779531633966,0.0029588248635128954,0.004046919286424647,0.013582627924391773,0.0009581693553300148,0.0007156030863105211,0.00021998448460391011,0.00036250213085121946,0.00040278329122617575,0.0004854138961060712,0.0001730798918768326,0.00019986716307294667,0.00014692353413298706,0.0007347629840767831,0.00268793024982416
2022-05-17,0.00046013218481611,0.0008289210413855156,0.0005703716251442616,0.000177116392242667,6.884975233692163e-05,0.00010992374605829069,0.0004368045099445754,0.0009290384201701094,0.0009281175391743547,0.0008354960424502869,0.002952080614853729,0.0030837027651264177,0.004137787013325832,0.013945005585278475,0.0009946796501436015,0.0006259663994332575,0.0002210292595988476,0.00035933463742826826,0.0004007125200266715,0.00048658469477362245,0.00017473718805371415,0.00020332233376224996,0.00014694394122420865,0.000745976950976672,0.0025608209029261697
2022-05-18,0.0004828271097423537,0.0008646978118022301,0.0006175677512599779,0.00018385126107681448,6.744477716132268e-05,0.00011157293420788444,0.00043168453435778344,0.0009554922099734584,0.0009625339958207784,0.0008573763587733597,0.0030649198574516155,0.003200734550871774,0.004225732047467011,0.014805703966658998,0.000990351196046722,0.0006644865662839275,0.00022439496154613578,0.0003956084937488485,0.00044043848904970164,0.0004957091628102315,0.00016708159520360238,0.00019875046197909209,0.0009423743156428637,0.0007793976324103174,0.0029403809079079513
2022-05-19,0.0005614992980271566,0.0009766916362705976,0.0006659022751763303,0.0002051212185574391,6.470030383339471e-05,9.888910101280285e-05,0.0003975361420141134,0.0008720479395530761,0.0011364592527774728,0.0009606559008426783,0.0033183511182985617,0.0034422392716114553,0.004252231407006919,0.015315036668109445,0.0010236188516568856,0.0006921159048407492,0.00022263220349839688,0.0004280943845227328,0.0004337377973246984,0.0005177924458238628,0.00013685818894902202,0.00041343119172647673,0.0012062327645325768,0.0008149948427987944,0.0030973877396875183
2022-05-20,0.0005635359111799079,0.0009664523815508274,0.0006652540643196852,0.00018369148887618065,5.92465153194656e-05,0.00010924087738666829,0.00043730060031499027,0.0008849787212237568,0.0011704929064360137,0.0009606549650242553,0.003266015073521339,0.0033007958020549997,0.004154324773671798,0.01552112764448468,0.0010235479202291074,0.0006853339875947683,0.0002355658762286887,0.0004279174538749616,0.0004452782300431994,0.0005039831994316117,0.00014015669335988907,0.0004054179374839035,0.001240107917603424,0.0006428215232497282,0.0030474018921349197
2022-05-23,0.0005511152921953068,0.0009430433377783605,0.000637532918412572,0.00018764725392751472,5.4309773790795325e-05,0.0001085719709361066,0.0004179035554999646,0.0008874797870313759,0.001169368692921773,0.0009399670646164428,0.0030883768578983547,0.0034862324667348094,0.004023514079651984,0.015280190820481982,0.0009676042059323118,0.0007860134884747995,0.0001798567733935336,0.0004141391910008582,0.0004456730119726876,0.0005035384692781465,0.00015614055587312193,0.00040540664751135863,0.001240049493921966,0.0006149119615356367,0.0029955753387224727
2022-05-24,0.0005275414717829395,0.0009193778861966269,0.0006077856246883289,0.00020053895037277798,5.493368472821998e-05,0.00010452394418177823,0.0003932113597101765,0.0008582240043793112,0.0012105054490881121,0.0009616953269133956,0.0030344207719683195,0.003500268987021361,0.004010592920616402,0.01517823580608702,0.0009712679145194819,0.0005890491938190009,0.00019244932926767267,0.00042013197534124323,0.0005965219664832059,0.0004936670553429332,0.0001730567391260721,0.0004298400220209245,0.0012635812647846213,0.0006299205500341049,0.0029905409736407157
2022-05-25,0.0005289271918318865,0.0009357496849941305,0.0006179768889368685,0.00021602518019663822,5.75571722169869e-05,8.95902672048216e-05,0.00037854300357460975,0.000831742439003358,0.0012286534605618416,0.000930694787662522,0.0031243325916599936,0.0037796423256725178,0.004226395269924793,0.015441075591070932,0.000910126204177947,0.0005917970996961587,0.0002172664089410854,0.0004202142671562528,0.000607290365645424,0.0004971811534330431,0.00014711844712205854,0.0004433313890048414,0.001271990091872782,0.0007105832889087105,0.003042583254902119
2022-05-26,0.0004858674082808678,0.0008652593378662854,0.0005792326490361036,0.00021138343101937917,6.330311202968452e-05,9.146636506211264e-05,0.00037511895309291386,0.000802177592950701,0.0011494707889367,0.0008578702330116046,0.0030772151985308427,0.00297940116524537,0.004071459046806955,0.01568588380965154,0.0009329099116091866,0.0005596226682267463,0.0002206897969029064,0.0003882189722618382,0.000560551751838888,0.0004860323875448881,0.00014962350807508557,0.00044223097696772265,0.0012680123747253209,0.0006562468721214525,0.002840211996482051
2022-05-27,0.0005068709036908964,0.0009060838990139619,0.0006049780089807724,0.0002033839263718744,5.8214360661346554e-05,8.850273614613134e-05,0.0003722251095506116,0.0008370437994104608,0.0011781563461099348,0.0007459263627352788,0.003193845970873185,0.003258639546539121,0.004124250593606696,0.015696580108696002,0.00092795606814397,0.0005599552279425588,0.00022040522628906506,0.0004167547177229981,0.0005672588899310855,0.0004837185868570639,0.00013882826141044632,0.0004459858850333264,0.0012898095621085134,0.0006826897507410703,0.0030623812988788907
2022-05-31,0.0005050029378007839,0.0008958750118462102,0.0006249067728518053,0.00020358816544019208,5.921561245220826e-05,8.693030103691631e-05,0.00037197327540422064,0.0008159246661116586,0.0011587292468079504,0.0007591031943509181,0.0030633140761687863,0.0035317667979496126,0.004332039108696791,0.01600544281356401,0.0008970743422667232,0.0005775637776083058,0.00021921794656845183,0.0004232830291169554,0.0005645720818777837,0.0005038475581029997,0.00014027352289516134,0.0004241076974968385,0.001301793554127676,0.0007479428333583917,0.0029682573733261957
2022-06-01,0.0004290856808458406,0.0007801709005733766,0.0005864303049257226,0.00021930523268237322,5.543307534017514e-05,9.234274715493221e-05,0.0003910834920395365,0.0008082320689532804,0.0010841481475220255,0.0006605870858845199,0.002838754885799948,0.0035286798739199397,0.004307717489514721,0.01568318890531542,0.0008725851819577728,0.0005750881100775528,0.00020909568476531549,0.0003565511003688164,0.0005085625596207213,0.000391302161362271,0.00012948595267307716,0.0004087917957039075,0.0012781102400732495,0.0006966382622936471,0.0028478647034312146
2022-06-02,0.000430725307573645,0.0007681748563285832,0.0005822355074847038,0.00020263275965808655,5.537171799101284e-05,7.537062871427806e-05,0.0003990106211705086,0.0007947919561849124,0.0010839786440044329,0.0006273067643995708,0.0027116665494035064,0.003487779785314565,0.0041730531071054455,0.016300080950788245,0.0008731308297778848,0.0005756666514394839,0.00020877670956668688,0.0003709192497169342,0.000521195213430432,0.00036236087043860454,0.000129544750573179,0.0004114093322121559,0.0013100238294195066,0.0006886201637434,0.0027170497180108804
2022-06-03,0.0004490674590470206,0.0008080856175232098,0.0006101368784062231,0.00020017496140156555,5.3121025206489404e-05,8.318360244973377e-05,0.00042676521900172665,0.0007902277562789857,0.0010941764800573345,0.0006257791492114213,0.0029577507852222773,0.00359955894168888,0.004448104539253075,0.016573107202827328,0.0008318328831069718,0.0005795182057024679,0.00020511765943602938,0.00037195087799107396,0.0005105471596989152,0.00036421218144049397,0.00012987969330992367,0.00040728224367642005,0.0013238874746855757,0.0007013766578706977,0.002976425775930238
2022-06-06,0.00041478196055726987,0.0007855948881340184,0.0005766372808946329,0.00019877528578455308,4.847903171184887e-05,8.365326524586137e-05,0.0004187867727079141,0.00071389897936328,0.0010903826244212393,0.0005960752998615454,0.0029976550336599187,0.003992988863816744,0.004480475729826925,0.01699025543312949,0.0007506231672569897,0.0004962571489240529,0.00017181457090693634,0.00033375318658076234,0.00046333282219820985,0.0003669603165974398,0.00012459552811771075,0.00040877888908672476,0.0013299843115211728,0.0006944476995161778,0.0025861789132310513
2022-06-07,0.0003435663379560527,0.0006399599708975315,0.0004837548922562647,0.00017548867404941856,3.816341639741134e-05,8.392149972817209e-05,0.0003904328800853753,0.0007214024170874514,0.0009118903803921703,0.0004886939985055772,0.0026811952892348574,0.0035927567982217664,0.004004911886643904,0.016244527119752453,0.0007381049304668829,0.0004463091699679619,0.0001700994920585128,0.00028632921057315395,0.0004287746516820224,0.000327496623623562,0.00010425229078425959,0.00039067121535129153,0.0013266379671443168,0.0006441084248501325,0.002407545055443947
2022-06-08,0.0003465942912362324,0.0006360442116919232,0.00048234967978238004,0.0001697399620460779,3.572497732323478e-05,8.608334105525117e-05,0.00039154378096720177,0.0007175801622788204,0.0009273151440791173,0.0004942766067643883,0.0026797695629182457,0.0035888936328743286,0.003938760585407544,0.01574803413684772,0.0007382818884074457,0.00045735683886371115,0.0002042223460320927,0.0002867527530958726,0.00042900696738367556,0.00032994796396366765,0.00011053642896561288,0.00039201153912815786,0.0013103948867765381,0.0006203842293592641,0.0023949970272094593
2022-06-09,0.00029515059399415144,0.0005516622042977117,0.0003944982144299108,0.00016987658598265426,3.6871890481862794e-05,7.448063057063797e-05,0.0003428151996192885,0.000473634505453364,0.0008663294262246487,0.0004199178998196889,0.0021770390067790187,0.003101911387720623,0.003387347421386216,0.013172777261617714,0.00033018516617872094,0.00037858421578882535,0.00021805142901027991,0.00027198455933250687,0.0004305346595263049,0.00024864395799469713,0.00011086880806983127,0.00040026848538891917,0.0013071394053193058,0.0005704964170447446,0.0019174019754520826
2022-06-10,0.0003265866560489207,0.0005840418607490378,0.00041852444299462095,0.0001660175585192823,3.8289532298293455e-05,7.109837093503639e-05,0.0003300537681873765,0.00043911472172937765,0.0009257683632623035,0.00042548308646207507,0.0021592286093464062,0.0030917797805559795,0.00360175158099082,0.01254709398541823,0.00035308475173394417,0.0004043756649624963,0.0002506410887068684,0.00030313305611130584,0.0004218996555620441,0.0002616500967604264,0.00013343155095359144,0.00041692065886327664,0.001302194449941957,0.0006487649086424734,0.0019295309641316836
2022-06-13,0.0003599552281604012,0.000605011943735186,0.000425232352392432,0.00014818311909590046,4.228634136841732e-05,7.719581657342702e-05,0.0003221920747366468,0.00031994941989370816,0.0008555706626802721,0.00047682496204387044,0.002191119811164242,0.002740308656291885,0.0032822814930866485,0.007774261956657196,0.00035936651187985726,0.0004798998547582572,0.00025206025981757823,0.0003726628680477207,0.0005409632599947896,0.0002889270097180082,0.00013427200159954922,0.00040669251672421415,0.0012978624790162313,0.0007003848420469898,0.002017507457312374
2022-06-14,0.00044194583184705463,0.0007288454108781222,0.0005445868442960177,0.0002036544966123927,7.21150445755004e-05,0.00010335587257375617,0.0003073377518206055,0.0003105582031496069,0.0008983222190609605,0.0005574244758399247,0.0025118594013996973,0.0030338246716371197,0.003585683909225596,0.008180434727172876,0.0005157371680581211,0.0005583873824211653,0.0002541364357198442,0.00041973787787812214,0.0005909711011352266,0.0004296348118703682,0.0001346055660215991,0.00044610630688746064,0.0013175737516985474,0.0007747108077050814,0.0024190004103930712
2022-06-15,0.00041187581084241683,0.0006565094448396861,0.0004925577084321172,0.00020033515776453977,7.207463376684105e-05,0.00010326088164724987,0.0002965147904979058,0.00029981891918037015,0.0008466915472993759,0.0005346797091498692,0.002071869508650673,0.0028953152172026763,0.002908595059390887,0.006975489411929209,0.0004540686712655557,0.0005562027361131873,0.0002727291648385058,0.00041239487072492604,0.0006020943943596102,0.00039562872742665296,0.0001458786869331627,0.0004948880289572143,0.001316768378926222,0.0007435842354998163,0.00198968648483395
2022-06-16,0.00042194385257367776,0.0006823804231997956,0.0005028742636600997,0.00021898715227802566,8.516610488511216e-05,0.00010753274911569181,0.00030901675798602617,0.00028912614473552815,0.000862099337321351,0.000581582265721659,0.002136763304206554,0.002850506985082008,0.0029265316243315387,0.006705013091006908,0.00044427514741070744,0.0005462347745788804,0.00027246166475654646,0.00041531973613174815,0.0006069977066445634,0.00042349953733294076,0.00014945393211544437,0.0004951791946887626,0.0013167290946864156,0.0007378649381809297,0.002022570446664679
2022-06-17,0.0004612707373399088,0.0007394491203295565,0.0005763379752381496,0.00021431839645678671,8.342748076406908e-05,0.00011220524318304327,0.0003196301597239085,0.0002604627876170807,0.000917228839834092,0.0006003041752256317,0.0021733970500940917,0.0031493490453349668,0.0030186289126752142,0.006138348208939833,0.0006210629676411568,0.0006745121347536781,0.0002973993784166049,0.00041302496275713146,0.0005651634817964908,0.0004523418847621969,0.0001485275189491253,0.0004967713086841451,0.0005239259055740651,0.0006960050093113684,0.002031306070203557
2022-06-21,0.00036880971399063544,0.0006086971037905279,0.0005099763526271692,0.0001905193822078729,8.290711225846939e-05,0.00011592317060044605,0.0003237542190282924,0.00037212097653779977,0.0007397463013925133,0.0004878746332052689,0.0019176672535325093,0.0028935333693471624,0.0030324063866698017,0.005536531484418832,0.0007572206369955885,0.0006484809561081764,0.0002848837795203752,0.00037080185935220065,0.0005495446808020727,0.00040793519039494986,0.00013002466522722022,0.00027287194995739616,0.00027392215796131396,0.0006050100750630543,0.0018205797133227521
2022-06-22,0.00040059249016625287,0.0006411137274739937,0.0005271032078380292,0.0002062146945344712,8.810180106766944e-05,0.00010503320407812274,0.0002838278039251884,0.00036179924936267433,0.0007625613413678842,0.0005194420507440573,0.002009083200875037,0.0033314298495465116,0.0030261793862471848,0.006018567597584499,0.0008961841279210628,0.0006668477553267722,0.00033471237105095394,0.0003897644318486333,0.0005701240506685354,0.00041730372719024384,0.00014919809262298883,0.00029193133653097333,0.000288556332359838,0.0006050200378949957,0.0018591701769248375
2022-06-23,0.00040076236430281343,0.0006406997893580596,0.0005269452078149416,0.00023954253723711683,8.967591226931994e-05,0.00010587280174975732,0.0002851566792549126,0.0004332106360197303,0.0007631997069201239,0.0005194711393943719,0.001982238903921618,0.0030914792767282903,0.0030268829086538994,0.006569619735308517,0.0009865796509570773,0.0006681223859357338,0.00033793309920609354,0.0003898560137060175,0.0005681470136859183,0.0004238301936839674,0.0001461812959304335,0.0003050634266590535,0.00029662580967825886,0.0006026094772382971,0.0017983056953286148
2022-06-24,0.00038715563118493573,0.0006377752531414926,0.0005267903223408559,0.00022813359704514235,9.220021102302515e-05,0.00010676397312417127,0.0003067953289128514,0.0004633187658357171,0.0007034149690722999,0.0004924696477881536,0.0019779197945786198,0.003077711182258025,0.003282505104855622,0.00743885105674153,0.0010274824200344826,0.0007506803382845037,0.0003219117539360561,0.00033463621172156007,0.0003774141835891046,0.0004359435196569937,0.00015046643109812771,0.0003168878264362844,0.00028481824095251716,0.0005478411006877345,0.0017969420124490623
2022-06-27,0.0004375864250558509,0.000674636608581839,0.0005655416452481632,0.00021786466999638862,8.296918412353396e-05,0.00010374342735251157,0.0002983984713414405,0.0005080487584742305,0.0007149258178780522,0.0005533605636918469,0.0020268391976443903,0.0029028913764237688,0.0030860180627994838,0.0073531221715926924,0.001036051911884877,0.0008245920756965802,0.0003173244880977963,0.0004061947060459514,0.0004140031602753476,0.0004563449478945274,0.00015556890593115347,0.0003110693823457649,0.00027643098635979916,0.0005282003923742225,0.0018652743271981534
2022-06-28,0.0004341514071426985,0.0006670239525851246,0.0005488678288398847,0.00022102980153472995,8.185995112100374e-05,0.00010180857575557508,0.0002981259867416429,0.0005285724936761393,0.0007148547241230923,0.0005527007561623636,0.0019047777703171858,0.002779246375773974,0.0030015805197085793,0.00761515572476425,0.001058943504512567,0.0008144909314809366,0.0003110766714137339,0.0004033879366870082,0.0004149095201373137,0.00045256748715698334,0.0001502917081173143,0.0002993139287226466,0.0002749363065002388,0.0005215772852384052,0.0018570576904108945
2022-06-29,0.00043605559250249187,0.0006785453456755819,0.0005418516569041517,0.00022108672932833604,8.186035338606418e-05,0.0001017700069650624,0.0003111838813118099,0.0005186033417284439,0.0007361356134287359,0.0006007444992842926,0.0019258979838060162,0.002642507977930536,0.0031218771963185815,0.00796668739159726,0.0010912166650341355,0.0007978909587115579,0.00031168326976907003,0.0003802651471931879,0.00040009103119437764,0.0004606725425463302,0.00019584325835715792,0.00030988859822750564,0.00026161214033494314,0.0004966602806736886,0.0018620735655934682
2022-06-30,0.0004038816821044571,0.0006220997862408162,0.0005088885936452899,0.00023389733900028723,8.230326472337176e-05,0.00010178733545298557,0.0003112255410321228,0.0005372819538397066,0.0006579125268748689,0.0005718608389476131,0.0018183155975587742,0.002386188554711364,0.002916951065891744,0.00770173058235959,0.0011417388071784528,0.0008024683507381944,0.0003109205606118014,0.00036669701301676294,0.00039040716202239843,0.00042442901452590753,0.00019137063022067963,0.0003017529170875773,0.00024155057030801418,0.00043181594658526124,0.001862923963601439
2022-07-01,0.0004057921148892531,0.0006302432623993315,0.0005036893463200346,0.0002130293853851241,7.979831454150201e-05,9.840893399086909e-05,0.0003129409738268602,0.0005928186340865572,0.0006744623512443507,0.0005801158090598602,0.0018493967498894978,0.0024032354970723096,0.0029571759474705393,0.007804219093124933,0.0011540524073251717,0.0008377185610087893,0.0003319163217967105,0.0003705653088110893,0.00041801767459378965,0.0004162817312823961,0.00018774284478760092,0.000306767315701712,0.00024190306734900264,0.000435602330020683,0.0018832966419103495
2022-07-05,0.0004082418236138197,0.0006295955040610817,0.0005098485423910424,0.00021867126098140202,8.656425612069528e-05,9.623945893779968e-05,0.00031888238451921214,0.0006073220585539261,0.0006885008730792332,0.0005861039490953098,0.0019301611191952204,0.0023803728631378598,0.002943112961858104,0.0069861357728705255,0.0011518436054973778,0.0008346482816069703,0.00033545378319469284,0.0003662913806527052,0.00040970110378917864,0.0004299277019400591,0.0001889997703411606,0.00030803871299666465,0.00021163667202460018,0.00044677481979193696,0.001957322591955991
2022-07-06,0.0003889491672196454,0.0006054016489360481,0.0004816949352393217,0.00022201091587959688,8.655763040868826e-05,0.00011321058493785959,0.0003476676016701962,0.00101125791918609,0.0006925399872626826,0.0005912705232448686,0.0017323983445551936,0.0023007556512507406,0.0030817597972038423,0.007511839575710591,0.0012410710855425017,0.0008641646497310181,0.0004360527571427913,0.00035672741570572444,0.0003965470769362116,0.0004201608152331044,0.00019171523193082761,0.00030689275489653484,0.00020654156660195386,0.00044034730589791773,0.0017099544864921067
2022-07-07,0.0003745765578504461,0.0005695764517539346,0.0004802389289095832,0.00023745955744592878,8.73542819418993e-05,0.00012147360538174457,0.0003309088315707947,0.0009889336495904997,0.0006128870266890075,0.0005847479276700646,0.001625549873473991,0.0017902299497245576,0.0029404152458171948,0.007208383824214555,0.001247829781539167,0.000858618549366083,0.0004704064034232821,0.0003455301893416618,0.00038807184647445366,0.0004104494640441264,0.00019082556994462382,0.000307172760163754,0.00019283300830589018,0.0004254456496943303,0.0016852944014790724
2022-07-08,0.0003861728595578887,0.0005935206115854725,0.0005091783961877046,0.00022276123933864952,8.459978060326936e-05,0.00012042378633243632,0.00032893199038375984,0.0010613901820236112,0.0006421995536038399,0.0005872064963421917,0.00174581289506483,0.0019348869427869124,0.0031562743688642926,0.007633176206638174,0.0013164570049955856,0.0009699925706973099,0.00047443120927973583,0.0003564543098531068,0.0004216386681456715,0.00041030325066017425,0.00019089370113510582,0.0003063398932286088,0.0001922504134294414,0.0004328097179830757,0.0018261969541939606
2022-07-11,0.00038121909048023666,0.0005895668786820679,0.0004951606756440917,0.00022323551416265447,8.319272976607332e-05,0.00011812223382857695,0.00032626174280867774,0.0010787258063661047,0.0006267680141160495,0.0005771079782560382,0.0017428816812788954,0.001969080368508829,0.0031095070075519574,0.007746276862902324,0.001269050914278905,0.0009593706262429034,0.0004305093023541399,0.0003534750079788677,0.0004218044747516823,0.00040158677981141103,0.00018442559720991354,0.0003020933962856155,0.0001842749801971059,0.00044725459768599283,0.0018255446874384758
2022-07-12,0.0003819036401778388,0.0006122501344508406,0.0005044643436960648,0.00023490653545540574,8.18007725765583e-05,0.0001196573771556438,0.00033019365031365053,0.0010544429823062828,0.0006374733332290283,0.0005815364092852971,0.0018386016575423487,0.0022118189474342465,0.0033516998875286804,0.008436653270830556,0.001273872119114469,0.0009808010466742212,0.0003860519407893635,0.0003398475797018607,0.000417257159346574,0.00037204196757968433,0.000182487987449715,0.00029618330721379585,0.00018012821590271776,0.00047636122711138657,0.0018188883446634936
2022-07-13,0.0003545020411883269,0.0005770743232860484,0.000481079742216058,0.00023622306135694907,7.952325317135758e-05,0.00011986000105501023,0.0003142366565726519,0.0013313411321445607,0.0005665844066030435,0.0006532688040879987,0.0017812052321794672,0.0022090377222504973,0.0031510943841808947,0.00807198617601301,0.0012677342458369246,0.0009412722358878109,0.00036158404761205116,0.00030655171882109055,0.00039260442923917194,0.0003413642163008478,0.0001707373962116678,0.0002823132881206959,0.0001745702197641715,0.00039577339696832657,0.0017698644996794308
2022-07-14,0.0003086086975116288,0.0005067003317114246,0.00043969721213407085,0.00024122190617823422,7.739331579953765e-05,0.00011138870590668659,0.0003187566668451519,0.001326804547159167,0.0004819513811094177,0.0005402338598377368,0.001576686816595673,0.002169672763914983,0.002852172245069346,0.007723828078706212,0.0012518607734154504,0.0008599628287754288,0.0003713337452515655,0.00023665230700900615,0.00027621447313209367,0.00031510943832657224,0.00016857748981412673,0.0002838671594196037,0.00017316530286159081,0.0003174068649881014,0.001689730452159338
2022-07-15,0.00022688213249673328,0.00038325578351938163,0.0003187434944022169,0.0001892349378418502,4.978238073881658e-05,8.311163995087242e-05,0.0003392255826004446,0.001327636143870763,0.00042101146159838815,0.00043895587228321743,0.0012239678071616301,0.0018740391986776014,0.002411324135504345,0.006921727280246931,0.0011144426561496628,0.0008038525741811422,0.00037939380289086393,0.00020692988746242032,0.000295429352962887,0.0001755723694934206,0.000163054275266888,0.00024402435377502064,0.00017391620029199437,0.0002468019575503377,0.0012934291214413713
2022-07-18,0.0002459965997414618,0.000400772779127608,0.0003407163678718768,0.00018213612997752988,5.179799543598067e-05,7.979713426984156e-05,0.0003435402878511909,0.0013107155378305336,0.00042568759222867843,0.00044020954475320896,0.001250448013072959,0.00184646520127919,0.0024339036735663735,0.006920562012628683,0.0011285589456062727,0.0008257994406835656,0.0003619826427351638,0.0002635113541859877,0.0003899896837375344,0.0001878450328438301,0.00016134235469857688,0.00018911540873336384,0.00017909305386637774,0.0003040239815360877,0.0013475411760393318
2022-07-19,0.00023878798031568493,0.0003714126349189224,0.0003295862692160921,0.0001694321542305625,4.129087347915239e-05,7.063868656881803e-05,0.00029440560103078176,0.0013853727047151286,0.000427803272631354,0.00039830995242697747,0.0011753536777584135,0.0016906810982501503,0.002212769254830635,0.007106557466583623,0.0011293080413062044,0.0008252091187443856,0.00040435031698540655,0.0002575191416470546,0.00038824359443979576,0.00016055032162459233,0.0001833513146588316,0.00019181270059301792,0.00017936500226156793,0.0002888234103621121,0.0013107753927056394
2022-07-20,0.00021568079950880876,0.00032877724788976426,0.00027227189272679313,0.00016760960308888446,4.165031729698721e-05,6.410471732057145e-05,0.00028467969744039345,0.0013955882259593351,0.00037624383409292625,0.0003805115786548863,0.0011521533711809208,0.0012772338949168043,0.0020802467084713437,0.007526985346026895,0.0009956117842206016,0.0007455435596158095,0.00037951564450558435,0.00026946988404811877,0.0004046521452448482,0.00015747295380796352,0.00019514627179636337,0.00019119259822821064,0.00017556576685534317,0.0003611288557923643,0.0010731932566858103
2022-07-21,0.00021763718229629548,0.00033433124874361836,0.0002821963784471207,0.00016741893407614886,4.149225692856805e-05,6.52580920197209e-05,0.00027736814220318234,0.0012572452304758525,0.00037890404816175475,0.0003800683926461938,0.0012551398489319204,0.0012648506415870798,0.0020875625083000503,0.008509771649462858,0.0008276041865430578,0.0007391882987979743,0.0003876263874595132,0.0002697436612527041,0.0004039703782304529,0.0001546517421281367,0.0001962104076664791,0.00020498485195686366,0.0001585037705713766,0.000435503794548405,0.0011611546015578489
2022-07-22,0.00018940895091374698,0.0003114585303876392,0.0002663520206439096,0.00016747639908666251,4.598914534651176e-05,7.524198210735535e-05,0.0002854420332309843,0.0012964911583698666,0.0003342897860830381,0.0003529559249997635,0.0011672521479311679,0.0013037613592606424,0.00200326459005523,0.0077958398225165025,0.0007050265107125531,0.0007207970695873997,0.00031532506140152615,0.0002506003480847504,0.0003737013222768662,0.00014761937319345656,0.00017334546384512904,0.00015625191989144564,0.00011300010326338684,0.0004321478563112077,0.0011401928773252228
2022-07-25,0.00019398668879863444,0.00032848053635375766,0.0002803139533581823,0.0001423929817613536,4.6332598927020246e-05,7.471597187299988e-05,0.00029114121688421124,0.0012245206060772086,0.00033711655656559037,0.00036857792648840393,0.0012522726432630112,0.0013030914407456513,0.002168586491634484,0.007329339019940518,0.0006173580248591135,0.0006220472133779446,0.0003115231295865296,0.00025215956012904076,0.00037326465397169515,0.0001403663943377114,0.00016114064986615695,0.00015686776915194652,0.00010522671593234566,0.0004427787891743855,0.0012011808918722725
2022-07-26,0.00018885657567985426,0.0003182996519845182,0.00027401340280935074,0.00014402222987582302,4.705429298170541e-05,7.305782927415827e-05,0.00027419727015615255,0.0012211064485602074,0.0003151878266512978,0.0003430415021889821,0.001264676186347944,0.001312949151558336,0.0019200677996314452,0.0066221639642688275,0.0006103033536574979,0.0005023206776870469,0.00031291902617695664,0.00025358907274996797,0.0003675150749301186,0.00012112582711557453,0.00013470315102863856,0.00011924925111731077,7.383145664059611e-05,0.0004388085053933066,0.0011895863801253664
2022-07-27,0.00014296667708904725,0.0002777110388341044,0.00022514894223468716,0.00013341435104009241,4.697954537954323e-05,7.308027580390757e-05,0.00027744639665946795,0.001187109647112988,0.00028736445622894126,0.00032162659579097904,0.0011516301789153075,0.001277917259837368,0.001963273782527393,0.009474544783442734,0.0006055006807150018,0.00042603318163881616,0.00029344259596036487,0.00019261468411727308,0.00033372882547438594,9.69140454408252e-05,0.00012585903141576642,0.00010825210015754902,0.00041639972409907906,0.0004121469604881836,0.0010631458525903223
2022-07-28,0.00017815096218137496,0.00036856532956705117,0.0002521118660510736,0.00013113433967293004,4.47391367897982e-05,7.863520938879756e-05,0.00031249078262066864,0.0012334295061645533,0.0003494168171462383,0.0005448539153168894,0.001433164349888153,0.0014733751632286531,0.0021649073654655417,0.009375924095132116,0.0005870156940292676,0.000445451330801733,0.00029446522413083953,0.00020474349820467314,0.00034406226882917064,9.875925906324138e-05,0.0001262308102655782,0.00010993922140770775,0.0004911890371735795,0.000477583786319042,0.0012062973978270168
2022-07-29,0.00016331946787208936,0.0003213259752264726,0.00024263084931114572,0.000133394015425288,4.846670695373922e-05,8.651940880113363e-05,0.00041559752891662835,0.0012134493798156743,0.00030002827981804746,0.0005312150109470442,0.0012798347229887044,0.0013552608130137944,0.0019654936459547784,0.009114194670856985,0.0005498513484393126,0.0004559727200530701,0.00031303986433343076,0.00020216664754385175,0.00034355361796276285,0.0001462845447726154,8.245071501436446e-05,0.00011008475963697326,0.0005134375430991539,0.00048465612223432447,0.0010014006574770916
2022-08-01,0.00017475475160823057,0.0003391663280433003,0.00023967377924414315,0.00012066328634822246,4.683733825721513e-05,8.691874978361205e-05,0.00042680809234455825,0.0011967365048964301,0.0003478751536263596,0.0005327240688458297,0.0012425270800810486,0.001510518452610991,0.0019808347190728884,0.009077260839415785,0.0005800688999896236,0.0005903257233070017,0.000331482382960294,0.00021120977670705717,0.00034369555838135887,0.00014574172669319101,8.263084362508545e-05,0.000328452992205786,0.0005296020404953347,0.0004913061066159869,0.0009833182712763492
2022-08-02,0.0001715921560739967,0.00033065628581795576,0.00023633075019603497,0.00014749065424153176,4.65569162754422e-05,8.663290597791493e-05,0.000389699288753727,0.0012208163037169557,0.0003318380722756629,0.0005283147099509511,0.001221068845502024,0.0014933030049529739,0.0019012838010201646,0.008903771991924601,0.0005790697733574548,0.0005694216004090424,0.0003036681877560784,0.00021071728682377753,0.00031867426983130977,0.0001491593820301437,8.283098013878385e-05,0.0003655988266474397,0.0005299262320818138,0.00048189990626809674,0.000994063977783691
2022-08-03,0.00016792985981335003,0.00032877464186989273,0.00022845420530352847,0.00016682477909439424,4.619589544460761e-05,8.85376670356534e-05,0.0003950853218869677,0.0012124198915181548,0.00032252545751875654,0.0005293967154675673,0.0011216271648657194,0.001491661439427146,0.001879498697126068,0.009073363268501741,0.0005672912050892402,0.0007662651870322953,0.0003274347019662637,0.0002074014221925209,0.00032334480002579354,0.00014087071317863615,7.767313927367925e-05,0.0003540057470094359,0.000525937698284463,0.0004748579723546271,0.0009537639325247826
2022-08-04,0.00018095668284012404,0.0003525287216051368,0.00023639795477221505,0.00017683525682882562,5.259204621025186e-05,6.36950009189712e-05,0.0003393735406397714,0.0008435212944394397,0.0003804160304996752,0.0005620953144095874,0.0010936970844118749,0.0014843280567228567,0.0016548202620098713,0.010110269892593931,0.0005239953244235233,0.000730661757992551,0.0002259903139053785,0.00021908605197217408,0.0003285189602253024,0.0001409977778124402,7.947080931528278e-05,0.00037171491283766883,0.0005315356312385459,0.0005576185228645681,0.0009387220532865665
2022-08-05,0.00018035915973917173,0.00035148330436305514,0.0002336157681886698,0.00016113903081683994,5.1378500989786604e-05,6.446738758407552e-05,0.0003426691766945422,0.0008729185388855137,0.0003756133130941653,0.0005542119903399722,0.0011026723684415662,0.0014834082785181273,0.0016302508231516393,0.010347241461081846,0.0005859695907087634,0.0007277831322763015,0.00019134433435102669,0.0002193281484912267,0.00033290598887891456,0.00014094298420666397,9.374098774149991e-05,0.00036713041442147437,0.0006100201391007578,0.0005542848816217469,0.0011204425470707313
2022-08-08,0.00016841338788036768,0.0003306179754468337,0.00020684072773233345,0.00018864383763567892,6.153793188577934e-05,7.145518423770058e-05,0.00035744350958543856,0.000792386234494516,0.0003449178415653303,0.0005509099444953029,0.0009893968891834359,0.0015826046321703153,0.0014114325162699105,0.009852439356197519,0.0005383590271127344,0.0006207497815820128,0.0001880623606246383,0.0002107537519184179,0.0003474066253496685,0.00014096512066296346,9.453352051352781e-05,0.00036713680701916005,0.0006134083295174933,0.0005541686866888843,0.000990666570947895
2022-08-09,0.00016845019676108486,0.00033110582364973326,0.00021291381354956364,0.00019589149174232547,6.225700693346435e-05,7.534065595005062e-05,0.00043408322288602245,0.0007979511601223756,0.0003441693185823777,0.0005551243873123437,0.0012210669973183313,0.001551379461004685,0.0014228830929895126,0.009874134272163862,0.0005398221533217728,0.0006186687644989982,0.00018898774662744433,0.000210512906586241,0.0003550904883225494,0.00014375920866260114,9.600739084052869e-05,0.00036544101944878133,0.0006169828536480188,0.0005686643337203351,0.0010174818228400049
2022-08-10,0.00016208823104652456,0.0003126615711266632,0.00020065697869235381,0.0001807131947284123,6.293739149166581e-05,7.426964354160856e-05,0.000427881541513424,0.0007971767814669105,0.000332069027772633,0.0005501622992756445,0.0012037217440440601,0.0013336760711692942,0.001313927592819212,0.009862741741049121,0.0005513382215801038,0.0005896655472829406,0.00019510944471270726,0.00020827527061718055,0.0003499476538175702,0.0001451473530742335,9.599971302212982e-05,0.0003630517261485512,0.0006222609848420683,0.0005430569235341462,0.0010833458289264827
2022-08-11,0.00018142324938071383,0.00034897145180217386,0.0002434070235015828,0.00018114307923068523,6.769080240655637e-05,7.385675096222233e-05,0.00042444184080378213,0.00052245929419945,0.0003661430166971012,0.00048584359856192893,0.0013835189052852223,0.0014118276353605856,0.0015769924749589443,0.010137062107826297,0.0005329477616178191,0.0006231101713646319,0.00018758011050127183,0.0002331113488343954,0.00038621528026003407,0.00015675128311271698,8.553980434416741e-05,0.00036358877663773256,0.0006219967450125282,0.0006263248639843243,0.0011513880456833633
2022-08-12,0.00017990492840616923,0.00035051262836998537,0.00024412488881075267,0.00020448677235807423,6.978754309255991e-05,7.298964542405075e-05,0.0004254829997836323,0.000558081813087188,0.00036686998437191685,0.00048809449913876814,0.001385960842587989,0.0014349527839216203,0.0016322020799285494,0.010823616966290606,0.0005954504256305323,0.0006383394792335283,0.00017633331019625478,0.00023637859044850176,0.00039313934945140583,0.00015579401407562937,0.00010916223470740436,0.00036403299078879213,0.0006267270468969286,0.0007380688924426294,0.0011438132996383194
2022-08-15,0.00019501366018052772,0.0003701803887083254,0.00026066756697594597,0.00020638640920282183,7.484367362821148e-05,6.662106733753846e-05,0.00037704771645641946,0.0005730751299767247,0.0003689669902024694,0.0005021462314554937,0.0014717562641772136,0.001547701933147962,0.0017004142755345506,0.011124950527625252,0.0005786357062185834,0.000621281845048579,0.00016504902546033475,0.00022922182742267323,0.0003386570805927316,0.00016724174750505478,0.00011577009474172068,0.00036866504671483947,0.0006245909939179304,0.0007879213824135741,0.0011739786542270692
2022-08-16,0.0001763266833161344,0.00035603059112347115,0.00023810262770329523,0.00020470235916564955,7.137417361749175e-05,7.558417636237941e-05,0.0004069981516882661,0.0006091918368056757,0.00036405157935151734,0.0004978503779080306,0.001453426423719557,0.001595681275888028,0.0016716852081989223,0.011136754260737259,0.000585554123499002,0.0006004133531042656,0.00016786237437479818,0.0001686022326204295,0.00022907739346605537,0.00015265580004016462,0.00010564243744395106,0.0003775383555943997,0.0006198556114860341,0.0007434483822152907,0.0011200408086973568
2022-08-17,0.0001727716622591656,0.0003523764383598529,0.00023767115859004502,0.00019963829626100732,6.950773571314179e-05,7.570350546735501e-05,0.00040874186549402493,0.0005464472411586495,0.0003402706344283846,0.0004930998278163754,0.0014321971615070888,0.0015998513422670084,0.001714607416379005,0.010740220361887081,0.0005578060538332042,0.0006038788630023813,0.00012544599887292336,0.00017072614075173688,0.00022819284391284133,0.00015027403733082053,8.173767728262509e-05,0.00037399355978136144,0.000755345059664236,0.0007436737478046463,0.0011227417173779951
2022-08-18,0.00013662643965713686,0.00030934026621014064,0.00018757604689636297,0.0002040641139046034,7.397587405542401e-05,7.769821770534766e-05,0.0004243865331135155,0.0005394020062910498,0.0003063763323465736,0.0004703453544321169,0.0013201452852896203,0.0015806972973605934,0.00178853971376157,0.010187835862324517,0.0005112315906804017,0.0005156698786527082,0.0001225412291022655,0.00012425053957110314,0.0001992931810501309,0.00011646006452101157,6.992758075257665e-05,0.0003737448778598687,0.0007533598751816384,0.0006723549612444453,0.000988425822563212
2022-08-19,0.0001348773908197392,0.00029610274471879674,0.00017672820668830465,0.000203808025387495,7.427416187516968e-05,7.318731786763907e-05,0.00042987917492208895,0.0005856640107828331,0.0002968030897348291,0.00046516206691707114,0.001230474050852377,0.0015779550353980912,0.0016615686069281729,0.009234243182330877,0.0005446613435859674,0.0005181351252308216,0.00011564293914481267,0.000123580672002178,0.00020260582391659743,0.0001185700569090497,6.941864770005238e-05,0.00035778075835236846,0.0007501575995936352,0.0005980291048231363,0.000924704227180267
2022-08-22,0.0001392795778717806,0.0003062079762012603,0.00020108404135243247,0.000202172859852114,7.198925832490025e-05,6.539229424937241e-05,0.0004633324771887358,0.0005427012476084381,0.00029719307951872327,0.00047061289934870827,0.0013599174252163068,0.0011245837894108194,0.00184880357512551,0.010001355618277379,0.0005275381533193764,0.000520730350894256,0.00011577373583619596,0.00014347657011771293,0.0002344640324752319,0.00012129803554574596,8.125705621862402e-05,0.00035773575634653995,0.0007506980394637537,0.0006183089816730117,0.0010207173465453232
2022-08-23,0.0001587690968856012,0.00032805058487884786,0.0002106523390736345,0.00018757372224391115,7.124432533643743e-05,6.748053337052826e-05,0.0004513657685056708,0.0005375372777578346,0.00032328759246787365,0.0005032875276270699,0.001385935972556586,0.0011534079687518769,0.0017040153961242887,0.009966394577039898,0.0005239990360648046,0.0005327438237245829,0.0001327662302067693,0.0001688072631770499,0.00024836622806416605,0.00014643342193317325,8.071508203047753e-05,0.00034435761368617197,0.000768163044909006,0.0006767455223581196,0.0010191707145694227
2022-08-24,0.0001590096855340278,0.0003263015039486096,0.00020933474063330947,0.00018394668715352897,6.73666388873188e-05,6.972646162859778e-05,0.0004491063027513074,0.0005541210135632228,0.000320493887475095,0.0005026092040773229,0.0013738160979022808,0.0011697819851333308,0.0016963459025740276,0.009805212302138305,0.00052165057950495,0.0005585928010551472,0.00012406437391836967,0.00016749219027892395,0.0002528632829484595,0.00015542291005001422,8.46944042147266e-05,0.0003626251228075752,0.0007690364906146891,0.0006815373235969293,0.0010177252207488727
2022-08-25,0.0001518123698166847,0.00030519379168380704,0.0002104266362074844,0.0001868692771370335,6.78504731102449e-05,7.012418300200977e-05,0.00044303464405088817,0.0005567523462007828,0.0003163655222459985,0.0004625780811528071,0.0013272252195857261,0.0010978195928407221,0.0016014534912307443,0.006736316176499064,0.000525263803920322,0.0005713377146489729,0.00012107974639271953,0.00015819738504830263,0.0002396076915394814,0.00015714545652305412,8.257527708196149e-05,0.0003634361803538107,0.0004292813957677099,0.0006461217529299217,0.0009796140407297299
2022-08-26,0.00012658848157707348,0.00022819731198089405,0.00019573332972889256,0.00019562063958116264,7.119309548819458e-05,6.501297273530908e-05,0.0004096845910734125,0.0005097966312668031,0.0002663285411088688,0.00023992032284579897,0.0011179194264858063,0.0009024547666956728,0.001415563734742424,0.006124831431790419,0.0005011899087199739,0.0005765725579294812,0.0001270398436734332,0.00015836155149558201,0.0002558959159843474,0.00016715361492029637,8.690997487418122e-05,0.00035858157345701366,0.00035634012768032976,0.0005771647687240538,0.0009506002508326603
2022-08-29,0.00018301688197979428,0.00031892995125011776,0.00024665437028869284,0.00019526576351940156,6.944070775376673e-05,6.516688007975643e-05,0.00031775658124567007,0.0005087911257608124,0.0003465011649872479,0.00028135310131075327,0.0016248058291106024,0.0009171150882650465,0.0016558028213340575,0.006196340757142612,0.0005070444778817602,0.0006355088622550076,0.0001241353246396017,0.00020601537484941161,0.00031576982551569576,0.00014705896808470635,0.00010140966481628704,0.00037442277564062395,0.00037888534650727104,0.0006142451508800772,0.001150250157437039
2022-08-30,0.00017395532824074337,0.0003064158973300443,0.0002485988373277819,0.00019864007766314578,7.214051852071338e-05,6.47562705576366e-05,0.0003070672399531463,0.0005750850009876407,0.00029989124977489444,0.0002744218846933563,0.0016643372414122557,0.0007510531059185137,0.0016421294037459904,0.0061912762763314385,0.00042060134845009115,0.00047621561142434214,0.00010528505658174908,0.00019801398002220597,0.0003148463101938329,0.00014994970874752207,0.00010452396233213132,0.00015255503656777086,0.00036710785206125676,0.0006083931016979297,0.0011497861755212881
2022-08-31,0.00018014650047451007,0.0003132640367520584,0.0002594652858748886,0.00016796363174230287,7.201504239103684e-05,6.684891502468217e-05,0.00032614137872814044,0.000591062408468205,0.0003108326271785985,0.0002732028363428259,0.001676546192222688,0.0007861400246794096,0.0016353021687593476,0.00619620168060447,0.0004618438406192782,0.0004957052368008322,0.00010210239442978417,0.00019579545704233076,0.00030935123271199553,0.0001569539370087054,0.00010452452298009389,0.00011492489227130141,0.00036685423244270306,0.0006135142549089844,0.0011349273190888994
2022-09-01,0.00018094190012132999,0.0003146373380234248,0.00026144238822919475,0.0001479702036639904,6.984227054631257e-05,6.819994644469157e-05,0.0003314026004980872,0.0006401919572741531,0.000312325219146194,0.00026770092235352575,0.0017081945568324926,0.0007825511800942931,0.0015973036220254162,0.0059303661524828305,0.0004661274387531949,0.00030636853172501477,7.610647276640688e-05,0.0001921225876691792,0.0002977853683125413,0.0001490336008384071,0.0001052225075296454,0.00012669769585520096,0.00036680849732906957,0.0006028204642847207,0.0011308256668696478
2022-09-02,0.00016825764775575227,0.0002751143191879209,0.00025634793975131044,0.00015330293589812608,6.543864361663389e-05,7.214395829644894e-05,0.0003384386324977516,0.0006329522626497331,0.00023638270396456802,0.00022734079105708407,0.0020354139865275496,0.0007567891996025833,0.0014076053592373822,0.004096905807013823,0.0004536109391238282,0.00031407398443739537,7.795381666749778e-05,0.00018028363974753646,0.0002943743043202841,0.00014865760169490715,0.00013300708802480748,0.00011205487603055957,0.0003632214885083412,0.0005145995308638657,0.0011732881934740562
2022-09-06,0.00017438625907790557,0.00028500948626555313,0.00025943513607623163,0.00015503936803782463,6.533311393590732e-05,6.161498691201199e-05,0.000342147267175885,0.0005937973227062119,0.00024646436138460795,0.00024185792390276335,0.002043986751558996,0.0007912243061588119,0.0014452080434027973,0.0035993225863590918,0.00039348323174459565,0.00031740983184806607,8.259870039810064e-05,0.00018308882210890296,0.00029036302615442164,0.0001593366474965711,0.00013245033550481856,0.00012950124863939273,0.0002887159526826824,0.0005185776896184688,0.0010275578505017976
2022-09-07,0.00017501210510273118,0.0002841704762752358,0.0002616512178344009,0.00015770289574255239,6.538421674405529e-05,5.6488634783967265e-05,0.0003269249132690641,0.00059379732600638,0.0002500848890654592,0.00024815223197697736,0.0020461919258348946,0.0005465815404504022,0.0014534031812430293,0.0035675265333388324,0.00037713208810830317,0.00031253218307634854,8.190671145836442e-05,0.00018061468203635204,0.00024169976426574038,0.0001633426961334558,0.0001319882289626567,0.00013637958010476864,0.0002865567500168353,0.000513543751614048,0.0010344008090388333
2022-09-08,0.00019229961004792978,0.00030550136367269397,0.00028095313388329016,0.00015714591317377884,7.459328900714425e-05,5.819836972438704e-05,0.00029121564188468673,0.0007158615454365214,0.0002542686461393607,0.0002631460987721561,0.001833421676601971,0.0006038294284236603,0.001504653019340508,0.0038014416941625903,0.0003831312485185527,0.0003123188239108147,8.167426086203867e-05,0.00020166937300963056,0.0002528556825083193,0.000179478773199073,0.00013205123537792684,0.0001479152295917054,0.0003181975738881498,0.000514433952418842,0.0010144853112732059
2022-09-09,0.00019375711024305201,0.0002998695956391354,0.0002744046559731129,0.0001621374071644903,7.377409609005295e-05,5.967216289265104e-05,0.00028986572055869733,0.0007184066731099754,0.00025937848549338903,0.00026058502861091493,0.0017651381204356502,0.0005910060853558452,0.0013792700881271494,0.0033769375622132686,0.000367564224106675,0.00032091226113328017,7.511786141351234e-05,0.00021701196137145,0.00027749356400166695,0.00017824499534425958,0.0001355667125533282,0.00014770806969591395,0.0003143186131258592,0.0005105369568842197,0.0009804590284997622
2022-09-12,0.0001831098223140804,0.0002839828927906816,0.0002526661459992665,0.00016005515896807407,6.919842915397968e-05,6.0846559240820604e-05,0.0003054180985738051,0.0008132823771823429,0.00024184172168430904,0.0002572771473584023,0.0016270461847360386,0.0005798126221451183,0.0012061147974757901,0.00366200753641526,0.0003979156983366276,0.0003503824480593962,7.5595739931181e-05,0.00019449655710479372,0.00024243284140710678,0.0001721944881078678,0.00013531867336800265,0.00015537611817768014,0.00031457186651273313,0.00046163647829467873,0.0009643583622078895
2022-09-13,0.0001893683454621083,0.0002898541889671421,0.0002598452570565602,0.00013332102375636517,6.432188793485217e-05,6.186394311036944e-05,0.00041898196250284123,0.0007933411496620995,0.0003189458127890027,0.0002579798706448679,0.0016266479551024133,0.0005545519163849697,0.0011795578527647134,0.002973894802522584,0.0003534039042887673,0.0003471784417633282,7.780154305414086e-05,0.00019050401321323726,0.00023821843128817233,0.00017698982877030546,0.00011140759620271759,0.0001561923597010037,0.0003139122395058482,0.00035313090923442815,0.0009644526869828955
2022-09-14,0.0002821648090358024,0.00044367164436111853,0.00032467181098950137,0.00012804199883340367,5.990670220859758e-05,6.666614577453359e-05,0.00040027205369151274,0.0007785223827248588,0.0004945906691144922,0.00041745947640092204,0.0020730357353014044,0.0005332286305945365,0.0013578917863509702,0.0031400359470032243,0.0003860126619898517,0.00043666585902449166,9.695657900854377e-05,0.00025607140451846606,0.0002919349130729049,0.00024434388739892805,0.00014276229035059722,0.0001750298963621228,0.00031936099440233747,0.00038575103174108886,0.0014098658154600508
2022-09-15,0.00028203296196043935,0.0004435437660610395,0.00032481439745425097,0.000128645392022343,6.11096616474929e-05,5.8295521043819625e-05,0.0003684879235747788,0.000739751541261401,0.0004973602919412543,0.00041594949308830525,0.0020569938443462956,0.000550335911479575,0.0013974762557618576,0.0032356660696235004,0.0004072690757999145,0.0004357272474790101,0.00010997591722847631,0.0002565608990802931,0.0002918315342421661,0.00025064801679239285,0.0001643761438031064,0.0001663642851254326,0.00031918007016018096,0.00036190562140915144,0.0014113107708926004
2022-09-16,0.00028896305932926035,0.0004586877866220778,0.0003277209489042123,0.0001277257382633802,6.157173836919306e-05,7.759761672895948e-05,0.0003902011868256635,0.0008065782714855818,0.0005173147598334892,0.00045697606562661465,0.002066202831268834,0.0005467216422816166,0.0013798007643512468,0.00323869038385354,0.00044429191713558203,0.00043982173895300346,0.00011160005622104486,0.00025425072646745995,0.0002991329958060459,0.00026932217844384743,0.00016042145980692528,0.00016504352534187094,0.00018978755258419627,0.00037332969549331126,0.001413516980908275
2022-09-19,0.0002893961896022431,0.0004535418662510132,0.0003237091512893511,0.00012553457831558429,5.697568649725395e-05,7.69684557446123e-05,0.00039603144973199863,0.0007997984886460363,0.0005197767223713189,0.00045696800290925544,0.0020426100921466846,0.0005429457548763081,0.0013452937640420764,0.0031649476294115576,0.0004659854564872049,0.0004514938574426355,0.00011118057177216603,0.0002573290850306348,0.00029770150019336165,0.0002673471891156915,0.0001729902503491879,0.00016591170951709428,0.0001899657879630095,0.00038583584159259873,0.001393011772631234
2022-09-20,0.00029220301715405606,0.0004565213684679342,0.00032528581414264965,0.0001257123114665999,5.676819960217365e-05,7.662504343947627e-05,0.00038869629842715685,0.0007522689981958106,0.0005530983689687116,0.0004561556106141198,0.002022586388097081,0.0005613005949116419,0.0013387965772590515,0.003310398009852119,0.00042749365363658505,0.00046031574145598416,0.00011134249392450776,0.00026422544477667625,0.00029900437926081287,0.0002650469710688395,0.00017512850749269441,0.0001654648651640818,0.00019337235692810695,0.00038968679523877656,0.001367517052551176
2022-09-21,0.0002894784200834395,0.0004387987367339582,0.00030980928479238317,0.00011677981353611371,5.446923779865614e-05,7.546219721865643e-05,0.0003587749952352013,0.0007598250219771235,0.0005536483852876167,0.0004494557150059809,0.0018962621516263746,0.00053791444317989,0.0011694479556405713,0.0025725629204474444,0.00043015799427029627,0.00048464706612608805,0.00011636436007682529,0.00025415284452565807,0.0002863451678286696,0.0002920132281102776,0.00016604174389863105,0.00016615395122723093,0.00018315236958465258,0.0003778407908036623,0.0012748806490934894
2022-09-22,0.00028218963554720814,0.0004176954419635842,0.00029905686891649146,0.00013127527574853778,5.2753015817026353e-05,7.420876391168493e-05,0.0003769530107417631,0.0007593779144199939,0.000546881599203624,0.0004124208225179753,0.0017789127632517009,0.0005459575911738796,0.0011763109634830198,0.00250424117472539,0.0004419003075472082,0.000528390050330584,9.934231050235744e-05,0.0002510687161742037,0.0003180269243337289,0.00027928905276769413,0.00017117189146273273,0.00017495485676333292,0.00016985459956780788,0.0003547116388495548,0.001221219815489748
2022-09-23,0.0002857647876569723,0.00042605675809214214,0.000327342747657704,0.00016628685645753377,6.368385995651298e-05,7.15692985900428e-05,0.0003745464579478006,0.0007162346251637163,0.0005488955725874563,0.00041511593078144766,0.001935922389821853,0.0006127406278146172,0.0012798556245931273,0.0027873607460037167,0.000373868185192971,0.0004890411487374679,0.00010025106278828492,0.0002659188436823084,0.0003198256608773943,0.00027909619817197666,0.0001839516464296105,0.00015486786747177274,0.0001746690875066448,0.00037776455155226246,0.001482703382513138
2022-09-26,0.0003008402243966922,0.0004403556178084946,0.0003559553123976448,0.00016424200834734155,6.364564050703816e-05,8.772724930002658e-05,0.00046744130635739494,0.0008647644044102457,0.0005614378161809392,0.00042375585530486626,0.001936316647352697,0.0007336410877869435,0.0012664353525549412,0.0028021900039265015,0.0006452527640655962,0.0005535683689149364,0.00012564641427375436,0.00027837147046799764,0.0003388366686580166,0.0002871174981926283,0.0001839258868793681,0.0001550272380717367,0.00020682044597735544,0.0004060412811549765,0.0015098312486026785
2022-09-27,0.0002954904024058936,0.00042447396366834675,0.00035334186662374403,0.00017414087251761047,7.469611137804325e-05,9.471328477730188e-05,0.0005017813690801937,0.0009026248409604754,0.0005497015476953208,0.00041730256412697184,0.0018812458718435836,0.0007333181000755767,0.0012285846719869945,0.0028043336066438168,0.0006758586169453567,0.0005273562405126671,0.0001282036277827421,0.00027929903163068814,0.0003346178428613098,0.00031944890700651065,0.00018123423221873362,0.00015504044458408163,0.0002094118480478621,0.0004123077937873545,0.001423004939334588
2022-09-28,0.00023091194380194985,0.00032856480713129447,0.00029285843463269014,0.0002100457922669982,8.530954177870873e-05,8.675583123469492e-05,0.0004775020346810311,0.0009186565971118157,0.00047117889536389814,0.0003335581137242642,0.0013802652429744863,0.0007261103606481628,0.0010106174562818787,0.002566238297471521,0.0006750776825885357,0.0004579306966726879,0.00013289753718005398,0.0002297647803809627,0.000278259267335027,0.00029367265459919617,0.00016607677727862634,0.00016686189820178902,0.00015398894988050837,0.00039534433780827,0.001209900424987976
2022-09-29,0.0002492936960752298,0.00034443760924661833,0.000341268846959317,0.00026566233081487506,0.000104014581496398,0.00010991405482621683,0.0005327757369890238,0.0009376493983633639,0.0004696507755133379,0.0003481241063315863,0.0013714985334906328,0.0007349228317022114,0.0011088539431047936,0.002798346731202955,0.0007657071841293279,0.0005147726059651132,0.0001322991593455342,0.0002478485185257303,0.0002998710879215272,0.00031228970655343115,0.00016680195412202111,0.00016588415847600894,0.00016351606452779248,0.00046653996029310195,0.0011776801029967162
2022-09-30,0.0002670250224204466,0.0003844256964080893,0.00035855038498934755,0.0002667996694625444,0.00010698121605192301,0.00010607457035700926,0.0005135954780624539,0.0008436381448128298,0.0005955418896088075,0.00035630378413975777,0.0014403260729556578,0.0009722403917632449,0.0012810563335968175,0.003171035986087797,0.0007006024380834706,0.0004857998934153139,0.00016264894108443978,0.00025501776926703035,0.0003158655495871508,0.0003503847636392566,0.00017282981697097229,0.0001942801692727767,0.00016531910882941914,0.00048284540543872743,0.0013829235613221677
2022-10-03,0.0002771302045742677,0.0003985803461840585,0.0003594489043869265,0.00027099305797837663,0.00010122648487866987,0.00010278115373254844,0.000488520032190048,0.0008162562560906237,0.0006402226467699531,0.0003754602521923964,0.0014099419495483918,0.0009758590749184982,0.0012812164162968275,0.00325952155464858,0.0006995406172688533,0.0004845770401169064,0.00016561042507085108,0.00025652305064041367,0.0003275217464045516,0.0003559893556675983,0.00017313611138332604,0.00020030037862464074,0.00018606337524511028,0.0005402981045242668,0.0013593219417245318
2022-10-04,0.0003137794753486674,0.0004280179480643596,0.0003903272025324846,0.00026590510672678527,0.00011763028422420741,0.0001301052080063864,0.000899605207444499,0.0008511664542602807,0.0006892555203164033,0.0004345668206574089,0.0011118101262571711,0.0014185320685815327,0.0012815208715035993,0.003266789142496812,0.0008310689622868649,0.0005758331770571795,0.0002278316926734835,0.00029491919526864564,0.00037570921240434076,0.0003729246952055534,0.00014034550528719143,0.00020932310066923562,0.00020013503059410217,0.0005862738979434912,0.0014076171619465923
2022-10-05,0.0003586222882990896,0.0004694095310277312,0.0004697388764712216,0.0002645907687937024,0.00011876174353122363,0.00013698034194525787,0.0009023326655837969,0.0009142299408256037,0.0007140238352097954,0.0004796527269759543,0.0012301745627987842,0.0014280987250389042,0.0015359541613623729,0.00407962681225724,0.0009099402360063007,0.0006971325291000078,0.00023646620863576625,0.00036459228630128103,0.0004874978016420256,0.00038406073173438373,0.00013845263262313151,0.00020001902966474696,0.00020253383142941706,0.0006817625168894473,0.001410495650788708
2022-10-06,0.0003581372922010029,0.0004665795266897043,0.0004673462530843051,0.00023519854617916536,0.00011170557765193186,0.00013679106422230335,0.0009225439267632029,0.0009440740825072128,0.0007105278483404092,0.0004730750702327587,0.0012208589472046936,0.0014829007334725703,0.0015464010010187194,0.0040210090163909735,0.0009281190591416505,0.0006997544887894481,0.00024061206209239044,0.0003675657129556716,0.0004959462944553563,0.0004010441772584677,0.00013857425585765449,0.0001957668047897861,0.00020660723972122213,0.0006784448560052155,0.0013904849395079332
2022-10-07,0.0003466639834394582,0.00044809574128085747,0.0004437034011446415,0.00022341584674068186,0.00010192599908412667,0.0001312552098517134,0.0008817146542801835,0.0007918745178964114,0.0007083010788572651,0.0004586209745982259,0.0012038424633425311,0.0014291893743918738,0.0014842534981457406,0.003647793045516656,0.0009376511632635693,0.00070000489146766,0.00024173779132497718,0.0003574134058190062,0.0004997879837844211,0.00042413858487575873,0.0001579297763361083,0.00020823545557200197,0.00017618032294586507,0.0006517432765077853,0.0013836596659186965
2022-10-10,0.0003881682857574201,0.0005292822241324956,0.0004887390777528828,0.0002228054343661983,0.0001071173872118124,0.00013592476185069654,0.00092687578249415,0.0008337217592347094,0.0007798258344404008,0.0006076383088906099,0.001565557911722562,0.0016422931543751357,0.0016905384886512593,0.003919360457685164,0.0009399491410042497,0.000694073253891134,0.00024808240407390677,0.0003721974545599233,0.0004930393816760561,0.0004562346664452345,0.00016058722870225902,0.0002251576794727168,0.00020625993120309703,0.0006979096487598222,0.0025208170713031343
2022-10-11,0.00037837124721641456,0.0005091968571942075,0.00046879294513040633,0.00023597984090181662,0.00011128389838813354,0.0001472536893638724,0.000938767706567083,0.0007484731103112618,0.0007610518578502044,0.00060476940192699,0.0015867256610903686,0.0015737227494321618,0.0016475574795808041,0.003357561135652021,0.0009303429024391294,0.000632820139886481,0.00025901077336280837,0.0003688296677359155,0.0004966041283222128,0.00045474982106653795,0.00016047658801195404,0.00021356803180326407,0.00020766942593484163,0.0006872231133283897,0.002472064742513889
2022-10-12,0.0003743230835785991,0.0005120306483618363,0.0004608589040149951,0.00023331975853138536,0.00011124961737266202,0.00014608657874852339,0.0008418499845919366,0.0007739345571445138,0.0006886862694267682,0.0006166708657845014,0.001585929632249272,0.0016075762603783219,0.0016340850228618235,0.0034477254040003536,0.0009157344785157533,0.0006220899085695313,0.0002567909932940685,0.00037414423357970796,0.0005359905879863031,0.00045524472895200715,0.00017175846505570927,0.00021075116236393405,0.0002391026404729952,0.0007074721929164194,0.002467629612428648
2022-10-13,0.00026669196058162276,0.00033785605913156557,0.00037406288015161027,0.00023433603812251662,0.00010845698644907964,0.00013825226846001147,0.0008237366151069777,0.0007798078753546795,0.0004895987430524376,0.00044168650211958663,0.0010466225076754749,0.0015152161887816745,0.0013730264663620987,0.0029787659444976892,0.0008835285410530776,0.0005211423614046142,0.0002914538880635762,0.00029556295627905136,0.0004816071068480365,0.00037801095927949364,0.0001336968739531902,0.00018694491216328501,0.00022235872089845614,0.0006178418339193349,0.00198236314903169
2022-10-14,0.00030305620634971597,0.00036386534769889767,0.00040597321214510076,0.00023875195757758455,0.00010740021060677527,0.00014008175463403125,0.0008259664161210682,0.0008013006254192697,0.0005445006948198633,0.000516277869964202,0.001130857840799059,0.0014700048395985183,0.0013330575354278107,0.0028741044598406306,0.0009286716999551256,0.000543027249853311,0.0002990962742399302,0.0003846209030194823,0.00064160661043335,0.0003887480060696657,0.00012317265673384556,0.00019894780003814691,0.00022597705547795598,0.0006787400826529971,0.0019998251799544825
2022-10-17,0.0003250173943835913,0.00039942485079019085,0.0004434076583071499,0.00024248729578295973,0.00011118651000514448,0.00012921913619684037,0.0008653552791402026,0.0007655312491880676,0.0005833109094357371,0.0005078813900615928,0.001337133136321233,0.0018062926393619147,0.001495070997029751,0.0032541292390404863,0.0009704577949461583,0.0005765597657146371,0.00039102822301078835,0.00039975047858828856,0.0006442693509806332,0.00040435650929523243,0.0001237773016297974,0.00020089818696916178,0.00023044631967178363,0.0006943610826190131,0.0021435169062165387
2022-10-18,0.0003570589885953709,0.00045516496049964866,0.0004856426077787358,0.0002399553291789519,0.00011213507829162081,0.00012799390774202322,0.0008612652034442804,0.0007653289413847535,0.0006217870857283107,0.0005886587293276019,0.0014931321528649146,0.0020572423454642925,0.0016174595869186187,0.0035415968960711528,0.0009533810351879935,0.0005728890196908031,0.00041296112203944994,0.00042907652185171784,0.0007344870655679895,0.00047932859056211863,0.00012027658052210334,0.00021642490275678222,0.0002330288190573235,0.0007147666381183441,0.002212217282389249
2022-10-19,0.0003612628840997011,0.0004552670250167276,0.0004892766905956136,0.00023995789262160205,0.00011390704468855812,0.00012821427853779523,0.0008635114795756551,0.0007883193740682925,0.0005929805676414751,0.0005895239018702409,0.0014850373452108077,0.0020389325089372693,0.0016313874341952659,0.003471096919329967,0.0009575043694882915,0.0005736903682928483,0.0007917197281131326,0.0004359824030836735,0.0007651871975807699,0.0004856328343311401,0.00011751884505722242,0.0002197376027795583,0.00025289410334341334,0.0007184002639213591,0.0022116131570374797
2022-10-20,0.00035673364411816904,0.00045249055269075785,0.0004950568197668203,0.0002529466091348508,0.00011882505405959364,0.00013638470944068906,0.0008609488623230156,0.000800974142633585,0.0005797816435079571,0.0005895273900941486,0.0014745368837933918,0.00204269958620867,0.0017029269288996415,0.0035448102486282614,0.0010011733433395447,0.0005462112622590497,0.0008055708230310731,0.00043890892408933354,0.0007649362271858383,0.0004873813805164746,0.00011758317473637678,0.00022370747998888996,0.00025147758331242376,0.0007079236522388682,0.0021975781348362537
2022-10-21,0.0003436579062322136,0.0004360454272372153,0.0004910728155890069,0.00025410743968904553,0.00012222680833544992,0.00013534696132640005,0.0008471250835027504,0.0007978335525415378,0.0005574083475808661,0.0005780551734407008,0.001479893013929242,0.0022647331558223456,0.0016640338807794568,0.0035459182777283337,0.0009892846311950819,0.0005055742830573778,0.0008109000203078326,0.00042917180165703806,0.0007186391775341709,0.00047453878266461247,0.00011213187214158438,0.00022371837575652418,0.00024728150868662745,0.0006626062855049496,0.0021966150003885935
2022-10-24,0.00037133249353620804,0.0004570638729787001,0.00048790834277843775,0.00023554202208117656,0.00011166680296427767,0.0001524280815855159,0.0009094811571904012,0.0007985430744193951,0.0005942058047533747,0.0006082699850690483,0.0013454914672723283,0.002233852368166718,0.0015760062007247782,0.0033628636127434833,0.001032976522345972,0.0006918819993150082,0.0008384004741214643,0.00046046574157252053,0.0008549915734674555,0.00046894802806458056,0.00012063718976994842,0.00023151456466702797,0.00026340520377934147,0.0006995415040601981,0.001952117334766033
2022-10-25,0.00036379823223075955,0.00044886225655638926,0.0004571198893501822,0.0002384036833496975,0.00011123328580250677,0.00013637333380243992,0.000817684859525238,0.0006370394799569604,0.0005933119465076664,0.0006233993324030235,0.0013509538049992595,0.0021249958377871085,0.0015619202190228667,0.0033470669037694856,0.000754631319569807,0.0006158061312631215,0.0008150426498695025,0.00045613364587952733,0.0008357419503115023,0.0004591440435201804,0.0001298428416506413,0.00023239216690584266,0.0002479643594248445,0.0006619655164947148,0.0019248500601360796
2022-10-26,0.00037213002205941726,0.0004708776476768979,0.00048635698323068596,0.00026311114386048603,0.00010409763518072638,0.00012915867938338558,0.0007872118361389363,0.0005780085790063873,0.0006131214935765569,0.0006334597248150488,0.0014648874382800587,0.0022700471091805004,0.001787206378121308,0.004168016103778765,0.0007208664085089933,0.0006288363509692748,0.000807371423374479,0.0004500122607579574,0.0008101685405141037,0.0004961589499952326,0.00012791711130154474,0.00023952317476023875,0.0002441758767086969,0.0006872359801115062,0.002007789625327394
2022-10-27,0.0003749043136645535,0.000498208232720609,0.0004870514192489292,0.00023532428893301897,9.264116354447393e-05,0.0001311326301479524,0.0007895908451065155,0.000617180089969008,0.0006322925683389572,0.0009854731929968324,0.0014951985747007602,0.0022417740686954254,0.0017641564405103678,0.004174947923775182,0.0007240817568017766,0.0006351824811755419,0.0007878397850501232,0.00044933798039672757,0.0008130371064516934,0.00048633750185943974,0.0001309512313857982,0.0001996755025058437,0.000246934442128242,0.0006575988140095907,0.0020436360583264515
2022-10-28,0.00035568232587339377,0.0004954512421836239,0.00043395847167249725,0.00018186949280860466,7.210683356570587e-05,0.00010808500717260868,0.0007334231675478569,0.0005285008823988625,0.0006758344947131522,0.0009864117954643686,0.0014843280666811567,0.002226044693501422,0.0016506405492907662,0.003959242834609193,0.0006218806738259116,0.0008801822292679546,0.0008098408811221657,0.0004320767610418704,0.0007919482693552967,0.00046337004749146476,0.00012694572260613687,0.00019970701095115858,0.00023274046718943785,0.0005853510282705053,0.002046724890271631
2022-10-31,0.0003615517286367386,0.0004983484463454763,0.00043345564012646926,0.0001830002752318604,6.928523748144771e-05,0.00011385116889615629,0.0007421558457206596,0.0005334549889472944,0.0008274196134250372,0.0010593733980897922,0.001520706863781385,0.00196615533462308,0.0015156199193948183,0.003582368024308421,0.0006225435455407186,0.0009343794182722147,0.0008132993782432424,0.0004563896475536773,0.0007835877116494544,0.00044064913761625296,0.00013215571122450386,0.00019927972144907725,0.00023909107237249567,0.0005751381769634307,0.0019995718676818408
2022-11-01,0.0003511297959045878,0.0004898231807810135,0.0004305764600247305,0.0001765551679127429,7.053742020100654e-05,0.00011752853944429903,0.0007416340570731844,0.0005230583804438607,0.0007896864503143214,0.0010524148854370516,0.0015515914226300043,0.001960422705587676,0.0015291190618239375,0.0038814998257411036,0.0006228551001672951,0.0009372827379526083,0.0008096042104122055,0.00045385295563228346,0.0007701233972320124,0.00043388908877497643,0.0001308247139811859,0.00017995984544657743,0.00021841898941242876,0.0005188419302210753,0.0020472802118775236
2022-11-02,0.0003149961634276309,0.0004661516779380619,0.00039322319377071654,0.0001676845131931098,5.495160557560172e-05,9.157933146033083e-05,0.00035431849068668237,0.0004653646900910446,0.0007565993499091926,0.00100860027405241,0.0015020654894111925,0.0015161101756309698,0.00152801599293006,0.003968465423872953,0.00046243153484711296,0.0008424713501463352,0.00074571059344941,0.00041534015490017964,0.0007368696219192053,0.0004167782885225049,0.00013218049889817928,0.00016285382107663894,0.00019401649351757038,0.0004734008828061316,0.0019508710487849566
2022-11-03,0.00029937645679869724,0.0004802905074211781,0.00037280721089983764,0.0001682924778784537,5.5066036060993693e-05,8.317698603652159e-05,0.00036182927626591713,0.00040912860326333157,0.0008006992218365314,0.001019052392301985,0.0013915977293253137,0.0016555139224294438,0.001366591019760555,0.003249549341069377,0.00039806586056852016,0.0007351879434046834,0.0007350047164569813,0.000351106349107468,0.0006270754399185775,0.00043737144775132797,0.00013345053739193582,0.00016606765613066092,0.00018733756128518224,0.0004588115575723525,0.0019283937385688522
2022-11-04,0.00030494518475715835,0.0005015884773899974,0.000372275114305473,0.00016484113023361967,5.26056116611901e-05,8.22842631724983e-05,0.0003490307036538118,0.000385578215612798,0.0009032853369074793,0.0010587016029528675,0.001403637123815427,0.0015877513023601682,0.001350122124403987,0.0036154533691230614,0.00039354187885525964,0.0007584516811450572,0.0007324482542760831,0.0003534592972295449,0.0006188025043509544,0.00041606137564113664,0.0001330879712358794,0.00016601230015601836,0.00018191158019229684,0.0004924073315373046,0.001962408711867672
2022-11-07,0.000310240368343452,0.0005121112647598934,0.0003803889466135735,0.00017886063406702133,5.2526286830610504e-05,0.00013227421890691984,0.0006246876158834965,0.0004952598186554947,0.0009010736205251143,0.00111238178758639,0.0015573445001143109,0.0016562350952448199,0.0013907948922197283,0.0037586177846515847,0.00038456230525785585,0.0008390078391228269,0.000731911535988901,0.0003605824157551901,0.0006354750372347058,0.0003825671083203845,0.00011319284125990513,0.00015913822889513125,0.00017727337652091377,0.0004898739975515958,0.002025684159248134
2022-11-08,0.0002713748343434905,0.0004360078071326462,0.00033269338162842115,0.00017915507316228828,4.77786329862867e-05,0.00012648303402744372,0.0005811528047070279,0.00045141476460948236,0.0008252647073330746,0.001008790135444061,0.0011795743053785066,0.0015670522434400428,0.0011400768983934315,0.00328693928658548,0.00039711417092727283,0.0008368765439497286,0.0007367630934865887,0.00033451752842775977,0.0006147008490605329,0.000350057745759913,0.00011117259603296483,0.00015478548711178093,0.00015175915288520564,0.0004471031519680999,0.0008160912071327493
2022-11-09,0.00026974361761272086,0.00043336793715879755,0.0003309901939211801,0.00017218819094810044,4.4267640672777954e-05,0.00014219151760543912,0.0005975552392024933,0.00047614721406448386,0.0008259119941042525,0.0009844483363643857,0.001139285560023602,0.0016155615621743712,0.0010801488607247146,0.003999080871518775,0.0003735825666503935,0.0008362120084119345,0.0007315765940247661,0.00033524402414700764,0.0006098975408821708,0.00034565674457935256,0.00011242557641574488,0.00015414113334639935,0.0001501678180302591,0.00042494544510762223,0.0008177190125756873
2022-11-10,0.0002912652323559045,0.0004527375357776799,0.0003734283245082998,0.00017171014264296802,4.4395341128827156e-05,0.00014334454957713613,0.000585372166169928,0.0005139515796696534,0.0008824823291627958,0.000989080845137496,0.001322114254855931,0.0018710664575296377,0.001312975091857101,0.004436458037207128,0.0005076098335611789,0.0008534860462334917,0.0007494606815944566,0.00034211043167101167,0.0005723236846932588,0.00034587058536923374,0.00010466313257421621,0.0001536737107628917,0.0001446575022669702,0.0014895889031928192,0.001038182737250339
2022-11-11,0.00044739531290258027,0.0007302877704644077,0.0005684407815376403,0.0002484456064898057,0.00010376027152720977,0.00019103922722378858,0.000636646760512098,0.000510152853655029,0.0012791742506217077,0.0013312338081758913,0.0023010948729704907,0.002149047037497285,0.0023105336320705335,0.00500625886229953,0.0005306120958659761,0.0009032504903829608,0.0006942862557381538,0.0004746697472167062,0.0006473017352816214,0.0006127398964001793,0.00011208632518251581,0.000216308012309068,0.00016061222898412764,0.001585020338195791,0.002011693242555565
2022-11-14,0.00041531733087036074,0.0007191145133742211,0.0005393542752931289,0.00024412303896905686,0.00010398087320473712,0.00019077021650252694,0.0006295407665782446,0.000529910014441027,0.0012392674228989123,0.0012721532856304382,0.0022877485408210984,0.002166610928865156,0.002659309048520936,0.005800438843870339,0.00048791864111656885,0.0008974388491409226,0.0008436835548818148,0.00038872631162965165,0.00048715186989140827,0.0005948133839005571,0.00015028063408903337,0.0002041148516879497,0.00015685434717630019,0.0016536205587132596,0.0021606618921800307
2022-11-15,0.0003902132844518133,0.0006723407265564798,0.0005059299220077048,0.00024069461562050643,0.00010032970126328082,0.00018242422773557824,0.0005779338433598509,0.0005329428968846504,0.0011854308190050564,0.0012675152663289956,0.002068907284693706,0.0018664256356362415,0.0025488271233439367,0.005722723661878076,0.0004088150031375297,0.0008563243946860275,0.0007496608990076665,0.00038422871242372816,0.00047807606469951015,0.0005934816788414229,0.0001626378721993558,0.0001988711949021604,0.0001947125175420063,0.0016281053186971278,0.0020250611401084005
2022-11-16,0.00035890976988065047,0.0006248838455635105,0.00046381688933007473,0.000253497158996883,0.00010957408784259465,0.00018264744568544558,0.0005772855806741545,0.0005515921754560158,0.0011479279381110233,0.001186529741871277,0.0019174393140811328,0.001633141762294312,0.0023355209332158212,0.0054341648757898825,0.0004064273879449198,0.0008483462352132935,0.0007344567073670629,0.00035071340417747735,0.00038827605912876304,0.0005248747941463397,0.0001539952660636759,0.00018197500876638827,0.0004116301839917454,0.001587899749077423,0.0020347967681869934
2022-11-17,0.00035464933630499607,0.000631829888420999,0.0004734728009915295,0.00027882380293717496,0.00011159949759212268,0.00018268399788981318,0.0005777743561013307,0.0005435435797186028,0.0011469572592961196,0.0011858020134161,0.0020330526516591702,0.001717093436855286,0.0024746771376846686,0.006234762655700124,0.00042556700815192094,0.0008405967514688142,0.0003543764631035217,0.00033810815218871367,0.00035305901894451747,0.0005230252798927417,0.0001554260130659281,0.00018271755466237188,0.0003905970694473069,0.0015951958094708105,0.0021675917661608235
2022-11-18,0.00035239396781180726,0.0006313663363978415,0.000462143838454745,0.00026649892159462564,0.00010275908929473141,0.000175633442496678,0.000597851844743237,0.0005622306002204761,0.0011560210295624128,0.001181842683686485,0.002042292778524535,0.0017357513974079171,0.002393136631391452,0.006115444121524829,0.0003794875498133349,0.0008434084906226699,0.00034596600877122367,0.00032471602677698575,0.0003326327851257818,0.0004907298148334591,0.00015547454939458943,0.00018013036990931428,0.00039077928233075546,0.0016335683342047012,0.00217440405163023
2022-11-21,0.00034963469587155,0.0006299335810526052,0.00045542499410214295,0.00025282995942469457,9.858415564357728e-05,0.000178116596541532,0.0005932878287658546,0.0005759474072218817,0.0011562149836499293,0.0011819346346292382,0.0020509536369622016,0.001491371076911764,0.002405048548283872,0.006422135995172807,0.0003828867887704131,0.0008197806695412189,0.0003445766198868129,0.0003140858505366246,0.00033726541242463964,0.0004983662944176548,0.00015831080562040987,0.00017880662829301058,0.0004026949574637695,0.0016334696509527045,0.0021706710462517575
2022-11-22,0.00031879031682480565,0.0006063719119956607,0.0004316621428836191,0.00023568484310672772,9.827464588275434e-05,0.00016273798240115013,0.0005311512932449419,0.0005742656170603243,0.001143487512282604,0.0011484469073600111,0.002026265968654538,0.0017028896943563773,0.0024665602457036515,0.006797427618759905,0.0003486666889521092,0.0006303712018554481,0.0003200382824416347,0.00026754782849920254,0.00019565998241415067,0.0004965127391288276,0.00013427297705212788,0.0001790430229027444,0.00038281109376553016,0.0017728564569040566,0.0021655605261651865
2022-11-23,0.0003204749248149875,0.0006110148054227514,0.0004368295648284704,0.0002427879528545959,0.00010255780502271022,0.0001622353164809628,0.0005378003314777412,0.000584098418017578,0.0011432639028495614,0.0011325733257096413,0.0021359616562439286,0.0016985783962219542,0.002458370053767427,0.0069402133690658774,0.0003995009189961567,0.0006543713984904886,0.00031839171072836294,0.00026348623999889164,0.00020764716652505849,0.0004981404968483155,0.00012576254841827693,0.00018099346516575333,0.00036394814040590284,0.0017832640624325519,0.002243500454665908
2022-11-25,0.000308891502572345,0.0005935196219316665,0.0003975531863299264,0.00021406554718092786,9.83523169169754e-05,0.0001640653478232252,0.0005527247810545682,0.0006601802165627056,0.0011250872547996082,0.0011281687195728383,0.0020401701055882916,0.0018637774122678163,0.0022704522148785265,0.006248584657353264,0.0004059416580227696,0.0006360726842185977,0.00031709440995572797,0.00025670685578202656,0.0002134349796845607,0.0004168527731314913,0.000125688912989269,0.00017558093848135957,0.0003639887441057268,0.0017883456803446582,0.0021396687814034484
2022-11-28,0.0003057620895000002,0.0005685658505541109,0.0003964661717526663,0.0002034906373631744,9.727313922772012e-05,0.0001619020898314908,0.0005514046274275788,0.0006034463759623207,0.001125013091905456,0.0007751074171707005,0.0020101436690464023,0.0018585648019884347,0.0022744963683668,0.006278543210296779,0.0003966803181514931,0.0006311189508060543,0.0003169450789441237,0.0002569926477880769,0.00020648413613731341,0.0004190323446558193,0.00012158998150205996,0.00017307903543886235,0.00036180919203963684,0.001787980657855697,0.0021096593965472176
2022-11-29,0.00031836217390581595,0.0005620430893824099,0.0004191612951246283,0.00019798280193388838,9.898757219522812e-05,0.0001652185196614917,0.0005819123040945258,0.0005992177459466261,0.001111385268976869,0.0007833515507803149,0.002026610322687407,0.0018583513874978206,0.0023188259873079416,0.006351291950204772,0.0004383320342127367,0.00034080967201492816,0.0002949354742882379,0.0002698020043738106,0.00022266069009263962,0.00045923172245988754,0.0001215856113590865,0.00017308420759287496,0.000361796910283653,0.0018463275909127352,0.002127543828200347
2022-11-30,0.0002882504767979513,0.0005154516190882088,0.0003919723617856185,0.00020299657051599178,0.00010010482062542967,0.00016078034215257148,0.0005851056787956572,0.0006182187711375863,0.0008459022286563325,0.0007001274700210259,0.0019043793609926506,0.0018530578983951592,0.002281766669108077,0.00636037177224476,0.00044998432075993246,0.00028777829447238184,0.00025505146191015114,0.00023863487597886629,0.00022960308852531297,0.0004479598619994617,0.00011237217354928084,0.00014204920027023285,0.0003538256891185087,0.0018410876449813421,0.0019527604683199989
2022-12-01,0.00033804880230102496,0.0006167805264996396,0.00043198769835917853,0.00020313462582463528,0.00010656775969086387,0.00016593657168374406,0.0006862909124608751,0.0006414789967912367,0.0009559913701364574,0.0008819656834946657,0.0022142436333034534,0.002151133101629201,0.0025694986510506196,0.006162730569819647,0.0004474910096784217,0.0002798509746813553,0.00025821582217763376,0.00025227552748139796,0.00023708081407980132,0.0004759144130097641,0.00011728779007714027,0.00017531256091401882,0.0003544486487557845,0.0018991490253868904,0.002069608387799528
2022-12-02,0.00033702535213272713,0.0006110864870910504,0.00043214872739320723,0.0002525478746957127,0.0001122201683101018,0.00017846786086863104,0.0006931015684956437,0.0006155459365584496,0.0009390337203293101,0.0008659235032971807,0.0022220971144039305,0.002151050271469702,0.0025762953220605385,0.006053917555859278,0.0004430179802813888,0.0002755419277780774,0.0002584854826599106,0.00025373465725453653,0.00023053612404979582,0.0004761626037123718,0.00011682205709358535,0.0001751994929874548,0.00035545062828650317,0.001900677127296011,0.0020673679267050795
2022-12-05,0.0003017215741984649,0.0005453414921617899,0.0003716725176434385,0.00026006411976614693,0.00011294889521109407,0.00017644306963397112,0.000687361650378852,0.0006103703585059865,0.0008605049191011174,0.0007950083183867491,0.002202690724683785,0.0019667989614808507,0.002444556503739682,0.006105195380064754,0.0004123734466239925,0.0002574138068374736,0.0002913798296694698,0.000246120176105559,0.0002293186800513247,0.0004341044350730677,0.00010372087307918506,0.0001682113679209482,0.0003530767960636927,0.0018159782108673834,0.002109668535204109
2022-12-06,0.0003139011148118658,0.0005397160680120495,0.00041192152566513906,0.0002693568103711884,0.00011624442786248509,0.0001920512467834366,0.000770676732135747,0.0006561101896186542,0.0007612064938817308,0.000775207466865914,0.0022039184519072985,0.0022038069961707344,0.002615905873167382,0.005785351759986783,0.0004436813527866329,0.0002441172241154957,0.00029654759176757963,0.00027492156173384273,0.000273437913713222,0.00045259742422001936,0.00010357966730376893,0.00017126267292841038,0.000358883453449993,0.0018505111754273313,0.0020939831848507395
2022-12-07,0.0003142627375203817,0.0005497798849610298,0.00041511224083959087,0.0002626051183594804,0.00011653493934374064,0.0001424009678659209,0.0004946411626706214,0.0006117839526735865,0.0007971608669758538,0.0007393978184394873,0.0021282724469081945,0.0021400094174093428,0.0026668475210566128,0.005994793832749838,0.0004747386763645016,0.00018213741322223035,0.0003044794585298395,0.0002612011209855484,0.00023369627232570095,0.000447425587856503,0.00011499208869812373,0.00015343326295291922,0.00036617311074136884,0.0019318523079401046,0.002149386625920201
2022-12-08,0.00030945828179540757,0.0005441490942076949,0.0004144677389871123,0.0002868016484795876,0.0001224949267633832,0.0001459719870726187,0.0005223497686111368,0.0006440795382038389,0.0008068812673256548,0.000694334603102564,0.0021263441403497722,0.002053913565413122,0.0026678537105716623,0.005980253643628138,0.00045916251433272934,0.00018202894363343727,0.0002950520957367147,0.00025664396258873607,0.00023220333405488358,0.00044764306424000715,0.00011284812729537463,0.00014302051444178675,0.0003616905636621945,0.0019280222954931967,0.002138517266547942
2022-12-09,0.0003112071716357647,0.0005488417871545208,0.00041730987723567466,0.0002807370680156083,0.00012210311219597336,0.0001174525312833842,0.0004888211302944742,0.0006142494959931837,0.000813895171640806,0.0007016006370886947,0.0023202423665073793,0.0020060440077055383,0.0026967213345269856,0.005342569175282554,0.0004602075235780864,0.00018442595932367234,0.00029231254242198214,0.0002548286397298042,0.00023815170924179537,0.0004498161762366621,0.00011150272880188937,0.0001455481615873698,0.0003615103857675466,0.001927516470490047,0.0021316626289395154
2022-12-12,0.0002905539063255815,0.0005212336333650892,0.0003832219942081249,0.00031819534589732983,0.0001248244259489119,0.00011675250193189104,0.00048689273011413777,0.0005340907887956645,0.0007521545157971759,0.0006848781217057298,0.002139851167473973,0.0017586928555508895,0.0024577080781235817,0.005001771648129806,0.00035582494060663146,0.00017891124610559838,0.00027481238089793,0.0002394115817233874,0.000230379231808201,0.00044418741872433404,0.0001117219009372442,0.00014561244471953422,0.0003617007223889512,0.0008410083490296643,0.0019507073446113083
2022-12-13,0.0001450465570690785,0.00025219669171089743,0.0001952778902710084,0.00024070589681240358,6.547326629080199e-05,7.126699680883935e-05,0.00043537541268448766,0.0005635736122033301,0.00036876889348979214,0.0003870181593032939,0.0012102092151290167,0.0017098311809082285,0.0014702517199663993,0.0046093542535153315,0.00036605661120212593,0.00016345703754976434,0.0002693740880437558,0.00011615130688671134,0.00015426318978282015,0.0001744848468802017,0.00011202223284353058,8.855410392907775e-05,0.0003573633836020435,0.00075512198676779,0.0010252758430509927
2022-12-14,0.00014308043138982655,0.00024020254489590782,0.00019535224243429465,0.000245024719639678,6.922476005859455e-05,8.460159201289128e-05,0.00045132301711018523,0.0005440438735752497,0.0003513234832736613,0.0003878780916042033,0.0011891460460317614,0.0017651238003153161,0.0011212246749904937,0.0043173539413761345,0.00034046610611191807,0.00015308939163269242,0.00010394807671915988,0.00011290439670766695,0.00015416962575493922,0.00019288343179150961,6.47185555719853e-05,8.855755134510729e-05,0.00035793738893329633,0.0006232482037739493,0.0008676126486368474
2022-12-15,0.00014133659342176986,0.00023900437728042778,0.0001907996386354623,0.0002456896729185926,6.785637941768586e-05,8.466504127914748e-05,0.0004428379773936688,0.0005093592887849671,0.0003597751812207688,0.0003595923518956348,0.001216092082197075,0.001765616032893694,0.0010496505347433707,0.0040748061232148535,0.0003425308119803549,0.00015410097804216205,0.00010890737661100872,0.00011039957559075363,0.0001497041500820296,0.00016210645688650123,5.191550602874522e-05,8.940462686109164e-05,0.00031091867849931655,0.0006218482740354653,0.0009357889887700221
2022-12-16,0.00017097397427685143,0.0002925368074356159,0.00021412355966706075,0.00023241252012132235,5.740437863055511e-05,9.888927303587187e-05,0.0004911444680771809,0.0005086852547622015,0.00047825496068261327,0.0004170512960822617,0.001283605111303696,0.0017495316601015879,0.001148057747126287,0.004151118904384928,0.0003385440044078632,0.00016527481306209812,0.00011167771004216617,0.00013164541367779233,0.000181375360504881,0.00016566680989471658,6.033408904216129e-05,9.583750786668367e-05,9.558474611457485e-05,0.0006987395711271507,0.0009259178634566708
2022-12-19,0.0001754868346333551,0.00028721951257997403,0.00019993395163311992,0.00021369535442373127,5.446539600293093e-05,0.00010271725962848582,0.0004904483919477207,0.0005134219373511655,0.00048623366938106444,0.0004336422311034266,0.0011938856694444007,0.0017927282442372666,0.000994807804532014,0.0033207874604454708,0.00032364093671980094,0.000164874335389365,0.00011355798955381633,0.000133613973363352,0.00018341114449218937,0.0001986134918084194,6.405479737979629e-05,9.262224089037989e-05,0.00011075214077206742,0.000685017006355838,0.0008088815496781268
2022-12-20,0.00017894386400563034,0.000297921583314851,0.00020534172167808431,0.00022326389306140214,5.851281429782378e-05,0.00010023987212145607,0.0004689108753435966,0.0004917818191264707,0.0004912224161653142,0.0004503725210783255,0.001202397336459367,0.0017705520837806416,0.0010257878530576772,0.003407734787992275,0.00032338439051947057,0.0001610532043317383,0.00010296454595449449,0.0001324127511880049,0.0001842977021707951,0.00020502800902420874,6.0580306690045646e-05,9.055043780185878e-05,0.00011013591931476612,0.0007761967775983895,0.000802919554495601
2022-12-21,0.00017792250578513302,0.00029795472172074373,0.00020459272284985592,0.00023823386371888384,6.618040517062945e-05,0.00011245307450291594,0.000612354519342887,0.000478128281339577,0.0004904573840550495,0.00045189043998757923,0.0011920980070578135,0.0021418948545216566,0.0010132659069344216,0.0031006433464943754,0.00033222258651217636,0.00016818990702582032,0.00010342414075799776,0.0001296590835469938,0.00018035927942885717,0.00019669439717823125,5.74529204413716e-05,8.267922188934326e-05,0.00010204754485933784,0.0007866776822466071,0.0008045806475345302
2022-12-22,0.00018925856846823346,0.00030345768210911705,0.00021907716459122447,0.00023761008584374224,6.8601389336743e-05,0.00011088271025121267,0.0006148415371132599,0.0005192625863957407,0.0004944688936522121,0.0004576529853998745,0.0012258373251317933,0.0018673751560991274,0.0009497444299111147,0.0026258249660658004,0.0003414499346538999,0.0002094689761967367,9.989050807034873e-05,0.00014209361044531464,0.00018529133718380954,0.00019917655811208207,6.310107196844956e-05,7.852919876511323e-05,0.00010335018789374714,0.0005825786798593554,0.0008779490194458622
2022-12-23,0.0001907794668913806,0.0003258572352412237,0.0002223953828089848,0.00022673744789768337,6.43086762019857e-05,0.00011890340091401374,0.0006235948408038889,0.0005105720382092542,0.0005145691108366395,0.0004860759360925188,0.0014019792176382425,0.00233325641489975,0.0010144812559716046,0.002497162420571047,0.00031916475937148793,0.00020045584791047227,0.00011573375061728302,0.00014079892750259372,0.00018035699179127745,0.0001985185634262292,6.256497709025328e-05,7.481427546799028e-05,0.00011025135606834072,0.0005720850880224375,0.0009846197761104692
2022-12-27,0.00019042004118528455,0.0003206719833856351,0.00022315557822428234,0.00022230897869344622,5.9364136914409615e-05,0.00011728068798026702,0.0006060094546364457,0.0004645299285566769,0.000513087013113712,0.00048048683928796386,0.0013583129089463593,0.0020398421953672346,0.0009931335937365265,0.0024016998238766984,0.00036660948495328586,0.00020556086094913672,0.00011891235347922243,0.00014156837973295643,0.00017542293133151544,0.00020278319468468653,6.285477272297642e-05,7.348141051865742e-05,0.00010921241289298351,0.0005439419061476101,0.000977812182019533
2022-12-28,0.00019127229287280086,0.0003293894865574718,0.00022539485542366343,0.00024351887990254467,6.852423142090106e-05,0.0001210994692897223,0.0006125366726598013,0.0004625741731713003,0.0005023400292251304,0.0004835122651467349,0.0016457767353592354,0.0028432555732537832,0.0010729163205169324,0.002737496593536692,0.0003720450534351753,0.00021414116527435819,0.000118707316976703,0.00014096643434050366,0.00017589455296527378,0.00020059005053289466,6.276674262413782e-05,7.741854534745462e-05,0.00010822491399990006,0.00056331720226348,0.0009836279079762744
2022-12-29,0.00018566699538488072,0.00032709716286973635,0.00021611148562364777,0.00024499749115452536,6.617042606054954e-05,0.00011876834368889601,0.0006118523898893218,0.00047286036171235145,0.0005167392213179315,0.0004592827394594477,0.0016060400866386032,0.002901281681894573,0.0010297874509997901,0.0026471080348547285,0.00035775925729960683,0.00021588086730118026,0.00011990607641074455,0.00012522747792912306,0.00016049458016299998,0.00017646150514012834,6.378844916004257e-05,8.66517381064409e-05,0.0001248885823179402,0.0005412462481033264,0.0009525444401486512
2022-12-30,0.00020293467752113906,0.0003556965409989594,0.00024992093293602096,0.00024435489689933205,6.757602395756543e-05,0.00011914500170186666,0.0006145674471867423,0.000447350980475152,0.0005344390553785254,0.0004980346800956772,0.001684102209738999,0.003224888328548501,0.0011668888481048746,0.002881295343887642,0.00035137660413350893,0.00020854809702070437,0.0001231337301717647,0.00013375249152393457,0.00014770908855081855,0.00018743438142204236,6.250602422446095e-05,8.436846208334472e-05,0.0001262250731992618,0.0006028094175748689,0.0010204842449825146
2023-01-03,0.00015063926014395078,0.00024689641202502687,0.00021028974611508235,0.00024826738961491676,6.170681689208949e-05,0.00011150432341374298,0.0005111424786765341,0.00043504808266523723,0.00041147501403809145,0.0003035483490087874,0.0013409621915716342,0.0029325514844276684,0.00086574513544791,0.0027072267991158834,0.00035221390845284527,0.00020729830800726194,0.0001192815963946182,0.00011841134353057469,0.00014246726640512305,0.0001622925567089599,5.75781075727302e-05,5.2707551967130844e-05,0.0001258667619999491,0.0005437099517820328,0.0008477624254771607
2023-01-04,0.0001515841249960617,0.00024933348646070377,0.00021169632822516077,0.0002136855432299744,5.5847488606139695e-05,9.713458391601974e-05,0.00047259808554995115,0.0005049562136984311,0.0004908655251471758,0.0003034325804815576,0.0013558766701281194,0.00386644710224735,0.0008939557793014406,0.0028491552388097527,0.00042152312260446123,0.00020723126119142672,0.0001376802066499376,0.00011724074936048479,0.00013466382647210555,0.0001620886400041837,6.076112856638423e-05,5.268786640837375e-05,0.00013256365153115312,0.0005717129314694972,0.0008549861837427714
2023-01-05,0.0001547499450808563,0.00024969788943861684,0.00021823887260795572,0.00021527231181386777,5.670309446725889e-05,0.00010128412445470863,0.00046372057812759163,0.0006412458220976437,0.0004960072689823216,0.00041290167322765003,0.0013920242525392319,0.004003199065420321,0.000989951165761176,0.0034289384526064886,0.00041957766343062085,0.00021288232583444123,0.00010205985473687529,0.00012986216091395933,0.00013591311454916197,0.00018907978982384447,6.714906348365184e-05,4.921531848948498e-05,0.00013257910128425376,0.0006283939522230728,0.0008014954656984055
2023-01-06,0.00014392010789561542,0.0002476429544779475,0.000181859725966634,0.00020532923048979026,5.274384893180913e-05,9.347680321996688e-05,0.00040205065876083276,0.0005922401636465751,0.0004987136181200402,0.0004425306808541556,0.0014391686691410414,0.003813618880380012,0.0008482946837755575,0.004111750258268703,0.0003877903428328659,0.0002013459968273863,9.518551876654489e-05,9.8477007247635e-05,9.161720080774448e-05,0.00021116182544530905,7.01397038863082e-05,5.212733683861989e-05,0.00012740831475051265,0.0005580948350722352,0.0008569049043120343
2023-01-09,0.00016052686239758068,0.00026423179791108093,0.0001958277219910993,0.00021455800445543374,6.669140130956524e-05,0.00011188014398696957,0.0004348570458979685,0.0005154196742093007,0.0005340495995976276,0.00042700584948744463,0.0014502809109358493,0.003834549108825885,0.0007629986131188175,0.0037537516223427967,0.0003680451469514765,0.00024986306192417007,8.84849822018674e-05,0.00012066708953318692,0.00011113902013418083,0.0002448437304854918,6.121925741299736e-05,8.236747737225011e-05,0.00015202712564406124,0.0005015221519463799,0.0007746238761524773
2023-01-10,0.00016038569558266507,0.0002655955835823403,0.00019550790718140471,0.00018639971677859578,6.0850679037531785e-05,0.00010772132633232711,0.0004090751292222207,0.0004966302518891506,0.0005244102346195582,0.00043163280848706483,0.0015859491684187968,0.00395812693127354,0.000869950554291637,0.004790471475930969,0.0003684323292896936,0.00025384151039440516,0.00013783234543154668,0.00012051557391130575,0.00011205231667676874,0.0002446331733036711,9.694498236886139e-05,8.838776051348229e-05,0.00015915601223436343,0.0005058410960505684,0.0009113978499802281
2023-01-11,0.00015972556503410646,0.0002619059416418732,0.00020445408863562707,0.0002012383446306873,6.092766946889291e-05,0.00010841986579847415,0.000398707557643885,0.00048451276902163135,0.0005175286122951707,0.00042647005691013267,0.0013856839910915343,0.003960729987534004,0.0008727729650819632,0.005529313252582047,0.00037008171609631427,0.0002633565667117529,0.00013654633733238666,0.00012222729509725198,0.00011043504581753536,0.00024222529393013072,9.725744274459334e-05,8.563162287849148e-05,0.00015904607696629654,0.0005085875090242356,0.0009180435455316635
2023-01-12,0.00016529749843766474,0.0002757754270646548,0.00020450218193268326,0.0001774215922086499,6.182113421570278e-05,0.00010776027582103521,0.00038782693879513004,0.0005406828088506072,0.0005407836487266538,0.0004715321974307057,0.001382209587996357,0.0039766388956118245,0.0009219749640239033,0.0053284896764077124,0.0003374302833706359,0.00024965057642502254,0.00013591939524281504,0.00012655779639852586,0.00011182039378756539,0.00030986185616338875,9.36492389509383e-05,8.886821589556292e-05,0.00013272020290724124,0.0005077496317046552,0.0008898890399416851
2023-01-13,0.0001548002085795791,0.0002688468005795372,0.00021221764599241684,0.00019766714093592304,6.866297788422642e-05,0.00011123669709468222,0.00039929080488044393,0.000511441711057004,0.000526330247530219,0.00043442572213062554,0.0013837406133244581,0.003747298171236506,0.0009261338133947588,0.005522220204940369,0.0003201965371981755,0.00023136237197070113,0.00013457783911370672,0.00011717614737438179,9.89007571865443e-05,0.00031532667780870066,8.73160682248622e-05,8.490351894790651e-05,0.0001185314425737032,0.0005665680553387919,0.0008749226853098784
2023-01-17,0.00015250675112938458,0.00026516014763120616,0.00021083643310688816,0.0001974666758438317,6.509739834272204e-05,0.00010332221245965607,0.0004059844724723896,0.0005079272893678454,0.0005293790053245044,0.00041850696161185765,0.0013634573961361026,0.0036564960928494755,0.0009368344938201844,0.005150695335380406,0.00030096279947653776,0.0002350166235865675,0.0001632492144237042,0.00011989749628156289,0.00013286101334591727,0.0002990445581562075,8.468057288895043e-05,8.75526654863922e-05,0.00011842651101797676,0.0005674860736608208,0.000864971780636838
2023-01-18,0.00015043782859807284,0.00026235252286432306,0.00020854657942298875,0.00019877445968942832,6.577271296825845e-05,0.00010535859379331076,0.00041447347190487406,0.00048739276016541484,0.000520114719142391,0.000419627005638362,0.0014543183040885122,0.0039001532687981504,0.0009763638429798545,0.005421506263607515,0.0002991362341149397,0.0002380065826828291,0.00015938430949717777,0.00011360650599958815,0.00014476911351856943,0.00029692574011654137,8.62635947130869e-05,8.717243636307138e-05,0.0001187455394828969,0.0005670623313577001,0.0007866986096626268
2023-01-19,0.0001307193761655704,0.00020785291090310678,0.00018790673347762046,0.00022933592103650458,7.316917927453485e-05,9.091234122129075e-05,0.0003708596768546798,0.0004896617538603931,0.0003955980085176248,0.00038191704416839156,0.0013778556787071461,0.00392222665588675,0.0008872523814569694,0.005557322870089065,0.0003158092283707516,0.00023323452080352465,0.0001593568722230328,0.0001115394961182487,0.00016115673833982884,0.0002988255481724045,9.007148724925105e-05,0.00012045260900205714,0.00014865113922157293,0.00048515924088536686,0.0007301094505612147
2023-01-20,0.0001259183648002464,0.0002081650259729207,0.0001899088401835317,0.00022458526094853542,7.239044529404432e-05,0.0001003688895809586,0.00038640448472459794,0.00048274893401612775,0.00038379738637631046,0.0003802177624064928,0.001419956682705021,0.0038029458426709598,0.0009460848962620455,0.005496080334463607,0.0003157881828487124,0.0002594191638910723,0.00015830534131482145,0.00011581770411501502,0.00016887740442715233,0.0002629812208513249,8.435456601266698e-05,0.0001443911598965088,0.00014198842683070607,0.0004840388511636534,0.0008055025948237864
2023-01-23,0.0001406037111618879,0.00023711450816791527,0.00019437182744995264,0.00022348298390649032,6.826227755094828e-05,0.0001005441029447063,0.0003792289495104257,0.0004752593962406198,0.00038956116270150485,0.0004310271116521841,0.0016106673096607789,0.00392868260551191,0.001016896735810089,0.006070305089513217,0.00032113861657055205,0.00027322573711860675,0.00016273741395238714,0.0001288867757677595,0.00016727418278805612,0.0002616450372380793,8.54851981481776e-05,0.00014520075009352986,0.00015018853912464138,0.0004564145949853029,0.0008610668907311194
2023-01-24,0.00014829153484591205,0.0002635212604442723,0.00020113143241415774,0.0002071243531851499,6.105434710070121e-05,8.590701511673099e-05,0.00025785943269873897,0.0004750045322833713,0.0004190947077703022,0.00043454436402890715,0.001897779938704028,0.0038471495011706196,0.001115106941146708,0.006079878104342307,0.00030894824600264216,0.00027284100662425465,0.00015941311614329898,0.00013521103321276564,0.00018015995475341933,0.0002624281655907449,8.577764477891612e-05,0.00015520212057839423,0.00015807544556577601,0.00046958868158151215,0.001284199635543221
2023-01-25,0.0001362919601492567,0.0002523915425049541,0.00018539412317789737,0.00021794287568429084,6.001619606171195e-05,8.647103534096162e-05,0.00025878045023964105,0.00045173999761846504,0.0003942633899645727,0.00042840766300888055,0.0018628445451656028,0.0038470485845916247,0.0011137446566049202,0.006183658062643236,0.0002903753301257677,0.00025128325320725045,0.00017635262136069126,0.00012226565929781324,0.00017732098266055125,0.0002587776558931732,7.868964767241482e-05,0.00015226003913652335,0.0001551193899467678,0.00046998603452769346,0.0012302527101904562
2023-01-26,0.00012499360905079485,0.00021906391650037044,0.00017633000028996745,0.00021826214536365893,6.002307199650251e-05,7.953042762576003e-05,0.00024731344308828116,0.00045112988028218133,0.0003637783330552526,0.00039370846832820233,0.0015713341777601171,0.003373945718196554,0.0010485097710503846,0.006181936087498663,0.000260614480890387,0.00023510748403076593,0.00016654053605707475,0.0001213066698382283,0.00017146193014903524,0.0002578182331834054,8.07182062914551e-05,0.00015199709225503414,0.00014876541655904827,0.0004910062200467346,0.0010458452414978876
2023-01-27,0.00012973488781913988,0.00023920600000015932,0.00017710973364152167,0.00020750793239583212,5.9511489871793744e-05,8.357095465023106e-05,0.00024440074075550195,0.00042243872688630134,0.0003751738629009807,0.0004435430281730624,0.001600016513436821,0.003949821897514551,0.0010483351195818965,0.006147128092799783,0.00025959263075664,0.0002408372117852152,0.00017114765755710568,0.00012109412110969485,0.00017231475058033477,0.00026031756850999194,8.110054179743114e-05,0.0001524506061450401,0.00014858788875576377,0.000489641325139919,0.0010406637332267727
2023-01-30,0.00012916832638667103,0.00023347601494759358,0.0001762220049484039,0.00018601650587008804,5.075221971812658e-05,7.981825941857306e-05,0.00024777652356659525,0.00044465310893117646,0.00037459391832030933,0.0004405331399226318,0.0013429603161833985,0.003742650737706432,0.0011234520313951096,0.0069375086218586655,0.00027619427066517257,0.00023542230712587115,0.00017001916497064274,0.00012108936175723508,0.00017196699742648154,0.0002670953278642046,8.193576430446372e-05,0.0001492560614394892,0.00015177627312429855,0.00047038213376914884,0.001020260389189855
2023-01-31,0.00012933412854344351,0.00024665034860766883,0.00017357671779753682,0.0001848382859961516,5.1010582186084695e-05,7.906313764588758e-05,0.00021799977848911044,0.00045696581585657163,0.0003439299563187452,0.0004617184763819835,0.0015439885216178043,0.003917883390646429,0.0012466489188950433,0.007367774591173323,0.0002775299082617074,0.0002294368282476741,0.00016905926463050858,0.00012175925232862544,0.00017431218815746311,0.00025989289080424646,0.00015888025118229526,0.00014052104826420587,0.00013821680498070273,0.0004515935640682714,0.001100710430804226
2023-02-01,0.00012357194704137425,0.0002270054896909453,0.00017083472026244728,0.00018133388112295899,5.10549429693569e-05,7.807787520672037e-05,0.00020554944338986656,0.0004742022956708919,0.00030562556911370496,0.0004447198682838534,0.0014786767027712155,0.0036686662821716633,0.0011797261939336112,0.007212564608228959,0.0002758607576392079,0.00029919721910728675,0.00016747584670608214,0.00012129803860124226,0.00017445692224864613,0.0002577829709615697,0.00016163731267252674,0.00014470312636138884,0.0001441219812794576,0.0003877868434854192,0.0011056776488510757
2023-02-02,0.00012931115633122903,0.0002515001686424638,0.0001837260077921662,0.00018230045829152519,5.444368196227874e-05,8.546611740233903e-05,0.00021236713892570878,0.0004908007290769898,0.00030868403126971033,0.0004647136492814736,0.001743115735097742,0.00377878834105779,0.0012813342484304855,0.007938156292155312,0.0002953208128601666,0.000305385452154518,0.0001676642164499791,0.00012091986453207184,0.00017246673715947048,0.0002569642220406806,0.00016476328818509223,0.0001439532822380822,0.0001454536790208187,0.00039087376168432127,0.0018800967905861202
2023-02-03,0.0001397741703620715,0.00031706908387018126,0.00020288223933136957,0.00016282181164478765,5.19484015625274e-05,0.00010574264186650677,0.000242171088703727,0.00042797856491353216,0.0003016246378658076,0.0005796214567586778,0.0017903794168401199,0.002920338447069127,0.001465078586200824,0.010322310738707818,0.0002545454677723698,0.00032423477002191403,0.00015537498806135282,0.00012065677157349118,0.00017051559083749957,0.00028450962473924407,0.00016140868671922338,0.00014675161658363582,0.00013954838870915248,0.0004244492434645064,0.001971332376535401
2023-02-06,0.0001427884722903078,0.0003334417049934087,0.00019696859922743785,0.00016511727921635425,5.623486872424823e-05,0.00013591879555118364,0.00036266591952383134,0.00034769162816361413,0.00032768308326561505,0.0005013513316798476,0.0017858644590216309,0.002788026400666089,0.0014365479986696219,0.010016332311348559,0.0002548117001575762,0.0003257754196935049,0.0001560516241816414,0.00010701515802361094,0.0001787101333356773,0.00027672750261387255,0.00015672528214942907,0.00014624066227984504,0.00014929609179899553,0.00039113324235745246,0.0020014112986559062
2023-02-07,0.00013763043070559667,0.00032376064094298703,0.0002022512803343011,0.00016718814110272366,5.946719976980411e-05,0.00012755702255427758,0.00033448118437288986,0.0003603707816376552,0.0003393822089295155,0.00045384442339095886,0.001724912330477988,0.002774284302833022,0.0014157218490394934,0.00926389580021891,0.0002380346426455146,0.00033645018092009197,0.00018150298513214654,0.00010395192886898087,0.00018059166860092633,0.00023898003136617056,0.00015689948448266997,0.00014166963526057152,0.0001515719651522483,0.00039428654939196274,0.0019718009000653388
2023-02-08,0.00011872468475047469,0.0003061935649917924,0.00017823645171253193,0.00015254628770294145,4.5606308539052424e-05,0.0001087908100802059,0.00030298683666781103,0.00042335259101507206,0.0002877813798710317,0.0005391157897466475,0.0017713508983565112,0.0027478129346247444,0.0014253454765039847,0.00936359885057224,0.0002746741844599123,0.0002717417674828555,0.00017809277360258838,8.457422088273564e-05,0.00016895536888526138,0.0002006608708501984,0.00015333022580531108,0.00011660797496415297,0.00011973943788557617,0.00038274512562051804,0.0019731858611947957
2023-02-09,0.00012532714589523437,0.0003215395818490891,0.00018996431394443242,0.0001522366321600515,4.480660868185969e-05,0.00010884910159014972,0.00030057562367250755,0.00041917659248932117,0.00030424043842914884,0.0005345030824564484,0.001632037683550691,0.0025935241274039587,0.001361968897182168,0.008328779415870602,0.0002784033468800287,0.00026781466619504884,0.0001273358450981118,8.577988288396501e-05,0.0001707426078563991,0.00020188074769981345,0.00011568537991093618,0.00011427133131049953,0.00011271983383187463,0.0003783987375340551,0.0018474266454951388
2023-02-10,0.00012680438798342496,0.00032196465938766133,0.0001898132852064844,0.00014194723550180744,4.8076533750254124e-05,0.00011156756757212821,0.0003124890713797548,0.0004259522637205656,0.0003057917375126788,0.0005388827960262478,0.0016165699933454974,0.002637979178379132,0.0013792045996570835,0.008785750744570404,0.0002797102948466048,0.0002603950422682646,0.00012457333940122357,9.09084005735233e-05,0.00017986545112489195,0.00020820858495626147,0.00012549992784758232,0.00012088007048039967,0.00011736242631111069,0.00038357607572522584,0.0018565954121572638
2023-02-13,0.00011845131055085022,0.0003082289497883279,0.00018162887740218972,0.00013464966734816824,4.680407701827317e-05,0.00011174053058465771,0.0003091828104155688,0.0004133864393937947,0.00028221784396955345,0.0004904980771278944,0.0017472103313049344,0.002712487011103825,0.0013812498893606229,0.008880444474894642,0.0003600222912676249,0.0002620874970845948,0.0001523883502529746,8.680103099816841e-05,0.0001779263948021493,0.00014103459475808315,0.00012653661054183232,0.0001214909434002076,0.00012622117495991533,0.00040433969401302677,0.0018688816627161042
2023-02-14,0.0001251868423724997,0.00032046304223891614,0.00017426670009576455,0.00011769096382079755,4.0623239189045544e-05,0.00010591452324763641,0.0002967496471072771,0.00041125213483303615,0.00030120927666204373,0.0005350166872229808,0.0017256280709097415,0.002719305302917249,0.001373362881349866,0.008516935518473389,0.00034085669800856117,0.0002461646964755662,0.00015228878808424542,9.376431139479978e-05,0.00018424659328652098,0.0001366488068950398,0.00012589015345468264,0.00012900179534860065,0.00013423653051709345,0.00033612410825459825,0.001856984015817274
2023-02-15,0.00012437744160868008,0.00032085643820768873,0.00017193385938234077,0.00011312566708127696,4.0385672573563616e-05,9.815119262776167e-05,0.00027491573986950586,0.00038773947130044996,0.0002966396885700304,0.0005350549431663522,0.0018491736628687072,0.0030013075091366507,0.0013963331935006277,0.008494652097366048,0.000340748234631912,0.0002495907311643772,0.0001149279679819248,9.229820041861919e-05,0.00015129944106298792,0.00013800548124834648,0.00012634757114962165,0.000127979668344587,0.00013409192480055718,0.0003351963166846798,0.0019174925230866962
2023-02-16,0.00012476900625105078,0.00032382088722746885,0.00017741334386673586,0.0001156296970185122,4.04586389839712e-05,0.000101282096668002,0.00027074527050479437,0.00038215215214384795,0.0003029172945025092,0.0005373872104879278,0.001735643095294641,0.002750696776320328,0.001529787696614587,0.009563673002743208,0.0003566004987207132,0.00026256141043553237,0.00011325818089409761,8.992951501671357e-05,0.00013897451106694494,0.00013843838639690257,0.00013936683606214392,0.0001278022871497193,0.0001350660613518916,0.00034538565120457434,0.0019181769968195951
2023-02-17,0.00012142718933665016,0.00033409349173673986,0.00016792637495432496,9.538823219437167e-05,3.6557950338964704e-05,0.00010086596048486744,0.00024876160964773845,0.00036565607872804796,0.0003073487914901527,0.0005573455638479821,0.0017803195484010768,0.0029151976072896548,0.0015243488057725815,0.009421961466009555,0.00034325691385144857,0.0002568037855540763,0.00012436610178660206,7.607830041873969e-05,9.854804160797235e-05,0.00013185260588864994,0.0001294873526556362,9.694388325025951e-05,0.00011445204563056086,0.00039627200806921866,0.0021147375879733464
2023-02-21,0.00011884640468173022,0.0003315009005657298,0.0001632700804307637,9.651513570968033e-05,3.717021850672323e-05,8.777912318920867e-05,0.00023516426769764308,0.00037704812141715183,0.00031048043742280346,0.0005558128823761311,0.0017537912129448286,0.002957678654350847,0.0014662340089763176,0.009410136056655869,0.0004069070628969289,0.00022773588461268179,0.0001279678742821633,6.856975240027827e-05,8.917012143897978e-05,0.00013102230925724,0.00015276571858969452,9.541506039249288e-05,0.00011534263090712382,0.0003980930702538963,0.0020453059706850556
2023-02-22,0.00012267872655167002,0.0003230192488132892,0.0001977862723556871,0.00010298521012784357,4.687265962402352e-05,8.79354914668777e-05,0.00023524744163348887,0.00036838998368635573,0.00033067901389778967,0.0005126695162443202,0.0016092447320623952,0.0029910004301244232,0.0015564843498594915,0.008881467982801176,0.00040291583088344646,0.00025976067580082924,0.00012658097591058495,7.885488451126748e-05,0.00010762527646156313,0.0001458946271851533,0.0001639140527037411,9.462953575621017e-05,0.00010914628449888201,0.0003446446075888185,0.002008221308612994
2023-02-23,0.0001149926289827405,0.00029660991350909365,0.0001899063626855171,0.00010632291544807547,4.685398930888697e-05,8.948233810267065e-05,0.00022708400341459005,0.0004079875333283551,0.0003015882261212281,0.0005085951055006151,0.0013174019565251754,0.0027032815659345905,0.0014900216172450591,0.008881536448160218,0.00040526571592545876,0.00025960743222781796,0.00012548867635233892,7.164171347285136e-05,9.670146888142312e-05,0.00014927757443792639,0.0001636637942074848,8.55891424957568e-05,0.00012170308297776001,0.0003210772946823374,0.001582568927665778
2023-02-24,0.00011647090236952145,0.00030052256616328765,0.00019242023228528484,0.00010033780503840387,4.8688542010840634e-05,8.878330779133472e-05,0.00022533960115186176,0.0004172040877860093,0.0002966892045863904,0.0005174056454428261,0.0022595027621776075,0.002705205085970459,0.0014889672678344511,0.00879629848817921,0.0004167261564685032,0.0002393314898776537,0.00010807765325917974,7.166343855720866e-05,9.617591143717808e-05,0.00015199971211081253,0.0001636692926984292,8.452966327203779e-05,0.00013366638632752293,0.00032062077347072885,0.0016388523751403557
2023-02-27,0.00012277991793138154,0.00031586689141634253,0.00019683138673587665,0.00010939448673793163,5.178213825711181e-05,9.048306176447807e-05,0.0002628979518511687,0.0004226474568627263,0.0003135517130571337,0.0005420481879979777,0.002273207138289375,0.0027415121099182986,0.0015423921163853589,0.009014720709432806,0.00041681779362731766,0.00024185243285325227,0.00010196871427005312,6.837488274318942e-05,9.93165213588926e-05,0.0001691320664566557,0.00016780042814729202,8.625489667906493e-05,0.00013281325199347106,0.000310120819076331,0.0016626508346618014
2023-02-28,0.00011687019753504404,0.00029823692622927764,0.0001955986576992171,0.00010862380227146319,5.177939998776267e-05,8.679005058212275e-05,0.0002667319560404059,0.00042961618804415914,0.0003054207930939157,0.0004927089446610237,0.0022449976160853528,0.0023032418617473906,0.0015256573375272175,0.009017694818118495,0.00036437220504979053,0.00024493081197143207,9.379467431172748e-05,6.686680157626284e-05,0.00010137197966290603,0.00016245791245570894,0.00016732600077826114,8.540612095701804e-05,0.00013565070703311808,0.0002987171496132366,0.0016661595273508435
2023-03-01,0.00011733263156801086,0.0002929554769631447,0.00019400491833084445,0.00010939922297885017,5.132928053927217e-05,8.78151687495908e-05,0.00026835132113885466,0.0004182350081123519,0.00029595828275510766,0.0004931667590004035,0.002210110294402997,0.0017115370894539138,0.0013892552604005534,0.008339641210691645,0.00035305765581412446,0.0002404819542280245,9.498836950831322e-05,6.707757965603985e-05,0.00010485513180129492,0.000155780108966272,0.00017938184957502106,9.162027917815318e-05,0.00013375508487025868,0.0003024621172692576,0.001665922304346098
2023-03-02,0.00010941103433459666,0.00027367580341335773,0.00018332466212738307,0.00011505358489942394,5.267681122846323e-05,8.926753351424075e-05,0.00026902845537507395,0.00040441064624107315,0.00028470521150666776,0.00047500865962528345,0.0020349690244490476,0.001489620120202561,0.001295070368073417,0.007908967141615623,0.00034451828567370424,0.00030961939750247263,9.473605356300305e-05,6.634081483809621e-05,0.00010259823020985581,0.00015559564148445355,0.00010251653011122917,9.111433545849138e-05,0.00014097736021194645,0.00029118138596222724,0.0015794427911837534
2023-03-03,0.00010103036681832834,0.0002652795265312121,0.00015210495363274928,0.0001159258633879608,4.991676781765303e-05,8.856488185389644e-05,0.0002660502973630608,0.0003877681504722279,0.00028121866174390204,0.00047207077838461945,0.0020536641548811008,0.001607267859394721,0.0012315892900651053,0.007831739855792625,0.0003444476965989893,0.0002499772127745466,9.672987321622973e-05,5.7625500332161706e-05,0.00010662606811439689,0.0001394235987444024,9.837941996147788e-05,0.00010064355196255802,0.00013339628930672913,0.000288192387413085,0.0015463210453895047
2023-03-06,0.00010877309952749155,0.0002636950255195756,0.00014925487806394656,0.00013948402373524402,5.128778471680547e-05,8.621339944536353e-05,0.0002729402969722454,0.00037064683130919794,0.0003429646490355416,0.0004656609240558308,0.0018218126070017697,0.001559239181823283,0.0011862993466864574,0.007098336945608559,0.0003327874693958397,0.00025173179208927486,9.651129404344312e-05,7.109366327170086e-05,0.0001243686948460124,0.00014979761683460446,9.955633775113744e-05,0.00010176993456567754,0.00013179256513447767,0.00031142982103088705,0.0007816097342278405
2023-03-07,9.736178860638712e-05,0.00019567708027661508,0.00014031009945912831,0.00014271004649072283,5.1585215317314435e-05,6.353191266721354e-05,0.00025070446360422167,0.0003674388373281429,0.000288916829746554,0.0003527829059914964,0.001762133630522837,0.0015064215695447891,0.000991647342526936,0.004607599021923862,0.00030366992620242526,0.00023393377979108917,9.11173879026972e-05,7.072299124979118e-05,0.0001250591466117685,0.00012304171429216736,0.00010420545839724689,9.996789722552109e-05,0.00012888788149511207,0.00024814855311497527,0.0006840182080544087
2023-03-08,0.00010417647508388993,0.00018640904196850315,0.00014529337136909534,0.00013232222609166716,4.487947925780619e-05,4.558071214948831e-05,0.00024356662570066686,0.00038708613535177143,0.000268769561981248,0.0003276982320047911,0.0017246517702626876,0.0015579509243403736,0.0009370763199026266,0.0041985773792064624,0.0003202980692584947,0.0002803905034858429,9.072862768851036e-05,0.00010799381941892137,0.00016093728152135256,0.00013386495784175722,0.00010740369147525522,0.00012152356445367176,0.00012455262444255249,0.00023490095120263173,0.0006559367860925268
2023-03-09,0.00010226417679777414,0.0001838162507392443,0.00013367547177864204,0.00012935108524286047,4.1758712006464044e-05,4.5357656310735427e-05,0.00024291699026015293,0.0003781438606248375,0.0002546574040409396,0.00032580932789513377,0.0018021771522309137,0.0015763950128051202,0.0009259088062639192,0.004216176213733892,0.0003249886044136083,0.0002745688531849396,6.536734466689064e-05,0.00010874424152555333,0.00016098064186179437,0.00013805832321583554,0.00010718840825639495,0.00011754885649411334,0.00012540435036900762,0.000232045020157891,0.0006948044211484163
2023-03-10,0.00011200876918952634,0.00017751527578046343,0.0001742569672453257,0.00012612429675703922,4.1216147676034934e-05,5.057184939620519e-05,0.00024186320033115727,0.0003242417319582811,0.00024712584208269974,0.00023464972161137137,0.0017182228450625917,0.0017138207447849145,0.0010084267132998116,0.004474851610073583,0.0002801096107010438,0.0003268852635676604,6.841696802513639e-05,0.0001957663097275667,0.00032257800238895184,0.00016721911199837417,0.00011418827687440793,0.00011525447551522785,0.00012765607236782305,0.00027548942290710166,0.0006706323532598374
2023-03-13,0.00011695734948528727,0.0001708426199730748,0.00020923716220537413,0.00018784137510907258,5.225998941697366e-05,7.516167757623684e-05,0.00026832630344034424,0.00032425583675747734,0.00024045116268274158,0.00024626795299595975,0.0017406805064971308,0.0016865719535917032,0.0010272458970530473,0.004812776095273426,0.0002847563289746907,0.0005210998426043447,6.801279931677488e-05,0.0002122670909103652,0.0003542917583385286,0.00022819845538463689,0.00011442482160079968,0.00011044389179944314,0.00012617270640840434,0.0003155957211253538,0.000674010076984645
2023-03-14,0.00011291711749966778,0.0001695168176580026,0.00021236343378808567,0.00018316191068706693,4.839614247120843e-05,9.989648589278227e-05,0.0004450228664101708,0.0003621239925543343,0.00024732809515589494,0.0002633803614725934,0.0017387568600163849,0.0016408179993438073,0.0010153265614108414,0.0041106118801927365,0.00030381037115695256,0.0005208349937497094,6.877270768833529e-05,0.00029422716672234886,0.0003587985603414309,0.00023089410046738828,0.00010925785564415836,0.00010638964271103079,0.00012197471646734828,0.0003125911445221699,0.0006605074695669211
2023-03-15,0.00012733945889732777,0.00019540962470483255,0.00023058863009525838,0.00019127908522183782,4.61833143927994e-05,0.00010154488570083765,0.000446205929725015,0.0003900217103632847,0.0002577178932129536,0.0003021946699426228,0.0017255227452649092,0.0016269053737677504,0.0009768562719485944,0.004185699741325701,0.00022827895178738765,0.0005201165142489659,4.139692849025149e-05,0.00031560815429793667,0.0003929324329381416,0.0002352919849445855,0.00010980025340808274,0.00011044727431664388,0.00011048184446171074,0.00029195904570237824,0.0008622260745703405
2023-03-16,0.00012203615463715529,0.00018308366666892976,0.00023788581997393802,0.00020746714385991768,5.039880569856284e-05,0.00010343601402395371,0.0004476573566155729,0.0005112301330182494,0.00023908211424490292,0.0002674704646287015,0.0016957527642743721,0.0016327467660423058,0.0009645156508329707,0.004222509487570809,0.0003947578895049583,0.000598900202175873,4.855872066504365e-05,0.0003483916416762619,0.0005148219043047671,0.00023102825916705236,0.00010947918227201228,0.00011200711111938056,0.00010469216036625666,0.00029163189083389736,0.0008749386029116978
2023-03-17,0.00013859083517027136,0.00021719015345971653,0.00024794158293067384,0.00021055385936462196,5.0178027568313836e-05,0.0001036279462316651,0.0004476747246397098,0.0005111302737328858,0.00025688644834034825,0.00035340221176311144,0.001695190786233364,0.0013681915795504562,0.0009810045595271633,0.004246029319242449,0.00040113880154891697,0.0005883514602471638,4.8524031943817415e-05,0.00036638177321956334,0.0005340027816112602,0.00022781498422476209,0.00010866803315621369,0.00011329144951347425,0.0001060142707978145,0.00030046576089630433,0.0011165587541617785
2023-03-20,0.0001455907340932278,0.00021522984111608718,0.0002833804124238786,0.00021790085934251686,5.076044801276871e-05,0.00014325597974916673,0.0005076036417083537,0.0005395147320062852,0.00024808440718279614,0.00035727787363772925,0.001693525472620613,0.0013641923210943579,0.0008135776646915357,0.0033850879218614268,0.00039880754465857106,0.0005873215758304923,6.174454555760617e-05,0.00042489659228813864,0.0006142758169805613,0.0002557864915340236,9.990342247728331e-05,0.00011300599390054644,0.00010658256282829239,0.00029624587128030766,0.0011210328341143502
2023-03-21,0.00014007895109719628,0.00019626821795042774,0.00028740926839670593,0.00021102636859016033,4.7708215787241304e-05,0.0001432271369658786,0.0005077186147720463,0.0005556854239652353,0.0002549937451060106,0.00035472199863053515,0.0016325623880343806,0.0011920905561012306,0.0007779976303482016,0.0032160559056687663,0.00041497714878178775,0.0006155494363444433,6.488513882187972e-05,0.00042599436182256357,0.0006098051252976033,0.0002576091880952829,0.0001024550718902896,0.00011626448732934961,9.915615036617972e-05,0.0002476588903969768,0.0009184199851250169
2023-03-22,0.00014905523087102693,0.00020453569772825516,0.00030529688931395406,0.00021181813908468307,4.813295391532482e-05,0.00016262482605216826,0.00050663149226685,0.0005622922958984184,0.0002595716477789123,0.000342946427554535,0.0015959083271986205,0.001451382935145303,0.0009367953488083371,0.003893026555221524,0.000406403045640643,0.0006375892796393489,6.041241275205481e-05,0.00046029610846639115,0.0006476882424672522,0.0002578426635237539,7.907606872262362e-05,9.566073774979486e-05,8.758827860471116e-05,0.00027823155454437324,0.0009012399628689726
2023-03-23,0.00014275459165638812,0.00018336368719017968,0.00030147934329700877,0.00020032660308085977,3.8777049621891846e-05,0.00017745590842027623,0.0005457633631643434,0.000563054276249929,0.00022410496495281384,0.0003201786149081044,0.0015350277162754953,0.001351953032456137,0.0008549004463007221,0.0041568462620578195,0.00043035864459783,0.0006189121527026659,6.581463923553789e-05,0.00046659827980142853,0.0006663612425130113,0.0003147037841384459,8.573337385391698e-05,9.565416096553196e-05,8.784188102235118e-05,0.00024436700353008074,0.0008899712386966062
2023-03-24,0.0001430496014496741,0.00019094308409918856,0.00030215862079229833,0.00019576925078331438,3.877873235573e-05,0.0001842146646896912,0.0005355682626164732,0.0005290320108503953,0.00022628868979402832,0.00033990563937227436,0.0015735480202974492,0.0013368348095023697,0.0008361567756298648,0.005401204708695058,0.00043857012417503446,0.0006116021373982595,6.603668264837994e-05,0.00046902368014416733,0.0006635129385227457,0.00031235684352178477,8.564240131242805e-05,9.479029002049466e-05,6.680173555933691e-05,0.0002486881966376657,0.0009305275153288893
2023-03-27,0.00014385077181160055,0.00018754073984217584,0.00030383483992107904,0.0001915661831552629,3.596570361687227e-05,0.0001912117808987062,0.0005339708276816209,0.0005019589444452128,0.00022944394057284952,0.000336775621048288,0.0006434450813013283,0.0013397610557662493,0.0008235866012834636,0.005409723301226469,0.00042710482511086395,0.0006183892727872496,7.686216987997314e-05,0.0004690076331645164,0.0006729008332156255,0.0003444057274838117,9.112096505697436e-05,0.00011651055857854194,5.808202333131776e-05,0.0002672763365204092,0.0008724318186159081
2023-03-28,0.00013772517312088544,0.00017451439118650017,0.000305696190822847,0.00021313217040436352,4.079729184177053e-05,0.00019309277666497345,0.0004913609686819198,0.0006380558505144474,0.00021974421087368032,0.00032260819416457347,0.0006339864389012631,0.0013056244537513776,0.0007701612989029861,0.005539952246450496,0.00045136545633738033,0.0006164362488259252,7.676994048860286e-05,0.0004793676865593409,0.0007122113615886865,0.0003273337102205718,8.521448823301958e-05,0.00011627435909232958,7.273716799613155e-05,0.00027073842358080256,0.0008585926377764067
2023-03-29,0.00013736862975190773,0.000173279247344558,0.00030513378994399067,0.00021289345245707395,4.094482168271193e-05,0.00019589697937012095,0.0004927923028673575,0.0006312715944334303,0.0002169207696179272,0.0003227841634821878,0.0006305049331161949,0.0011612078740868067,0.000777531692424663,0.0055391272496284755,0.000463781968048415,0.0006077339566618239,7.750620700109437e-05,0.00047936891916413774,0.0007085788841301275,0.00032752789974858335,9.010723406846849e-05,0.00011666464949359373,7.068346874404823e-05,0.00027448173073984253,0.0008796668120215522
2023-03-30,0.0001480211220145406,0.00019106811507305693,0.00031211849169870346,0.000211989667520684,4.210586171910301e-05,0.0001961198164842319,0.000480146393409292,0.0006220533012137227,0.00023729927315639004,0.00034207814445020175,0.0006476689747068217,0.0011893190905653383,0.0008295254689227692,0.005113784222857824,0.0004626946499395397,0.0006165540106274765,7.815367910192875e-05,0.0004907334270711898,0.0007049958901040036,0.00035373470793275996,8.24347797582515e-05,0.00011003808664336816,7.040283441242302e-05,0.00029567457851341084,0.0008934554558992739
2023-03-31,0.00014907878863847727,0.00019236067018996525,0.0003121322030060346,0.00020675526085819202,4.006874672945025e-05,0.00019874044389406293,0.0005085256194504208,0.0006310898396441887,0.00023132889718012608,0.0003418444210043897,0.000631584407349681,0.0011808063076253496,0.0007997437011218957,0.005130436135495085,0.000442874382474943,0.0005426945364223779,7.84014547098101e-05,0.0004903780442892466,0.0007037816962077999,0.00035418516538071826,8.135334412384452e-05,0.00011104538328478536,6.502992499632257e-05,0.0002980051088730462,0.0009113620705798157
2023-04-03,0.0001565198331986971,0.00020353853354238837,0.00032998833881550644,0.0002145184093519119,4.4445405373558755e-05,0.00020021719216980593,0.0005118126810369909,0.000646294882599905,0.00024359525172266177,0.000333179924990196,0.0006034956892013839,0.0011820072957278475,0.0009134491324145748,0.005264777659725659,0.0004412929821633503,0.0005516409961583556,7.462756564489448e-05,0.0004956847742927133,0.0007057595462664373,0.00037133729388154037,8.699542790540076e-05,0.00010023730513099103,7.276733366546e-05,0.00032016722863535007,0.000871265482833301
2023-04-04,0.0001434489904036283,0.00018093288925395158,0.00031952683656511155,0.00018434646135507337,3.947374687535271e-05,0.00019680927496650355,0.0004982260096550967,0.0007903787771107328,0.0001816811736374342,0.0003190113020745284,0.0005733688225953575,0.0013313372298291398,0.0008766653591432719,0.005455770795745944,0.0005386801194604295,0.0005444127966972789,0.00012051062859192288,0.00048240696461518645,0.0006877057876329887,0.0003623920507144001,8.895608934275435e-05,9.900484795816107e-05,7.652754531313972e-05,0.00029394269104741753,0.000873690865600995
2023-04-05,0.00014511774617224603,0.00018148765649229377,0.0003247879741257206,0.00018237568981777932,3.9152674554969005e-05,0.00021408926207120996,0.0005800383712540534,0.0007859651376038904,0.00016378248887417293,0.0003169282812503099,0.0005810807559168253,0.0013157112432174952,0.0008541117752865047,0.005430588405238443,0.0005570080108001484,0.0007118734045400351,0.0001201192361550181,0.0004871639366965528,0.0006957411033618034,0.00036164885353115293,8.946057206248602e-05,9.927223929106727e-05,8.185845265490473e-05,0.00029290246527472787,0.0008754345726914696
2023-04-06,0.0001324263657843982,0.00017853662392993474,0.0003226461786384481,0.00018625223851635733,3.9295752282222236e-05,0.0001970934424754439,0.0004638704706133932,0.0007061837145727326,0.00015916479414714482,0.0003161311900742205,0.0005985048851066874,0.0013360947936973582,0.0009104512016418498,0.005464295171059282,0.0005523435291937315,0.0006761567346547559,0.00012005693000984315,0.00044977925028138766,0.0006470720607400046,0.0003327107978058864,0.0001902752306842392,7.97505597825287e-05,9.117316534930055e-05,0.00027947977315557804,0.0009356243824317334
2023-04-10,0.00013311077578420668,0.0001796500052120481,0.00032275601312225887,0.00018656487771668615,3.9198434447664265e-05,0.00019988824512346816,0.0004637279094006516,0.0006994222757288953,0.00015699841602216774,0.0003507694118709285,0.0005227983071495838,0.0012841736369453218,0.000923821943235262,0.005453068378168132,0.0005593355273636983,0.0006935091313795165,0.00011989597356457889,0.0004497981991973443,0.0006452104611820564,0.00032813510205424593,0.00018773226397658576,8.194129949468477e-05,9.050513914751282e-05,0.0002791788070154434,0.000852660910902938
2023-04-11,0.00011417791014930454,0.00016293917816759482,0.00028538321002556644,0.0002007065254008329,4.032469486243962e-05,0.0001976487126324911,0.0004634801166453896,0.0006931031924420989,0.0001588296363148252,0.00035230989195014295,0.0004907437891248985,0.0011412291102007885,0.0008248456526964174,0.00538744213390835,0.0005517167259959344,0.0006876210558315768,0.00012643591611099676,0.0003559010885051729,0.0004761667543883976,0.00029987023779503365,0.00018211924800456175,8.275165574720051e-05,8.820782614330557e-05,0.0002257381553252711,0.0008951442728280417
2023-04-12,0.00010261321574627596,0.00015425551393617447,0.00024191752768386936,0.00013798689445343256,2.9229559653875408e-05,0.00017489914018592865,0.00043836439932527587,0.000702084062089525,0.0001513133276784905,0.0003689544715836016,0.00048045765094414293,0.0011489951574092782,0.00076120578313317,0.005200646376209284,0.0005475025183071809,0.0005224610769442276,0.00014434592270730625,0.00034159342386821316,0.00044304919919167655,0.00023863925567714378,0.00018179741737236254,8.184503812735972e-05,8.856056405749592e-05,0.00018635591937811124,0.0008933882180173163
2023-04-13,0.0001034153787677608,0.00015557747667522455,0.00023011684692570268,0.0001377625690325683,2.943153029710768e-05,0.00014800907698407474,0.00026517192534653494,0.0006771112841477992,0.00014284457861205894,0.0003446066038456993,0.0005150149812845035,0.0012104642580428452,0.0007703759986604273,0.004696026674938895,0.0005244222590387071,0.0005167437791750971,0.00014355353642092438,0.0002530090660468589,0.000425069478065135,0.00023061325635187152,0.00017708493169528688,7.964163595461128e-05,8.939697391280108e-05,0.0002146525442906952,0.0009080984349494243
2023-04-14,9.823053594704593e-05,0.00014790535916287413,0.00022116217164614322,0.00012612019359201917,2.9103866057275e-05,0.000156031859734089,0.00027296729213981016,0.0006095163886686302,0.00019370990604305956,0.00033245158378445344,0.0003958679795595573,0.0011253395747287645,0.0008305851678912957,0.004531597665509131,0.0005212456372228094,0.0005172613956263856,0.0001467062683580451,0.00023541702753759246,0.00039066595600878434,0.00022606455110384696,0.00018501129730815445,7.252312624040642e-05,8.791389748000009e-05,0.000257621615791194,0.0006825780717816115
2023-04-17,9.640261726348038e-05,0.00014659997440994235,0.00021082860397512453,0.00011071062781360665,2.4727821268390502e-05,0.00017020803088704106,0.0002895986159503011,0.00048765381410349024,0.00019357983789803908,0.00032438580635881864,0.00040004105233766666,0.0011135538572969253,0.0008320929680596672,0.004497160798717416,0.0003545944577847226,0.0004427343806886142,0.000143164478563599,0.00020069882647485337,0.0005525881207638771,0.00023943518659528694,0.00018473008682472284,6.31162087567771e-05,8.369605935390606e-05,0.00026199884653306434,0.0006486047698010452
2023-04-18,8.053893373370314e-05,0.00010956464271240743,0.00020970285448107268,0.00011517556060815368,2.679932087677862e-05,0.0001710761220197534,0.00029730149832807887,0.0005043947368930067,0.00017479477377187715,0.00024260719438168348,0.0002520243372909552,0.0010978206503442225,0.0007830892507698847,0.004415360298621894,0.0003559340649951131,0.00044295649121569474,0.00014378726723352324,0.00018832266844104117,0.0005357585688510265,0.0002624167841863122,0.00018455184950177096,6.00860459363839e-05,8.458674321195008e-05,0.00025403946931783504,0.00036951271869812907
2023-04-19,7.298661988984194e-05,0.00010833577358640057,0.0001696954545079572,0.00010371478904646997,2.6021831425214443e-05,0.00012677739457792227,0.0002318702980134106,0.00047449160507678035,0.00017621813122758266,0.00023532624395190566,0.00028161720144022996,0.0010832433423690895,0.0007720060419493423,0.003859783434534806,0.0003430178783803829,0.0004270157843826341,0.000161194295100001,0.00013023659180527963,0.0004613550533187865,0.00023386180063203772,0.00022277759618825362,6.0143133578602176e-05,8.128926913788334e-05,0.0002487827682497341,0.0003606588626266378
2023-04-20,6.797298036462376e-05,0.00010766056505633183,0.00016069948668050906,9.948940664610348e-05,2.6888704694658788e-05,0.00012802590272427368,0.0002320601195456524,0.00047740034289097235,0.00016593021885361124,0.00019801370996813677,0.0002840390031210447,0.001089861408296571,0.0007642005181758408,0.0039599956994546505,0.0003221615705412007,0.000394870591149611,0.00014593328846592858,0.00012384570983677685,0.0004553879394583971,0.0002287102792211646,0.00022228793377711102,4.736832475090371e-05,7.50786641516562e-05,0.0002684053652000919,0.0003546989440045056
2023-04-21,6.02939051323656e-05,9.985536324797819e-05,0.00014386457363689922,9.938031315139074e-05,2.6396237090817274e-05,0.00010898716023296429,0.0002295270677401241,0.0004801653939024417,0.00016009254646194706,0.00019988216419668025,0.00032629331965407135,0.0013552160219043187,0.0006860387201877802,0.003499057310252312,0.00026301807227862423,0.0003775970505293612,0.00015040648555801844,9.003099479960421e-05,0.00041748891727496517,0.00023301111722899703,0.00022455879276417936,4.521430397160025e-05,7.66694606791643e-05,0.0002386173922982063,0.000350327926298839
2023-04-24,4.4138628116862115e-05,8.964970593823497e-05,9.862622288595884e-05,9.151236618554697e-05,2.4572817544181246e-05,9.879572283977887e-05,0.0001936171827280304,0.0004824883780003269,0.0001608030426337952,0.00019833337431966893,0.0003205955495701012,0.0013041622996666526,0.0005538472846521988,0.003135375185605199,0.00023958707052718103,0.0003509752469084589,0.00015694868272472218,6.069000810344498e-05,0.0003802349355776549,0.0001536335442320449,0.00020718838762235565,0.00010856709576763069,7.578620189013228e-05,0.00023515916386651162,0.0003537973705713982
2023-04-25,4.379902061643575e-05,8.227812899526701e-05,9.75676053037636e-05,9.658856142311804e-05,2.5186904156299695e-05,9.079787688879989e-05,0.00019069813772884064,0.0004894255309343963,0.00015835416159171165,0.00018827439099416805,0.0002812660559923262,0.001315518494404484,0.0005509083788241539,0.0021912369394424284,0.00024155104079530204,0.0003617909522048484,0.0001573260409323951,5.8513974523059126e-05,0.0003799424614889965,0.00015224184591885814,0.00020918856831402384,0.00010863718950033519,7.472942000543672e-05,0.00023001794090434608,0.00031823293338954767
2023-04-26,5.5477836662639754e-05,0.00010139950322497923,0.0001273381189787221,0.00010728214521123364,2.5705117856127573e-05,8.51948963069547e-05,0.00019109750594371644,0.000520481953593403,0.00015952984516916542,0.00021077359076152486,0.0003180102153485426,0.001318027717933143,0.0006108630718790469,0.002174256327521749,0.00026040966365343057,0.00038082847203085147,0.00015327985381237853,7.4974288040231e-05,0.00039353285746236656,0.00012251875283373568,0.0002082617183205575,8.635696471123997e-05,7.444752292887924e-05,0.00022704884433781382,0.0003940123200717745
2023-04-27,5.627330680869582e-05,0.00010081308774122166,0.00012579175358118534,8.262613001252759e-05,1.881676695779625e-05,8.208660302801234e-05,0.0001937684884302563,0.0004412916077612928,0.00015115142298173477,0.0004661835726489564,0.00035284522893982653,0.0014212268220140862,0.0006314422148126818,0.0018636071631172285,0.00024594477973157645,0.00038659166669581855,0.0002015654471972103,6.958439497212281e-05,0.000367317833462864,0.00012754307407264492,0.00022063333722031973,9.226199682120376e-05,6.044466048933346e-05,0.00022394758518432862,0.0004184426147544579
2023-04-28,7.727638823685552e-05,0.00013867399682843896,0.00013532520861660944,8.789041559260303e-05,1.9398628289130628e-05,7.844421115787588e-05,0.00018883505096063677,0.00044175370178763524,0.00019321208377155207,0.0005196563822232808,0.0003571407671600506,0.0015030699156860948,0.0006288071455413095,0.0018616053596222136,0.00023375604361481063,0.00038535673563826867,0.00020354692837651347,8.358147754236333e-05,0.0003766025012516013,0.00015461501802304937,0.00021577813309605929,9.991866479058199e-05,6.01447045582594e-05,0.0002825988774341315,0.00040964810519870416
2023-05-01,6.982851075629126e-05,0.00012338158300003333,0.00013249837068966862,0.000101691459626902,2.152955890220621e-05,7.70938568144104e-05,0.00019008175065010293,0.0004748451690848691,0.0001752709763059424,0.0005033342240040228,0.0003516500187693727,0.0015055464748560954,0.0005560938593562017,0.0017963797208869804,0.0002363408920545571,0.00039969209581674787,0.00020177104592094937,7.966665589604404e-05,0.0003804733279245454,0.00013645078746426533,0.00021156080010606296,9.942074421601433e-05,5.95311085748909e-05,0.00029285433101944894,0.00042164211512911226
2023-05-02,6.801787840714525e-05,0.00011859345635669147,0.00013241355305322733,0.00014741687602863978,3.59199373000129e-05,7.3768815858543e-05,0.00016223736056239737,0.00046795763467840805,0.00016998273292213832,0.0004964075358345404,0.0004318506234951512,0.0015153778499527645,0.0005570296509396311,0.002049789292979581,0.00024233077567008162,0.0003997948938277103,0.00020775115353793854,7.980613371008734e-05,0.00040455160998887897,0.00013025353747223785,0.00021154771924290867,9.84652497973157e-05,5.504617651023016e-05,0.00028457577597858496,0.0004036864720416406
2023-05-03,6.42867056104057e-05,0.00010789760660379772,0.00013782443082587952,0.0001684878622023076,3.9373314027106365e-05,9.227780081135814e-05,0.0001802608965645089,0.0006119662772879308,0.00015889907183400703,0.0004843423982113686,0.00045357411546957053,0.0013197849215695796,0.00046597994212322654,0.0019325717124652308,0.0003479521139503726,0.0003853552017693523,0.00023594117130174025,0.0001020460774671962,0.00041112076839102876,0.0001216672168143652,0.00021001936053139603,9.46685448165502e-05,4.736975861484065e-05,0.0002754072577555377,0.0004039186752995877
2023-05-04,6.609234520424211e-05,0.00010993384497941737,0.00013854794751631613,0.00016897878721393582,3.753625548832138e-05,9.335977454139216e-05,0.00018049748634779245,0.0005480550255607626,0.0001579808833935073,0.00048418630677297654,0.000462705342187296,0.001101803189954358,0.0004470548173058987,0.0019090310158988676,0.0002604810502900018,0.000384534217800438,0.00019893779110250539,0.00010911116096705196,0.0004361051828616313,0.00011903232801149216,0.00021181574619560597,9.310183814647536e-05,4.428360221075817e-05,0.0002750215878670892,0.0009041945272002972
2023-05-05,6.716425009403486e-05,0.0001099933435167161,0.0001283524257350454,0.00017302902071104779,3.7861455490118254e-05,7.736930192261089e-05,0.00011640804460376899,0.0005503302637140847,0.0001628365427371604,0.0004847855648571611,0.00044812314960781564,0.0010955373383581763,0.00048783720220963003,0.0019054982169159195,0.00024901475913242384,0.00024897552205506906,0.00019843619073519597,0.00011344562182086652,0.00043657428224821586,0.00012265423619940274,0.00020702659097054918,9.300647862873771e-05,3.9379366672931225e-05,0.00033960320374286915,0.0010942137512978953
2023-05-08,8.521407758622704e-05,0.00012882567210453327,0.0001532470445486785,0.00016771331884513413,3.8133726917000046e-05,9.095619299836878e-05,0.00012960043326920253,0.000628016931100079,0.0002709452615030099,0.0004952244146973869,0.0005104244941412779,0.0011759219983504899,0.0005275925855718995,0.0034114909515623616,0.0002760563374531528,0.0002576988671012791,0.0002014218401657008,0.00014602167338082075,0.00045694933483725716,0.00013603031498943952,0.00010190361601207105,9.10601080886705e-05,2.863697513290204e-05,0.0003916516997451494,0.0011000246858078975
2023-05-09,8.438790513746726e-05,0.00012668833658232624,0.00015341302149175594,0.00017825660262066264,4.093721573262138e-05,8.823138934121976e-05,0.00012997271442904677,0.0006484670244604132,0.0002693091806064892,0.0004626987108668941,0.0005231209565557581,0.0011811945012780876,0.0005212917937121722,0.003405420386457652,0.0002632414975786491,0.00023449881220781986,0.00020700602251709675,0.0001453789735904094,0.00045720150605463447,0.00013532556751409607,0.00010176378881899026,9.007266779064758e-05,2.7671272591371072e-05,0.0004233880130647658,0.0012733513726027963
2023-05-10,8.538810391285521e-05,0.0001288812095554389,0.00014770406815100244,0.00016448899350866557,3.976918662330597e-05,8.794081597323312e-05,0.00012997218695129942,0.0006505620494226264,0.00026061123094043263,0.00046110250662747106,0.0005236646087706059,0.001193843673645972,0.0005282322364393291,0.003178775644381926,0.00025977066803582787,0.00018738625027343034,0.0001975819733847982,0.00014587224857299215,0.0004578847789463667,0.0001351557267449837,0.0001036997224900072,9.208867486733066e-05,2.7626829602044748e-05,0.00042280219983810695,0.0012171634473766267
2023-05-11,8.657411615283166e-05,0.00013302557534057737,0.0001457068645137337,0.00016936427898005496,4.314809469523093e-05,8.587875559070397e-05,0.00013020433711802087,0.0006346281346213454,0.00026331708796144076,0.00044841500469402275,0.0005179216570914687,0.0011862986529225913,0.0005368829879460722,0.003070087094800086,0.0002620406469402187,0.0001579047979463561,0.00017997174139206798,0.00014344577300910285,0.000456576805001416,0.00013919517971191077,0.0001044519232199398,9.210882879548156e-05,2.7591383068019356e-05,0.0004277106279349504,0.001227148777293904
2023-05-12,8.582735988390382e-05,0.00012929424121835138,0.00014599306737011925,0.00017536286423920383,4.3723582134270145e-05,8.864710264761768e-05,0.0002451345273922174,0.000632426237207668,0.00026234034203932824,0.00045085412111843927,0.0004896166210434269,0.0011465335909521311,0.0004900041473712049,0.0030825387793519577,0.00026995875971118805,0.0001699528056198799,0.00018157894173962186,0.00014332191397478373,0.00045712084568957185,0.0001445842498129864,0.00010511947933116651,9.200269792845325e-05,2.7051003204456752e-05,0.0008504783913335949,0.0012089573739236148
2023-05-15,7.638645987848127e-05,0.00010940605208206186,0.00013672820578593316,0.00017582237408861795,4.564149511831667e-05,7.893752751085491e-05,0.00023930298336502918,0.000647668593151328,0.00020237174134668108,0.00042472420463172066,0.0004933666297143599,0.0011315052085833137,0.0004573973806699759,0.003211459068249023,0.00026796740436415157,0.00016871779124893874,0.0001778606738489022,0.00013984451896970578,0.00046774059062160535,0.00014408338498632004,9.556713730545511e-05,9.643844217169668e-05,2.7001643821307815e-05,0.0008045109384638671,0.0012286296895216288
2023-05-16,7.670850274812357e-05,0.0001108093659972278,0.0001400038375407471,0.0001771348661709999,4.662870585469816e-05,6.170250096162723e-05,0.0002217261270904801,0.0006586336886257628,0.0002025874561443283,0.000415822146008592,0.0005117138254843006,0.0011354221801295984,0.00048230738893336996,0.0033858298446642517,0.00026919674671907663,0.0001680437939217926,0.00017427677425517203,0.00013821518729475717,0.0001814092499294937,0.0001308436136976374,9.865193485316827e-05,9.502731366219208e-05,2.7820655587764327e-05,0.0008045601426113086,0.001254908753250867
2023-05-17,7.846791042083539e-05,0.00011084020311524981,0.00014288428239551368,0.00016978806989261078,4.5818549448503975e-05,6.92752879908828e-05,0.00022269836976146194,0.0006446940618564641,0.00020258665246356163,0.00041408413391109966,0.000511578130863145,0.0011288932552508154,0.0005151928466205198,0.003460365804274546,0.00029539313183858114,0.00018632257495145312,0.00017840427107764921,0.00013579464860359212,0.00018048987358431075,0.00014279924929910684,9.868929065030752e-05,9.518553594681116e-05,3.5768614941973855e-05,0.0008265947661340315,0.001323650829195933
2023-05-18,8.641707737251396e-05,0.00011876707038231798,0.0001685028068614669,0.00016956225135112129,4.52203426738452e-05,6.911232081793857e-05,0.0002209732679215063,0.000702077154995236,0.0002002338418344115,0.00041880858422994074,0.0005370033580408796,0.0012189455870568336,0.0005497328875386791,0.003612563497813858,0.00031440401777227183,0.0002162378947103353,0.00017200042327700194,0.0001569628989681493,0.0002238872697565976,0.00015239743552128993,5.437646515242352e-05,9.611190122055614e-05,3.5655254217352664e-05,0.0008452360186185367,0.0013503963358195462
2023-05-19,9.144872287572153e-05,0.00013730111181145432,0.0001704207187905836,0.00017254001234627805,4.4840289738115056e-05,7.719310497783176e-05,0.00022819051356667383,0.0006833828644363338,0.00020768290340549797,0.0004299905109356892,0.0006609279734129466,0.0012125259580000052,0.0005602804331134825,0.00352116017994876,0.0003166128798855658,0.00022416464342004777,0.00016401600389830102,0.00015961326825075087,0.00022692432451134063,0.00015176417749235963,5.010714040927736e-05,0.00011116338834259306,4.4692348690103563e-05,0.0008252958081758157,0.0014356594056659884
2023-05-22,8.992496815016334e-05,0.00013437175989368912,0.00017100141621705027,0.00017132892144553516,4.414299432645588e-05,8.166039293967745e-05,0.00023828152183949348,0.0006498638444035724,0.00020582185440528626,0.00042637441005211215,0.000620935569755253,0.0006548822645599088,0.0004852281500917542,0.0034969492614364906,0.0003155597129582828,0.00021795676587066094,0.00015974826462261636,0.00016012783059642208,0.00022675026466723407,0.0001465323278354378,4.823828421199335e-05,0.00011139022351260479,4.8332707186308574e-05,0.0008598145805876638,0.0014568102885586345
2023-05-23,8.990095762197745e-05,0.00013492762562557797,0.0001789725572031516,0.00017028666140565417,4.412808492965755e-05,7.65540619046682e-05,0.00023874192104728767,0.0006454460075078106,0.00020218530318170757,0.00043061219462081483,0.0006213538790720382,0.0007686378600838823,0.0006062089444645654,0.0037547922233671,0.00031461930658838833,0.00021755886449975915,0.00014477268069213595,0.0001596011183900302,0.00023031807730577035,0.0001485532530777532,4.820732651392855e-05,8.655658476717236e-05,5.1235592152830764e-05,0.0008486389519758747,0.0014601854608273512
2023-05-24,9.68171262511842e-05,0.00014360145475541367,0.00018016926491067317,0.00016566296109307466,4.3303705998695854e-05,7.612858731595242e-05,0.00024071698276642095,0.0006450799527668508,0.00021476271164649796,0.00043873784262472734,0.0006345419498833221,0.0007705738822597945,0.0006223343176538399,0.0035020281424871453,0.000308221342588039,0.00020933478237297057,0.0001453079728734332,0.00016678322118728587,0.00023624094885646755,0.00015265482644847623,4.6199809339059166e-05,9.283008243957642e-05,4.892391332549042e-05,0.0008751309705077493,0.0014550228041493797
2023-05-25,8.569100790410378e-05,0.00012518940428052176,0.00015217296180315029,0.00015534178920277274,4.310609193739563e-05,7.831300672089118e-05,0.00025461939518095077,0.0006220341366620698,0.00020998636654501662,0.00041138657020681137,0.0005863469707370437,0.0007764383955316901,0.0005642049530096857,0.0034991989361073746,0.00028958657901078397,0.00019462960711954687,0.00013848254808900156,0.00015969284792887028,0.00021440469252175065,0.00017304988999440496,4.169275391748878e-05,9.660164679038187e-05,4.6731107204924066e-05,0.0008633491257687845,0.0013490828534966314
2023-05-26,8.877610858808251e-05,0.0001548397152621623,0.00015038598131590633,0.00014939334341801158,4.265295777584199e-05,8.180010001439672e-05,0.00026311399789768195,0.000590829244852153,0.00021242258028133699,0.00022156362737337242,0.00315137144046742,0.0006743012412489125,0.0005857644027825493,0.003485423822468966,0.00029728697652173393,0.00018782933530686914,0.00011659154154462564,0.00015468928801067847,0.00019721717390281266,0.00016795488771745822,3.979272325539183e-05,9.145482385988148e-05,5.117240723560797e-05,0.0008580466638874884,0.0019269695252451108
2023-05-30,7.656365472872076e-05,0.00015028340299505752,0.0001477364295743967,0.00014749211409572236,4.290152665691829e-05,8.267070898808846e-05,0.0002959368148224498,0.0005948983147276637,0.00018023380631033308,0.0001916580232717699,0.003180478042306854,0.0006983980888571088,0.0005946466933376874,0.003483995418574186,0.00029742785186517596,0.000187819394736177,0.00012238647834823723,0.0001443062531084365,0.00019218376092086255,0.0001476974720892351,3.9502627077633115e-05,8.336745205538433e-05,5.0815856539779e-05,0.0007956880984574013,0.0020703720715749964
2023-05-31,7.261611721337156e-05,0.00014881642529724435,0.00014432679727104634,0.00013888173052893513,4.2670539612557135e-05,8.475241877815327e-05,0.0002954478044117643,0.000644460616911666,0.00018329969025373803,0.00018960741105680988,0.003208226350004012,0.0007530402757647078,0.000610314392697769,0.0037652470054423616,0.0002903111566289003,0.0001689346550820898,0.00012237257319406482,0.0001366511035716154,0.00018887709663729436,0.00014032857797804601,3.8497920538117406e-05,9.631255006417242e-05,5.0744924605105215e-05,0.00076193829708584,0.002054929740484067
2023-06-01,7.425356583147173e-05,0.00015052494990027234,0.0001496831510785916,9.61277026058402e-05,2.875662716330004e-05,8.377213745009822e-05,0.0003056222816139959,0.0006738892294160554,0.00018328863877655743,0.00019192564098385358,0.00330326752410083,0.0007506164780358452,0.0006246411620202172,0.0035101203243381425,0.00030048146174736816,0.00018807547449956145,0.00011639897518357435,0.00014245616432289555,0.00017328770072586456,0.00013864786376821943,3.956669589550241e-05,9.747290155671629e-05,5.1499993762539804e-05,0.0007616376804045846,0.002238504376449256
2023-06-02,7.215387462386578e-05,0.00015354723433845562,0.00013244562047314397,6.378859275353673e-05,2.139991112085088e-05,6.715690252497105e-05,0.0002972884068233012,0.0005672791964228473,0.0001950127820107697,0.00020071499999682656,0.003406751516555243,0.000762416570548909,0.0006063104179912504,0.0035064820888184764,0.0002005709422723891,0.00019684180452731847,9.69461711994172e-05,0.00011986403021703203,0.00016903187066046212,0.00012267756629442115,3.6037043518682135e-05,0.00010311905326052743,5.183597108995784e-05,0.0007506220726372465,0.002244331769832051
2023-06-05,8.084460366198894e-05,0.00015424401688595224,0.00020120478816204623,6.873992341939418e-05,2.1650011803114175e-05,7.534100373847705e-05,0.00030442326244050017,0.0004941133061485328,0.00019395048467471253,0.00020401817869253726,0.0034019999545433725,0.0008135290962067143,0.0006137501565445944,0.003343103015922006,0.00022990274646578223,0.0005527496738069281,9.424924044568159e-05,0.00013809340407534008,0.0001676404115368657,0.00015357762691377627,3.986153829813475e-05,0.00012004384440462358,5.604452638776523e-05,0.000782619839990754,0.0017419709766808534
2023-06-06,7.827915185130083e-05,0.0001535865010434397,0.00020423251067087692,6.353329985872501e-05,2.1488193908557354e-05,7.462425794876232e-05,0.00027932241757708574,0.0004920300588872423,0.00019167764193933571,0.0002035589764420502,0.0033987486563010305,0.0008283753944124219,0.0005774743534647598,0.0038233360691369202,0.00022545521402564237,0.0005381497623787681,9.391227788654128e-05,0.00013044258189047394,0.00016259057843895548,0.00015252516619561386,4.274182078600818e-05,0.00011973678326491378,5.797585601431028e-05,0.0007181898938367615,0.0015491546968628006
2023-06-07,6.011204649072952e-05,0.0001293652123450975,0.00021103120993161802,6.481657280491801e-05,2.08422519713708e-05,6.106842652437531e-05,0.00026604819231155363,0.00041510565469731793,7.674204307439963e-05,0.00019020619197693237,0.0033218362851444956,0.000687167464039154,0.00047765248218666127,0.0031825247085289685,0.0001897150105713564,0.0005305501086883599,9.452237559734943e-05,0.00010631842364065738,0.00014227053463692352,0.0001425562350696083,4.215666504010618e-05,0.00012458663718720585,5.392415902701818e-05,0.0006742914601595348,0.0016240617154546924
2023-06-08,6.076524300437754e-05,0.00014506348920133343,0.00022956113642094462,6.615535610353275e-05,2.2417676599252762e-05,6.898160635456057e-05,0.0002677199643961288,0.0004058796028853488,8.005321772573856e-05,0.0002417588040224709,0.00335950191757903,0.0006932674091899652,0.00047610739858339185,0.003236441833143072,0.00022716750536322234,0.0006111252779799345,9.144790619301861e-05,0.00010703223938227533,0.00014704355308337337,0.00015887206136147686,4.2125238814247736e-05,0.00012363365501504502,5.190989901599112e-05,0.0006433676814105577,0.0016038819061927935
2023-06-09,6.169897393732127e-05,0.00015118789800532817,0.00022983906728799114,7.285788228718179e-05,2.483553151072347e-05,7.56843784589176e-05,0.0003389525582548312,0.000421827329632462,8.745132613785683e-05,0.0002420256017711779,0.0033780311336239553,0.0007900527211808583,0.00047472317680392667,0.003217123396690863,0.00022815875679212168,0.0006103068615100097,9.263090541130321e-05,0.00010632212059025538,0.0001457721729397777,0.0001600102099432907,4.532521391805373e-05,0.00012478066366523126,6.304851909543149e-05,0.0006401200073446515,0.0016436850318406948
2023-06-12,6.06850023928589e-05,0.0001455707081810338,0.00023205539979340826,6.785385115221096e-05,2.1828189858645283e-05,7.596819167373671e-05,0.0003361602168838992,0.0004226585006353406,8.182055015881316e-05,0.00022712791350790304,0.0033739679446831475,0.0008761554124262063,0.00046483309760000436,0.0031805264262202235,0.0002227054288286201,0.0006105179654186709,9.285995409405402e-05,0.00010461281632740321,0.0001459741555920239,0.0001568307285780996,4.4701381952451076e-05,0.00012458051415046082,6.460421852899394e-05,0.0006367062630884572,0.001675108902943821
2023-06-13,6.498440086522886e-05,0.00016036530194050942,0.00022974240429171332,6.227048864141708e-05,2.1565473113357777e-05,7.194166585156928e-05,0.00020982126934521032,0.0005096974383028526,9.494162424752025e-05,0.00023732020792713296,0.003385851380643616,0.0008789374711431765,0.0004823019841376097,0.003254933274710892,0.00021984659453025277,0.000606525636462416,9.328391363636723e-05,0.0001044845392281848,0.00014542906688895058,0.00015017049349072637,4.3810607475938966e-05,0.00012768028322418496,6.621057635357712e-05,0.00018905879435949903,0.0017369350441098707
2023-06-14,6.725499391866318e-05,0.00016286688028897345,0.00023663334797432493,6.380201894649204e-05,2.058809835502952e-05,7.47758229817306e-05,0.00021937943515671097,0.0005430829725551361,9.370007618056038e-05,0.00023951627508436092,0.0034621988461299835,0.0009138965245314793,0.0004593727291608189,0.0031815615277026995,0.0002209315513800291,0.000659541228374746,0.00010808813728805552,0.00010556122101128004,0.00013686141021616575,0.00015240452000563667,4.522076144999868e-05,0.00012239235278325712,6.949977132366799e-05,0.00019155649938806503,0.001790801076208156
2023-06-15,6.66829171735632e-05,0.00016414120523589428,0.000234955082639757,6.134578450119166e-05,1.953270615378033e-05,7.454206967653247e-05,0.0002247243573636007,0.0005325978493914647,9.390429566730196e-05,0.00024389604160321296,0.0035582022613892587,0.0009117284472726655,0.0004308853317348333,0.003040343414798306,0.00022533725845305365,0.0006598743469445578,0.00010775355115640991,0.00010278864868963015,0.00013377136905877345,0.00015300168643316532,4.340893889550468e-05,0.00012715559049110737,7.17047948332172e-05,0.00019907446898716108,0.0017908480733142703
2023-06-16,7.253452226545092e-05,0.00017175486531011513,0.0002268114001695391,6.585476739609736e-05,2.225521069656397e-05,6.85660930662811e-05,0.00021527176541911644,0.0005646496385571871,0.00010069576456485533,0.00029493319697921765,0.003557358923509229,0.0009123314372099883,0.0004029889343968238,0.0029126294751362376,0.00019795205595142732,0.0006561448821829161,0.00010607009554879063,0.00010746569642618918,0.00013819917661398847,0.00011931500141512978,5.3062005762221024e-05,0.0001373734191918029,6.272580331049163e-05,0.0001776955647317771,0.0017316844912007457
2023-06-20,6.519954136151918e-05,0.0001660101092700579,0.00020373443911673655,6.621682093408126e-05,2.242490603498147e-05,6.803745125988422e-05,0.00022174208920764028,0.0005189925188438847,0.00010187885224082913,0.0003053867459157306,0.0034995647281633366,0.0008281234074442638,0.0003696854451658693,0.002790491736765678,0.00017821299194697039,0.0006314202025095677,8.428757707717215e-05,8.60412407194911e-05,8.805209002527e-05,0.00010945638936534707,5.330640337513057e-05,0.0001393165013804776,7.337720188467807e-05,0.00017384006913445942,0.0017684010485378974
2023-06-21,6.164806226291336e-05,0.0001475763449308177,0.00020276899352680364,6.579304463429206e-05,2.217156224638296e-05,6.462859895393337e-05,0.00031215298501245843,0.0005173030750728594,9.180214729498238e-05,0.0003028687810145607,0.003407166864730556,0.0009599245350493989,0.0003591751106767295,0.0028202560425822512,0.00020340340337516636,0.0006388818195756675,8.381868456086027e-05,8.616249575207948e-05,8.635525775191105e-05,0.0001158901742635218,5.276140439845983e-05,0.00012896978251801102,6.856445218503834e-05,0.0001841385240307653,0.0016880355467359792
2023-06-22,6.297704592652932e-05,0.00015760802708511524,0.00020101813884370988,6.335526392092618e-05,2.2157776047894862e-05,5.943002850543786e-05,0.00032349798869573705,0.0005335637720544986,9.35543209293536e-05,0.0003126419269081629,0.0034145961900649275,0.0011145295452345294,0.00042703422149271156,0.002643328191741389,0.00020356730308095563,0.0006389799500253402,9.844004010001136e-05,8.523646014415608e-05,8.61854389048033e-05,0.00011775005503932911,5.2486653600482336e-05,0.00013206193003823162,6.290259760246666e-05,0.00015548627741576856,0.0018576682397411838
2023-06-23,6.367901351585384e-05,0.00016452713509730786,0.00019599028209503773,7.073408782764092e-05,2.3631061694677766e-05,6.456862606905467e-05,0.0003316247345765338,0.0006190737812951977,0.00010661114360579232,0.0003266002799376664,0.0034141729256654723,0.0010130382480758276,0.00030381458357227033,0.0023589073000689,0.00021262120227747658,0.0006550344688265465,0.00010015328225270075,8.844868859196858e-05,0.00010311151922097684,0.00012711282222064763,5.699613727145581e-05,9.415703769827573e-05,6.240691499526654e-05,0.00015420112451673896,0.0018436695402834096
2023-06-26,5.9856947294992303e-05,0.00016105011223748207,0.00020736977902932382,7.567086252208675e-05,2.3824189350085498e-05,6.490494474736156e-05,0.00032894117946897995,0.0006070409662046551,9.400144594740873e-05,0.0003182308302590142,0.0034206205310605723,0.0010497817647739753,0.00028604694671495776,0.0025454017985351712,0.00020924641902025034,0.0006604245489743352,0.00010325216852958473,8.19451705620418e-05,9.859447410981839e-05,0.00013278405067080576,5.702729052472916e-05,9.316898284632696e-05,6.24022810498848e-05,0.00012871074533097465,0.0018457428685529694
2023-06-27,5.7879597478316604e-05,0.00016957681378076557,0.0002012095732604771,7.438497216203333e-05,2.304174943425185e-05,6.147640671523782e-05,0.0003272397912959707,0.000600361121595152,9.70034623523818e-05,0.0003376320435573778,0.003498704873709224,0.0012505164697376888,0.0002858198977678617,0.0025398846866953833,0.0002255736653263201,0.0006555121383722079,0.00011457973612979502,7.280333024120508e-05,9.42933229422469e-05,0.0001355310477569167,6.389862196665646e-05,8.944971171550499e-05,6.162775014076176e-05,0.00012738304061456104,0.0018745749470148456
2023-06-28,6.0318476140288534e-05,0.00015384068790354332,0.00020910349656500912,7.441956953246796e-05,2.2514829618671604e-05,5.7522258754260723e-05,0.00031687349799009167,0.000597406205630082,0.0001068010658555687,0.00027739913648451337,0.0009439076761819518,0.0013226898960145507,0.000304475749639745,0.00330179955935214,0.0002082706592349249,0.0006688454461282011,8.789546364123993e-05,7.623898330935566e-05,9.396885611648236e-05,0.00014374056250163514,5.267523784234141e-05,9.205836627651536e-05,5.6860473649564836e-05,0.0001222485882834553,0.0013001371288587278
2023-06-29,5.126520673250795e-05,0.00011919083566890003,0.00020341882773583476,7.186727007711332e-05,2.2570906226902248e-05,5.694372374348313e-05,0.0002861282938700368,0.0006120260495697041,9.823692080963283e-05,0.0002536783367705426,0.0009276825852698388,0.0012374468144136846,0.0003067206892955494,0.003309948121184177,0.00021299499542740623,0.0006660765557655663,8.245941431972361e-05,7.294339151713525e-05,9.027090026040026e-05,0.00013672045652285032,5.2891061620003444e-05,9.206029412326544e-05,5.8297708121785324e-05,0.00012245645590025546,0.0011405562652594188
2023-06-30,5.210467410422612e-05,0.00011828969519015463,0.00020983711417386008,8.46215088535015e-05,2.267336389107203e-05,5.492097494055196e-05,0.00028718492779505113,0.0005299496879993032,9.225670902615043e-05,0.0002525880177280431,0.0008829477947567441,0.0011488080943941692,0.00029329149054344494,0.003056142811757926,0.0002143524479053334,0.0006668367713594794,9.851084803678238e-05,8.914406480841475e-05,0.00015401288839548348,0.00014269712820193773,5.555148252005433e-05,8.000659182487804e-05,6.0485271778494344e-05,0.00012099612805922687,0.001135012430530995
2023-07-03,5.7948139137349545e-05,0.00012933247813310477,0.0002057057411312855,8.802571722442074e-05,2.5036558560657198e-05,5.7206922958879585e-05,0.00027940816842020907,0.000494283576133315,0.0001208195284501234,0.00026305012582774457,0.0007653616360685623,0.0011533780057830128,0.0002810533229353286,0.003049056520733382,0.00019940066995081322,0.0006479847931751202,0.00010050300485844729,8.70225460460766e-05,0.00015562898270819498,0.0001429898238800241,5.852737610416625e-05,9.222092127799983e-05,7.780176832815758e-05,0.00012160813253700492,0.0009815459421550318
2023-07-05,5.3123749530859375e-05,0.00012241108895204203,0.00019958965430660671,8.895614722232612e-05,2.495400094433222e-05,5.3886483109965964e-05,0.00026785927652218613,0.0004414048075025215,0.00011032766599349392,0.00025734132381431533,0.0006293537991935538,0.0013801871741297063,0.0002948136687919402,0.0036948060111294586,0.000191377858225592,0.0006354273837682014,9.29607921252205e-05,8.254349787456375e-05,0.00014888840544933948,0.00014821143589812972,6.744649253530784e-05,8.789790204690024e-05,7.935543437329382e-05,0.00012890643952396437,0.0009905320337797905
2023-07-06,4.195657006742143e-05,0.00011935380378608215,0.00013558894253383518,8.730009082901623e-05,2.73853738725513e-05,4.248322695112059e-05,0.00026499925818094036,0.00042702074598811293,0.00011098377524124248,0.0002534494796476493,0.0006227635758036436,0.0013337852241987929,0.00028718021130713943,0.0037038181279013946,0.000143835958822134,0.00028488829000172507,8.67440574972695e-05,5.729270799826059e-05,0.0001276692182922339,0.00011673615632142784,5.471682006067605e-05,7.104302136506226e-05,7.441047869816001e-05,9.994098307359438e-05,0.0009949607531230418
2023-07-07,4.513957590544437e-05,0.00012252704518558375,0.00014012883180959063,9.822023845516783e-05,3.279926265507389e-05,4.0998069853890856e-05,0.0002826054681205096,0.0004273034035065829,0.00010816455629524712,0.0002579272228441214,0.0006233062137921166,0.0013429363904827309,0.00036444732462087055,0.003211917351018981,0.00016975558788801987,0.00028288504523538616,8.705498587275116e-05,5.9873187522784885e-05,0.00012773758301839555,0.00011732878815348048,5.374816762331226e-05,7.032940227373255e-05,7.425586458885297e-05,0.00010716726893230417,0.000995876913955076
2023-07-10,4.5230432353560464e-05,0.00012313121941330115,0.00010915665482896871,9.832557476232445e-05,3.26381689077894e-05,4.399033876992363e-05,0.00029779891471084103,0.0004521869848050644,0.00010984352274183827,0.0002632371772942291,0.0006185350399088897,0.0013305824981304395,0.0003596744830337092,0.0023055371209525083,0.00019099069882086233,0.00028328319187238176,8.519855550185997e-05,5.145664698414956e-05,0.00013094375236929838,0.00011262814732087007,6.545719796727528e-05,8.9508772376432e-05,0.00010401201519740043,9.845043331718634e-05,0.0008479627703756728
2023-07-11,4.4923314902243756e-05,0.00010710352777930315,0.00010609564580199378,8.617220157063414e-05,2.9693728047418527e-05,3.6028434281497585e-05,0.0002959323469963296,0.00044217786312694506,0.00011304768330985009,0.00022361744359997694,0.0005695257999285721,0.0013360672440216313,0.00042828736783516507,0.0023044091714860384,0.0001568425309217613,0.00021443001088262132,8.340467095134104e-05,5.1699347990414426e-05,0.00012756751920151322,9.547782644042691e-05,6.535048624967865e-05,8.926620305532601e-05,0.00010834465782784491,9.966298145021942e-05,0.0006954802490479251
2023-07-12,4.513871077979041e-05,0.00010009889089842695,0.00011104792601939797,8.020602577201465e-05,2.847911967986783e-05,2.73614608226102e-05,0.00022488439861618106,0.00044901488897533103,0.00010058390512339321,0.00022198057652282027,0.0005304288689028137,0.0012261720088195295,0.0004950691004962369,0.002730552664994767,0.00018174175821703123,0.0002274371696673988,9.081848871986172e-05,5.92610749420445e-05,0.00014075002896160745,0.0001043446155578346,6.05003547644033e-05,8.383137435803069e-05,9.716852100659681e-05,0.00011308217956976952,0.0006777957914299744
2023-07-13,4.84795884450593e-05,0.00010792804005885693,0.00011387371563726157,8.681283704559273e-05,3.232529142639677e-05,3.687313229308847e-05,0.00033001661726887266,0.000453656587531504,0.00010471120469468759,0.00023170263335179551,0.0005938631656193604,0.0011429664502081648,0.0004987293840520541,0.002754598556760797,0.0001847208942501892,0.00022758326780922974,9.502655040521378e-05,6.151540615500757e-05,0.00014186977296524312,0.00010409401238352194,6.10275715880919e-05,8.526769078966166e-05,9.552627095426932e-05,0.00011372162461897013,0.0006691873225444224
2023-07-14,4.743573050652166e-05,0.00010807553997587785,0.00011647438855740809,9.23292553811564e-05,3.4487878614264565e-05,3.685874906583282e-05,0.00036906925263207913,0.0003665250253474132,9.242244972304249e-05,0.00023290252089009814,0.0006925205081811484,0.0011418275053507762,0.0005884887036700843,0.0052321845562313864,0.00018043345510697993,0.00022382682699492693,9.794547815449854e-05,6.217606707753192e-05,0.0001431567600407142,0.00010632925072118313,6.216408555962019e-05,8.189429619080097e-05,9.505575221487171e-05,0.00010504566475142031,0.0006147270778591544
2023-07-17,4.509222561422938e-05,0.00010486926127915517,0.00011463934402136841,8.883971917258973e-05,3.670359529031764e-05,3.442204279105803e-05,0.0003565545596461583,0.00034454678989088636,9.208191154547729e-05,0.00023304492224233945,0.0006191032273831278,0.0010835047552407652,0.0005848719507679568,0.005176091731300637,0.00021846956928523844,0.00017056068662028994,8.422218411031806e-05,6.264670816935871e-05,0.00014230088562242963,0.00010430733830815356,6.308424422678357e-05,8.45407810462338e-05,9.240599969857373e-05,0.00012526354022503433,0.0005408193680063192
2023-07-18,4.567257531113064e-05,0.00010672924584034529,0.00011445089925305607,8.537325488778416e-05,3.633403870512792e-05,3.4433346735475314e-05,0.00035100449719556616,0.00035283309112042906,0.00010753754905936695,0.00022863780739295264,0.0005235303396283378,0.0011347495988057153,0.0006114752125222329,0.005132752857227255,0.00021286166503988049,0.00016925666682530792,9.225284067184711e-05,6.684617254733233e-05,0.00017260072227271388,0.00010588045650927814,6.304454839851023e-05,8.252428498544012e-05,8.694776309124027e-05,0.00018051361584622413,0.000536355364364455
2023-07-19,4.036027364235302e-05,0.00010268073259256464,0.00011901780181301947,8.149172973385721e-05,3.25726833589865e-05,3.885123891376533e-05,0.00035508294309981574,0.00034101376711230416,0.00010084457994767383,0.00025806257262000424,0.0005464777638203143,0.0011397221916936203,0.000606028694069412,0.005135030390851824,0.00021184068575627062,0.00018457119647311275,0.0001412486655071358,6.424661207930058e-05,0.00016585855998287022,0.00010603065259441351,5.329673708559622e-05,7.233529443734392e-05,8.54903279710781e-05,0.00018011604104627477,0.0005039014473485031
2023-07-20,3.999299835347157e-05,0.00010050139238314486,0.00011646059528925286,8.757251868211837e-05,3.414287453923237e-05,3.8722758908811105e-05,0.0003498488311083855,0.0003300233591726853,0.0001016725199280598,0.00025110621641961304,0.0005506908355531673,0.001124811964448495,0.0006180938142702362,0.005249338410614717,0.0002135807191217676,0.00017942456653757572,0.0001432091062167947,6.501243469513169e-05,0.00016658558173162963,0.00011289376776483433,5.300963702956869e-05,7.194411572111065e-05,7.469185221454013e-05,0.00017188019113181582,0.0004493579870932723
2023-07-21,4.093770724907276e-05,0.00013017383260616113,0.0001196365871910208,9.314010080651883e-05,3.592244083013115e-05,3.420550097552416e-05,0.00027000681621829726,0.00032910244000681013,0.00010729980819481319,0.00027240562451071574,0.0005761698437363845,0.0015513621769002392,0.0008070434361836399,0.005598312314294357,0.00019298723590165638,0.00016590846359029672,0.00014843253837772014,6.490600725316425e-05,0.00017336420176712023,0.00010576335631346956,0.00024332997601293814,7.080870731343284e-05,8.880037363800204e-05,0.00016043868230949742,0.0006071805352196556
2023-07-24,3.949265122864738e-05,0.00012035763472571746,0.00011989543005566613,9.282495329512677e-05,3.602472038401967e-05,3.4606634988287795e-05,0.0002494990110414887,0.00032288588759321965,0.00010761808325346165,0.00026702814265024794,0.0005990792467933044,0.0013852498760921832,0.0007334950483077159,0.005582509625467492,0.00019384284932269204,0.0001754393326314428,0.00013380405661060982,6.545843093676022e-05,0.00017650441001556283,0.00010494574383837554,0.00024946299335728195,8.0115231937826e-05,9.033270612328762e-05,0.00015881307759448325,0.00041839531745708705
2023-07-25,3.986964638738385e-05,0.00011296262428765816,0.00011719301639393128,8.547628479312214e-05,3.462322498453595e-05,3.0175250690075725e-05,0.00024345757619536668,0.0002698244222355623,9.38783749009061e-05,0.0002495787340878844,0.0006016109449994223,0.0014280568628690247,0.0007400083341107124,0.00559773345087479,0.00019787106415776123,0.00016148728383309506,0.00013317373941496333,6.710440214038733e-05,0.0001766161574096956,9.724800890484516e-05,0.00024484430080575555,8.00399756665953e-05,8.842192459259597e-05,0.00016109606714477347,0.00041013868820305113
2023-07-26,3.7123051347874605e-05,0.00011002616942304495,0.00010459236679598005,8.027981889150988e-05,3.433352139403812e-05,3.144834636755972e-05,0.0002522513540035853,0.0002720889017031907,9.48282183954961e-05,0.0002545733744130925,0.0006121252380269967,0.0013872770224458333,0.0007319325531421492,0.005360123954398707,0.0001965256293297466,0.00015904047729974345,0.00013076629420899925,6.840834147254925e-05,0.00017818771997528025,8.950488861628406e-05,0.00024799146720087676,7.48793714340557e-05,8.826821267195965e-05,0.00016697580585679246,0.00043302343899532907
2023-07-27,3.6206407108015e-05,0.00010065906121997967,0.00010792952505198052,8.027127534919398e-05,3.544114906961683e-05,3.258022899285684e-05,0.00024810121460687093,0.00027346762737001087,9.280682310692365e-05,0.00031467120764568123,0.0005340851929576595,0.0011739423113222695,0.0007546226679568572,0.005381028400349731,0.00017916558127661062,0.00016414465303693049,0.00011991472256727961,7.007665493248801e-05,0.000179815905253215,6.208832977691444e-05,0.00024127029395701463,7.48827504964254e-05,8.858600617979628e-05,0.0001648470959763185,0.0004413608581706079
2023-07-28,3.2119074909023356e-05,8.505495987793816e-05,0.00010594744567854093,0.00010103007184240355,4.362860763192991e-05,4.51537620505354e-05,0.00031648472177404387,0.0002507800943464292,8.296040117849036e-05,0.00032128332338167756,0.0004895505508407151,0.001158238009000824,0.0007419019918816588,0.004877568968041017,0.00018112697994336716,0.00015071417823564622,0.00012456937991286066,7.550770077719993e-05,0.0001865514548306308,8.022064556128989e-05,0.0002427509389950332,7.7831611988335e-05,8.859365686304308e-05,0.0001658166812551981,0.0004076581143869999
2023-07-31,3.730316483974833e-05,0.00010268979811070394,0.0001136919314052106,0.0001014751944047817,4.4925053101591464e-05,4.832236248742131e-05,0.0003189234512491692,0.0002341454881291549,9.064061122900613e-05,0.00034912143280080413,0.0004896670765676364,0.0012197096808202789,0.0008767914878861031,0.004896092395816577,0.00017606167363676218,0.0001530978218700871,0.0001213311345554859,7.5400736312125e-05,0.0001872671902899219,8.014364310208199e-05,0.0002436545191137437,0.00012038529969014349,8.819375429830264e-05,0.00016986675285665933,0.000422535970799189
2023-08-01,3.665389095133856e-05,0.00010248466622156341,0.00011381831524790395,8.36247295826717e-05,4.217874392583113e-05,4.8655885663250035e-05,0.0003319000639119285,0.00024356120918213504,9.101133863223587e-05,0.0003517017730324416,0.00048683880197320043,0.0012191452616270716,0.0008948821967459117,0.00495278760416188,0.00018822606702841426,0.000165706607928017,0.00010710688351070435,5.993893198764159e-05,0.00012517458340240427,7.567962543936834e-05,0.0003314727037563296,0.00011950287968951762,8.567970598668674e-05,0.00022424913534455621,0.0004262072756028053
2023-08-02,2.9566827468092023e-05,8.995661822182576e-05,0.00011372921245302632,9.104505623693291e-05,4.4726878324242755e-05,5.218501000897401e-05,0.0003455674671350901,0.00023924927753887526,6.344968142154451e-05,0.00033732132484080016,0.00041862650242699444,0.0012360579493671349,0.0009133616859075483,0.005061913138730459,0.00018717277332817641,0.0005569216546935234,0.0001114129562603637,5.5851156477845686e-05,0.00011591064373167282,7.415886233486273e-05,0.00033098747819360156,0.00010605309478912418,6.78994732242985e-05,0.00022363379326407435,0.0004370784928238726
2023-08-03,4.024046548820803e-05,0.00011661435955207589,0.00012377199543641947,9.561106573535214e-05,4.635159311985336e-05,5.336581217402372e-05,0.0003767071652051022,0.00026190059014207136,7.345069339018221e-05,0.0003730753298225774,0.0005514464223926565,0.0010325563670936563,0.0010675843984260032,0.004479167000954867,0.00019638520200717535,0.0005562168627564879,0.0001121697374116351,5.8103224354833054e-05,0.00011949868448513253,7.076166848006779e-05,0.00032343579518731905,0.00010494484440212364,6.563433021923401e-05,0.00026666155368343695,0.00071164992824038
2023-08-04,4.057026524474094e-05,0.00011675516881798673,0.00011871538796710552,0.00012045534832582552,4.7979925860162195e-05,5.2687116784391936e-05,0.00037346792848510515,0.0002702111985903342,7.450911480472627e-05,0.00037342433417176667,0.0005528469686996048,0.0010502114234846014,0.001073241421671497,0.004458021479673518,0.00020025762014325228,0.0005759055639366156,0.00011227308310222875,5.7887040491934644e-05,0.00011908658226640547,7.702734198405874e-05,0.0003238418653272752,0.00010515982475016274,6.562004472904863e-05,0.0002681343152060563,0.0007610447381532265
2023-08-07,3.831100251483418e-05,0.00011476076207050753,0.00010442189248390248,0.00012622513895345266,4.8175682975190934e-05,5.291448646543619e-05,0.00035567523108101355,0.00027402353550245144,0.00020678508580306988,0.00036944648141479025,0.0005521888702293746,0.0010502757743198296,0.0010070584064620978,0.004539239190772548,0.00017201693217893773,0.0005767785182617847,0.00011327910687502798,5.4705158915066794e-05,0.00011392489856063557,7.741054111354436e-05,0.00032565507396576683,0.00011165752645567943,6.525360972625863e-05,0.00026542724141711394,0.000789897362234831
2023-08-08,4.209695111847898e-05,0.00011804766758998533,9.840436968969872e-05,0.00012958544443604286,4.845749118485876e-05,5.0140436346151104e-05,0.0003646074679502033,0.00024837675359300264,0.00022146103777226454,0.00036438900476090387,0.0005619506694292875,0.0010520458620792699,0.0010015188190149863,0.004549112922681079,0.0001473221930091218,0.0005762247367081011,0.0001155614184427951,6.522262847044849e-05,0.0001117682555581575,8.561442398111279e-05,0.00034475157154029363,9.30627967239507e-05,4.545751405979084e-05,0.00026741042343689784,0.0007934547387647099
2023-08-09,4.278705132778231e-05,0.00012203430413295916,8.481948557644219e-05,0.00013679214924665808,4.7840239334686485e-05,5.232281112535632e-05,0.00037604074940223917,0.00024773433925037963,0.00021647373939541695,0.00035855824366224704,0.0005740709628469566,0.0010375221993481364,0.0009288463988820359,0.004527311180176505,0.00014534835761014997,0.0005654530531596947,0.00011486422221086726,6.865064573589369e-05,0.00011178868489331312,8.688047924095898e-05,0.00034461751643052375,9.311809309567903e-05,4.106128944650397e-05,0.0002774593979893217,0.0008457984817858195
2023-08-10,4.3044109125063745e-05,0.00012739724164774065,8.247472270541369e-05,0.00013680932057109885,4.667810425236825e-05,5.28023385724626e-05,0.00037710588712589973,0.00023071052093442463,0.00022047074717287946,0.00036596066286849113,0.0007007721611091901,0.001088565851554003,0.0009303635836589311,0.004151748106304377,0.00012800712050800442,0.0005530758986644418,0.00010895563271079134,6.407482833893021e-05,0.00010857998450723362,7.588671348937969e-05,0.00034296370782418306,9.169546081889443e-05,4.108353571063424e-05,0.0002669486256870973,0.0008570253647559905
2023-08-11,3.9534295237479475e-05,0.00011895759583512289,7.711432222674584e-05,0.00014518893660962754,4.520905485446547e-05,4.2957555552132145e-05,0.0002719881941129607,0.00023017703802656202,0.00021617209846943393,0.0003552903535021,0.0006356950935381429,0.0010940986090414615,0.000928659475245466,0.004085599878053817,0.0001233615235487884,0.00055293730477609,0.00010623612370429692,6.185612275390333e-05,0.00010736649870361802,7.510914442807309e-05,0.0003437917800764154,9.15827834912248e-05,4.0749805498619864e-05,0.00038834028331652956,0.0008116594714498742
2023-08-14,3.613056579849077e-05,0.00010567556349379966,7.367886307618858e-05,0.00013949010043423605,4.313373832810563e-05,4.2929603370566734e-05,0.00022902894641756592,0.00021282031583311984,0.00021528050353462007,0.00034310886473830555,0.0005932093771644097,0.001075450488410228,0.000822829924493947,0.0015035638883113208,0.00013528811267472167,0.0005499527939823103,0.0001055582547126188,6.141091080187978e-05,0.00010790821930391987,7.300419519687401e-05,0.00034779321576000464,9.340817770247614e-05,4.072530310295505e-05,0.0004379804415822739,0.0008369324864533348
2023-08-15,3.776882849106352e-05,0.00011249328462481629,6.856229284076731e-05,0.00013784606829528488,3.9821004726194395e-05,4.287956121070611e-05,0.000229169140091756,0.00018392582902218644,0.00022003331623983172,0.0003448608774874087,0.0008436389357938892,0.0010748310005510233,0.0007981678210483175,0.0014900184722524523,9.702146044738579e-05,0.00055021663541,0.00010869796591129834,5.9178268857419036e-05,0.00010615333715940795,7.51928080454369e-05,0.0003456749043934112,9.383037917897529e-05,4.3137431487961305e-05,0.0004149099630036997,0.0009253337288595058
2023-08-16,4.462947365463571e-05,0.00011399455906730275,7.204969945602411e-05,0.00013987971976425997,4.11778640921206e-05,4.323835561585103e-05,0.00022897373958901573,0.0001887371394197469,0.00021085984075124782,0.00034724614434028696,0.0008191269386795627,0.0010658797086560657,0.0007872253503182657,0.0015124729158332586,0.00012095143903644381,0.0005830691186440373,0.00011224750961856035,7.295651647104652e-05,0.00011150188477170165,7.985327754577847e-05,0.00034475308473882853,9.334893856743601e-05,4.450059927340607e-05,0.00036897965593693695,0.0009044656031025906
2023-08-17,4.4598721746167865e-05,0.00011656474433097411,7.208945187996484e-05,0.0001421351981409989,4.194769595292485e-05,3.797014551029013e-05,0.0002263522623891223,0.00018219851170165222,0.00021211483340859312,0.00026415697975801624,0.0007985534688995932,0.001116685624963679,0.0008137424746052439,0.0015081848871342624,0.00011958690135057422,0.0005564425544236314,6.085000627670413e-05,6.618610891057884e-05,0.00011230984233907254,8.663407709102086e-05,0.00034530862474368783,9.89203064265585e-05,4.4335026776561086e-05,0.0003715190146472776,0.000983258967823075
2023-08-18,4.753263581166193e-05,0.000123167969953238,7.880669930208078e-05,0.00013622458647914243,4.0605497441838374e-05,3.8098398597497646e-05,0.00023248033910256157,0.00018529723042237808,0.0002211677524287777,0.0002624967064524382,0.000794880431842581,0.001158980985599289,0.0008332069959520087,0.0014698167793703405,0.00012547701295492905,0.0005567126163538437,5.6839124754478364e-05,6.654573374561659e-05,0.00011747567771120138,8.331223417449158e-05,0.00034987761600038044,9.922395180121153e-05,7.2476092562023e-05,0.00036418686371786666,0.0010112765763048727
2023-08-21,4.511888256467756e-05,9.346947110546876e-05,7.620188834442142e-05,0.0001287333901382703,3.888175004794682e-05,3.668887920127832e-05,0.00021466066906258722,0.0001906138576022711,0.0002159605481485213,0.0002326164863030554,0.0007329950039285175,0.0006004100864857131,0.0006448481232523401,0.0011376359408436932,0.00012331795163946478,0.0005558772376998092,5.456529831648496e-05,6.357118548138461e-05,0.00010955382122937634,8.326130702902338e-05,0.00016375217002998193,9.60887924419496e-05,6.525578423502212e-05,0.0003591711710247719,0.0008534550774593531
2023-08-22,4.742212169941531e-05,0.00010696469074116967,7.576419275270193e-05,0.0001385916471005535,4.06659359174808e-05,3.6582320541690484e-05,0.0002428597473691876,0.00018076453882637968,0.00021712122658000348,0.00024387855834402862,0.001055277430791398,0.0008676051762023552,0.0006612616886912907,0.0011800094228994061,0.000121251998229358,0.0005470523926891848,5.4703856479794064e-05,6.301504386628163e-05,0.00010693423986072911,8.675359034575823e-05,0.00020760881368600976,8.413244589814457e-05,6.390482547450763e-05,0.00035236305201935276,0.000888079513980051
2023-08-23,4.673704596373704e-05,0.00010693716236574522,7.592007982298052e-05,0.00014106500970023248,4.110853545551387e-05,3.572292819685485e-05,0.00023779579797807623,0.00014925414877430202,0.0002195448940381554,0.00024322726831982227,0.0010958129545391878,0.0008073479752185768,0.0006550085650853325,0.00116008757402158,0.00011050248387753498,0.0005494596974087834,5.416989867091876e-05,6.288608165174104e-05,0.00011017720421179828,8.352162406627107e-05,0.0002096055757946146,8.358063540771436e-05,6.2581125354673e-05,0.00034998319904329666,0.0009189484414395249
2023-08-24,5.304837330640008e-05,0.00011784318602013795,8.207911308637441e-05,0.0001736768840575316,5.1655671831424246e-05,3.963567037168579e-05,0.0003075358171524826,0.00015583548533500447,0.00024424853820090634,0.00023835333883075427,0.0011185788288496997,0.0008097393360157353,0.0006832494153290997,0.0012302821343718987,0.00010934559732244115,0.0005495744432047709,5.302294816075003e-05,6.581014836009672e-05,0.0001095879430040073,9.410984078831235e-05,0.0002108699815779916,8.802546460877583e-05,6.516567096689324e-05,0.0003430469591422932,0.0009612311807476254
2023-08-25,6.371302005702393e-05,0.00014280307275040772,8.931313353548584e-05,0.00017602044240502127,5.1122820372744566e-05,3.8341122270248855e-05,0.00030224914081853835,0.0001531396086599533,0.0002816338356519867,0.0001836192150695817,0.0011172741313814221,0.0008558075595214086,0.0007303596392371549,0.001368405889550585,0.00011194065383081385,0.0005486215531937028,5.363107655726542e-05,6.457756309112641e-05,0.00010768171271718989,9.379719868618659e-05,0.00021130189706878547,8.91471421410762e-05,6.769840252716896e-05,0.00042998337099046637,0.0012100144204696649
2023-08-28,6.399229676188611e-05,0.0001457564090526621,8.102772948578574e-05,0.00015546986224483872,4.2885340313409363e-05,2.4698464184224573e-05,0.0002344150561320242,0.00015815497608189522,0.00028789056575497413,0.0001640562394688174,0.0011450835044268862,0.0008682678844957225,0.0006905081291218755,0.001076925129274535,0.00011477888644727145,0.0005565500634682846,4.951548080993042e-05,5.6924627034939703e-05,0.00010102783581228784,6.748460168360057e-05,0.00022068273267378613,8.365331945107968e-05,6.888670505577345e-05,0.0004344249104510504,0.0012065124687371134
2023-08-29,6.098250059741729e-05,0.00013099279841104403,7.628231823038298e-05,0.00015409311781111614,4.109010116508896e-05,2.168783035052115e-05,0.0002295214706917173,0.0001535393103349369,0.00028227919490276447,0.0001356910967617599,0.0011436050195919572,0.0007757915465721798,0.0005348506364605116,0.0010532372411665369,0.00011674328270365807,0.0005564928234952528,4.9886229092336074e-05,5.8409025408425e-05,9.991224345221537e-05,7.22303347209303e-05,0.00022725694796088048,4.1231005359062714e-05,6.944719207014474e-05,0.0004350043974597353,0.0011920931166050617
2023-08-30,7.206315120338233e-05,0.00015653905914049662,7.950177891029313e-05,0.00015962371809769322,4.412296939913564e-05,2.6465890065644728e-05,0.00024077366621799788,0.00014997165679711305,0.00030722471770340694,0.0001442269384789263,0.0012346264932803176,0.0010754499763134526,0.0006654816678671588,0.0020240881674985847,9.777515342371662e-05,0.0005582168314987392,5.214495021337561e-05,6.212909257918958e-05,0.00010106866929545362,7.788176054776848e-05,0.0001367782349924317,4.122268552783556e-05,7.325513736254753e-05,0.00038096629560670757,0.001238504773068421
2023-08-31,7.253870670308578e-05,0.00015793735031985884,7.91243025038666e-05,0.00014473286475191586,3.874018876918245e-05,2.0863366518312215e-05,0.0002255439459229921,0.00015069145790708334,0.0003259692474394635,0.00014421467713616996,0.0012386344183584442,0.0010437898784950105,0.0006461409828248058,0.0019126172062702567,9.791606833373055e-05,0.00016768032124028824,4.993198248605528e-05,6.214750687787135e-05,0.00010062111329398044,7.845192330656186e-05,0.00013388316262150123,4.1283842394299056e-05,7.485107950823952e-05,0.0003809415599598968,0.0011990031802098053
2023-09-01,6.19101174464512e-05,0.0001314674850852611,6.902385039766168e-05,0.0001394858506522686,3.68421619302733e-05,1.976555050098974e-05,0.00019611857403384838,0.00014710447616013599,0.0003126986428066893,0.00010590610876116515,0.001105624971876988,0.0010049553370570599,0.00046607432120409487,0.0019704289187400365,8.842920172811738e-05,0.00016790433747985564,4.823595786334591e-05,5.894532659782343e-05,0.00010197626270455974,7.960708306167493e-05,0.0001405913736667658,4.123242395212502e-05,7.897832126562203e-05,0.0003306216173826929,0.000912967784139888
2023-09-05,6.164920819935923e-05,0.00013138801195249858,7.622093238794359e-05,0.00012314922018969482,3.517827925080017e-05,1.977311353761088e-05,0.0001997818238436937,0.00015105415934112116,0.0003136308897464959,0.00010595662094032922,0.0011203134480864607,0.001130306843754627,0.00046021119024642243,0.0019926102051530973,0.00010535286677963429,0.00016040207015568776,4.81322080630791e-05,6.334018197075803e-05,0.00010055396338623108,7.322231006671975e-05,0.0001426240746849075,4.092427340997373e-05,8.122933203041148e-05,0.0003591088463449501,0.0009149016974764055
2023-09-06,6.155130549192583e-05,0.000130270367674833,0.00010081926323662763,0.00011718936136139719,3.212912420273545e-05,2.2735775561857677e-05,0.00023816154638455498,0.00015322730645799828,0.00018109884271970842,0.00011726002123804152,0.001119599209791098,0.001220332549200155,0.00044740944210157785,0.0019130084925771918,0.00010677267027102338,0.00015723509425836696,4.925837671022228e-05,6.809427531107478e-05,0.00010705055864847973,7.70779010286943e-05,0.00013784869450619925,4.4240623826889475e-05,8.296525291697135e-05,0.0003559119626114882,0.000893102758179042
2023-09-07,5.990696094670576e-05,0.00013066392128813665,0.00010156636178362188,0.00011216309294608273,3.184860579913236e-05,2.3582600307963673e-05,0.000228652638874783,0.00015839861390295933,0.00023726580793392892,0.00011473385392284589,0.0011576557617755028,0.0012330494989758476,0.0004467167908669495,0.0019023510716230571,0.0001067107859512538,0.00013925318797229104,0.00017575230793905757,5.747387260138113e-05,0.00010597431957381408,6.883106793238463e-05,0.00012237658545868522,3.840826138251527e-05,7.605143666444639e-05,0.00035422643694036965,0.0008993133499018552
2023-09-08,5.938467716337772e-05,0.00012949227592210587,0.00010456518018432655,0.00010528227599843957,3.204941154821096e-05,2.1429066909913866e-05,0.00022120272914850222,0.00016072856389091607,0.00028398708539761224,0.00011074575582957757,0.0011592688687487869,0.0012305382596112487,0.00044588234939816327,0.0019916732429833095,0.00010543359764858486,0.0001396825988423696,0.0001769393320104762,5.333619455588874e-05,0.00010828074667687528,6.869394059244607e-05,0.0001312019323303714,4.327122793713105e-05,8.429567009827956e-05,0.0003435435902714101,0.0008802710779422334
2023-09-11,5.704469654035983e-05,0.0001229059495628864,0.00010146093584501538,0.0001046254380609167,3.203276502696886e-05,2.01895210330357e-05,0.00022014112317310662,0.00015117853979319945,0.000280221744373225,0.00011257938641659538,0.0010426485626955665,0.0011873039675097195,0.00037200146610060907,0.0018914581116238167,0.0001019297647149023,0.00013835098115165417,0.0001764059316000422,5.053400845069238e-05,9.83345815952633e-05,6.953250624616967e-05,0.0001317784994704626,4.419789325996807e-05,8.433657610967331e-05,0.0003491332238493938,0.0008481337762313366
2023-09-12,5.939066849108034e-05,0.000130233439058312,0.00010069070214453,9.239992590781531e-05,2.948016581749295e-05,2.0314626074861885e-05,0.00022279886621494766,0.0001432622147212345,0.0002825241294969935,0.00011885079537438719,0.0010459409083726312,0.0016844359226061696,0.00039296435811486674,0.0019023109770094828,0.00011151744683849505,0.0001380455409337809,0.00017617582571151735,5.1679507059235336e-05,9.925794408821024e-05,6.872637208999719e-05,0.00013953651231317054,5.050203485192441e-05,8.498404020830839e-05,0.0002319722737218563,0.0008507805688831532
2023-09-13,6.1028984703268184e-05,0.00013480182619770068,0.00010063334138637857,9.391800497810859e-05,2.8843814313821866e-05,2.1778347396894045e-05,0.00022279534313604833,0.00015874549901642655,0.0002987332967255533,0.00013549647561690424,0.000974196264274753,0.0017056242343593082,0.0004010992820923554,0.001860489490854552,0.00012848360624173776,0.00013675923890118017,0.00017438329540787813,5.388244053140888e-05,0.00010658431986701618,6.86060364681571e-05,0.0001361145639632636,6.587209634788e-05,8.317655782479813e-05,0.00019231572306941506,0.0008181049466419304
2023-09-14,5.944384675909867e-05,0.00012877323718861334,0.00010284880771910898,9.365434776134375e-05,2.9100733523557615e-05,2.1563414048702103e-05,0.00022693505356883643,0.00015681441572540917,0.0003017348762121965,0.00013970256149800858,0.000727155206167002,0.0017087742480767305,0.0004098746717548119,0.001878128886218592,0.0001306284826991434,0.00016087899155460824,0.00017326860465231617,5.3662005054086593e-05,0.00010636229475129406,7.27989941081389e-05,0.00013615251642725259,6.512889614722798e-05,8.012238345365947e-05,0.00019232381322947982,0.0007575092940941378
2023-09-15,5.596157274519547e-05,0.00012617256560647612,0.00010389089119815608,9.448160190080813e-05,2.777110784899527e-05,2.1190659450138416e-05,0.0002316639920975025,0.00015991485830979486,0.00029897459052222777,0.0001405601667701554,0.0007264024761326366,0.0016798708714463786,0.0003937927488984558,0.0019612772411348517,0.00011390092037653364,0.00015617683443687596,0.00016901292428243248,3.946549016349957e-05,9.016095622244863e-05,8.343089879711365e-05,0.00013582361942034195,6.93809799094361e-05,7.963548276171058e-05,0.00017839872457254391,0.000761327600083681
2023-09-18,6.103708436044332e-05,0.00013630261647208986,0.00010165491161764635,9.314895148950615e-05,2.6786041980416584e-05,2.1725567535948524e-05,0.00024817439054235896,0.00014364604622065823,0.00029856996833337686,0.00017544321285004042,0.0007978191705489498,0.0016254005871815928,0.0003753807080459817,0.001974493143890239,0.00012136730751856989,0.00015836724331997744,0.0001693732251759481,4.08031864159275e-05,8.964820233622676e-05,7.577229162225112e-05,0.0001461311149180272,6.751264952370511e-05,8.037061837430249e-05,0.00018389158343570778,0.0008156010747080894
2023-09-19,5.785180605639724e-05,0.0001297558540494901,9.639342896075843e-05,9.391943219001568e-05,2.658861641229849e-05,2.3483025152241372e-05,0.00024519511107564757,0.00013989125646176662,0.00030220201730440585,0.00016943843759266856,0.0007973570076520664,0.0016427636060830965,0.0003757574430595329,0.0018683311308400768,0.00011751624677385168,0.0001602888316458682,0.0001788526454971741,3.9850109200006865e-05,8.391529066736789e-05,7.660228036124489e-05,0.00014351223006524397,6.544861822591474e-05,5.525322975485245e-05,0.00018488705215783985,0.000782691666499809
2023-09-20,5.807511290653494e-05,0.00012991878486737302,9.561156916776845e-05,9.62435187493967e-05,2.643262693900154e-05,2.353064634266746e-05,0.0002446857178943547,0.0001330545086836423,0.00030384818434240707,0.0001694361707357995,0.0008029908274749089,0.001627788640563311,0.0003829475656863265,0.0019167099170628817,0.00011702780388185327,0.00016004871986730063,0.00018194160316976408,3.9917912426598846e-05,8.371845142893407e-05,7.721726933666507e-05,0.0001394485560917958,6.548090641064629e-05,4.408156711133723e-05,0.0002594363027254595,0.0007806602907335544
2023-09-21,6.044317870144e-05,0.00012746773695475935,0.00010104537662929029,8.691355857887788e-05,2.4486631971010776e-05,2.315013006317259e-05,0.00021578333052127218,0.00014810481525038058,0.00032292882282364624,0.00018601510913283657,0.0004897743427768926,0.0013659122967577151,0.00038308165026010673,0.0018927841611060402,0.00011963306557941359,0.00016002999351924664,0.000182201553783945,4.247529136256738e-05,8.406294560317922e-05,7.258093363051417e-05,9.037636439945851e-05,6.411771844464855e-05,4.4267650304941544e-05,0.0002625003459033431,0.0007525053100829665
2023-09-22,7.525160341423846e-05,0.00014608656344043526,0.000113940945435326,0.00012075846082518175,2.957520532836361e-05,2.5899523881603694e-05,0.0002157856111742747,0.00014778484757983388,0.00032390002551611717,0.00018665915889727158,0.0004938923357118746,0.0014009233610779276,0.0004350342901203425,0.0019399660908279955,0.00012680300319021959,0.00018648007295302672,0.00020883791299832675,5.276861604759814e-05,6.338939971186009e-05,0.00013782093201368688,9.013845394425158e-05,6.825782002679872e-05,5.18851620588909e-05,0.0002626718917440432,0.0008227100034593338
2023-09-25,6.88107313957446e-05,0.00013268281775400884,0.00010806147529333353,9.14726967896275e-05,2.0919721530824343e-05,2.0857936187284085e-05,0.00013924760845870449,0.00013920748176135818,0.0002994179936230512,0.00017938797707330742,0.00045181689569803236,0.0014899416094560376,0.0004248089068961138,0.0019861289502506744,0.00012661128438799324,0.00018131735015883963,0.0002129291054782659,5.07859970873543e-05,6.597878378753564e-05,0.00012757913067938358,8.852792589263393e-05,6.425689126283953e-05,4.964932428269584e-05,0.00028050457030961675,0.00075544962139098
2023-09-26,5.910910649345431e-05,0.00010834443035636654,9.852615428962793e-05,0.00012307431301740587,2.5508473299900273e-05,2.2315440527309268e-05,0.00015293146465783638,0.00013966723725680026,0.00026386762014671863,0.00015367549709435776,0.0004634366509011785,0.0014472289565814573,0.00035323667159531863,0.0018306362807056884,0.00013251493552300436,0.0001720262177767779,0.0002120231451545928,5.0408005393222885e-05,6.725957837176013e-05,0.0001268224656563839,8.801832636195855e-05,6.510566620257452e-05,4.7489217648734924e-05,0.00019365334616911509,0.00047753104031072086
2023-09-27,6.84020086755663e-05,0.00011761533602138898,0.00010670847518873292,0.0001231559855086239,2.5927411368881505e-05,2.5748745627826268e-05,0.00015868139231282254,0.00013024129755826822,0.0002859217515260048,0.00016498476091581638,0.0004333520501929628,0.0013817797404645379,0.00035000757597273397,0.0018434059130153376,0.0001292509872855825,0.00018081197145990288,0.00021703960609052071,5.906159448225009e-05,7.313847065670914e-05,0.00014531724957068506,8.022383538858835e-05,6.713831760732956e-05,4.624778351995032e-05,0.0001951263348199931,0.0004882821367980903
2023-09-28,6.622251466375237e-05,0.00011483599653727999,0.00010713810973259487,0.00012457063374156732,2.6593365375462444e-05,3.3778258410017106e-05,0.0001672134223313562,0.00016354923875872715,0.00028604810256710727,0.00016495023414694985,0.0004259381041241595,0.0013939516189086384,0.0003519163866724313,0.0018512370637103579,0.00015994536868617362,0.00018475752173356338,0.00021663392039407992,5.748390115407733e-05,7.435460873720084e-05,0.00014301931893937866,8.051831556863104e-05,7.67630070122958e-05,4.5744837842002944e-05,0.00019032325152237227,0.0005135116822883808
2023-09-29,5.677376387319803e-05,9.307516763759545e-05,0.0001010553280616491,0.00011923340829858932,2.330558822821069e-05,2.9978077174169927e-05,0.0001413624503513968,0.00016933260275174355,0.00026068267919233837,0.00015392596735738356,0.0003464460162260468,0.001125491528853219,0.00020589564308785038,0.0009284829168021467,0.00015960525845302043,0.00017427591900797255,0.00021412103413788515,5.5854231094260865e-05,7.91005707060035e-05,0.00014006848712315816,8.063500899264555e-05,7.928395743254987e-05,4.333234968433095e-05,0.00019033160954442943,0.0005778176882830794
2023-10-02,5.617182390849145e-05,9.141036493436178e-05,0.00010151011768315861,0.00011917497599211767,2.345010791404511e-05,3.5478049272316236e-05,0.0001600378460904692,0.00017234573561676647,0.0002414393571340062,0.00015631453579413506,0.00034610741681646005,0.0011385245185047631,0.00021396038343176482,0.0009227075470602393,0.00018097555428258963,0.0001782350153665661,0.00021108366187978992,6.057487431510525e-05,9.510495442950997e-05,0.00013981484303968506,8.281203517847108e-05,7.980826429471345e-05,5.487546546110532e-05,0.00019735775749063635,0.0005756589869503511
2023-10-03,5.6063023121669627e-05,9.470205158082089e-05,0.00011403224698820334,0.0001336931087738527,2.7931378031567578e-05,4.142621428529823e-05,0.0002738480125188079,0.0001713666660513651,0.0002532404192833401,0.00017550120111876143,0.0003921929884764913,0.001139031020795674,0.00022743161832934654,0.0007764116327368643,0.0002031069994626649,0.00017845095706874942,0.00021120502048587377,6.373020883421751e-05,9.074988104906173e-05,0.00015566363690634898,7.493433596376913e-05,8.07616974672919e-05,5.0783891835812826e-05,0.00019774246420428164,0.0005730251281701377
2023-10-04,6.581860944950953e-05,0.00011180784799537089,0.00012217960773174314,0.00014608961581183655,3.248892102571748e-05,4.187067833432459e-05,0.000268566570406819,0.00014107093698306842,0.000252682457615673,0.00021349255026778982,0.00042078698492013295,0.0010138158961663546,0.00026923956022234253,0.0008338859032723493,0.0001806514755529912,0.00016627890475638576,0.00021649065179572287,7.322516791056108e-05,9.313677774922566e-05,0.00017679351385510027,7.197715124571972e-05,8.092870309428748e-05,5.072270922475925e-05,0.00020262939435597256,0.0005611007816202393
2023-10-05,6.767425328561303e-05,0.00012172504692661565,9.737274816668014e-05,0.0001459160442093415,3.3824158231916075e-05,3.8193586145691505e-05,0.00023254707282886647,0.00030528657261946984,0.0002554986866347926,0.00021854344944331866,0.0004285971735220331,0.0010809918434896881,0.00027663907954639163,0.0008417894517287237,0.00023487294319375057,0.00016370573695555503,0.00021614882601585442,7.058188993513393e-05,8.749214970027626e-05,0.00017737617954162056,7.196567933866604e-05,7.156080524182871e-05,5.494830109910704e-05,0.00020137644404293845,0.0006368058961000571
2023-10-06,6.519046029915523e-05,0.00011791574071454463,9.663266575150806e-05,0.0001469532305904944,3.3852076195935683e-05,3.72468779181494e-05,0.0002184489545395174,0.00032517099114362177,0.00018556075224596903,0.00021840811162829348,0.00038753024970995657,0.0010642857048251846,0.00027592156619447134,0.0008523591460287422,0.0002369673836111851,0.00017677282673148065,9.059185831652055e-05,7.171665172464005e-05,8.831172148636992e-05,0.0001788227649219601,6.24697318747592e-05,8.363325918199527e-05,5.978309949344364e-05,0.00021997581461099863,0.0006335083781944444
2023-10-09,7.230137412953886e-05,0.0001302153633938981,9.649046823799054e-05,0.00015467197716066366,3.3280720355680874e-05,3.8631133531614405e-05,0.00024724589394749713,0.000322552540166232,0.00014904379597360811,0.00024670836148114563,0.000401496960642363,0.0010643121270576318,0.00029146732627789647,0.0008696263587508909,0.0002388637040285327,0.00019695698723503737,9.330782726720575e-05,7.530544026876843e-05,9.705237681323962e-05,0.00017708352109506727,5.4185457143106136e-05,7.892835168379648e-05,6.717416916500872e-05,0.0002556318487208263,0.0006925109389969546
2023-10-10,7.440762339700585e-05,0.0001315256649851282,9.803819045061224e-05,0.00018334301419209515,4.1568679192875667e-05,5.680110128957382e-05,0.00026211518594828617,0.00040589194342279314,0.0001522568646537872,0.00024059408320594052,0.0003961868448087236,0.0010570770285234397,0.00029223250693387976,0.0008725065096138899,0.0002927842842819076,0.00021745040776190912,0.0004918105817633558,7.509695128853384e-05,9.730423922918429e-05,0.00018267869718194423,5.536152391676863e-05,7.932539582769236e-05,6.772002377911204e-05,0.000271278418760742,0.0006916482635526657
2023-10-11,7.353040405538188e-05,0.00012568179106112388,0.00010466670389958934,0.000180583742586182,4.137705117376965e-05,5.6767864910258784e-05,0.0002602181246727241,0.0004074808800333132,0.00015048833870384465,0.00023509874071395048,0.00039933763164816144,0.0005632817318195471,0.0002922886988611257,0.0008569778449248378,0.0002832802042557794,0.00022010906141490516,0.0004905832072753191,7.677588132822627e-05,9.826935338124898e-05,0.00018392920286657322,4.6185444505547725e-05,7.698086986293485e-05,7.396555673186443e-05,0.00026473056056131283,0.000708285746375959
2023-10-12,7.27886280642238e-05,0.00012164140597284312,0.00010477390012634589,0.00020217410003315966,4.3413030282812186e-05,5.820365316274835e-05,0.00026554066182577136,0.00040217658092310624,0.0001376673154141389,0.00022465288561894815,0.00042273071384087737,0.000535750659187099,0.0002854490371836328,0.000898701180376677,0.0002627526173272058,0.00022017544076575595,0.0004887804197976829,7.447579048416771e-05,8.975723059342233e-05,0.00020012511444007878,5.4966130288876606e-05,6.814123350701511e-05,7.477153645726646e-05,0.00025420827239405107,0.0007105579618322956
2023-10-13,7.47620007115494e-05,0.00012151343274746548,0.0001310084045989205,0.0002435936598682283,4.913868918447739e-05,5.842162272250794e-05,0.0002671679933193314,0.00040277285194366164,0.00013127469982559173,0.00021640330533576513,0.0004130635529327247,0.0005383924660922378,0.00034772303312789873,0.0009246545139593328,0.00025969657304746757,0.00020346254287072218,0.0004874916829119473,7.66609500202311e-05,9.004177831693454e-05,0.00020534943318782555,5.4673372833112355e-05,6.577125513024402e-05,7.589706110392454e-05,0.00025580748643031615,0.0006838215426589557
2023-10-16,7.209121331760163e-05,0.00012664385503767387,0.0001241019447247522,0.0002579422274018294,5.063828915157864e-05,0.00011323709641504221,0.00035088470160710595,0.0005023379975150161,0.000132949418625815,0.00021898635176859505,0.000469324687153066,0.0005725560722652974,0.00036577949006960165,0.0008494900356121998,0.0002782549591943167,0.00017460926193014293,0.0004938530211250264,7.228775450988122e-05,8.199946875426645e-05,0.00018807299644057934,5.5149807533029164e-05,6.420449354063254e-05,7.660758106254264e-05,0.00024804248645007555,0.000743827701424953
2023-10-17,7.004425299341148e-05,0.00011723035005059765,0.0001321096814260876,0.00027031134402022016,5.313868197036695e-05,0.00011216699686471765,0.0003340894337345603,0.000505281789482754,0.00013202950896175748,0.00019588955864388179,0.0004025051240646656,0.0005773207921296354,0.00037869229563215035,0.00086740627999926,0.0002690761388758413,0.00017266681881433817,0.0004929454595521841,7.685185805228539e-05,8.15784046412073e-05,0.00019498119688564803,4.531127638087864e-05,6.524291071305997e-05,7.990598577637144e-05,0.0002528872821828429,0.0006193508007016166
2023-10-18,7.002554321913324e-05,0.00011776029826589267,0.0001364142649851891,0.00027526757535290496,5.642325077895848e-05,0.00011046776607852703,0.00033698385088267894,0.0005065603402356847,0.00012088858980271505,0.00019537815400138585,0.000528158846442127,0.0005156213700887211,0.0003606442657758983,0.000912608220401525,0.00027106377640042354,0.00017299525451807912,0.00048295048857606334,7.76808700264108e-05,8.159836505718348e-05,0.00019069570047528696,4.775704803784165e-05,6.45561843792399e-05,7.696939733443172e-05,0.00025230665938302414,0.0006237934620104815
2023-10-19,7.964412045500063e-05,0.0001270597767448304,0.00015925468645349214,0.00027653874190052653,5.934921484284944e-05,0.00012172216300231321,0.00033698753275105266,0.0005159539839243083,0.00012182615605409674,0.00019719279786774228,0.0006120858413749326,0.0006455843654019337,0.0004671326846308475,0.0009277524144123609,0.0002707468935797975,0.0003115915819136045,0.0004835408930873835,9.409351968210309e-05,8.818543113826623e-05,0.00021478428053382914,7.353826299902402e-05,9.955576753377553e-05,7.699635183226138e-05,0.00019507812790306393,0.0006657171975244828
2023-10-20,7.923794143399811e-05,0.00012036102034798241,0.00016782929856778408,0.00029943813756362376,6.294008431152539e-05,0.0001298431964737614,0.0003395662514812039,0.0005288755277842875,9.974908149101384e-05,0.0001656718159542949,0.0005634824817843676,0.0011554435719315582,0.00047676372927244755,0.0009152468150684164,0.0002661166685048529,0.0003442721460373956,0.0004853732789216599,0.00010124301253365754,8.819438903351534e-05,0.00024626782310603677,7.288913680884477e-05,0.00010126063331595693,7.767209746073699e-05,0.00020785123139091026,0.000657331011310494
2023-10-23,7.23981475864261e-05,0.00011400159214092288,0.000163717966966157,0.000264148530333014,5.8188144479874854e-05,0.0001273523297645856,0.0003485637675210696,0.0005362348300020786,0.00010739978794631011,0.00017579046746778393,0.0005323071248449366,0.0011941002836262113,0.0004385136617682703,0.0008910804139805759,0.0002713435745972159,0.0003179798212011331,0.00046506333634731186,9.903717749726552e-05,9.925457145628757e-05,0.00018306446637016317,7.072688393524602e-05,9.721178231534387e-05,7.816916131777887e-05,0.00021048466575841233,0.0005575700701512442
2023-10-24,7.228543245467254e-05,0.00011449767068593215,0.00016740110639899944,0.0002684394934620239,5.9469384575290934e-05,0.0001274195534010412,0.0003611355035469891,0.0005640047141902958,0.00010609406357764544,0.0001759319212709821,0.0005986570188396238,0.0010917382575797753,0.00042028864042001427,0.000828726206061251,0.0002857523671856084,0.0003203381663121684,0.0004613596985835039,9.79207017913523e-05,0.00010450802114573392,0.00018522815642077,7.40147697293664e-05,9.649210256568572e-05,8.862934900392985e-05,0.00019425463635304555,0.0005749472261269001
2023-10-25,7.441056369936365e-05,0.00011840059315770484,0.00017044405880834763,0.00024382453269900566,5.5965126738598075e-05,0.00012595993519721915,0.0003439628490825432,0.0005981797757042433,0.00010348623665580723,0.0001765155877264136,0.0006007966028853078,0.0011112161650235091,0.0004661133935653214,0.0010260737830215668,0.00028825319270727655,0.0003236799146485904,0.00046888147260153233,0.00010018278019224025,0.00010325728112527386,0.00019408735355256045,7.395340912001559e-05,0.00010201396263729029,9.801046860298898e-05,0.00019610298959904857,0.0005816482558745808
2023-10-26,7.38593415436112e-05,0.00013949193381928202,0.0001764682009775786,0.000270915126423687,6.010482958681587e-05,0.00012340091331235193,0.0003376604539512182,0.0006173950470344415,8.289192301303851e-05,0.00021040606823695954,0.000704339107303824,0.0011237495195966123,0.0006201084441215379,0.001166792015963736,0.0002866152495590082,0.00032600483681045406,0.00047608388185496034,9.10725199847675e-05,9.893458555737299e-05,0.00020139355437864592,7.092572199594304e-05,9.883189180557155e-05,9.783385895435256e-05,0.0002202604871923297,0.0007462536803403661
2023-10-27,8.179797185125797e-05,0.00015948723557792494,0.00017208609757047078,0.0002821291795219634,6.176933386250189e-05,0.00011505742459035213,0.00033014439563083835,0.0006064444666379718,0.00011250715502675956,0.0002902303604522128,0.0007634094342145565,0.001167096030454645,0.000627271021783708,0.0012513346095347994,0.0002567943554770362,0.0003242330631741129,0.00047689501655701213,9.120975003779221e-05,9.742109253481145e-05,0.0002185954081019085,7.894476417519751e-05,9.062728319321623e-05,9.860454855557742e-05,0.00022565604346208717,0.0007551099565363266
2023-10-30,8.109819401369195e-05,0.00015694321780089127,0.00017531750592459207,0.00028261272888832525,6.18195416002961e-05,0.00012100449257743934,0.0003434444052497081,0.0006117594492318588,0.00011583023744996074,0.0002916936035604622,0.000752884152453118,0.0011381892825229663,0.0006403888896231483,0.001268461254419323,0.00028901412758631427,0.0003293560906102301,0.00047710255236233775,0.00010666208498673795,0.00016277446450370272,0.00022788398676629832,0.00010800615695552374,0.0001054005786243414,9.795989780086627e-05,0.0002269556665932801,0.0006817851621109946
2023-10-31,8.850983862936088e-05,0.00016378632352901596,0.00017576293377210555,0.00028372804777501953,6.206362825434841e-05,0.00011691477142335784,0.0003257766573399445,0.0006566056818997136,0.00012351469510374873,0.00031692017916291274,0.0007623256914594697,0.0012573139134597975,0.0006314054352013914,0.0013519850530818401,0.00026689178622044254,0.00033401805274445306,0.00047746196572269744,0.00011898106779278043,0.00015466523943479088,0.0002295902206148925,0.000110375272130645,0.00011580403813463266,9.074316371806337e-05,0.0002354115457762436,0.0006821355347656658
2023-11-01,9.064762655658683e-05,0.00016125037749959494,0.00016713054675768113,0.0002694322059018221,5.753359552158669e-05,0.00011245420041552981,0.00022430709687640336,0.0006483554108632499,0.00011207235463371803,0.0002975015659104395,0.0007207892715004665,0.001272388113893262,0.0006457827450911679,0.0014709928749016962,0.00024532894578628344,0.0005923401402959189,0.0004979565067823988,0.0001215217051918853,0.0001582692452524951,0.00022635030157370237,0.00011386825789718646,0.00011609316106615637,9.099404230515365e-05,0.00023912042794721635,0.0007122021054862796
2023-11-02,8.686463741182672e-05,0.0001602988935136048,0.00015312734611186267,0.00026873308978190256,6.123782814091002e-05,0.00011254137133211725,0.00022426152003488702,0.0006465508291615125,0.00012761575020570656,0.00028875157456166253,0.0007515506484920454,0.0012804948760618835,0.0006058285394857774,0.0013949987584632429,0.00024560628533750665,0.0006215827548298442,0.0004940229862785133,0.00010990556240377725,0.00015531116898125956,0.00020713535188732898,0.00011409034730579408,0.00011629017450507212,9.313351112288725e-05,0.00020311497626143864,0.0011262875262605372
2023-11-03,0.00010371508462211669,0.00016801752095428344,0.00019100501377298685,0.000285810501913179,6.472031442366323e-05,0.00011314368969934436,0.0002230473411430282,0.0004955396849062163,0.00014768480625387782,0.000274055473901898,0.0007851811228173314,0.0012996497960992956,0.0009512685292488054,0.001768237817323902,0.00023846002099434105,0.000662151531992897,0.0005003774408134275,0.00013681614218157072,0.00017135596102645702,0.0002562537232623302,0.00011990639887985456,0.0001237902124830655,8.618168799353507e-05,0.00024266245995419877,0.0010428005557993477
2023-11-06,0.00010822425141555209,0.0001750114531569111,0.0002304050981390271,0.0002869421733358954,6.59666631526038e-05,0.0001136819142480002,0.00023766421682747373,0.00048746278571317565,0.00014634556968133407,0.00028291306024037224,0.0008363730069594487,0.0013010518349641396,0.001116268619984581,0.0017658916059898888,0.0002419423200503866,0.000650503421124275,0.0005007636182194625,0.00014507614420287084,0.00017714592055418952,0.0002850797440686394,0.0001169400897860685,0.00011602753887797946,7.978566938888671e-05,0.00024818259031004884,0.0011242971285833298
2023-11-07,0.00010088469251249928,0.00016079862536482248,0.00023403151969838686,0.0002840062476011941,6.702087148023038e-05,0.00011558667125964131,0.00020684514400064858,0.00048720950680419063,0.00014611747226258158,0.00025627150668642857,0.0008202871753492655,0.0013014061735314932,0.0011152860766328087,0.001630398482506903,0.0002470727414678044,0.0006346568778652999,0.0004981069957874978,0.0001415910037247888,0.00016746381360466898,0.0002962590066810132,0.00011669649069756119,0.0001176349934188977,6.419359955667381e-05,0.00021956252418672936,0.0010323683197341633
2023-11-08,9.90967644935813e-05,0.00016422880615165144,0.00023290102429809867,0.00026627556943435206,6.216990534063268e-05,9.835532553317145e-05,0.0002071287054435646,0.000501233305772976,0.0001535115084398797,0.0002597629136731404,0.0008150504128686161,0.001310326058549693,0.0011582271811686486,0.001678673429635243,0.00021562509303415235,0.000624709831080811,9.741116153610821e-05,0.00014169178288528353,0.0001671928321254697,0.0002935725338190949,0.0001164527834695618,0.00011651757314031638,6.465246396633046e-05,0.0001979206832515912,0.001044503195337559
2023-11-09,9.765030956449225e-05,0.00016258119897290097,0.00023224740690267045,0.0002817941408574029,6.357225923595067e-05,0.00010369639880831377,0.00020707298856402303,0.0005277658057626441,0.00015477941234942684,0.0002617102678333282,0.0008175740860640289,0.001297850180713872,0.0011451605359181086,0.0016802379027230864,0.0002242473239998637,0.0006220247181629495,0.00010506737339564688,0.00013890410803146455,0.0001665065053169105,0.00029291442429594877,0.00011711223330824119,0.00011201302174320962,6.141295199813984e-05,0.0001973429585375304,0.0010250431792520856
2023-11-10,0.0001000919310420918,0.00016308116114733802,0.0002454211968746158,0.0002880490360616774,6.720496768598588e-05,0.00010166218655090513,0.0002018453016399613,0.0005176019462920055,0.000151763210525956,0.00025619657775168984,0.0007951588072650661,0.0014702557531363206,0.0011965462819807878,0.00177201957992069,0.00021558525929160697,0.0006223657244629637,0.00010572218667771165,0.00013973152257504517,0.00016634827222234208,0.00029054395939785444,0.00012779950646591332,0.00010391314383376192,6.0834958552701454e-05,0.00044176557367065194,0.0010228129481902823
2023-11-13,0.00011117400054544885,0.00018948711050354057,0.0002235785944968653,0.00024833482152871757,6.258575736432571e-05,0.00010774105945044971,0.0002112052407497811,0.0005427531737101989,0.00017922248201607195,0.00028852418982988566,0.000840963677360536,0.001483098641762521,0.0011390769009833514,0.0017281150748744353,0.0002221037585444581,0.0006444858177932563,0.00010551821134892038,0.00014450091441775082,0.00017792044899800352,0.00028346545608828357,0.00012782194404126193,0.00010634255616451024,7.00645264884082e-05,0.0004692769847488147,0.0011275561306248634
2023-11-14,0.00010985830705090088,0.00018125879196009367,0.00021975520879003257,0.00023139559107054908,6.09060238138851e-05,5.460145165051896e-05,0.00012350738758103036,0.0004389774320647964,0.0001774304877222743,0.0002861997696273308,0.0007863517844641006,0.001526102374019818,0.0011212026249105172,0.0016978917173060062,0.0001989446734120231,0.0006461155992288212,9.183077391233142e-05,0.00014437632763522203,0.00016683393093413004,0.000286955678338436,0.0001275817922741451,0.00010400180252659867,7.275784205782377e-05,0.0004787720834591111,0.001074798812736348
2023-11-15,0.00012407813205939016,0.000199177111974837,0.0003622100920454665,0.0002444942231553772,7.149632863855308e-05,5.76169025710329e-05,0.00019156072868685802,0.0004363401531511652,0.00018841968642807565,0.00027928789465400385,0.0008001916577003957,0.0017128364448078786,0.0012355613857855088,0.0016684176845883278,0.00020083082076229435,0.0006750123248302549,9.18934633235273e-05,0.00015755827192908876,0.00018468297682296508,0.00043901570446770353,0.00012655932868205655,9.934024405436146e-05,6.871223773847083e-05,0.00048262465287068483,0.001102955649402374
2023-11-16,0.00012432291884578503,0.00019861869882850357,0.00035563653284309543,0.00024870749025678875,6.950142717111862e-05,5.781036438639547e-05,0.00019372437649445732,0.0004540953935491159,0.00018466107382129077,0.0002791301342573181,0.0006877193176542559,0.0017401097539637258,0.0012543359944067352,0.0018432543753006435,0.00019513917957510383,0.0006816264559362045,9.198180045145227e-05,0.00015797134275148865,0.0001885895217200722,0.0004393633994686265,0.0001251805585282559,0.00010041272882208034,7.734804622947247e-05,0.0005332043280957057,0.0011081133806700458
2023-11-17,0.00011455019270990013,0.00018911003180135667,0.0003465089838441765,0.00025278368813508995,6.964159462239384e-05,5.3404152030844015e-05,0.0002048866635498739,0.00056675610340305,0.00018608153193663276,0.0002938681793831481,0.0006060330877946217,0.0016915848924207585,0.0011593014541559708,0.0017328255283873407,0.00021188160676868678,0.0005491939701903007,8.524632714781127e-05,0.00014237454701782268,0.00018897414882444925,0.0004143810678400959,0.00010339126022353449,6.964917113979772e-05,0.0004673254819290767,0.0005179469780728558,0.0010761183473640625
2023-11-20,0.00011036967670846403,0.000184273434782585,0.00034252616475591497,0.00023054821413760797,6.64963222859387e-05,4.525497356178635e-05,0.0002017283513183144,0.0006212349995255095,0.00018582584295763916,0.0003088564895389165,0.0006064984399258319,0.0011702668266631133,0.001198335387838637,0.0017517243416061523,0.0002353158489513558,0.0005363147827420572,8.283176948265233e-05,0.00013404658184029016,0.0001924220471875992,0.00038288786122261595,0.00010322968730485096,7.525191739099104e-05,0.0004671508047538828,0.0005028599756069158,0.001078205990408762
2023-11-21,0.00010521821200230092,0.00017992132785508294,0.00033510562093381124,0.00023082349128632042,6.652045274942856e-05,4.499402279317955e-05,0.00020007885154398736,0.0006389756335485974,0.0001784798503159414,0.00032051501258784657,0.0006176753866903416,0.0010945713910491446,0.0012232457531695382,0.0019861963842385043,0.0002197520054783267,0.0005372563099754502,7.615238304654137e-05,0.00012191699346045724,0.00017850142603778745,0.0003833178925992421,0.00010636186589584676,7.669613094456022e-05,0.00045848835635122187,0.0005047345280040131,0.0010794710008075633
2023-11-22,0.00010531412619739707,0.0001812832388733993,0.00034034706463481374,0.00022302428489206447,6.32157549744965e-05,5.068404908514263e-05,0.00019503598299845068,0.0006113493777622653,0.0001794378805362593,0.0003243671095803695,0.0005447453409708651,0.001124780562176616,0.0012513479645968148,0.0019262501887155937,0.00020546395879290197,0.0005350641513392635,8.024410508780522e-05,0.00011980886683243477,0.00016840965601251396,0.0003807221161169125,0.00010377281199757521,7.77321022273304e-05,0.0004483525210837726,0.0005051723739176615,0.0010832854280214714
2023-11-24,0.00010303785479614006,0.00017706450611967592,0.0003383537241978108,0.0002143221782749395,6.236383829968162e-05,5.1682499776299065e-05,0.00019608542158470012,0.0005856116022908482,0.00017975856872800344,0.0003325064496298713,0.0005648709356098906,0.0011486323445205836,0.0012112120688311824,0.001789360314600197,0.00019447001049191075,0.0005409691463079147,7.391553633540764e-05,0.00011810442957209726,0.0001686327618926183,0.00037314138846772116,0.00010392776853698418,7.499929703252959e-05,0.0004411159071515498,0.000505189126077439,0.0011105407093877748
2023-11-27,9.161439588474933e-05,0.00014354598845007892,0.00032562740345375065,0.000194250995034633,5.923593142947826e-05,5.2190504812806865e-05,0.00023613761359609714,0.0005711132043550439,0.00017236006408023893,0.0002825731502185956,0.0004791246360710865,0.001130144919510451,0.0010608229929063107,0.0018038666156621344,0.00019522066853502483,0.0005235697502868989,6.182214331835244e-05,0.00011787299808140542,0.0001670971580637821,0.00034776703089134294,0.00011037126225985248,7.412092718263189e-05,0.0004450043003591109,0.0004791261371689819,0.0009342650466371766
2023-11-28,8.384498593888082e-05,0.0001232924551005737,0.00032588303696675584,0.0001965901386161778,5.994459686288698e-05,5.4523723251221255e-05,0.00024428819802059884,0.0005569137179750762,0.00013842004542437319,0.00020304552079854394,0.0004156686199244587,0.0010749667130187587,0.001060080297789222,0.0017792661440559731,0.0001925647463115672,0.0005177606726706998,7.257140843230304e-05,0.00011824424112150808,0.00016702328376808594,0.0003288013626443887,9.788887135649996e-05,7.261415156883804e-05,0.000444094210740977,0.00047828265825889966,0.000899924785540525
2023-11-29,8.276834179688807e-05,0.00012241131622814952,0.00031904121136147915,0.00019580968361024943,6.0587769469335194e-05,5.680737434608127e-05,0.0002445094224188129,0.0005558374157270842,0.00013553367713881186,0.00020750134510166514,0.0004188608053754728,0.0011783430156993052,0.0010802668642879737,0.0018846261765999405,0.00016028361935115995,0.000503590258570836,7.284739605278244e-05,9.996172779700083e-05,9.361673341390801e-05,0.0003169032787319892,6.900241510266889e-05,5.79222416925465e-05,0.00045103771741962186,0.0005208742337130192,0.0008552436620389754
2023-11-30,7.506046468989236e-05,0.0001155913344081987,0.0003188832397944876,0.00020324031449947126,6.366595882768462e-05,5.517488619904086e-05,0.00024157484375579807,0.0005236287877639182,0.00012895387673196064,0.0001854115880677698,0.0004069287297259199,0.0010521720284530833,0.0010795762540126129,0.0018017166428819708,0.00016274220800731662,0.0004946781303378319,7.41020260692134e-05,8.56388965045378e-05,8.623336666421151e-05,0.0003173591493845492,6.43184960699339e-05,5.0129318781118636e-05,0.0004583983172050053,0.0005052813289551693,0.0008671437381658403
2023-12-01,7.37596696397031e-05,0.00011469169425442091,0.0003156136898887492,0.00020932122426374733,6.5069230004175e-05,5.449075322329364e-05,0.0002321904822592226,0.0005744230167070585,0.00012903218992121244,0.00018510570997132798,0.0004478403615953612,0.001050841423688851,0.001066968740410752,0.0017152064444038244,0.00016456548463917418,0.00023655884220309868,6.284797526642434e-05,8.603774734868389e-05,8.556795196400098e-05,0.0003046444792908217,7.514586568704992e-05,6.216167623121153e-05,0.00045842839574759586,0.0004986229576313112,0.0008624391889425383
2023-12-04,6.950221679633571e-05,9.892100274070825e-05,0.0003592669786360919,0.00020318956901366685,6.185720769327623e-05,7.000341735623604e-05,0.00023623731257436682,0.0005828446152941902,0.0001126657910488834,0.00016292363481717746,0.00037211546803284784,0.0010215335114962068,0.001196594689170439,0.001979010090607859,0.00016573722149020292,0.0002326822573802263,6.22198978731352e-05,8.682042589853715e-05,8.681930828515033e-05,0.0003348961095647099,0.00010577781277811967,6.345961368412368e-05,0.00045824893394656236,0.0004964615184924612,0.0003946367461634502
2023-12-05,5.1285862795096044e-05,8.596065256454766e-05,0.00032758976770786964,0.0001762356120413438,5.537715117464257e-05,9.554589787115656e-05,0.0003140796281561366,0.0005700284732074235,9.464507324602897e-05,0.00017204625724126686,0.00037116340840657406,0.0008306592774246622,0.000840986319294987,0.0017515616891727495,0.0001182953137458411,0.00018357050402480912,5.4196512948207714e-05,5.698885581767679e-05,7.260067913810567e-05,0.00028058138336920413,0.00010043233064324579,5.62148387904785e-05,0.00045740486660675696,0.0004585826875132168,0.0004246845756325798
2023-12-06,4.67710481506262e-05,7.883422766989205e-05,0.0002980899547015398,0.0001984837463167185,5.750175887414135e-05,9.560858179508284e-05,0.00031167414165729235,0.0005624147780396707,0.00011696072032952042,0.0001676520738327598,0.0003373598197189855,0.0008378644539021178,0.0006802916350906624,0.0017428908124037183,0.00012975312128267604,0.00018120616975343017,5.376272791790243e-05,4.8941481708450084e-05,6.584215556629686e-05,0.0002525002214605989,9.775502293514719e-05,0.00012061515567322218,0.00046057923922480806,0.00044385298164153336,0.0003364486042700332
2023-12-07,4.7374692544045945e-05,7.976914212990576e-05,0.00028961003164603235,0.00020286588556524718,5.671089562070285e-05,9.29987746579365e-05,0.0003133500030140387,0.0006618710855246403,0.00010722877493099959,0.00016711094906665897,0.0003517610970841907,0.0008377287694138428,0.0006661504166407761,0.0018304890409538892,0.00013503606827463426,0.00017589216938556005,5.523429319144255e-05,4.984000359118786e-05,6.885290078484911e-05,0.00024141227552939722,0.00010566045044451729,0.00011881622122696583,0.0004670014332330444,0.00043872909909981983,0.00034499381880992826
2023-12-08,5.009653620050169e-05,8.546525063399176e-05,0.0002917601151860518,0.00019293827701372213,5.3242366847097915e-05,9.220283721727806e-05,0.00030024516568347316,0.0005649996932347949,0.00010152953895582606,0.00016214493581830948,0.00038153121524107903,0.000838291985155069,0.0006238862756112842,0.001785868235338181,0.00011008727416182679,0.00016657110750668524,5.640098792755987e-05,5.095011514762259e-05,6.935480572003125e-05,0.0002381149129441989,0.0001074784891496281,0.00011857841581514534,0.00046820027696406203,0.00044090802158153794,0.000819298827559665
2023-12-11,5.107498390075206e-05,8.652544149615274e-05,0.00028861629699565187,0.00018101213743786435,5.342115877665384e-05,9.65846756226594e-05,0.00035612868096396945,0.0005623246588647465,0.00010263095021254919,0.00016340743147592323,0.0003922131940570792,0.0008396193661201686,0.0006313695476441143,0.002080154894614305,0.0001077203139870325,0.0001701421484564994,4.8381645382393e-05,5.2395274287453585e-05,7.462422476096653e-05,0.0002376748491095153,0.00010893990513523225,0.0001224563318104678,0.0004706280304324493,0.0004446459717631722,0.0008202165162257936
2023-12-12,4.8543467223520655e-05,8.72189507379385e-05,0.00027552126678411035,0.0001516036441454793,4.775222853460922e-05,0.00010247184618033643,0.00036040432374427383,0.0005631829885023419,0.00011152432509668229,0.0001641572691426794,0.00040777351384678923,0.0006826469460200054,0.0005868058560388097,0.0021426385695576216,0.00010729987913265834,0.00017132595008491976,4.987773360495351e-05,5.346267888859745e-05,7.486964070364368e-05,0.00022424915133089837,8.866677212510755e-05,0.00012333706260024755,0.0004706809944429627,0.0002025342674541407,0.0009154118214960126
2023-12-13,3.655078209818304e-05,6.359558765274288e-05,0.000268806593487155,0.0001503768918605214,4.813980413368057e-05,9.589836292114399e-05,0.00034507990033386484,0.0006203895135494969,8.60775618828073e-05,0.00013477699238998925,0.00038763103569734985,0.0006633334475748213,0.0005728880785470659,0.0021498904905138958,0.00011116950918584317,0.00014169574710674548,4.82985958730807e-05,4.9289933371417084e-05,6.732399846166857e-05,0.00021952829855925433,8.859408383585811e-05,0.00012067108892451376,0.00046035711228919487,0.00018143772005586677,0.0008399141275525965
2023-12-14,4.6772970350677006e-05,7.180649399107278e-05,0.0003294887731295586,0.00017954563787928878,6.328290639195428e-05,0.00012146964822407621,0.00044839300864141137,0.0006222494531369022,9.701420315349807e-05,0.00013116536419852408,0.0003901774351691153,0.0005747567060757179,0.0006440503140363832,0.0024555648247006705,0.00011881552636071263,0.00017138457136890551,4.83012095768075e-05,6.316759240551752e-05,6.685785743819865e-05,0.0002930350171239749,8.940542358374245e-05,0.00013565669073848258,0.0004729885478592269,0.00019200710645525602,0.0008280725778012708
2023-12-15,2.7116296630758492e-05,4.7007354124956713e-05,0.0002142333195068916,0.0001881458728684423,5.619207390127182e-05,0.0001190229505317794,0.00039546370401144997,0.0006634985478737379,8.602744673056024e-05,0.0001544411839226112,0.0003674497731256527,0.0005073346325824788,0.0005797634374799708,0.0024774289118056226,0.00016044983194957846,0.0003482943795228476,5.849061727893102e-05,4.933060656360091e-05,6.675182573598749e-05,0.0001775529631491522,9.201663559175962e-05,0.00017453237146999067,0.0004812433581948281,0.0001818819393234397,0.0007908325394634397
2023-12-18,2.7020072512622377e-05,4.8249795473606566e-05,0.0002179691982712148,0.00017727406170290803,5.481659099521072e-05,0.00012328544921517704,0.0003976060394202087,0.0006442542482405577,8.593054886720062e-05,0.00016373252970692902,0.0003609000725631021,0.0004844943656052305,0.0005627185173742022,0.0023341296455972817,0.00016180632643664932,0.0003393327032746717,6.158849683508522e-05,4.956754895764172e-05,6.569568712914356e-05,0.00018808995744284558,9.535588622836624e-05,0.00017465575471142035,0.00047328023508538337,0.00013095973622205656,0.0007809217820937749
2023-12-19,2.866111193374173e-05,5.036870033798368e-05,0.00020343016876698516,0.00017242630580017885,5.2090237584930554e-05,0.00011751437889962974,0.0003864348623346795,0.0005327618865118384,8.548684781373461e-05,0.00014855602048458218,0.00038448043208630687,0.0004036312903416404,0.0005434475155656298,0.002399211043112258,0.0001441857547474751,0.0003320452472637895,6.87464070433901e-05,4.92868008377112e-05,6.062873663886202e-05,0.0001881197825800288,9.13904437860949e-05,0.00018266086882063565,9.477713335325933e-05,0.00013115611567587603,0.0007681292973471924
2023-12-20,3.05892732287685e-05,5.1788164536570796e-05,0.00021346324142937142,0.00017281093856996444,5.172531900448955e-05,0.00012003909543321253,0.0003924553380797726,0.00046855585812254704,8.705116508937756e-05,0.00013298100914740113,0.00038866931507976817,0.0004254393152152485,0.0005673009104351816,0.0025056389075843503,0.00012837500771940895,0.00034584142361768346,6.872938551961421e-05,5.0896355014117206e-05,6.582584888715173e-05,0.0001912329279715564,9.349898895677069e-05,0.00017531398194934835,9.441419563576291e-05,0.00013754651160084784,0.0007701601738096264
2023-12-21,3.8032354471097214e-05,5.604314722809106e-05,0.00023298133705837126,0.00017327669109236689,5.122181115296896e-05,0.00012152581347535205,0.0003839216898593877,0.00044656538270216315,8.873431245985002e-05,0.00011314124924684291,0.00041261522031602076,0.000511280105891274,0.0006234704744302973,0.002247777583076948,0.0001330184629895591,0.00034672550011950894,7.596185589213211e-05,6.775580022417935e-05,7.235574224839955e-05,0.00019652062827102724,0.00011251718033731261,0.00018706619269374326,0.00010199588576138781,0.00017800063239467416,0.000830233754177906
2023-12-22,4.2648808744277354e-05,6.151255716809607e-05,0.00023936765465949468,0.00017547288897905078,5.122453254935265e-05,0.00011792766350977228,0.000382191678682373,0.0004466772195642335,8.77824001692616e-05,0.00010908695474420151,0.0004258632360529424,0.0005282209016351357,0.0006297808853927901,0.002322599839366718,0.000133576857121977,0.0003458617596772476,7.888845013394117e-05,7.290003664201726e-05,7.388817465649639e-05,0.00019806687212411137,0.0001146655525286357,0.00018632834888496986,0.00010402058297087723,0.00017961586348397906,0.0008659470441418079
2023-12-26,4.205637448213611e-05,6.072122567115051e-05,0.00024193838259849724,0.00017592948806934372,5.0512039632605805e-05,0.00011800064343734375,0.0003850366881206699,0.00043908835007934265,8.880306118431892e-05,0.00010063445608246354,0.00039250985080283886,0.0004841334608280668,0.000633754065117366,0.0023584937721445897,0.00013403997310379998,0.00033559899640765874,7.752582371514458e-05,7.228567393964837e-05,7.360506577716845e-05,0.00019756965604910063,0.00011532393892114756,0.00018422818266306394,0.00010853276120099305,0.00018380973628649263,0.000824120768479867
2023-12-27,4.30079116516861e-05,6.265186023624956e-05,0.0002486112397146933,0.00016868754118621782,4.930190914752372e-05,0.00011968290322053032,0.0003449019547856781,0.000458582647380811,8.654059308737037e-05,0.00010056920199930714,0.00037630843799755733,0.0004966041349535881,0.0006368046596186214,0.0022082342925644955,0.0001371128768807224,0.0003516764500061573,7.787117226586291e-05,7.263476030257819e-05,7.54065161955376e-05,0.00020009841237808384,0.00010964737907715616,0.00018504283317232473,0.00010427830127248213,0.00017796507780012277,0.000863678809596244
2023-12-28,4.300868346233959e-05,6.28366093082066e-05,0.0002486751945284488,0.00017055398485786902,5.0451414223968536e-05,0.00011833602175344946,0.00033583525904023765,0.0004692403138780454,8.650603828446201e-05,0.00010017156660355563,0.0003715770376450911,0.0005152553321698982,0.0006322269006936873,0.0024362351571678813,0.0001375083846805102,0.0003555279746091562,6.670717034871615e-05,7.256183512904808e-05,7.707974185995877e-05,0.0002006676750610593,0.00010621325394933584,0.00018503296699573326,0.00010794192864198578,0.00017538487648374748,0.000881753336791318
2023-12-29,4.296287712601531e-05,6.247438968469502e-05,0.00024865309250384594,0.00017325157141450282,4.996027226010132e-05,0.00011059376773690511,0.0003285624944963002,0.0004864837610409546,8.621289730396451e-05,9.442015166338184e-05,0.0003676164163288773,0.0004652760145467525,0.0005921845581286304,0.0021807862755358577,0.00015041213910681282,0.0003564684115943727,6.596853070733011e-05,7.302454337592144e-05,7.833212370843698e-05,0.00020102056703702402,0.00010603913134571727,0.00018269206827539261,0.00010045379911389351,0.0001310439171394396,0.0008984900187076943
2024-01-02,4.339608008547433e-05,6.34525054799415e-05,0.0002619619852997431,0.000169200525822011,4.7132912319125304e-05,0.00011060873604522874,0.0003334376849093309,0.00047309631844767117,8.622138457700941e-05,8.904571539992235e-05,0.0003651957286386296,0.0004784526681553935,0.0006516884979384707,0.0024414731533308276,0.00014763673312649818,0.0003540090477005611,6.413285297942241e-05,7.084539917876776e-05,7.700153074428205e-05,0.00020618137287248172,0.00010554923222695571,0.00018117295300405063,8.597387355116588e-05,0.00013112509717444118,0.0008907720934760616
2024-01-03,4.4275105151373894e-05,7.905673262877318e-05,0.0002631110099615885,0.0001636386569213471,4.8153276312372056e-05,0.00010995758796551551,0.00032893309622410096,0.00042179328147901626,0.00015843693367073578,9.953998620123236e-05,0.0003616342377375284,0.00046305571035085055,0.0007082850752423425,0.002990721255219034,0.0001514632472544238,0.0003581407917117429,5.666276033468051e-05,6.49578410394274e-05,7.729360628560811e-05,0.00020732343392941742,0.00011319796579529211,0.0001798511052949874,9.149615657865237e-05,0.00013207399368577382,0.0010733119486896414
2024-01-04,4.6052083449771784e-05,8.480891807357992e-05,0.0002576781055897336,0.00014552176351308809,4.059277237574488e-05,9.773766782065006e-05,0.0003666798469065263,0.00048416137349672003,0.00015902155300190305,9.209797144354274e-05,0.00037020876991359616,0.0005534441382591162,0.0006639274001515079,0.002771934021300128,0.00016427950834844418,0.00037364753017229686,5.828443160990154e-05,6.585000943349777e-05,7.704619178230283e-05,0.00020704534395162336,8.438839043898731e-05,0.00018013999235161045,8.734308090736195e-05,0.00013781703944826308,0.0011041483781605477
2024-01-05,4.5105071187635365e-05,8.150301176468524e-05,0.00025167576907545337,0.00015748888795502763,4.114644546762921e-05,7.16473158439332e-05,0.00028763562622924257,0.000481881544305455,0.00016301564987747478,8.351711611480522e-05,0.0003340989917086394,0.0005434247139661714,0.0006658673540132307,0.002642162149294986,0.00018025743537188375,0.0003724464897004441,5.824854821747677e-05,6.665842894442491e-05,7.651920273820145e-05,0.00020434599683569606,8.408913413200695e-05,0.00018092536855418738,9.250718596737036e-05,0.00014356731442937643,0.0010753097870033234
2024-01-08,4.520552971011037e-05,8.123554660705026e-05,0.00024221900132294195,0.0001378008454090432,3.8400146746803435e-05,7.086349328833618e-05,0.00027696377905057684,0.0004975324407016515,0.00014010780113172099,7.898228438382825e-05,0.0003331289288928468,0.0005340116008778783,0.000661560546998822,0.002645967693886877,0.0001632497907235685,0.00037758886895421646,5.334833531363062e-05,6.628032340165063e-05,7.788996327548446e-05,0.0002022686148035596,8.438138988152941e-05,0.0001157833234200638,9.028879219398944e-05,0.00013457927856174533,0.0010943584209944896
2024-01-09,5.531611643444434e-05,0.00010231098137433052,0.00025948685070714114,0.00013349351133169,4.081608943871707e-05,7.349380718195486e-05,0.0002736704775543194,0.00048066922064836376,0.00016957438527139522,9.260721352550127e-05,0.0005164693602949452,0.0005420087313060997,0.0007028307206030298,0.002621981028281614,0.0001583069659475339,0.0003842272413353324,5.175790953619186e-05,6.710013388429682e-05,7.189441076188252e-05,0.00021284623974882245,7.65034762500665e-05,0.00011978211698336023,8.900582248592886e-05,0.0001340364910928684,0.0012408254434133226
2024-01-10,5.22781459924887e-05,9.198085580956534e-05,0.0002610705204065978,0.00013392097627992693,4.098029601278098e-05,7.335048774892069e-05,0.0002735099956288541,0.0004910725942815907,0.0001642823592156082,9.122731915371536e-05,0.0005011314938821419,0.0005611404745385179,0.0007147415559305131,0.0027394553742433377,0.0001699932744996763,0.0003825047986666817,5.1712635508344695e-05,6.806876746856313e-05,7.48296372593502e-05,0.00021488238700498246,7.317538004478982e-05,0.00012064256554478441,8.90587696206843e-05,0.0001529303915807624,0.0007778461364976615
2024-01-11,5.3011985281665505e-05,9.339658274768505e-05,0.00025794417520799787,0.00013141719156483636,3.94799824266028e-05,6.376045168932432e-05,0.00021725606436937006,0.00047399297422958715,0.00016304706780835676,0.00010553118071404258,0.0005084056746407029,0.0005608441909291448,0.0006969817795399754,0.0024424200088673004,0.00016900337926974035,0.000379641368161286,5.169496800981601e-05,6.668440401128904e-05,6.847861110410161e-05,0.00021480109493122822,7.110443053157784e-05,0.0001169512007948054,9.131901576464863e-05,0.00015011800656333676,0.0007781255935393613
2024-01-12,5.219734849765042e-05,8.967141996601813e-05,0.00026110105726021135,0.00013288874302884766,4.145174205439347e-05,5.722080344967297e-05,0.0002145841262871621,0.0004875438744037988,0.00015434605257082297,0.00010343470936331607,0.0004933991208154473,0.0005916170755709832,0.0007188141822676743,0.0025053657705266007,0.00016928478275755914,0.00037907413580456136,5.021903776299169e-05,6.542000341031311e-05,6.872298692971023e-05,0.0002191400511247259,7.125600027843594e-05,0.00011657820557269292,9.104071359943154e-05,0.00014783378259309292,0.0006835612556856786
2024-01-16,5.108647947886155e-05,8.623964112923705e-05,0.0002611945296650324,0.00013261949389770065,3.995213225517627e-05,6.24065289377267e-05,0.0002309610035205892,0.00040621556764912733,0.00015111069249323057,0.00010510183287844015,0.00046748423226553054,0.0006608258782729296,0.0007336421418818236,0.0028175459075795066,0.00016568192142719728,0.0003806230054568091,7.65345712952725e-05,6.282762083704036e-05,6.737139925221946e-05,0.00022108560050932943,7.44733538474183e-05,0.00011656073887748914,9.109918675318668e-05,0.00014499458273165925,0.0006586257905455235
2024-01-17,4.15553003335699e-05,7.749508088671642e-05,0.00020898770980798861,0.00012045947330452688,3.049836514034617e-05,4.012240033620901e-05,0.00013310293742495134,0.00039809625697777106,0.0001445158425572825,0.00010627216001696047,0.0005126716245380645,0.0006569900775094416,0.0006708623732214852,0.002541428515578427,0.00018706889011019478,0.000353828872798101,8.388859260889918e-05,5.1467344980219827e-05,6.892055549405971e-05,0.00014672351118149465,8.064457425535344e-05,0.00010055248469876278,7.465062596786074e-05,0.00017241250289194005,0.00100666972279382
2024-01-18,4.2694531431341067e-05,7.920621149519611e-05,0.00017053242022300246,8.448270006269866e-05,2.4612866182796987e-05,4.497060817600028e-05,0.0001288630927728263,0.0003620070014762634,0.00014595773276833727,7.802882186210899e-05,0.0005129305151119863,0.0005529056092371591,0.0006170511820090313,0.002517623887205523,0.00014491392160760706,0.0001924963108850979,7.400920169079806e-05,4.6296267874262924e-05,5.270145914106515e-05,0.00012109464707043733,7.804832968479773e-05,6.145868628433933e-05,6.760757923601506e-05,0.00021251556938104202,0.0010109703435429614
2024-01-19,4.6838199380278124e-05,8.881126623654534e-05,0.00016853375814647012,8.919152884863462e-05,2.4701283238990014e-05,4.400815785516887e-05,0.00012052847202306679,0.00037664605416594805,0.00020180609488572939,7.563967600182365e-05,0.0005251795732693777,0.0005638902288063723,0.000601760872710656,0.002736556144131699,0.00014350660313465572,0.00019973306321809038,7.318556083118913e-05,4.454915382030494e-05,4.980712039507805e-05,0.00011171445923532175,7.275812017299635e-05,6.200089484585612e-05,7.664960914145267e-05,0.000234066051663693,0.0010203348668298433
2024-01-22,5.352098247422103e-05,0.0001077689341142478,0.00017352705413636245,8.62454353759517e-05,2.3801812745987608e-05,4.336952077964192e-05,0.0001229201675789665,0.00036672710513457614,0.0002108231767179023,8.22134765841352e-05,0.0005852647979509073,0.0005622793094928822,0.0006116887998864112,0.002663358952919991,0.00014046080795249432,0.0002147153292317149,6.682456117831425e-05,5.786421547710809e-05,6.385383499666953e-05,0.00011918408239859469,7.304417559017734e-05,5.0104887407587226e-05,6.667304217243414e-05,0.0002364051441279422,0.0012782607978358135
2024-01-23,5.175249108093896e-05,0.00010643976785681099,0.00017780897467242852,8.659213702285767e-05,2.4126789081179106e-05,4.162873236075608e-05,0.00014341987060357986,0.0003566675651495362,0.00021726248596089367,8.368331179028901e-05,0.0005807423580760095,0.0005541709586218809,0.0005494934682901785,0.002572038347490333,0.00013343525266619726,0.00018797011182619802,6.687342535295138e-05,5.6027214529656474e-05,5.4291313855334746e-05,0.00011798075762904616,7.200286658775355e-05,5.031592223277138e-05,6.596069056264602e-05,0.00025447030771095494,0.0013422639878798793
2024-01-24,4.155376498729679e-05,9.510451154928355e-05,0.00015690034297612438,8.75610006283348e-05,2.4483723711589635e-05,4.082499791745784e-05,0.00015608590716906042,0.0003529487292155973,0.00021331650918201127,8.290200366757864e-05,0.0005303331738740837,0.00046679857363765245,0.00045450884376922843,0.0026265855561827195,0.0001289258989783995,0.00018117198316725468,0.00015835727344606462,3.84310022734547e-05,4.963462100156171e-05,0.0001123721803013076,6.368950897135114e-05,0.0001270954667638702,5.872153747252164e-05,0.00021981711833468458,0.0012792082553979135
2024-01-25,3.674197990599823e-05,8.945305097449372e-05,0.0001450361816496331,8.724400835537987e-05,2.4680554983970998e-05,4.186184245969862e-05,0.00015214019548319253,0.0003609145958794943,0.0002139510343922433,8.409781589150909e-05,0.0005454278855008552,0.00042180082631114663,0.0004500442459882058,0.0025794588840064646,0.00013907249581015193,0.0001833199305380929,0.0001688037891147051,3.4111365494881436e-05,5.219659309392105e-05,0.00011946241469066666,5.955955473352683e-05,0.00013486064296537928,6.707401486303992e-05,0.0002166047953233642,0.0013998682741540509
2024-01-26,3.813244607898084e-05,8.94122421180584e-05,0.00014405252585813092,8.842889422559194e-05,2.6905532519077683e-05,4.164943426508206e-05,0.00015481440057541984,0.0003902754159945545,0.0002124142694375783,8.546725468130258e-05,0.0005457837197603395,0.0013334717232142874,0.0004458320397107252,0.002476800732194575,0.00016570104860346132,0.00024702795012993787,0.00016890238126002075,3.519910253884202e-05,6.323378461788741e-05,0.00012755268184511315,5.946223593002778e-05,0.00016047857845013074,7.081793833991092e-05,0.00022148639287840596,0.0014066871478662388
2024-01-29,3.724869940939004e-05,8.932784520674522e-05,0.00013491139122151708,8.818876216165828e-05,2.710803160110906e-05,3.8519619830342815e-05,0.00015490304924434058,0.0003718920951912676,0.000216459875756964,8.576060981748609e-05,0.0005461965613669408,0.0013201031339134775,0.0004344079765833811,0.0025189129347237015,0.0001646818825156621,0.00023040224369541524,0.00016823717656948078,3.5040032492024747e-05,6.213036724389133e-05,0.00012500312270258198,5.8426803471503556e-05,0.0001599628689916486,7.48754566165526e-05,0.00022296739729316692,0.0013832352402711348
2024-01-30,4.04774954213855e-05,9.478565344795793e-05,0.00015071750608686605,7.847439031815545e-05,2.330766388832753e-05,4.010628317622218e-05,0.0001699648177123236,0.00036452275566637853,0.0002171518768844738,9.671753921460767e-05,0.0005753055837863824,0.0013933650136017542,0.0005491277945651767,0.0024112717441645737,0.0001637118382619702,0.0002353503938983605,0.00016891479285371648,3.4846397904934626e-05,6.0544544822541555e-05,0.00012607710265446532,5.8370142729859966e-05,0.00015992677086878923,7.128096278232352e-05,0.00024752639840432117,0.0013653231565708276
2024-01-31,4.050247041812783e-05,9.721536597843448e-05,0.00015393441228388736,8.00247279128716e-05,2.3492808322783014e-05,3.834766931331473e-05,0.00016356100035081657,0.00033474517782504533,0.00023756226066358712,9.65642315499171e-05,0.000576392317608558,0.001337575316519806,0.000586811464320626,0.002421888328743468,0.00015660128933970424,0.00023575027464779074,0.00017152603053291772,4.3026507145619056e-05,8.154573444894957e-05,0.00012817918842910128,5.900519125245988e-05,0.00016358527692791284,7.167555024942607e-05,0.0002492765689661866,0.0014066683936090477
2024-02-01,5.486451663919346e-05,0.00011761195209186074,0.00017260625890998073,8.075896393227199e-05,2.3098358352038e-05,3.824321902455728e-05,0.00016820830958893924,0.0003691903327486604,0.00025686688569412944,0.00013720171516581176,0.0005984391577012133,0.0013465639950751343,0.0005804109185148185,0.002182938466394495,0.0001758473509068482,0.00024668545422253406,0.0001719665790618177,5.0766246893188546e-05,8.797017944467445e-05,0.00012544846324278529,5.898470537413709e-05,0.00016217385460384363,7.189279391914367e-05,0.00025385393724045073,0.0014383606530978417
2024-02-02,6.239935331230421e-05,0.00010916571870355464,0.000180190208997288,9.959405487823077e-05,2.3815885827132304e-05,4.3801857433265254e-05,0.00017735823251100507,0.00039777552048376265,0.00019375671780181842,0.00013981876788037397,0.0005881254310306449,0.0013503769461442766,0.0005180815057884959,0.0016025437547859593,0.00016960481009336095,0.00027341840566867497,0.00016980793676997865,4.990987457397604e-05,8.135324441316232e-05,0.00013908997376112898,3.683423116362725e-05,0.0001591241311147331,8.446339020584395e-05,0.0002586664562259465,0.0012443250040729999
2024-02-05,6.472284985674983e-05,0.00011834954656946252,0.0001417213466291927,0.0001259665753362716,2.8138264747347523e-05,4.490425783959196e-05,0.00016188011033318352,0.0003548531405124594,0.00019227204548717761,0.0001580451511076601,0.0007084332915328339,0.0012598888484844212,0.000440594262553378,0.0015534221814928434,0.0001554275409735238,0.00025780879229712547,0.00017177376828954972,4.6869999656718285e-05,8.211246313096572e-05,0.00011558427240511752,4.1469739714345054e-05,0.00015969226305907527,8.750942201658604e-05,0.00025287467942522245,0.0013064889969773038
2024-02-06,6.488147636616707e-05,0.00011698501372629958,0.00015046458280477073,0.00013591909466920525,3.150728037449189e-05,4.652325682024984e-05,0.0001719385084544916,0.00035562517498157674,0.0001885832749659744,0.0001653887076973524,0.0008241158487171446,0.0013351437005270814,0.0004924275974476034,0.0020402617155276296,0.00013863903887684274,0.0002771567834813477,0.00017692488043691474,4.791245267432205e-05,7.981179834699126e-05,0.00014002773733035842,4.2697463989962325e-05,0.00015808911662481073,8.392726260873171e-05,0.0002463796185849271,0.0013258858356044187
2024-02-07,6.523910975582443e-05,0.00011712913316807166,0.00015439860106248335,0.0001360404088633215,3.25233352660933e-05,4.8008967738637555e-05,0.0001700773255521371,0.0003352329072752961,0.0001917430126397742,0.00016538261101539987,0.0008102887115997977,0.0013616244615819242,0.0005507922801819966,0.0020584258077085203,0.00013917493832965366,0.0002727712642226521,0.00018481619250085505,4.715749099186975e-05,7.908534537740568e-05,0.00014943754565519698,5.352619214971557e-05,0.00015553338772524944,8.401401824527726e-05,0.00028538040917382303,0.001382180017570791
2024-02-08,5.801368160825051e-05,9.99503903772423e-05,0.000137251418874988,0.00013205177627421123,2.9824255044115873e-05,4.464085213131628e-05,0.00017355049914990198,0.00025687045013708844,0.00016051368527993925,0.0001701406452582318,0.0006380434296801127,0.001362922647627456,0.0005138703057163432,0.0020118806197401183,0.00013198085606319748,0.00026601981455713804,0.00018662166497669932,4.798980199502731e-05,7.916390414712952e-05,0.00013848365053028715,5.320355999326196e-05,0.00015155922060412595,7.912921431597563e-05,0.00028272534083663154,0.0012439439804760647
2024-02-09,5.7898129410455686e-05,9.992459235451333e-05,0.00014523300887236027,0.00013167362690356894,3.111625126590988e-05,4.467984841271278e-05,0.00018482193521661406,0.00029351374695007137,0.0001620565398778361,0.00016967120717279447,0.0006248803059713172,0.0013397468193618893,0.0005391377860300397,0.002258645111762301,0.00012343323705828253,0.00026734745795552005,0.00018809065156347304,4.659843493752427e-05,7.642248454299266e-05,0.00013959327902967345,5.8715326446565454e-05,0.0001511412287428242,7.668881144665151e-05,0.0009079186510841601,0.0012249177262981842
2024-02-12,5.797513991971773e-05,0.0001026798651498326,0.00015946738986415826,0.00013070418501219915,3.111849424685652e-05,4.521847758220889e-05,0.0001844890437820268,0.0002853436204316509,0.00016121918892246067,0.00016416470004101459,0.0006648122745945936,0.0013627079396156126,0.0005687812944245073,0.0025166655725000044,0.00013121302399426613,0.00027919109216551755,0.0001879570722889547,4.6895363098976346e-05,7.625821416601911e-05,0.00013965159225235067,5.8884263958107434e-05,0.00015340304094738823,6.834916344027431e-05,0.0009280577079462793,0.0012420038701337918
2024-02-13,5.7975057541858404e-05,0.00010328486521347137,0.00017380945530152454,0.0001290622190795135,2.914292815992691e-05,4.538024291661769e-05,0.00018349660765290334,0.00027294583179533787,0.00016512651816847477,0.00017165269540356687,0.000660856818606213,0.001360687491151665,0.000565054894584312,0.002327728587078352,0.00013745610960770103,0.0002888539959027913,0.00018732898051523417,4.729808404693962e-05,7.636631977460254e-05,0.00013490281301372858,6.0425298070475716e-05,0.00015282742772149163,7.025719886992824e-05,0.0009316266392087616,0.0012419304584096956
2024-02-14,6.848172909013279e-05,0.00011680298363764372,0.0002703118727611759,0.00014520855930956394,3.5584873471796286e-05,5.0735436779032824e-05,0.00020745340037120848,0.00027436480331710097,0.0001719938688591557,0.0001921875089448533,0.0006607790929890017,0.0013110149447665954,0.0007315305556939934,0.002135050057600154,0.00013623316502143644,0.00032914540329172763,0.00016169722842802124,5.7224896070046864e-05,7.75789924176159e-05,0.00015670230258822357,6.143022964816488e-05,0.00015438160702268387,7.27224157817643e-05,0.0009323477381114285,0.0012368038713510493
2024-02-15,7.222258175744021e-05,0.0001232353737461595,0.0002906986927660292,0.0001293275458887631,3.108556591275605e-05,4.5777748064041707e-05,0.0002085703779423253,0.00028001405169144955,0.00016485517386839672,0.0001960840902234861,0.0006434103754505995,0.0013445163363388331,0.0008774582740765231,0.0030754522966678294,0.00010443718398187585,0.00033078484231427967,0.000175636233137225,5.953862872898508e-05,8.100513380869606e-05,0.00015708131838574441,5.528144736575542e-05,0.00015371106859734995,7.273687114459418e-05,0.0008902424121817551,0.0009793614817773637
2024-02-16,7.311023010888135e-05,0.00012196718184940186,0.0003258238370350634,0.0001306471240169427,3.156116521738666e-05,4.1517596799757246e-05,0.00022839636637072639,0.0002917925710259524,0.0001635179331521206,0.00019867731439513105,0.0006572670318317322,0.0015220274042857546,0.0008867526748370611,0.003133121954628856,0.000141956658149408,0.0003018283064536587,0.00018266622899991826,7.515437677777802e-05,0.00010492700059462603,0.00016745836478760046,6.584565165683101e-05,0.00015792387093213048,7.243677103186862e-05,0.0008458599654860473,0.000981482039826074
2024-02-20,7.01826830245841e-05,0.00011563257062661152,0.00033418708312970506,0.00012771585635818527,3.207630939170714e-05,3.8568063041774337e-05,0.0002498910429807026,0.00028047975750933004,0.00011118664909204548,0.00019384967975606492,0.0006382837143892421,0.0015062193908601555,0.0009211432944884125,0.0032277473098335464,0.00014183062901128218,0.00029508183214987775,0.0001804329674060757,7.569367269127104e-05,0.00010591374264242171,0.00017173618728410207,6.462970563471012e-05,0.00015664691178615963,6.480315935651279e-05,0.0008260251329069334,0.000983227901380395
2024-02-21,6.344609532055496e-05,9.765959624503896e-05,0.00033973911888764846,0.00012719808820756004,3.263281270547081e-05,4.008206590344056e-05,0.0002598378914558019,0.00028991171606472527,9.910658142464126e-05,0.00018635726703171036,0.0006551654315834936,0.0015602573785287847,0.0009712800043404542,0.003313260866567358,0.0001458447283183432,0.0003162893808480882,0.00017959233208023886,6.219397923796076e-05,9.070723509398674e-05,0.0001641582567678509,6.796838215588276e-05,0.0001580264793428372,0.00011856341038368555,0.0008423328186388309,0.000852293341649443
2024-02-22,6.324670826729865e-05,9.844681676487539e-05,0.0003165104917866669,0.00012805724053554788,3.256329727163118e-05,3.929764389469701e-05,0.0002348065583640154,0.00028755424149725907,9.205788496182472e-05,0.0001848667471807472,0.0007005664837588168,0.0015475335781848852,0.000988988142745264,0.003502933213093424,0.00016398253864160323,0.00031500975617152665,0.00018257944512657876,6.146990478848075e-05,9.293725344141042e-05,0.0001639129622671375,6.813700482256302e-05,0.00016550935644242526,0.00012692706224996867,0.0008316390158729267,0.000787837763596483
2024-02-23,8.576086124567382e-05,0.00014310413820389924,0.00031916986773419614,0.00012589037813845225,3.1963581652619636e-05,3.847828764324558e-05,0.00022458880165065223,0.00028917043203993817,9.649594666671761e-05,0.00021255199810281476,0.001962883787720875,0.0015573149375824745,0.001021609329024311,0.0035898662309763896,0.00016390352339533984,0.0003281285211739172,8.41893550250363e-05,6.862372492204566e-05,9.83342484849047e-05,0.00016150741539231527,5.995205299983253e-05,7.54880048538656e-05,0.0001318344228349705,0.0008211025933572254,0.0013530544639674253
2024-02-26,8.572151629472196e-05,0.00014190338774763622,0.000315721074419792,0.00013368434381135004,3.2241213286692966e-05,3.646215438556372e-05,0.000224037283042727,0.00030973814301343177,0.00010139825104495832,0.00020854000290216015,0.001930526714964182,0.0015979136653945013,0.0009915062446974622,0.0036072659058921774,0.00015531511358634392,0.0003275781479616951,6.710300138202322e-05,6.913688591798076e-05,9.537672157765306e-05,0.0001501604813470913,6.246923976864826e-05,6.786754459691277e-05,0.00012078771169959874,0.0008206945075944921,0.0012240820075186912
2024-02-27,8.484759932246822e-05,0.00014183701423717016,0.00031415648596380344,0.0001318500104429758,3.0397257235730872e-05,3.5874600663646076e-05,0.00023467801087696848,0.00028695987436625024,0.0001043036549441465,0.0002093143881821379,0.0019302492616541545,0.0007619363758315992,0.0010490318507631882,0.004934110473071673,0.0001288759646317726,0.00026498464747769116,6.810736267139157e-05,6.915274646362749e-05,8.496424933922994e-05,0.00014790222588970396,6.401217097985585e-05,4.0923527426897256e-05,0.00012762788683911132,0.0008092917151814858,0.0012174521573085591
2024-02-28,8.494774388850045e-05,0.00014019782083577375,0.00032499589975068527,0.00013439135512460304,3.0062624960508255e-05,3.5910062416161046e-05,0.00023419844305151252,0.0002905559575747338,0.00010339151882000203,0.00020901972618946467,0.0019265936983845823,0.0007614571350271474,0.0010939931012224921,0.0049101706990618684,0.00012690035373785712,0.0002664931930168582,6.81931928109856e-05,6.8842681317833e-05,8.417685132146146e-05,0.00014754401875021408,6.408080652587892e-05,4.213017334767653e-05,0.00012344315329296336,0.0008218496323683051,0.001208121729293217
2024-02-29,8.163603487825922e-05,0.0001360743577800009,0.00031225537205018796,0.0001294043629156081,2.9135192615609153e-05,3.337962031599824e-05,0.00021908863598169527,0.0002796258688763128,0.00010510455967310418,0.00019794580775636282,0.001906709415067616,0.0006763943235077271,0.0009781276206547336,0.004722428751083824,0.00012700406296566044,0.0002595821126284932,6.835520644943489e-05,6.923622619554484e-05,8.520456014555062e-05,0.00015073341731971205,6.472277985841638e-05,4.333742983609331e-05,0.00012225944701290772,0.0008037280335033906,0.0012112519726055358
2024-03-01,8.230846883707696e-05,0.00013761890265556907,0.00031088249094523337,0.0001276526011570304,2.8625072696667833e-05,3.4720523192649895e-05,0.0002232048683840877,0.0002742819710992756,8.517312276565815e-05,0.0002089077212094704,0.0019240890281390561,0.0006757765747380583,0.0009403446950819154,0.004720027757132046,0.00012251608599138988,0.00026786343551687074,6.47172170902625e-05,6.060245006756361e-05,6.717098546259718e-05,0.0001498056562594586,6.403012675029792e-05,4.2051191571092656e-05,0.00013763993404638164,0.000804670037388262,0.0015633534555595417
2024-03-04,7.226782393308833e-05,0.00012842279983548788,0.00028347419383900494,0.00012453549166135694,3.0287467461635234e-05,5.391013209552971e-05,0.00023767260444359568,0.00026189381977884037,6.62521211421624e-05,0.0001691484010189992,0.0019864111091907307,0.0006483328074945781,0.0008864940041009258,0.004703999749747444,0.00011028447048697337,0.0002596709879887842,6.414496486868941e-05,5.239088877214209e-05,6.161265899625697e-05,0.0001524417411029912,6.513957880833336e-05,4.179767287162411e-05,0.000137766366057583,0.00080061167320409,0.0016705474576910904
2024-03-05,6.307134192852589e-05,0.0001216174849761307,0.00027400034437733984,0.00010475959624214301,2.7225756581601003e-05,6.214637465832281e-05,0.0002828937872912213,0.00023254279454157516,9.282941345810727e-05,0.00015614256969417973,0.002022953786933369,0.0009463788747512582,0.0008808941374459573,0.005336365490142052,0.00011658823070930582,0.00022922022152443077,7.303411735351038e-05,5.259641862075733e-05,6.395403351082219e-05,0.00013953330391251243,7.549035616723123e-05,3.377605770301219e-05,0.00012391338669845908,0.0008076458828251067,0.001665372628966282
2024-03-06,6.259057677188106e-05,0.00012420221317910137,0.0002775425268695224,8.838934332248663e-05,2.4253192012009977e-05,5.91787200368513e-05,0.00026073914931879877,0.0002071228132898216,0.00013681097945616625,0.00018723225064565523,0.0018980646852748962,0.001033161682229107,0.0009407789523469362,0.005505048763967628,0.00011947079749814746,0.0002109994349617965,6.871516615002162e-05,5.167329550814693e-05,6.759047299935802e-05,0.00013915036604473803,6.876455071551127e-05,3.131479845731626e-05,0.00012928985104255754,0.000810486879836719,0.001572244013498205
2024-03-07,6.326092426702633e-05,0.00012625746546149986,0.0002716148597110187,6.747411020387802e-05,1.9571900585180313e-05,6.117040661349957e-05,0.0002717736432887641,0.00020972611091801225,0.00013345655206038406,0.0001771531815681964,0.0018317247181900552,0.0009879193001054072,0.0008991498770715967,0.0054940886757222215,0.00011965139144901929,0.00019162744307006036,6.38149728304729e-05,5.1227226633851974e-05,6.896719286358599e-05,0.00011587354521411349,6.814476900610469e-05,3.1417854493960176e-05,0.000131934081263286,0.0008439493893686595,0.0015897686155678346
2024-03-08,6.814358174525864e-05,0.00013846342311084757,0.0002709756052572852,6.234166330520599e-05,1.8190503790225483e-05,6.144245975501318e-05,0.0002737486843947261,0.0002052133656477174,0.00012943896501122005,0.0001936891606512497,0.0019224192683942082,0.0009689811568837952,0.0008479098835669805,0.005485599069592911,0.0001229957823630475,0.00020081088935927123,5.901044446805277e-05,5.111402037487672e-05,7.255998524730622e-05,0.00010611418621251619,5.726494337476708e-05,3.254867858944151e-05,0.00013006593030923114,0.0008042445797187107,0.0015149768110989518
2024-03-11,6.635038016839556e-05,0.00014430138133911087,0.00027070085445891976,6.122498794076704e-05,1.782248185842829e-05,6.531828631526673e-05,0.0002695045693169032,0.0002085591692068695,0.00013510099553441584,0.000172599547148949,0.0020605135655036677,0.0009784339680673135,0.0008477868590147838,0.0056384787478642616,0.00012344901147846944,0.00020091741032919548,5.854262160812305e-05,4.824501626783803e-05,7.255560549189954e-05,0.00011319833583643932,5.816387688614035e-05,3.264827645758175e-05,0.00013058311435994494,0.000804207718741795,0.0015169958175397832
2024-03-12,6.638023117333255e-05,0.00014487157868940833,0.0002617671803095085,5.937779926771178e-05,1.636765684410876e-05,6.545776860918835e-05,0.000257734683136184,0.00016060700504187978,0.00014085312856275357,0.00017356152563552973,0.0020806002826454645,0.0009827703240080522,0.0008093462198920247,0.005272011129614332,0.0001235069446457809,0.00020817182143882652,5.667304655112926e-05,4.759914802854157e-05,7.185452083672106e-05,0.0001108629181203461,5.885723533863674e-05,3.519265221702861e-05,0.00013496164690900476,0.00017294057961791788,0.0016200050528133848
2024-03-13,7.083124671080811e-05,0.00015071155204447387,0.00024761750223323286,6.301437624928913e-05,1.684208721433537e-05,7.125908899516011e-05,0.0002651173067691993,0.0001611059259978152,0.00014036061391330194,0.00019826023104110033,0.002274587356852171,0.0009588644655120582,0.000782640888976281,0.005016088170769765,0.00011051297924891178,0.0001981085494157039,5.660528852042149e-05,4.811592271229962e-05,7.545603295293749e-05,0.00011099265032216031,6.332639829630126e-05,3.223112822933582e-05,0.00014321508916645583,0.00015191144433242845,0.0016276353540589019
2024-03-14,7.095547378163038e-05,0.00015313011199650362,0.00023071183133774247,6.423262095265438e-05,1.6897751920689728e-05,7.355479387048291e-05,0.0003175976475681261,0.00018915501908573027,0.0001440289200010883,0.00018949566560659225,0.0022813356570040894,0.0010325757455989302,0.0007551027533794864,0.004958515025822802,0.00011764729900314547,0.0001960918900143134,5.589380562916905e-05,4.9889981645195756e-05,7.794792711998471e-05,0.00011239348824733145,6.631501079331068e-05,3.230362435424276e-05,0.00014148473074758442,0.00014817391160703615,0.0017150972522101261
2024-03-15,6.0636940714190254e-05,0.00013994657174975283,0.0001519034032339119,6.0990756594373785e-05,1.3191319224713827e-05,6.395622030223486e-05,0.0002770287969826159,0.00020010076506019967,0.00014345684404803863,0.00019532891012969306,0.002340559076754654,0.0011027185737832608,0.0006318204697771051,0.005135250339457641,0.00011775539020994864,0.0001541178355503716,5.5569068263256074e-05,4.332228460855575e-05,9.146406694624494e-05,0.00010113402561485114,6.971913113714741e-05,3.206704133704977e-05,0.00013896632754126364,0.00014280535815406432,0.0018046334643055221
2024-03-18,5.875519466376999e-05,0.00014134443339175833,0.00012322771544035068,5.958516199522969e-05,1.2005000182589542e-05,6.449734262215866e-05,0.0002788044297700471,0.000187362197082725,0.00014244874825193843,0.00021421064557758837,0.002308382512796171,0.001070392378833621,0.0004765390819412148,0.004237806416417106,0.00011818253304209537,0.00015761132488751294,3.426706503948385e-05,3.84245139376473e-05,9.418225285765718e-05,9.804593905022397e-05,7.082848260625954e-05,3.1175004245378645e-05,0.00014011603307865779,0.00013748108941842593,0.0017375781605829946
2024-03-19,5.808890761688e-05,0.00014579447568003205,8.711015930296615e-05,5.862704318697555e-05,1.1439417829732725e-05,6.217848641996343e-05,0.0002483145179417703,0.00019492412572782406,0.00014452243226957344,0.00021164209206216128,0.002295342278973548,0.0010724521575588535,0.00044963962246129426,0.004187214875053206,7.750995495939716e-05,0.00014686408425746667,2.873636103721433e-05,2.4405991502498754e-05,7.699900869243932e-05,6.904011978761085e-05,6.470015721123076e-05,2.696816428851928e-05,0.0001396830774674265,0.00014953352082602427,0.0017313060391078126
2024-03-20,5.8405937447710815e-05,0.00014158970871562513,7.781748133175216e-05,5.72120689135049e-05,1.1173956897774701e-05,6.151905052178389e-05,0.00022506784379375808,0.00019340981040780804,0.00015056831719628273,0.00021476740907784792,0.0023014792520933713,0.0010834219452136094,0.0004152974587718384,0.0038841527802405827,8.454136627975501e-05,0.00014791445021920403,3.30641547298704e-05,2.5029908458723192e-05,7.767199479323426e-05,6.315085666532843e-05,6.530431507373533e-05,2.7221301255551205e-05,0.00013751063293618204,0.00014821055232122418,0.0018512802954841767
2024-03-21,6.13787256968337e-05,0.00014605411487322848,8.830015530974448e-05,5.717709546668765e-05,1.0749221018499495e-05,6.71960853144513e-05,0.00023841788736452465,0.00019589919843126738,0.00016131424011254873,0.00021868392796825783,0.002199428447230908,0.0010635400258310731,0.0004201691774990531,0.0044607633256569055,8.005849605685408e-05,0.00011454681898348807,3.600093011096111e-05,3.230992913402019e-05,8.61239665175227e-05,6.532785023000746e-05,6.195740808654092e-05,2.5081439627161934e-05,8.434337951739809e-05,0.0001429061863682496,0.0017289085622163483
2024-03-22,6.192992256868935e-05,0.00014639420952208766,9.421779291361852e-05,5.464294228356687e-05,1.052469400261473e-05,6.725506632533295e-05,0.00027943562925783293,0.00019132062901338785,0.00025565508427393053,0.00022369890073086764,0.0021611058907698125,0.001076608899155165,0.00037710921037112567,0.00425143335906102,6.310010535919607e-05,0.0001359003723023163,3.4874964686630225e-05,3.54419372355782e-05,9.426119054079574e-05,6.647338525151244e-05,6.048775222623762e-05,1.742281614509848e-05,7.65615267024863e-05,0.00012857889832990356,0.0017268455481484282
2024-03-25,3.9148540982691246e-05,0.00010086944589660105,0.00010167424186704492,5.8302261856986464e-05,1.1025138377811383e-05,7.07967261600194e-05,0.00027784414522229536,0.0001898764978141587,0.00025034498687051657,0.00019415409998734185,0.0009497874424023793,0.0010740281219364634,0.00037193956346921,0.00414337823658784,6.319123902984626e-05,0.00014021532631919788,3.638908631029779e-05,3.542259366379387e-05,9.480444285766698e-05,7.506403910055539e-05,5.4361704683369644e-05,1.745210218075663e-05,7.623107086433863e-05,0.00013136449593236264,0.0011631226438810396
2024-03-26,3.954165993471533e-05,0.00010111706972227781,0.00010168318763112885,4.9994753377566694e-05,1.1180484026390606e-05,6.961451095286297e-05,0.00027426570840413553,0.00017139095710645415,0.0002485802329419704,0.00020404086850406002,0.0009522066517771565,0.0010372837635392537,0.0003873876120997526,0.0045448947613203035,6.549912691720971e-05,0.00014053755680039706,3.4967205147754096e-05,3.488743821718538e-05,9.806026538593373e-05,7.713498391164279e-05,5.028728023880367e-05,2.1553913225054702e-05,7.752781832232707e-05,0.00017954172112056048,0.001116257598060079
2024-03-27,3.8991548728364775e-05,0.00010167778154225552,9.969870383603066e-05,4.992817765140257e-05,1.0640873832971407e-05,6.991326857952327e-05,0.0002631979567443012,0.00016548614097266725,0.0002479713527999609,0.0002019233961252353,0.000988646692796632,0.0010036670340790423,0.00032545192499336086,0.003339730324570832,6.812362381471895e-05,0.0001394519188662176,3.388152086678959e-05,3.416035445066217e-05,9.86052005379829e-05,7.137672910861603e-05,4.865223480036585e-05,2.043739049098195e-05,5.9268464042017535e-05,0.00018076764286464766,0.0011167946763546272
2024-03-28,4.263817236047772e-05,0.00010199486195729283,0.00011429777787696643,5.2519178768815204e-05,1.3143986957129014e-05,7.270172062606233e-05,0.0002660223100638385,0.00015448244853705055,0.00026852338384372737,0.0002019371215958965,0.0010223104894553905,0.0010115139037476678,0.00028037021931073754,0.0033819333819204165,7.179745228914782e-05,0.000165600244891453,6.471284619196936e-05,4.1330668676109376e-05,0.00011873428828801873,0.00010684134465196798,5.924972426411544e-05,2.7522373848814765e-05,5.9924185190617836e-05,0.0001708574379461747,0.0011149444120300753
2024-04-01,4.254437241533646e-05,0.00010062044558928462,0.00011109415667653133,5.036502689123194e-05,1.3189621897225493e-05,8.151971768292679e-05,0.00027212989993151795,0.00016730612623117245,0.000272274624902262,0.00020207383416357037,0.0010127329510020498,0.0010325453650294057,0.0002773908933699949,0.003435558009656425,7.791755095941807e-05,0.00016500937114482896,6.443797444105755e-05,4.221339160880859e-05,0.00011816761492215166,0.00010403131689896689,5.868146252242501e-05,2.658323158526679e-05,6.444443206895475e-05,0.00016930049711645626,0.001112598193957327
2024-04-02,4.200518524681369e-05,9.687817562206274e-05,0.00011335323635719602,6.704615914240864e-05,1.8211594948483998e-05,8.572333665792865e-05,0.00026923905645601966,0.00017433484606145064,0.00027547363871313055,0.0001952383636132685,0.0009940202113246773,0.0010330886136796554,0.00029289083373665553,0.0035639989585144476,7.959759673097779e-05,0.0001583500346499449,6.523437412237355e-05,4.384187173429999e-05,0.000116204223770962,0.00011577687187837722,5.8989574039025705e-05,2.979246159166374e-05,4.8896150963108985e-05,0.00016914261949048086,0.0007143573414547363
2024-04-03,3.945143677088633e-05,8.87618575390133e-05,0.00012611880399003355,6.660559214750428e-05,1.631620170310629e-05,7.827963912902172e-05,0.00034157211517398596,0.00015951465582634124,0.0002761714604097723,0.00019713431632400918,0.0009152735968760634,0.0011706835964662443,0.00034225027110000816,0.0035923470828473116,8.28633041352772e-05,0.00015518414540442073,6.433836835225239e-05,4.527599739658844e-05,0.00011527135394533825,0.00011686641280798914,5.7848963575057587e-05,2.9775115319478832e-05,5.9423829819829716e-05,0.00017464765091921542,0.000606903850298114
2024-04-04,3.9454405364403284e-05,8.833746596329207e-05,0.00012840825539916763,6.571866225140939e-05,1.6151066845816078e-05,6.835811736129786e-05,0.00035880461484080864,0.00015237157627681088,0.00024123097783788303,0.00019733037032129802,0.0008485976180844369,0.0008747987109814663,0.00033824817789326,0.002987289271951764,7.910611177955855e-05,0.00020133456470333418,6.310289497588222e-05,4.495205787223977e-05,0.00011264796794954767,0.00011217952019968237,7.396320990106107e-05,7.135271935396893e-05,5.597663917397944e-05,0.00021687517598724949,0.0006044319488164577
2024-04-05,4.218905970996199e-05,8.337416157296657e-05,0.00012887752550685654,5.756495314084951e-05,1.4585576025981981e-05,6.819664183285872e-05,0.00035983950076087345,0.0001577356235687085,0.00019695792745196792,0.00015004380449366728,0.0009116484230148657,0.0008007886317006944,0.00027845757156720217,0.002821750726483281,7.613126304317003e-05,0.0002028117080491503,7.3254403736739e-05,5.2001906737190274e-05,0.00011040196986647007,0.00010629683427427175,8.113747023419199e-05,7.233407610551055e-05,4.762979371670983e-05,0.00022804683533086568,0.0010118570901694968
2024-04-08,4.670477287256306e-05,8.874120660661423e-05,0.00012645969629358398,6.644890850321175e-05,1.5245306187478985e-05,8.030000963109883e-05,0.0003647468424781933,0.00014992816924135616,0.00019615951956226664,0.0001679131129102312,0.0008899249619806208,0.0008453523008399521,0.00026529668117722323,0.0023888566039859966,8.18268673617114e-05,0.0002359623644924157,7.307195541370749e-05,5.539582887048047e-05,0.00011352323004011389,0.00010638906509110395,8.031324057472627e-05,7.315301711062769e-05,4.528366638437357e-05,0.00019981491185627092,0.0010143409567641586
2024-04-09,4.1379020144290056e-05,7.631896418610204e-05,0.0001243242870457052,6.640137688438177e-05,1.4908157223043704e-05,8.065214890454279e-05,0.0003743548144608883,0.00015013152128715652,0.00019857972675903907,0.00015163077818075352,0.000790459244127073,0.0009629368003996868,0.00028137379734374134,0.002602104980453822,8.011140534153851e-05,0.00023899806403426382,7.188596457383647e-05,5.629845068625891e-05,0.0001107677162916005,0.00011261461698629665,8.135247737046269e-05,7.080547316097315e-05,4.469806927683974e-05,0.00020393199617091152,0.0010141605200257799
2024-04-10,3.946745951868914e-05,6.548847152496647e-05,0.00012514950633995577,7.092354685378959e-05,1.6243381904780522e-05,7.841819322621603e-05,0.00038292729525833544,0.00015157072284315004,0.00019575095736330125,0.00014968554034764652,0.0006353712007646416,0.000971005603240223,0.0002823371432616679,0.0026026062761437757,7.94372796385998e-05,0.00023946643095648756,7.565219387998505e-05,5.795570172115997e-05,0.00011305357144084818,0.0001150048166920059,8.160181932384509e-05,7.151166962694104e-05,4.383036969763705e-05,0.00020536430532356142,0.000995735476156864
2024-04-11,4.49729469022822e-05,6.893965674381075e-05,0.00016090104386800758,9.749635367675721e-05,2.7479855185748187e-05,8.318568180610816e-05,0.0003874388237459143,0.00015814877043201687,0.0001950463057519323,0.00015149070545054436,0.0006338600297598955,0.0010078800945981163,0.0003124069193600912,0.002655613742094612,7.418043300260535e-05,0.0002308947934855974,7.929867309113975e-05,7.019506751160709e-05,0.00011705651159022065,0.0002116895313518284,8.583338299842553e-05,6.92152874095018e-05,4.985997163528753e-05,0.0001902718339888966,0.0009133622472565611
2024-04-12,4.179897837626726e-05,7.158947650014256e-05,0.0001632907739876072,9.477186329928303e-05,2.7149946647788973e-05,9.684441913520575e-05,0.00040588308259804944,0.00015979474643738965,0.00029289197879504364,0.00012034468924650424,0.0004610068486589395,0.0010225162649853353,0.0003210240510138226,0.0027721832132684,7.407301520454226e-05,0.00022840010753625626,7.939099651407224e-05,7.201745082795771e-05,0.00011337836152980406,0.00021205959831351148,8.594622787218165e-05,7.329325198426374e-05,4.5813894305930346e-05,0.00019018066293379304,0.0009090592931009361
2024-04-15,5.224360223383058e-05,8.247163372631222e-05,0.00018011626349824633,9.50343815049632e-05,2.7374827813190272e-05,0.0001039014215912133,0.0003644482081610463,0.0001296975298608112,0.00028878621927091086,0.00013136306529121656,0.0004945824442451427,0.0009274134110062773,0.00039052337153508903,0.0030079723141983464,7.50707496281621e-05,0.00023592496896159478,8.035402268890902e-05,7.890476659027508e-05,0.00035463434819329824,0.00021843936299796896,8.43522174191831e-05,7.359635269963064e-05,4.56058341145709e-05,0.0002305966084017712,0.000923521931776679
2024-04-16,6.073319170765462e-05,9.719068970843999e-05,0.00017419334035132173,9.529087996089479e-05,3.111866635353864e-05,0.00012177862458255367,0.0004132850560465376,0.00011582211171368021,0.0003090788894015458,0.00012099954359249553,0.0004696794004720564,0.001012078530787603,0.0004523209917613525,0.003201876785214471,7.4174315817397e-05,0.00023706752158803192,8.188552920885442e-05,7.672803602412815e-05,0.00033694989800671794,0.00022205557806763418,7.673791117172434e-05,7.229182109435725e-05,4.6236098728413814e-05,0.00023453374338872003,0.0008520599699633845
2024-04-17,5.831575546971674e-05,8.936038651952323e-05,0.00017474335263209794,9.771396227998885e-05,3.172613466704514e-05,0.00012129970831745127,0.0004337740936902555,0.00011665809245736287,0.0003293253678898503,9.733302018180857e-05,0.00048416212593834016,0.0010509380725435,0.00046723727551566964,0.0031523582852897203,7.789329165127805e-05,0.00023208708498802065,8.228734199530014e-05,7.920515674354876e-05,0.0003358729068282367,0.0002327775385242534,9.975587928115331e-05,7.282625351151077e-05,4.4650092493342935e-05,0.0002381631077699635,0.0008481477171523866
2024-04-18,5.832242197102185e-05,9.26795557341997e-05,0.00017910731152230957,0.00010388685473783677,3.319245187059975e-05,0.00012415448444434056,0.0004324847718255593,0.00014157938773867967,0.00033078045365041056,9.948561767716785e-05,0.0005666244914487757,0.0008555853431013777,0.0004784218591316913,0.003175130583729487,7.769036384464008e-05,0.00022221977844669467,8.109645738585655e-05,7.776358670915646e-05,0.00032842597284386376,0.0002357246727138953,9.557090602571782e-05,7.504766094136226e-05,4.472350115440242e-05,0.0002264150778210186,0.0010416736998419276
2024-04-19,5.687293205023845e-05,9.413386323115405e-05,0.00017817226902160278,0.00010485512816322053,3.2958496644101975e-05,0.00012471864413648895,0.0004309826653843264,0.0001399151336660641,0.0003226081626480583,0.00011312438272046405,0.0005635794847173844,0.0009158604266528931,0.0004769668050541306,0.0031072317971653244,7.11616084589137e-05,0.00022052581375423786,7.649365188232672e-05,7.713767330180358e-05,0.0003288498033329478,0.00023571877224323528,9.73366002840352e-05,7.823151667216832e-05,4.7078410889411666e-05,0.00022570706853772732,0.0009093936852749068
2024-04-22,5.643978420328242e-05,0.00011046041696267281,0.00015726968169008616,0.00010555747440806866,3.283102378393012e-05,0.00011757525109470416,0.0004145338186063134,0.0001273733148882162,0.00031919990003484525,0.00011766672478831198,0.001165642518237208,0.0009021885392672161,0.0004371583926700123,0.0025039927325316664,7.889883435416093e-05,0.00021938330086247499,8.9211541626146e-05,7.973388228234029e-05,0.0003532267479472338,0.0002346414683736171,0.00010884313125851213,7.976874582924668e-05,4.608911080905944e-05,0.00021023318307349714,0.0010760882726440681
2024-04-23,6.0445423564405204e-05,0.00011472313427219443,0.0001568961321087218,0.00010545946109149458,3.304627884970734e-05,0.000151777133114353,0.0005072146238668702,0.00012571026384072118,0.0002253155712049478,0.00011368450175468927,0.0012576368235455988,0.0009531737349003944,0.0004459664180369629,0.002735956008251818,7.927415665218549e-05,0.00019542474507949192,8.874060857121855e-05,8.406570649713667e-05,0.00036306263917233023,0.0002360616399205856,0.00011247769394179904,9.215747053754416e-05,5.1198561828619076e-05,0.00021167024652803172,0.0010842577386608505
2024-04-24,6.786915523624057e-05,0.00012666706679191966,0.00016141747231062162,0.00010050759999384502,3.256905941283543e-05,0.00014855735865690618,0.0005066629840471524,0.00013804327883953132,0.00022600261059349538,0.00012820733097502164,0.0012764055621795284,0.0009642581624815378,0.0004657121049220318,0.002816056243365722,8.069229145611974e-05,0.0001913838216772472,8.709338831741424e-05,7.89978528782852e-05,0.0003659469111903161,0.00023182853515632074,0.00011234064348892882,9.402029768924874e-05,6.326232826530814e-05,0.00022160200675152165,0.0011145328354431453
2024-04-25,6.74623522067549e-05,0.00012656951792650319,0.00016223548651630133,0.00010189313748340513,3.276306376683918e-05,0.0001481901610178739,0.0005073328327275754,0.00012832487305538003,0.00023092295331862136,0.00011849343315057428,0.0013361689930485841,0.0016683570401863637,0.00045017531842427683,0.002517732771279991,7.602137209648567e-05,0.00018940983000827178,8.727156125176459e-05,7.818073456272861e-05,0.0003626194192095891,0.00022993549768885805,0.00011495555365154868,9.19739911158994e-05,7.134321917102e-05,0.00017356399508727745,0.001113423227558553
2024-04-26,6.806849237039635e-05,0.00012727725705736896,0.00016408793021641647,0.00010418371878065505,3.323727040560026e-05,0.00014955522430383053,0.000503326477038366,0.00013178294738196156,0.0002299120015411821,0.00015172477260671415,0.0013716861959560242,0.0017515984097886557,0.00045152663420606326,0.0023962769492554452,7.387273523834295e-05,0.0004794629995667315,9.540613429925763e-05,7.942870374680746e-05,0.00036155360360248963,0.00023083045254425943,0.00012161314284501963,9.17031755578857e-05,7.304556431539667e-05,0.00017795847697915486,0.001122004626923535
2024-04-29,6.910230214559215e-05,0.00013948634695876337,0.00014361540509517796,0.00010034597367980433,3.142352822870585e-05,0.00014727855645241066,0.0005027166217479647,0.00013136168825798766,0.000206446103897778,0.0001696092232647617,0.001533319630408941,0.0017504319535361988,0.0004574160243279878,0.002481928946487202,7.387560321564415e-05,0.00046437075874168306,6.722256108288659e-05,7.196552492837211e-05,0.00034143240648734695,0.00019530173940167657,0.00011211950242894844,8.611827787634377e-05,7.242610186467528e-05,0.0001738042415606887,0.001146911727354022
2024-04-30,6.978466270078095e-05,0.0001401991089999513,0.00014660884712455757,0.00010412615046834536,3.233267490271544e-05,0.00013850817529373888,0.0004968761960148502,0.00012479230292036672,0.00023315956877606938,0.00017500354473577555,0.0015332476208933321,0.0028330327120035088,0.0004883322728100941,0.0027749960408508575,7.004773571010353e-05,0.0004818627646588269,7.62110081272709e-05,7.04421209084779e-05,0.0003406633847787968,0.0001982301235080308,0.00011318377848134805,8.613678993552256e-05,6.798869248006437e-05,0.00016859050095589603,0.001162569429281693
2024-05-01,8.35817123683338e-05,0.00015979843246564682,0.00016475156509970315,8.876584704303269e-05,2.892550885739807e-05,0.00015506863161728255,0.0005513899566904566,0.00012810207716629142,0.00024783097043491216,0.00022882424532525108,0.0015465073589505732,0.0030110066256836964,0.0005505216514144709,0.0028855037935913677,0.00011709409949939412,0.0005874063906133733,7.678992141305364e-05,7.412634988203003e-05,0.0003416258916233162,0.00019851553205511613,0.00012564302640816219,8.519744241796055e-05,7.968266280738989e-05,0.00017027713559967408,0.0011562770530167826
2024-05-02,8.193308569066176e-05,0.0001585679689199884,0.00014613443866194162,9.004708306390723e-05,2.9747716447389505e-05,0.0001477492914279691,0.0004594404622100898,0.0001726571823259898,0.0002471443035607129,0.00023703437108024312,0.0016270929589521797,0.002890606193917692,0.0005046360585881321,0.002899268076479557,0.00012065916095107129,0.0005929721525052095,7.934803006424588e-05,7.260798093164175e-05,0.0003416384573237701,0.00018974107845922864,0.0002344165929898952,8.527938973516117e-05,7.271687735701371e-05,0.00016588688591780414,0.0015970984569738259
2024-05-03,8.661368767025197e-05,0.0001671008512520427,0.00016198196423816838,9.104849894135888e-05,3.180956153627008e-05,0.0001440952892442558,0.0003866244203080452,0.00017089191561722337,0.00027189761999377486,0.00023966258637231634,0.0016846666524278726,0.0028846295429011495,0.0005384356576361197,0.003270708508262566,0.00011991763221169627,0.0005544121001697583,7.22091756340317e-05,7.293079903607177e-05,0.0003412625332114428,0.00020035842692117122,0.00021115281363012607,4.300873760999627e-05,8.310711323125781e-05,0.0001307887142796966,0.001599111261117687
2024-05-06,8.666468640038278e-05,0.00017578278095261638,0.00016176012387826954,9.380277557650019e-05,3.4408682255357935e-05,0.00014231882833857506,0.00038323550586881054,0.00016851237342228482,0.00045540661737533293,0.00026393453772896114,0.0016810967043004133,0.0028728020427854083,0.0005360380193207576,0.0033009359254478317,0.00011989734369629027,0.0005410579275081582,6.248316170661764e-05,6.614795764716137e-05,0.0003400515784684716,0.00020051554310316863,0.00020497632355517516,4.2684625256965574e-05,8.321675431432168e-05,0.00012137475832731634,0.001240658320160574
2024-05-07,8.653038052785976e-05,0.00017476599032972053,0.00017018676787337736,8.3871879939655e-05,3.379146340068135e-05,0.000132545077531819,0.00042234055707240665,0.00017108203923702338,0.00045888518399998573,0.0002613725049882683,0.0017242200457498588,0.0028188125501709344,0.0005629609744181648,0.0032464908611701386,0.00011705298833046248,0.000519355517356582,6.220153193111013e-05,7.017340826508899e-05,0.00033878238221646793,0.00019911164801447517,0.00020612333007880015,4.173190274239962e-05,8.137125863161286e-05,0.00014746240085742766,0.0012624630691519046
2024-05-08,8.6579842452627e-05,0.00017476260501390884,0.0001688288137833431,8.58953375240676e-05,3.3803001473997344e-05,0.00013159807983527646,0.0004125210572637195,0.0001710040534224402,0.00045722400112268143,0.00026681685564988316,0.0017352612045986174,0.0027740042277424022,0.0005630898331411634,0.003195978575538022,0.00011490173075510611,0.0005101183684882905,6.366560724192884e-05,6.978525770758482e-05,0.00033739287999012786,0.00019774103275234584,0.00020465482919255476,4.522435508341494e-05,8.978348081727544e-05,0.0006905263157316912,0.001266100271199962
2024-05-09,8.650717640483741e-05,0.00017403497388552568,0.0001698385320612204,8.322489988613448e-05,3.271515108476572e-05,0.00013042743541067156,0.00040401677186440257,0.0001654993280927081,0.00045456217189458113,0.00026642193844443943,0.00171209254166054,0.0027636124229758747,0.0005906992685213883,0.0030350573557913927,0.00011497291329746972,0.0005092616861674908,5.7476235009738236e-05,6.868793067503259e-05,0.00035711826538554564,0.00019205106633442745,0.00020362323430651156,4.531603275396838e-05,9.131599856312764e-05,0.0006890180177552411,0.0012661531958175981
2024-05-10,8.276871646549685e-05,0.0001700861454768796,0.0001362642460254227,5.7934132695420656e-05,2.1616183199736754e-05,0.00013889759906764618,0.0004681954463492243,0.00015981642226260757,0.0004531281015896421,0.00026467868313975474,0.0017100838995282597,0.0027301467644081463,0.0005624511601187931,0.0029777033817370785,0.00012419686852962634,0.0005331980674724033,5.4081097436388154e-05,5.9339791949444075e-05,0.00035795825524144063,0.0001166633974336714,0.00019515303684456965,4.64480956130591e-05,8.273364798220913e-05,0.0006872442758823268,0.001244273857467944
2024-05-13,7.976380538362545e-05,0.00015664629549664018,0.00013690049207374646,5.8541783714036946e-05,2.1938418594343906e-05,0.00012218658391965467,0.00044291875949615243,0.00017157651324818446,0.0003574788797372073,0.00025996018083422135,0.0016300406468413816,0.0027385726935855994,0.0005948141509855721,0.0029754713516205525,0.0001258413946782566,0.0005371700403063173,5.404122432180962e-05,5.7369790461804904e-05,0.00036020579560990684,0.00011645393666651748,0.0001902902838989688,4.336483558922536e-05,7.853478226964094e-05,0.0006872383823311576,0.0012231024543259924
2024-05-14,6.918538053265725e-05,0.0001427948266005165,0.00011948559033966929,5.734169396198899e-05,2.1665151124207346e-05,0.00011940898441648323,0.00043113106051181704,0.00017815393868926262,0.00037019337209203665,0.0002492635546238633,0.0015914072819582408,0.0027375829995028114,0.0005701846815161252,0.00272588105952042,0.00011149381093623269,0.0005224809766346976,5.375087949331716e-05,4.8460095131465524e-05,0.00011537722784621229,0.00010924940041449427,0.00019041178187314934,4.467677457115473e-05,7.857035631945077e-05,0.0006468233375257534,0.0011250061043893958
2024-05-15,6.162891273183242e-05,0.0001299779952881957,0.0001133757933110437,4.570385277102422e-05,1.5390442707444305e-05,0.00010446154808502471,0.00039075950804639577,0.0001861304534260638,0.000345506868355861,0.0002304177523719166,0.0015630086230946744,0.002613534105927744,0.00047463877709568727,0.0022454047018491997,0.00010673842101894321,0.000522227905198659,5.466935607709883e-05,4.847264723344004e-05,0.0001259290903646273,9.634695019739287e-05,0.00019046071452387774,4.4668223116502534e-05,8.2481277487001e-05,0.0006431769380893095,0.0011227308198316574
2024-05-16,6.974060752312521e-05,0.0001431499818803431,0.00012104580035476234,5.333682010189108e-05,1.9084791698996887e-05,0.00011329192594750504,0.0004365859508499457,0.00018959345879510024,0.0003330716628727264,0.0002465872704279345,0.0016163375338826063,0.0025947813562177432,0.0004707781130411024,0.002570339138700083,0.00010281628484793674,0.0005169059677690975,5.66941440369964e-05,4.892285020046861e-05,0.00011917902742491788,9.570300971388599e-05,0.000169078683623497,4.5219600279349626e-05,8.237135967743131e-05,0.0006731611954810991,0.0011970154538829471
2024-05-17,6.804337197094822e-05,0.00013512305949876528,0.00011774022346641728,4.671756377325857e-05,1.760246099349834e-05,0.0001111301148730295,0.00043664931324189797,0.00014092111612054245,0.00032942872446748496,0.0002455223937488404,0.001531633615449751,0.002589903235491314,0.00047666318494375237,0.0030778560763559926,0.00010278792914905911,0.0005535410475794606,5.603672386431213e-05,4.857433998913336e-05,0.00011848055614935924,9.277115299376556e-05,0.0001748370214851574,4.6507982960092344e-05,0.00033156503659716326,0.0006712549068666726,0.0010215899673704989
2024-05-20,6.792403334915513e-05,0.00013334263125426647,0.00011773105290552276,4.782262883252487e-05,1.7680594084230713e-05,0.0001251561432814003,0.0006469526255075123,0.00014560928037751013,0.0003276314551232829,0.00022686304073040212,0.001550700308549699,0.002530432116376407,0.0004827386478479395,0.003150244934441427,0.00011283389844420756,0.0005669753124000467,5.6510634288442705e-05,5.083166810635544e-05,0.00012329231494006702,9.277102391439661e-05,0.00017269239939702417,4.261151281022846e-05,0.00033462881292732643,0.0006702070497121973,0.0010260213645730055
2024-05-21,6.378795864980551e-05,0.00011205207039090337,0.00011786572208056729,4.759399741156331e-05,1.7632359754001874e-05,0.00012550395073280076,0.0006399787125653352,0.00014610016332132389,0.0003214299209117091,0.00022592463888962595,0.0009752844947313533,0.002520943276102202,0.000458171630507808,0.003453004576501773,0.00010733733010762947,0.0005830876917013313,4.103855409215308e-05,5.087733831977392e-05,0.00020558409460226897,9.340911468486681e-05,0.00017143697116031906,4.123341161604074e-05,0.00033641255197851836,0.0006706982960262922,0.0008614554257382418
2024-05-22,5.951474898759741e-05,0.00010677791561266218,0.00011114283564599766,4.8888227273124274e-05,1.7451777518106366e-05,9.136136842782722e-05,0.0005102091579007414,0.00014910158994282154,0.000322575216892604,0.00022887435537983507,0.0008780260405310825,0.0026829999297559334,0.0004514043434986007,0.0032000871524684896,0.00010632701571413389,0.0005850239071195382,3.976632529309958e-05,4.5168460921015255e-05,0.00020708996515036028,8.915431703200619e-05,0.00016780433456640455,3.091214232592841e-05,0.0003430434776369109,0.0006690916514272592,0.0008569822677991725
2024-05-23,5.234912021886672e-05,9.476455382284444e-05,9.998500616235375e-05,4.896091029400363e-05,1.7413922964600845e-05,0.00010986279799741774,0.0005829780275861776,0.0001525677049645676,0.00032348780307557264,0.00021488279104780517,0.000808672418571879,0.0027331936106184574,0.0004053336358980681,0.00311992924940607,0.0001251771416969576,0.0005758119899167742,3.985112827821672e-05,4.474936121915552e-05,0.00019790224211094505,8.908670616036539e-05,0.00017937684677408057,2.9530808563258225e-05,0.0003261834154337893,0.0006563705517096999,0.0008265880692942206
2024-05-24,5.527984724294896e-05,9.525141177738826e-05,0.00011387273473613193,4.848065458865317e-05,1.7640912542242783e-05,0.0001318990375693526,0.0006138827663163566,0.00015330689404664157,0.00033956772586935484,0.0002178444346148757,0.0011806030023597857,0.002094080536904751,0.0004584576602995602,0.003142725836284406,0.00012974729087483473,0.0005878271753031827,4.134852580926918e-05,5.536606930048119e-05,0.00019930735788090112,0.00011484092803273312,0.0002111724322022274,3.7620914081555553e-05,0.00031894172182055075,0.0006855943925986409,0.0008793473403122941
2024-05-28,5.6868051911532356e-05,9.881897143888901e-05,0.00011848383738956696,4.624740030026609e-05,1.756601448837911e-05,0.0001300101197262493,0.0006142228880410002,0.00015574304551223132,0.0003529465459225929,0.0001871404579862949,0.0011433047421370813,0.002018679572032959,0.00047282757245100423,0.0035136152917443187,0.0001287177097364194,0.00029914048889404356,3.320406382914596e-05,5.547843189851822e-05,0.00021908569463894664,0.00011307562419113903,0.0002223792549807329,3.7666990366330626e-05,0.0003209524607954946,0.0006864257282695707,0.000941915516427303
2024-05-29,5.2025687158322394e-05,8.6755233114359e-05,0.00011361959935415856,5.6169237253556066e-05,1.8742087021616534e-05,0.00013542606050442104,0.0007635573120796587,0.00020565523306299036,0.00035228391976273017,0.00016924866808339594,0.0011959919916579031,0.0020225665272762925,0.00047023144239973164,0.0033970552528669526,0.00012976578311446518,0.0002881590147561155,5.020027257776814e-05,6.212752373765804e-05,0.00022106691724576555,0.00011546078287545101,0.00023851047506192807,4.435859673125932e-05,0.0003224033222152582,0.0006888480609818083,0.000964802083347589
2024-05-30,5.404555777943025e-05,8.85957876529363e-05,0.00012220864558292862,6.046823671331858e-05,1.9368660552434197e-05,0.0001399843839451112,0.0007635529248060808,0.00020980949470665168,0.00031953582592510714,0.00016409078552551154,0.001199563367267612,0.0009122444684075415,0.00044794839839645806,0.0031127931446442046,0.00014463970422514804,0.0003020383349065482,4.900356666762927e-05,6.555930326323081e-05,0.00022367945703130913,0.00011500737300387498,0.00023733969741892463,4.849835761066461e-05,0.00032249333920694327,0.0006999126310796011,0.001028655499841945
2024-05-31,4.2508547618034774e-05,7.510496718792237e-05,0.00010406009287311033,6.150562278701373e-05,1.9762082750492217e-05,0.00011797182533918966,0.000744919937150046,0.00020902699077762882,0.0003024199782357256,0.00017041667757815315,0.001267026655536413,0.0007454443495433901,0.00038410299271860696,0.002867160018586801,9.50539254693623e-05,0.0001941420115571763,6.500534694237814e-05,6.181523880655196e-05,0.00022223916304518157,0.00011065267144581956,0.0002263530212744874,4.537828633918716e-05,0.00031037273960114324,0.0006992780242889064,0.001026661190878023
2024-06-03,4.6431126421594964e-05,7.241102162844083e-05,0.00010767918517875603,6.105969353843247e-05,1.9881725004812565e-05,0.00011540933848029767,0.0007706135415533827,0.00015868448264046576,0.00030177781170576855,0.00015927556301082504,0.0011842166917051013,0.0007283436322884025,0.00038386142046845643,0.002899339393112638,0.00011392715602100803,0.0001883399620970882,8.471165559196e-05,7.335119233778697e-05,0.00023698235279048403,0.00012949163385141086,0.0001225393838075465,5.315975746714388e-05,0.0003161665020499277,0.0007228716781574274,0.0005499001052028215
2024-06-04,4.1720908253062285e-05,6.517323776766834e-05,9.124569647922344e-05,7.415408002224707e-05,2.0387760864115625e-05,0.00011920235306762058,0.0007710586101911255,0.0002497673151358687,0.0002804214155842159,0.00015717136186927706,0.0012500932171238019,0.0007339320616870298,0.0003580240335879449,0.0025300701831214465,0.00015066256039895923,0.0002039506229706843,8.420050939634507e-05,7.51640835703571e-05,0.0002378013166869081,0.00011909733460451235,0.00012159694287502534,5.278824057289169e-05,0.0003046863274252852,0.0007093806146468102,0.0005631370081180056
2024-06-05,3.3478577617332166e-05,4.389782256811165e-05,9.516257214686407e-05,7.59885258684465e-05,1.855730674685828e-05,0.00012362056156499108,0.000824237228699035,0.0002494961978012521,9.574396548074378e-05,0.00013291052380981827,0.001195063474405126,0.0007357006238147349,0.0003520498060292921,0.002655452663960869,0.00015574234771153505,0.0002103653832708627,8.419023319516486e-05,7.605367720628176e-05,0.00024545788403343064,0.00011989223955841003,0.00012057200444050262,6.309836849394126e-05,0.00031210105471244303,0.0007063706740217731,0.0005406186975520745
2024-06-06,3.534272423685343e-05,5.921463352299154e-05,9.875247992010961e-05,7.808789361466432e-05,1.8733715971462315e-05,0.00012521909947030388,0.0007697633281919576,0.0002536477308344878,9.448419640173381e-05,0.00013706596680364503,0.0012582988802372112,0.000714947688018918,0.0003488578704688347,0.0026870530251181515,0.00015236413206814374,0.00019855324912888546,8.735915240267921e-05,6.76259402631343e-05,0.00024716615629935177,0.00011992996567951541,0.0001278968417922086,6.49174198951651e-05,0.000315005488484369,0.0006911939536693282,0.0005566526641140238
2024-06-07,3.527615546368177e-05,5.921977627842896e-05,0.00010131042902364326,7.61871414656929e-05,1.874473709737607e-05,0.00012702461547483494,0.000857229670808858,0.00027291750734894407,9.647512834965932e-05,0.00013143858891765303,0.0012494763024642791,0.000649641582478723,0.00033583604250530814,0.0025359792520545012,0.0001538027845812575,0.00019533266856846051,8.638917397048736e-05,6.700460535568031e-05,0.00024724586699220627,0.00011527236659581335,0.00012836707739444963,7.288102219040272e-05,0.0003065620383245193,0.00014439623152044063,0.0005532393034144748
2024-06-10,3.535668584737639e-05,5.9243590450985165e-05,0.00010709024103221138,9.29378585732567e-05,2.2856713886348473e-05,0.00019885000885445207,0.0011060449764706277,0.0002699611048803267,0.00010459156922284142,0.0001311059352034832,0.0012493867636854004,0.0006331784959233092,0.0003276366912284957,0.0026696528945669576,0.00015459934455563785,0.00019543179871339236,8.688791698706892e-05,6.743599247237988e-05,0.0002378985898029689,0.00011629423859662223,0.00012934409101486948,7.579638830083169e-05,0.0003249931515952136,0.0001449641919649488,0.0005540486767984275
2024-06-11,3.40703262019831e-05,5.987346102593616e-05,0.00010208437781878367,9.40910644046316e-05,2.2949504528611374e-05,0.0001899894867037298,0.001051098996460344,0.00032754503390763554,0.0001196232074223649,0.00013496063530380235,0.0012334930005520781,0.0006435692513539049,0.0003290710602391404,0.0026976195279670772,0.0001479618848503511,0.00017171069622212305,8.74171493870629e-05,6.520026433417334e-05,0.00023320670114490807,9.43578822415971e-05,0.00012736296023736532,7.408124612931644e-05,0.000337646419550215,0.00015188694919601966,0.0006658489545421977
2024-06-12,3.429639959397678e-05,6.21311512177381e-05,9.959789861398698e-05,9.814480702818203e-05,2.3403781503099714e-05,0.0001868600665464914,0.0010631414071105225,0.0003134236921523428,0.00038634670056144705,0.00013992896741790915,0.00122752582109797,0.0006385035779866873,0.0002846511655917434,0.0026082683697429996,0.00014650557701837054,0.00017042070951828843,9.285413566456178e-05,7.156286624986163e-05,0.0002698596873344316,9.46512321627149e-05,0.0001277013667484446,7.281727518337895e-05,0.00033827068004767496,0.0001703641906750272,0.0006694180754007117
2024-06-13,3.7959145554466876e-05,7.1113143589985e-05,0.00011206517645839117,0.00010085749215445788,2.54588944876695e-05,0.00018029731817464212,0.0010708343645314208,0.00030895145971358617,0.0004130715417807096,0.00015974731507180606,0.0012922667617550378,0.0006959349275712608,0.00026280186545205454,0.0027073690381467165,0.0001524763272384245,0.00016990134664282845,9.566284510373408e-05,7.070731753303144e-05,0.00028163907518726026,9.839287736953678e-05,0.00012823275392108804,8.138845927654017e-05,0.00034038058301749105,0.00017038276013117505,0.0006685122368938272
2024-06-14,3.703319676733377e-05,7.046206675726828e-05,0.0001104716711220921,0.00011078420999313218,2.6213795486792707e-05,0.0001800763779506654,0.0010895828275329271,0.0003014046263771068,0.0004126394334907948,0.00015726036401990926,0.0013518185748187352,0.0006838753831709728,0.0002514160993500168,0.0027368998078056888,0.00015702341298045572,0.00017180407705498716,9.289568825603918e-05,6.935258044158047e-05,0.0002777691051468729,9.607441500010851e-05,0.00012817563612502864,8.437843883542499e-05,0.0003376829095210613,0.00017198718336201843,0.0006527061186839117
2024-06-17,2.875926034018674e-05,5.8752133982695885e-05,0.0001161184343536996,0.00010456779161415155,2.1945465261638272e-05,0.00018024378263414075,0.0010396567602754079,0.00029819580468941223,0.00040824719616950955,0.0001410833300386893,0.0013004342829452769,0.0006949442561692095,0.00024752851386534855,0.0023973871370593556,0.00015980361847569733,0.00018281563660063662,9.048098099845733e-05,6.693087934682474e-05,0.0002773060584629036,8.5727741904843e-05,0.00012425375587547783,8.35472360170526e-05,0.00033892357711046595,0.00013839956245674,0.0005579751418106026
2024-06-18,3.196859227789404e-05,6.66436268244163e-05,0.00011708603972091549,0.0001099684754906378,2.3025204364451445e-05,0.0001808941626414751,0.001039998161867731,0.0003239557168620824,0.0004290068000695806,0.00014902400554376942,0.001302551789497747,0.0008395585377757593,0.00023198121722377076,0.0018603475400326773,0.00015975542540086525,0.00014560414661676612,9.045504639228808e-05,7.11879925300812e-05,0.0002792197509214387,8.654892298421493e-05,0.00011866060528433817,8.096484302173168e-05,9.11151631495092e-05,0.00014950694372334439,0.0005428985305751541
2024-06-20,3.220822571367132e-05,6.663588268559386e-05,0.00011722430227248429,0.00011203314853066513,2.3897522796796385e-05,0.0001671073611143231,0.0008298073780019663,0.0003260481964760179,0.0004356861607270701,0.00014996333115881782,0.0013456174529263127,0.0008379629804394087,0.0002312996711730585,0.001845510196252611,0.00015014624822526446,0.00013602684583974075,9.023489321688334e-05,7.043889949588174e-05,0.0002779285644978106,8.739668598635007e-05,0.00011859484702994016,8.30498969425283e-05,8.608431319679234e-05,0.00014943518220879136,0.0005676663232117744
2024-06-21,3.254083644517582e-05,6.727064940117583e-05,0.00011794326752539252,0.00011399918079682053,2.4491100755013148e-05,0.00017465398990032651,0.0009058921877262675,0.0003303143339469892,0.00045951988399729017,0.00014201294934898404,0.0013836903108122361,0.0008445097391592737,0.00023348317332783878,0.0014841078540430077,0.00016597982425545286,0.00012638113898008502,0.00010030122885140252,6.164190108392075e-05,0.0001658761233423173,8.593389409921394e-05,0.00011942998563272683,8.437200678329792e-05,8.51711615439556e-05,0.0001494162199082598,0.0006726325192408859
2024-06-24,3.231086656979074e-05,6.745565102007967e-05,0.0001181697790878602,0.00011254964807661625,2.4340968241051352e-05,0.00018788721798829565,0.0009758728707176965,0.00033233414387257005,0.00046299933153365206,0.00014245177852465987,0.001440097975628366,0.0006203359743655256,0.00022930507523851205,0.0015704684732554513,0.00016649907229189038,0.00012153207977405824,0.00010032115490819047,6.020109501771988e-05,0.00015197852692685018,8.627038566474855e-05,0.00012177188092783976,8.29449442119732e-05,7.296732964149693e-05,0.00015032590230158358,0.0006676912869528811
2024-06-25,3.243617614566112e-05,7.463293521869235e-05,0.00011525659598716741,0.00011336281688024952,2.4275639188099626e-05,0.00016990825259599273,0.0009028176373252303,0.00032598421476661256,0.00046039940340261964,0.0001430131768142891,0.0017010251689737774,0.0005520153408272231,0.00022830460349144383,0.0017456809454447105,0.00017993343680468212,0.00011969601916345191,0.00010363042151328788,6.414084612511952e-05,0.00015928889138827957,8.504156280048272e-05,0.00011006187399812632,8.244948580191247e-05,8.430909393055635e-05,0.0001507669367087067,0.0006682407760906969
2024-06-26,3.0302106510566682e-05,8.060007112792874e-05,0.00010085491723568215,0.00011123845882338905,2.322510243867701e-05,0.0001490373554196125,0.0008988564465135301,0.0003298244747424177,0.000436683074596273,0.00014224060114306934,0.0015003015581015358,0.0005174368689809036,0.00017539173383217962,0.0016755561282011842,0.0001756234264343238,0.00011107698853693367,0.00010484014881740516,5.658628911675591e-05,0.000157491473525105,6.747195344570156e-05,8.494410046104697e-05,7.682392322104117e-05,0.0001079546352708946,0.0001216109243375425,0.0006148157516789708
2024-06-27,2.800578734376921e-05,7.59819380539587e-05,9.459699589997413e-05,0.00012209686094025285,2.4459329200880776e-05,0.000153697205232027,0.0008969082889116744,0.00032211578107771465,0.0004433209297816514,0.00013965674331518563,0.0014653084437163233,0.000585328968734321,0.0001604287267209606,0.0013625482402825498,0.0001808643542054743,0.00010985673706155721,0.00010511409076088702,5.678356148486824e-05,0.0001381633899405918,6.797404973210186e-05,6.674140417371586e-05,7.747824714190444e-05,0.0001131905887684329,0.000115144290753268,0.000558600786174631
2024-06-28,2.811493386129817e-05,7.556738130019522e-05,0.00010007861016767843,0.00011153966110918151,2.2695713049911758e-05,0.00015466692204239377,0.0007465789736734145,0.00028409305738653917,0.0004441873582480009,0.00013977650452614998,0.0012362728543162127,0.0005761692304049406,0.00016227483914456233,0.0014128246011006576,0.00017542121659480504,0.00010745441778980921,8.501184082856899e-05,5.0097787473477585e-05,0.00014037738291661437,7.070084007525328e-05,5.209154000131374e-05,6.882265502654536e-05,0.0001136877839732027,0.00011271559489632826,0.0005138548405741361
2024-07-01,2.6262092200925694e-05,7.431092815178697e-05,8.887525644201792e-05,0.00012273709716031713,2.337128248081854e-05,0.00014988267294097963,0.0007473864330888103,0.00027408924938954226,0.00045875759702626297,0.00014880244594533872,0.0012334219333235835,0.0005759144048223437,0.00015372391104284252,0.0013504240627074077,0.00015885064820828773,9.075425937422611e-05,7.625887532635848e-05,4.718472697207042e-05,0.00015067953944973277,6.894017277921262e-05,5.24151383631346e-05,7.015484465238229e-05,0.00011384539966219237,0.00014459155958989687,0.0004488685561505496
2024-07-02,2.4067561333038525e-05,6.983021648295138e-05,8.785771583397469e-05,0.00013426830324633974,2.325923229189753e-05,0.00015005656245567115,0.0007162496058712842,0.00029593261285208353,0.0005023260409134972,0.00010976940194814316,0.0011547583942099983,0.0007533691463551446,0.00014671864630555833,0.0014779161024757392,0.00015841820582880144,9.82069774265166e-05,5.86373340743502e-05,4.586451726242078e-05,0.0001620259561758309,6.226972873970775e-05,5.0774294001686784e-05,7.822901545476198e-05,0.00011446771218100442,0.00014979243889162705,0.0004874504398754334
2024-07-03,2.202910978676223e-05,7.561479507705695e-05,8.464116450791967e-05,0.00013505458003244082,2.443044632280513e-05,0.00014816239557669452,0.0006871040611246415,0.00029257871643469357,0.0005151650241937323,0.00011139963495423841,0.0011609025622008442,0.0012688405646223346,0.000146996545246268,0.0014326553818359055,0.0001254514342966085,9.88375971347734e-05,3.645694093571723e-05,4.1675971683961974e-05,0.00016184262249409635,4.462721427567503e-05,4.6239348733392196e-05,7.322440225684649e-05,0.00010890421880242433,0.00012449807115911624,0.0005800175877289743
2024-07-05,2.3078404724074087e-05,7.781923429212244e-05,8.289437408511307e-05,0.00013027924630084516,2.4814200269928042e-05,0.0001507274023911006,0.0007411077265363573,0.00020170854706190987,0.0005123522850651616,0.00011114719973350037,0.0011453185508889185,0.0014831831189324757,0.0001552838025017518,0.0014083804698541288,8.796068507345529e-05,7.791522101759705e-05,3.644228906437813e-05,4.006208755245204e-05,0.00016098870968819445,4.439178075633952e-05,4.3643501812144066e-05,7.32099081697983e-05,0.00010919938577555052,0.0001200120037494805,0.0005578458657525899
2024-07-08,2.4820557915123686e-05,8.330243628762268e-05,7.490353302278724e-05,0.00012661576159703365,2.5453370169884574e-05,0.00015610247356874843,0.0007143983573624554,0.00019584921030751928,0.0005372587073433466,0.00012079633007981775,0.0011572368910675174,0.0015023310024740487,0.00015646230615088766,0.0012511142044010436,9.645904174113863e-05,7.324504661515529e-05,3.983459977433969e-05,3.89052991523784e-05,0.00016109253992925844,4.15813151263246e-05,4.523584323877234e-05,6.597136011216467e-05,0.00013871961740997472,0.00012057319056348722,0.0006556948976621997
2024-07-09,1.7248841939652922e-05,6.179571308791649e-05,6.495858238529446e-05,0.00012394362292888185,2.4843305032533018e-05,0.00015703709232164534,0.000712091000726318,0.00019562502450866373,0.000536261262091596,0.00010166523429173938,0.0010379118276805882,0.0015039719417701022,0.0001322715880094995,0.0012156809360333776,9.851134725652449e-05,7.170705051962772e-05,3.6512809205404065e-05,3.882685465166591e-05,0.00015624868253123346,4.207361096605892e-05,3.9305256321482354e-05,6.756755475247502e-05,0.00013723113561996142,0.00010325437136130215,0.0006592186219778149
2024-07-10,1.730056171109017e-05,6.18300849350577e-05,6.316511668760665e-05,0.00012489487286239495,2.500797544878221e-05,0.00015422450040424927,0.0006226593595678879,0.00017971644696874412,0.0005342611319118816,0.00011305940557629332,0.001063103549307337,0.0015615319791526952,0.00012262385394107118,0.001188738624877046,0.00010132168045657444,7.56191164552553e-05,3.417548115418227e-05,4.205605321688493e-05,0.00016385530358792555,4.1876484588521406e-05,4.5096093782134805e-05,5.757157883003839e-05,0.00013773155306336313,0.00010339944124561585,0.0006628580681665312
2024-07-11,2.252906123643894e-05,6.767896662969747e-05,6.071754359103021e-05,0.00010665841978854543,2.0861903607409626e-05,8.265505483800053e-05,0.00037387542572939414,0.00018342681877458515,0.0005449592506666626,0.00012443030240480711,0.0011015555666295078,0.0015618509046052618,9.71408397977612e-05,0.0010433285489718325,0.00010293433835988289,7.839914133771927e-05,3.3738797906025405e-05,4.170296916078111e-05,0.00015103831536512907,3.993603277618967e-05,5.810457749572124e-05,5.6278826569164336e-05,0.0001206603629721219,0.00010285640582281993,0.0007396262138775919
2024-07-12,2.611466778843319e-05,9.371540846895838e-05,0.00012836528867333575,0.00010932686569084604,2.219523510147269e-05,9.50145315992878e-05,0.0003768782171142391,0.00012604114961272607,0.0005547185655494665,0.00015400753318626806,0.0012781798985732557,0.0019638839660323093,9.517355931708449e-05,0.0010429117430743183,0.00010570119555571485,8.170796705330135e-05,3.2064743200452e-05,4.4253907380011336e-05,0.00015103533306280053,8.309935886831237e-05,5.82767381514185e-05,5.926278672233279e-05,0.00011032729918955113,9.609777847951705e-05,0.000630963112788293
2024-07-15,2.7962698838868106e-05,9.303293171016907e-05,0.00013510374972639818,0.00010452653334135698,2.1920358863055998e-05,9.459048404025228e-05,0.00038546360377705267,0.00013003104147874266,0.0002945839690674749,0.0001475150572815193,0.001286625483089217,0.0019932403080884296,0.0001250344454527117,0.0010281097335227763,0.00010583933491677041,8.882513695834365e-05,2.9446574270653745e-05,3.76865834177714e-05,0.00012024738344089808,8.552742919143747e-05,5.8008653238195264e-05,6.150304614069159e-05,0.00011323229743748565,7.92594908403392e-05,0.0006270519555701702
2024-07-16,2.4712038042089732e-05,8.415463937369394e-05,0.0001417974721861475,0.0001087802547727937,2.1520779976382713e-05,9.477200928617759e-05,0.00037825928749871384,0.00012806648565338977,0.00026620285164687953,0.00012740937281605113,0.0012221665476980987,0.0019306731305749002,0.00012206983102825104,0.0015633475978372503,0.0001118352088617017,0.00013670300337825154,2.5943068394606268e-05,4.9185274544374076e-05,0.00014168202959276163,8.368208206406514e-05,5.433464778572457e-05,5.926102015131344e-05,0.00011260434794828789,7.962650884382554e-05,0.0006288422394140367
2024-07-17,2.6404853624295114e-05,8.256253847324719e-05,0.00019921458132740217,0.00010786484711723925,2.213519733133043e-05,0.00011242164537435334,0.0003736358527523763,0.00013723216682828325,0.00026473619585407233,0.00013262371713912373,0.001171139645634399,0.0018982368071722812,0.00017581411584108555,0.0015838042627741961,0.00010828361152743418,0.00023016005005066205,3.1429468349440305e-05,5.61865488178414e-05,0.0001505373908733055,9.092052197061777e-05,6.194285061362421e-05,6.744134616986066e-05,0.00011234413155683596,9.15868809619029e-05,0.0006375109283416018
2024-07-18,3.730317579261507e-05,0.00012971255846856716,0.00019121300261001876,0.00010402199372712847,2.210895367839595e-05,0.00010452832280866114,0.00040894908899119433,0.00015704176760524,0.000297000966643669,0.00014223693787917792,0.0014118511388327478,0.0019204974418393086,0.00019003441882736258,0.001579880158611604,0.00011061577501106988,0.00022095971104254655,4.518852385788722e-05,5.8757608358253185e-05,0.00016300188626884924,9.346505450977015e-05,0.0001337681648724717,7.915861774003978e-05,0.00012300359884336457,9.919819836314166e-05,0.0012719330739238476
2024-07-19,3.712081613869073e-05,0.00012282700430851857,0.000208280804859753,0.00010179330761477417,2.1910171765144583e-05,0.00010528880428098267,0.0004244115714210927,0.00013439320369356572,0.00029979486970946074,0.0001357353874220559,0.0014461150694947411,0.0017750537539653049,0.00027211241408175134,0.0018165529226568478,0.00011042480972327567,0.00022184949222879688,4.507286140953352e-05,6.260946916505041e-05,0.00021799735539879275,9.68979680865131e-05,0.00013636302389411422,8.008913469209836e-05,0.00012154451704591281,8.780711777576694e-05,0.0012981933423001847
2024-07-22,3.9199104375080324e-05,0.00012716247242065086,0.00020954166857401198,9.913262467126255e-05,2.1483839532402013e-05,0.00012235479660412945,0.00044391039074874656,0.00015918301158033993,0.00029313254768676306,0.0001376311612778905,0.00141916039131859,0.00185693095765057,0.0002664503307441094,0.0022857499271781915,0.00011607122213276835,0.00024914621141733324,4.510121381692355e-05,6.613749178110257e-05,0.00021222977251401763,9.622693383189163e-05,0.00013734495240089268,7.845073953704381e-05,0.00012120877408147598,9.432023518523146e-05,0.001307133107315477
2024-07-23,4.455529255505811e-05,0.0001358590038280026,0.00022220041421570637,9.71508341305351e-05,2.089514276621587e-05,0.00011393047128669468,0.00036573356768054773,0.00015568887589902222,0.0002673656776601193,0.00014713184808139732,0.0014662856137200198,0.0019771790003236755,0.0002898129134300632,0.0023283097517200362,0.00010006058631675909,0.00024223715570359942,3.486659122564788e-05,6.629788767811207e-05,0.00020863791837939417,0.00010159750060318743,0.0001262676687037188,7.70789977372872e-05,0.00012071197255775287,0.00010945862376105497,0.0012378954831238128
2024-07-24,4.459170256233891e-05,0.0001361475808675254,0.00022803766534585323,9.725882598934541e-05,2.092079962265844e-05,0.00010125367393486083,0.0002905161750990783,0.00015983225863186245,0.000262526932286611,0.00014359863635734772,0.0014109170241230257,0.0019970177897751106,0.00028998061996605577,0.0022869051713499946,0.00011231117048054048,0.000247654123690267,0.0001985218217447397,6.566876242815484e-05,0.0002007540086421306,0.00010128746354945912,0.00013224801830533062,8.159338182356169e-05,0.00012139621663131056,0.00017357941992253792,0.0012452379661130628
2024-07-25,7.278733975841211e-05,0.00020204219562866413,0.0002528071196373783,0.00010283368544838259,2.2912757770040828e-05,0.0001010742240485967,0.00029533979736290166,0.00015053674056580892,0.0003086060620238563,0.00021539833355165553,0.001420683682335778,0.0029457311637637053,0.0005282732385007786,0.0022143185630557082,7.835321845962698e-05,0.00027658773482803676,0.0002357488246839036,7.031572327456961e-05,0.00019519631704397285,0.00011008324437862707,0.00016743135353263378,8.524923573734873e-05,0.00010995306614859738,0.0001818524621750599,0.001458994518035473
2024-07-26,7.347274517682402e-05,0.0002016956381964211,0.00026064784639941624,0.00010632395722370447,2.3776661561192527e-05,0.00011333519044689621,0.00035250791404726437,0.00014885215845521278,0.00030878777539147063,0.00024612224844142725,0.0012031723735706267,0.0029301971274408372,0.0005342811522401958,0.002288441868936987,9.41158164945347e-05,0.0003054527395175703,0.00024064889178321584,6.802063081255425e-05,0.0001942923177781675,0.00010230090075223785,0.00018291835641224806,8.262454241746197e-05,8.785826504532798e-05,0.00018397771337831957,0.0015679681702282368
2024-07-29,8.018023037100359e-05,0.00020716410410391174,0.0002750155014176534,9.829459552632478e-05,2.3819408951606903e-05,0.00011464217544094509,0.0003522837425603284,0.00016558220231378386,0.0002875828222486342,0.0002602542339899111,0.0012054666583899442,0.002809343599949646,0.0005416828585204646,0.0023566645614230106,8.930746397841026e-05,0.000322555156377726,0.00024267009880488778,7.908386645485706e-05,0.0002094775505548997,0.00011824022477014093,0.000184706870208517,9.139500267144857e-05,7.950092461444512e-05,0.00018751408588640954,0.0015599252272108892
2024-07-30,8.006326594620231e-05,0.000207020671630414,0.0002762613413498725,9.900896953650118e-05,2.3856291699156295e-05,0.00010779108762922926,0.00035087651310191503,0.00016177082385842516,0.0002868064967871575,0.0002607701510921272,0.001194552018841251,0.0029701461520885496,0.0005369896803560005,0.0023289303382996113,9.306997773809134e-05,0.0003383376646277485,0.0002442603427736257,7.910716473549854e-05,0.00020762559213154108,0.00011455150233981447,0.00019134687028450061,9.132436858139596e-05,7.780365408986667e-05,0.0002197903033515056,0.001551967111562974
2024-07-31,8.062465418058433e-05,0.0002160062207602409,0.0002761242237403656,8.050202821017345e-05,2.1636302406406588e-05,0.00011319686437326663,0.0003624297041341861,0.0001660457164814119,0.0002724595661614925,0.00025575663243314497,0.0014859745468884323,0.0030650839490038518,0.0005618385315636912,0.0024242946741016708,0.00010527487669052905,0.0003260408653561158,0.00026364006288956274,8.567188009333e-05,0.00021737876796012608,0.00011437834620010387,0.0002074398119058908,0.00022052670377526156,7.956131943028899e-05,0.00019227022207276068,0.0015409311937731067
2024-08-01,9.463011394542701e-05,0.0002607110880457965,0.00027407624028323206,6.957600614351672e-05,2.1514089844940282e-05,0.00013046815907195096,0.0003816042586191928,0.00023572419359426153,0.0002395113017056883,0.0002365631721637837,0.0022797753578930415,0.0029705227712796844,0.0005635222739814702,0.002293292486000965,0.00010622122174200368,0.00032725824264837576,0.00026694124633256375,8.57554853039808e-05,0.0002107990960533589,0.00011014435530622591,0.00023328086193374835,0.00021251161671127328,8.241531682637776e-05,0.0001835426596421708,0.0015970601940432654
2024-08-02,0.00010330569198656081,0.0002876601190805113,0.0003332903293520243,7.032106160181662e-05,1.9879594491540513e-05,0.00013111942283518848,0.00039084673039519466,0.0002536059927657019,0.00024092683217012177,0.00023534814865022166,0.002531499827746342,0.00270582023405526,0.0007095460720800159,0.0024155061922178193,0.00014568827943481333,0.00042918163090572745,0.00027567059174688646,8.956915796925987e-05,0.00022520456116844118,0.00011443261739050216,0.0002511241839930682,0.0002596169755895918,9.338316443166095e-05,0.00018610130150469267,0.0019118885853650761
2024-08-05,0.00012156247701605393,0.0003154835429319552,0.0004042921399484605,0.00011256367581810436,2.2080313559421065e-05,0.00012443693263383007,0.00033565580602886857,0.0003356395861328321,0.00024165478962747422,0.0002586542385424872,0.0024395872513055107,0.002588569252758346,0.0008158179921550709,0.0024931299817962504,0.00018201737208838701,0.0004834614032374758,0.0002756445842883044,0.00012295904078290398,0.00032803139537336816,0.00011439855036867816,0.00027453509653743415,0.0002970560250802198,0.00011331648076795115,0.00026348553425971187,0.0019115517424024935
2024-08-06,0.0001675908984358211,0.0003597678448471807,0.00046158228649094695,0.00011036614599583221,2.095606594390095e-05,0.00012354339603729806,0.0004251341034029309,0.0003359208362316568,0.00035005216572676147,0.00030730325000956766,0.0026555238377382376,0.0026677439902272745,0.000900874252444287,0.002808071803519828,0.00019568488750216283,0.0004898088232483062,0.00027393922894373713,0.00017040333679771956,0.0003436521156205934,0.00016007855689952006,0.0002902138050547738,0.0003010206349354039,8.515357473461479e-05,0.0002836227217258641,0.0018036797578486682
2024-08-07,0.00017213041768420246,0.00036441134832689015,0.0004653155578438044,0.00013813615027790464,2.330347524298653e-05,0.00011854836419127216,0.0004210877036411041,0.00033540787411502745,0.0003529812510673096,0.00031376375525922094,0.0027119612512968025,0.0026702593236261184,0.0009135839711187163,0.0028301466056124274,0.0001956775976782534,0.000538759023599898,0.00027660384587106633,0.00018409256624227555,0.0003849657802661262,0.00018042960380743143,0.0002987491208191522,0.00029760632368317034,8.396851548143918e-05,0.00031671079108621134,0.0017886653103158002
2024-08-08,0.00017454170843538531,0.00037086332575378324,0.0004720425618750073,0.00013979485427014204,2.426070843874002e-05,0.00011841647112508535,0.00042985911160594534,0.0003825753557632053,0.00036065233165029353,0.0003027693251097288,0.002830490429604468,0.002709715108423563,0.0009313121315418547,0.003196637129674477,0.00019226075354507284,0.0005343765564559774,0.0002849590778985219,0.00018092990573885206,0.00037719139632922614,0.00018301952020212034,0.00029245009641663567,0.00030327569104460927,9.174761290714587e-05,0.0004299585224526349,0.0017917448327785584
2024-08-09,0.00019783514451193377,0.0004146924275265672,0.000498445244407123,0.0001413416842615181,2.3955146035489077e-05,0.00013095466353496378,0.00047135997557331215,0.00038264267557088183,0.0003565503940824973,0.00029745576493450193,0.0029856307725603564,0.0027810132496797913,0.0010423380757606329,0.0034825269795497812,0.00021461785790941564,0.0005850449157805699,0.00028657947843630714,0.00019414227895315605,0.0003950926648897381,0.00018524980298775546,0.00028208185714886783,0.00030206202233922007,9.565790820047741e-05,0.00042992127613630967,0.0018953134123712155
2024-08-12,0.00019478856544939948,0.0003892519115233723,0.00043039271231366024,0.000141496564401504,2.3823854140294384e-05,0.00011436330769108193,0.00045303452945794954,0.0003879149984656501,0.00033651391704679113,0.00026671278383054415,0.0028062213231793676,0.0023566595117280654,0.0010417607539444935,0.003477146351401659,0.00020902213096335865,0.0005836331479688368,0.0002864773520816339,0.00019176454221862384,0.0003988851494908463,0.00014263432052846376,0.0002822438469362449,0.00029911798673535657,9.251342328230663e-05,0.00042958280062798727,0.0019012102969891821
2024-08-13,0.00019263877943807799,0.00038762632053293875,0.0004274976597163034,0.00014122071822020762,2.3326219250524447e-05,0.0001301667476906688,0.0004523733804408322,0.00043696739033181816,0.0003300712336163546,0.00026656850866660044,0.0028823823364317225,0.0023179495516098725,0.0010213093743255295,0.0034938185134758518,0.0002099874177443857,0.00057622652169612,0.00028866321654253134,0.00019264712170037975,0.0003909665310463531,0.00014247701780871697,0.0002833324449945618,0.0003236259648712961,9.555875182057904e-05,0.0004284429787677228,0.001919666827342224
2024-08-14,0.00020679622672035837,0.0004201293391514758,0.0004227102605853604,0.00013651404720496106,2.4330541869046902e-05,0.0001297270630715687,0.0004522247355730785,0.0004456150480032903,0.00033088623216106974,0.0002833791043014659,0.0030994523822562687,0.002443584683809615,0.0010886132289166686,0.0029122238135150594,0.0002028153429968352,0.0005310129078126993,0.00028976492708426583,0.00018483536403080715,0.00036166185244116675,0.0001441456957842692,0.0002871305816141517,0.00031584867115450646,9.780459250738739e-05,0.0004289613444401009,0.0019682811025642575
2024-08-15,0.0002054252054139327,0.00042012706904993153,0.0003631955978861787,0.00012790764712420656,2.3565267645123016e-05,0.00011208249127576044,0.00043646331153622217,0.00044605424458565293,0.00033093673853484866,0.00028066603612358497,0.0030998832458646645,0.0024850322470019066,0.0010356429540349322,0.002850831383201489,0.00020358924342003256,0.00043538954354169397,0.0002867095160247444,0.00018589205908159975,0.000352734724027448,0.00013638507823466727,0.00027953589511202907,0.0003090758843771995,9.946996966099613e-05,0.0004178972183781035,0.0019597634255754007
2024-08-16,0.00021032353665171013,0.00040560179385548505,0.0003930349510313877,0.0001315008877489337,2.406725267954059e-05,0.00011143419865830118,0.00042024856089354365,0.00043135672060543864,0.0003048796780553281,0.0002783443996089527,0.002928899276848548,0.0026359315676665407,0.0011342808423607804,0.0028477458093729294,0.00020593706443184327,0.00046252019216643566,0.00027442760187292595,0.00018744702127325145,0.00034236210215966487,0.00013386955581181666,0.00020849786470645616,0.000298569960632606,0.00031014939077124,0.00045451407049805324,0.0014405241880433295
2024-08-19,0.00020733894991024093,0.00040445987740537467,0.0003725132475450597,0.0001289457074915106,2.3533232881689288e-05,0.00013603514307924854,0.00043020667171378836,0.00043796227824309747,0.0002832112574848388,0.00027759923215282746,0.0029026518149510173,0.0026400992416192866,0.0010511079675641379,0.002701493904412702,0.00020582211190897022,0.00046332547756345173,0.000274430879503068,0.00018228648450741003,0.00029236459951360356,0.000129604521636231,0.00020566405099782005,0.00029665298639349136,0.0003120036866185165,0.0004547383880563637,0.001414589403496976
2024-08-20,0.0002098667824954156,0.0004094458987680184,0.00037917692466475715,0.00012820085299120515,2.3088751925960945e-05,0.00011824045634656987,0.0004229429550841676,0.0004425477869461211,0.0002832203030749738,0.0002774827047502754,0.002963676774121988,0.0025972564452397258,0.0010785620035917182,0.0021539699509444147,0.00020169044050323074,0.0004327401162531926,0.00027467843235121645,0.00017820868990303413,0.0002949167444298779,0.0001331877710434233,0.00020457433111666936,0.0002966561603582377,0.0003126874416932761,0.0004638229210262642,0.0014810581684292004
2024-08-21,0.00020425036200479244,0.00039771219661333996,0.00037306979151696055,0.00013118654251725767,2.3441748312879762e-05,0.00011896987930735716,0.0004227871143457298,0.00044425822147386545,0.0002834981837766062,0.0002711393877079157,0.0028704347520374903,0.002462267726382413,0.0010606697679397244,0.0021811536972556928,0.0002385684114370848,0.0004323458211706587,0.00027498730231058805,0.0001770563044963908,0.00029563114212532407,0.00012744705808271817,0.00020471122406655516,0.0003040491546053645,0.00031788262061916545,0.0004559089804678391,0.0014412327318806635
2024-08-22,0.00020475991927817991,0.00039821518336181737,0.0003761247257386791,0.00013109878157299134,2.3685342388094233e-05,0.00011839253830829418,0.0004230783984131391,0.0004505069150297966,0.0002823130577496682,0.0002702579171620724,0.002872404072420466,0.002444235361189582,0.0010912905619017467,0.0022443628383154368,0.0002246465455676403,0.00042613493064799746,0.00011280859242108636,0.00017700757978837556,0.00029563565905211506,0.00012895960759079725,0.00019980288680983475,0.00029897713300176994,0.00032186440908196757,0.00039727605276369186,0.0014376662347258904
2024-08-23,0.00017938367798916115,0.0003391285747535927,0.00035462365167765204,0.00013008126969629808,2.2564403345048922e-05,0.0001256656595515412,0.0004423705610309404,0.00046001636223448535,0.00023946518193900494,0.0002201731259983001,0.002678584804949263,0.0016803051394834343,0.0009029931102769806,0.0021887466361172254,0.00022501202050270887,0.0003950132424545772,7.368265041333828e-05,0.00016841171141291142,0.00029671083207819454,0.00011737311691869868,0.0001660503246921907,0.00029525171698998286,0.000322950233806925,0.0003928578513681874,0.0013072597143599508
2024-08-26,0.00018400693959976975,0.00033876708104036075,0.0004003070023502216,0.00012876599345240387,2.3486011560030665e-05,0.00011927566680688008,0.0004075965752681724,0.0004943565336759276,0.00024393213714252675,0.00018701712389995078,0.002770429997374558,0.001769499427331574,0.0010027187751089606,0.0022313763701673666,0.00022099339331707032,0.000379525727964695,6.656917893031544e-05,0.0001716819425183,0.00029997093882099077,0.00014270700662394458,0.00014778163486058098,0.0002947157401436871,0.000319361355702383,0.0003932328741423417,0.0012233441618607031
2024-08-27,0.00017752625802775206,0.00033827742306314024,0.000385561438795264,0.00012581196488919605,2.189095115592847e-05,0.00011381706557221028,0.00040824329586568365,0.0005258380886282473,0.0002437997864207022,0.000175952285528037,0.002796148809200955,0.0018281977753395386,0.001000240507614244,0.0021741697423509994,0.00022480826113177745,0.00036557845271936924,6.594373217188821e-05,0.0001589746693199379,0.0002850585764888915,0.00012624591236921935,0.00014611325672175888,0.0002878856373315758,0.0003197520109081517,0.000399500749510467,0.0012741114365258316
2024-08-28,0.00017761047293221778,0.0003385441172510634,0.00038205276423564045,0.0001244016424236243,2.1681236610293537e-05,0.00011410890988677272,0.00040822535742298505,0.000534255713113095,0.0002444732841697571,0.0001753482320276009,0.0027981962887354797,0.0016854802945558208,0.001002188211592285,0.0021448004818633995,0.00022555367828013207,0.0003495239526673393,6.528274737430127e-05,0.00016032071731310652,0.0002838518334320852,0.00012492846326126294,0.00013717454531768448,0.00028890240874310334,0.00031955802607748295,0.0003723071577854507,0.0012745811691505496
2024-08-29,0.00017805399346219373,0.0003352075105750975,0.0003837938522703855,0.00012367508172160516,2.1875502361125033e-05,0.00011142575065471253,0.00042921221704337296,0.0005387187700690217,0.00024662830893464586,0.00017432678163516302,0.0025306374815400323,0.0016054758743306466,0.0010132531623231874,0.0021412370643013995,0.00021480964906700646,0.0003496700114288013,4.8111149555992774e-05,0.0001534481111231337,0.0002625041564143405,0.00012247939180482542,0.0001226775500362424,0.0001540096878854999,0.00031747963692302286,0.00036843885536766625,0.0013123318673151697
2024-08-30,0.00016381743440401812,0.0002887474325123686,0.0003847324272644074,0.00011859076706795068,2.0212890259216717e-05,9.524460375635292e-05,0.00040512161118484263,0.0004526815366261724,0.00024596201861618543,0.0001699126601158913,0.0019731603072469413,0.001511193337173706,0.0010092155280838797,0.002146863366962096,0.00022302926515847455,0.00034567218829415814,4.6111436609208626e-05,0.00015740846077760292,0.00025661610230625866,0.00012231298477525062,9.683140588229965e-05,0.0001539408250316933,0.0003150803907161856,0.00036907420577247696,0.0012144127197315027
2024-09-03,0.00015762139739814246,0.0002635123661923802,0.00032671057694718335,0.00012084593399548597,2.0037126238920394e-05,9.739397765225442e-05,0.00041119247041058993,0.0004899239462673622,0.00023098448660893405,0.0001745655987622101,0.001724254506047784,0.0013355652086843048,0.0008599647134147932,0.0020276281798254467,0.00018429254678562515,0.0002515629652738134,3.750975583567424e-05,0.00015113317554256436,0.00023498309784306847,0.00012187989692794739,8.389921419951123e-05,0.00010825742239114413,0.00030605047040571626,0.00036869332609514103,0.0008308511464472779
2024-09-04,0.0001619567545514905,0.0002839693552919551,0.0003085254502697198,8.369261662355462e-05,1.536046656686866e-05,9.822306894001296e-05,0.0004593511599597225,0.0005171090809237332,0.0002700795192285009,0.000169695110305566,0.0022553402730890555,0.0012478464120380594,0.0008332049722733732,0.0023003138602520996,0.0001816417080229304,0.00030685035448135416,3.8388847208638726e-05,0.00012025754682083827,0.00015452325884279366,0.0001218785971189325,6.352885963582314e-05,8.705229174372456e-05,0.000285809533754074,0.0002997524145647566,0.001194106647252026
2024-09-05,0.00011434773200205445,0.0002341636537988633,0.0002501467201853871,9.115048245761656e-05,1.710637340362518e-05,8.930868439016709e-05,0.00034241802688853414,0.0005410529357900046,0.00014073024143619655,0.00010942269371380032,0.0020343366027471034,0.0012373891504899059,0.000745487764082775,0.002052925099402214,0.00016499908085033276,0.0003037476959644562,4.588607990672341e-05,7.287644678725084e-05,0.000130224997687997,7.622231630934008e-05,4.632705875936741e-05,8.263194413836356e-05,0.0002768969969008883,0.00027753594973851204,0.001221448324888331
2024-09-06,0.00011006011939451512,0.00022925882939179708,0.00024509723109922304,6.486754681458972e-05,1.6076585857526005e-05,8.954557847142164e-05,0.00036268301625089645,0.0005358148318881815,0.00013808522156454937,0.00010260979181174224,0.0019636414266407695,0.00135865863299666,0.0007482970846209363,0.0020460749996244806,0.00016626528656304274,0.00025950305119687363,4.960047804690269e-05,6.55033878424308e-05,9.203860275649072e-05,5.588137756136225e-05,4.6361161237840224e-05,8.295826235974135e-05,0.00027735013579653254,0.00024677286015475523,0.0011599793012812465
2024-09-09,0.0001233731459457866,0.00026313968326888615,0.0002575138931894511,6.21347849355718e-05,1.4942480382733108e-05,9.254352750446093e-05,0.00039999110153705766,0.0004955165890084248,0.00013235070212544293,0.00011707064137144707,0.001907515453463945,0.0016728396871192406,0.0008518926372780537,0.002033941498836974,0.00017406694793852958,0.0002680853514630531,4.134904455466786e-05,7.740590065086504e-05,0.00012368911044801886,5.333750540072334e-05,4.7101804106760305e-05,7.584630905440196e-05,0.0002699775230611355,0.00013647283117268147,0.0012282499115217386
2024-09-10,0.00010155848347511974,0.00022235972918485284,0.00022634744996325972,6.10667334435819e-05,1.5201617221653127e-05,8.02389546861451e-05,0.00036976153801844666,0.0004924750074386751,0.00011745725873773577,0.0001163067337092164,0.001780143404117644,0.0016377324194611778,0.0007746509076762301,0.0018899445980119227,0.00015204934573844164,0.0002253246375499911,5.6159930257151674e-05,7.53742883305094e-05,0.00012824629136931888,5.487832571712062e-05,5.329702195194615e-05,7.48757619611652e-05,0.00026769998579920245,0.00013760066331227247,0.0010881909574807524
2024-09-11,0.00010153274765364798,0.00022550823671609168,0.0002261468831936024,5.845831850317972e-05,1.4181476017159226e-05,8.096714873112285e-05,0.0003704142856393409,0.0005484178552034131,0.0001079861243144887,0.00013602541084376056,0.0017925435101646054,0.0017455890704779688,0.0007862605699176159,0.0018929990569726517,0.00016825766239741757,0.00022320792214002507,5.9344127441604944e-05,8.017744161965458e-05,0.0002797740653592611,6.502278031481591e-05,5.412085094552229e-05,7.990728124797484e-05,0.0002861126764966805,0.00013716404330504917,0.001136653567408463
2024-09-12,0.00010722266330987755,0.00025052849282682744,0.0002221300734419679,5.7771570513905046e-05,1.3952060825255817e-05,6.528092115042472e-05,0.00035240069070863677,0.0005048989692323162,0.0001124875653295774,0.0001602399977151805,0.0020412709630230085,0.001740931775359345,0.0008021186344323258,0.0018666520623623914,0.00017169680933438224,0.00022115734594182985,5.8897056547695754e-05,7.992120714231758e-05,0.0002831630288863015,6.224689885476273e-05,6.596220912948818e-05,7.964949047949472e-05,0.0002795220487861245,0.00013670930964886533,0.0012440641094298454
2024-09-13,9.650491466160086e-05,0.00022285612082593672,0.0002164773872392176,5.6356707943167454e-05,1.1311949746212242e-05,8.175999722950104e-05,0.0004536461777215786,0.0005441628266660165,9.658729136246302e-05,0.00014813866653195262,0.0018418177550678482,0.001601262727886774,0.0007299799734918459,0.0018816692944309662,0.0001709183210547921,0.00022756426593434123,5.808136393719397e-05,7.646040113850281e-05,0.0002797590862072462,5.9072822106638136e-05,6.122662407506882e-05,7.956485044490871e-05,0.00028158373448748344,0.00014246583191041278,0.0011921442393411723
2024-09-16,9.744752108099808e-05,0.00022394456670188703,0.0002468769757706627,5.461388519273481e-05,1.076906805669176e-05,8.344883669318605e-05,0.000486747463564389,0.0005340378545419417,9.644181595933324e-05,0.0001493998968388989,0.0018267951549877002,0.0015470712962053982,0.0007319803031734151,0.0018761872752931553,0.0001707910657025382,0.00024219637572517737,5.602643256691812e-05,6.884127234418721e-05,0.0002798764320472564,6.461137986985964e-05,6.276514872879592e-05,7.581801042625159e-05,0.0002858313903394236,0.00014941504760236293,0.001197401617597601
2024-09-17,8.174989547414796e-05,0.00019093091588338708,0.00021168511360813546,5.5573908480541905e-05,1.1319112572069035e-05,8.29113761490077e-05,0.0004420185266991864,0.0005397920819917077,0.00013000101792215113,0.00014199953535325713,0.0017617504952107902,0.0013532950947642553,0.0006119346364111172,0.001879275961865378,0.00017015437274322162,0.00021498590586270454,5.605623762891056e-05,7.333615918076608e-05,0.00029392176152785596,6.519015866998544e-05,6.623794747419838e-05,9.204449156359717e-05,6.325155981697578e-05,0.00011623546765555561,0.0010821873797532274
2024-09-18,8.148436721030186e-05,0.00019085577458072134,0.0002150203464004801,5.619156654418269e-05,1.0835706706977882e-05,5.775077226426395e-05,0.0004168321681821792,0.0005363804544102891,0.00012835198408701215,0.00014419768693460278,0.0017569110034914158,0.0013499152645208147,0.0006146797186796512,0.0017904099012942122,0.00017995653749785557,0.0002274430943120707,6.193966589214187e-05,7.193094901525917e-05,0.0002892692843311926,6.785438734640318e-05,6.605615767409488e-05,9.52919458461536e-05,9.413933409639915e-05,0.00012098857096220857,0.001082375662376197
2024-09-19,7.700870645745046e-05,0.00018256004487713831,0.00020693086841032932,6.354918806761276e-05,1.1476173212008565e-05,6.088454508673296e-05,0.00044174758335350107,0.0005122169406027528,0.00014573363391699875,0.0001467929994010897,0.0016781900104586302,0.0013008359047766275,0.0005875056223188984,0.0017895422125175442,0.00017768888297186854,0.00022770136204798482,6.180418362371686e-05,7.081742294935745e-05,0.0002903981460345968,6.417535877367737e-05,6.760195207820636e-05,0.00010162534910898279,9.503205000797683e-05,0.00010865559188839067,0.0009908645756937292
2024-09-20,9.254184572709245e-05,0.00021646221036031175,0.00022215516858087054,6.0703097569604785e-05,1.114902455540407e-05,7.317284159593527e-05,0.0004933299966304645,0.0005557303321907878,0.00021785998188845817,0.00016151494571679413,0.0017361318014999679,0.001574047016867929,0.0006177057902274801,0.001781719144587627,0.00014635826002833415,0.00036350762479168746,6.148531004031726e-05,7.689198626385153e-05,0.00030028352668602193,6.409941912248877e-05,7.053762362266163e-05,0.00010446623682036135,9.703365526935191e-05,0.00010092454293743024,0.0011562222756665377
2024-09-23,9.206125087991673e-05,0.0002154752845643688,0.00021934206198308224,6.148859458107424e-05,1.0918145397359255e-05,8.181153623271568e-05,0.0004998726908148727,0.0005405721457081541,0.0002183177220222357,0.00016473704413389503,0.0017449042742619346,0.00159911648217943,0.0005935023780124375,0.0016797284989721359,0.00014647931989632764,0.0003714751832804145,6.7306417919632e-05,7.67759465335417e-05,0.0003007344969534225,6.342106577737045e-05,6.800312177354178e-05,0.00011750885700073259,0.00010148319135253533,9.502704406940422e-05,0.0011532094178360048
2024-09-24,8.900235831916817e-05,0.00020187165607726907,0.00021578020786189227,5.628667883097214e-05,1.00995894666668e-05,7.406933687603724e-05,0.0004884644672763741,0.000535392734497177,0.0002177220831113701,0.00014271032644509664,0.001667154870236789,0.001540940789912775,0.0005433599100591912,0.0015983547050544904,0.00015436064243363806,0.0003735107922232116,7.75785013812016e-05,7.508217213354612e-05,0.0002960305876429449,6.829091180445635e-05,6.804035346627817e-05,0.00011787496859753118,0.00011427742826740384,9.455312502665603e-05,0.0010692575686591902
2024-09-25,8.333172718215635e-05,0.00019676737320798517,0.00016181863180478738,5.3956673399806365e-05,8.460364436816596e-06,7.738177449849656e-05,0.0005689554456803335,0.0005083493337080498,0.00021284632687035147,0.00014776809313417794,0.0016415517234504538,0.0014465636217786068,0.0004437845586156283,0.0013828153490248784,0.00014266204021958593,0.00043998170856167715,7.743191754876103e-05,7.49036730536857e-05,0.00029278997044403866,4.2474551999895575e-05,6.192812772759664e-05,0.00011655880334897285,0.00011511646083148545,9.505768398669166e-05,0.0010496386680747048
2024-09-26,8.328672178274791e-05,0.00019160252402725103,0.00017006069069470882,5.7417788368062004e-05,1.0295211736277871e-05,7.69312150793794e-05,0.0005744621717176175,0.0004941832772118255,0.0002137874669343061,0.0001468600762940425,0.0016387734540060062,0.001393973053545496,0.00044562171994966954,0.0013536817211432259,0.00015970054376154684,0.00045872274467745176,7.582189662534822e-05,7.633979850214528e-05,0.00029435683792372564,4.491998020363456e-05,7.14159695542644e-05,0.00011567522546528668,0.0001185246069490755,8.558055053085677e-05,0.0010202093875521043
2024-09-27,8.40410602884798e-05,0.00019418331495015407,0.00016828676448411037,5.755518577598771e-05,1.0259841972027597e-05,7.794097416458334e-05,0.0005769210908736444,0.00054538866567638,0.00021442992879435653,0.00014700896442907936,0.0016283507067747897,0.001380901283290963,0.0004472438226748866,0.0016103500802496836,0.0001763982577079003,0.0005185387072029638,7.493555709355526e-05,7.632572109378214e-05,0.000293408029243655,4.933604921065677e-05,7.237161848135179e-05,0.0001150333919100784,0.00013686805361087556,9.053192567311188e-05,0.0010799532500737666
2024-09-30,8.230010666142887e-05,0.00018875160330632633,0.00016825020587033776,5.8946528616396466e-05,1.089614818804079e-05,7.869421558929029e-05,0.0005536347484774661,0.0005536407560576507,0.00021199228767870577,0.00014683652557800927,0.001629107916843213,0.0013978726473538384,0.0004202312333802221,0.001718264389437974,0.00019637962602260707,0.0005147249077637848,7.673371617421126e-05,7.645164918077088e-05,0.0002926660876296843,4.8588783413365575e-05,7.044283279051553e-05,0.00011517492082431147,0.00013701279206740306,8.10795196951649e-05,0.0010569591591183386
2024-10-01,8.317551719378632e-05,0.00018903576483443002,0.00016583552291571762,5.961010470075476e-05,1.107301963828806e-05,8.076598670786178e-05,0.000566057462296498,0.0005392800402707682,0.0002285397919530243,0.0001463320114354858,0.0013907304093154435,0.0013986103084567341,0.00041852508907773244,0.0019866540207916536,0.00018985906823088455,0.0005094327836754253,7.610132618211645e-05,7.291924913366347e-05,0.0002918833246154059,5.143064140438342e-05,7.115940903575362e-05,0.00011360558922391758,0.00014392217577117284,8.057395182231118e-05,0.001055160700205587
2024-10-02,8.266704701266234e-05,0.00019212760750231337,0.0001742414147666151,5.615036811981471e-05,1.1907320329136691e-05,8.393003896695398e-05,0.000551604318276841,0.0005347126976405636,0.00027578838202604145,0.00016913283004848934,0.001454340159082159,0.0013331743409671828,0.0004634558008238313,0.0022706869932803643,0.00021687743031072065,0.0005013094856009256,0.00014597928656214797,6.957725664109969e-05,0.00030283347367469074,4.867627698332747e-05,6.582801242957216e-05,0.0001093713990869789,0.00014009054486366538,0.00010610228529878921,0.0010704505465548078
2024-10-03,5.899897109168311e-05,0.00014018157837941524,0.00012152533044202305,4.565989324974443e-05,1.1676435411347092e-05,8.290418317757995e-05,0.0005150924709584017,0.000429691078957796,0.00023447364500658145,0.0001540777364293028,0.0009191398121534568,0.0013872410310309185,0.00036970977382119963,0.0019138983309444494,0.00018783809114115909,0.0003886134656267143,0.0001461589670365863,6.659584815069782e-05,0.0002805216026317023,4.933927375628156e-05,6.390034489211962e-05,9.543656807301479e-05,0.00014596848485775394,9.55424031602788e-05,0.0007071919889036989
2024-10-04,5.8952426368057e-05,0.00013984140825026018,0.00012385113934254905,4.1583384755613876e-05,1.1884630190857076e-05,8.291019897329887e-05,0.0005176762770114901,0.0004931070074585727,0.00023168884975898615,0.0001540920858284188,0.000963848316912448,0.001359126600367146,0.00037541007529409454,0.0018484488593342842,0.00019397278790417234,0.0003859055346084919,0.00013758771948044606,6.808649799128162e-05,0.0002849178344996557,5.349962146874209e-05,6.477232742854268e-05,9.810601935837868e-05,0.00014592346099056127,9.712311135677163e-05,0.0006831856932759268
2024-10-07,6.310917688575278e-05,0.00014745485756679214,0.00013303219717357423,4.82304344681876e-05,1.219594792424723e-05,7.935827993369333e-05,0.0004941627333001639,0.0004958651527862785,0.00023044485941953337,0.00015407959045420083,0.0009743288369763479,0.001314337803210218,0.00039467071565706986,0.00194222545614277,0.0001953690940960901,0.0003936385480973605,0.00013123876740595692,7.682031766789698e-05,0.00034822028338044985,5.4193721640664625e-05,5.372702982511385e-05,0.00010070867523781037,0.00014738905517232027,0.00010883293986063647,0.0008049686581096913
2024-10-08,5.184960392340246e-05,0.00011343238082779688,0.00011624748163491933,5.1362863732651645e-05,1.3623140206957667e-05,7.696565416603023e-05,0.00045999707258125163,0.0005589396792041876,0.0002561696597820568,0.00015280178205518603,0.0009059561573191097,0.0009657301364206943,0.0002831791267320068,0.0015949871481234304,0.00018736868204813445,0.0003853112905327217,0.00013061085777355748,7.31814959284001e-05,0.0003166682409720122,5.845418391898115e-05,5.421272381707952e-05,0.00010669346094614843,0.00017539562317456985,0.00015274128297471592,0.0007292530029090124
2024-10-09,4.991354396640538e-05,0.00011652579385784297,0.00011584849114819508,5.0501307780675644e-05,1.3567354612280968e-05,7.89991477754057e-05,0.0005058097141781584,0.000663680610634647,0.00027437328330843624,0.0001559898859828294,0.0009259190117048469,0.0009413794099779991,0.00026276464663475645,0.0014558283887832419,0.00022282615127146256,0.00041193629293884425,0.00011498641615578031,6.300985789956539e-05,0.000294213020938475,5.192659774611216e-05,4.4324556069849636e-05,0.00010840982936315066,0.00017410071624247424,0.00015170572606657934,0.0006928588297951039
2024-10-10,5.148814675767088e-05,0.00011525533920149649,0.00011607794813904812,4.961603608112102e-05,1.3368159544184662e-05,7.95748210587323e-05,0.0005067271403030705,0.0006034865174160188,0.00028867083757865014,0.00013494923102160144,0.0009134567844495433,0.0008427289879900924,0.0002502330336198893,0.0014309255996918368,0.00020832869559486068,0.0004360598664515737,0.00011308843785183466,6.18695288834917e-05,0.00014741661885155018,4.067385990766247e-05,4.5127589799584494e-05,0.00010554421078149215,0.00015875464189196346,0.0001591942813782689,0.0006376943229508365
2024-10-11,4.595111904940185e-05,9.005234144221414e-05,0.00011730528992650665,5.04250903083427e-05,1.3421549278144147e-05,8.236718017906715e-05,0.0005228358503896471,0.0006533574439257051,0.0002816655424488748,0.00011135560097926484,0.0005915951020380359,0.0008435977192565717,0.0002308206862606177,0.001441706225169985,0.0002060606568460398,0.00043578527708073244,0.00011726551663526286,6.115757886064812e-05,0.00014423692552177218,4.4825160452061026e-05,3.216017374486151e-05,7.921688594313859e-05,0.0001640862893458795,0.00016149054840262114,0.0006028824590520707
2024-10-14,4.4050310888750304e-05,8.496072989126974e-05,0.00013053855083586756,5.012144862150264e-05,1.3395842886059461e-05,7.221112261617744e-05,0.00043299480583558036,0.0006060144099671469,0.0002839848821118367,0.00010667453166271195,0.0005718670996889143,0.0013033842790894908,0.00022095535618167668,0.0016482906487461692,0.00020373302751814138,0.00043562774555223953,0.00012374299936230437,8.086080451418182e-05,0.00024707688740606046,5.078184799273584e-05,3.4001941904613714e-05,8.752547636201459e-05,0.0001602852222541983,0.00016295280413347873,0.0006282195614681388
2024-10-15,4.6197463175858065e-05,8.769048695192721e-05,0.0001009690434692814,4.97549758671231e-05,1.287121428989739e-05,6.69954388292147e-05,0.00039718773849229517,0.000628635532493936,0.00029853536148512195,0.00010533160055451585,0.0006033213735977946,0.0013052678324984692,0.00021797744419159757,0.002278234374314483,0.00020201112325755674,0.00044281190706134724,0.00012994898504551836,8.250811655681878e-05,0.00024106282348807456,4.683390703135881e-05,3.2486895366788416e-05,9.059188247347206e-05,0.00015305658643497563,0.00015669356268876989,0.0006361113532440605
2024-10-16,4.9410060377461375e-05,9.653352611754973e-05,0.00010029866871561623,5.319609418692949e-05,1.3101732122363988e-05,6.765153636911513e-05,0.0003989451085514182,0.0007162626459819695,0.0002616679540867089,0.00010521566695006362,0.0007082688513194539,0.001292540902936997,0.0002180055496247401,0.0022732382338431106,0.000253688940730865,0.00045233772537981007,0.0001335351123072629,7.35784761584379e-05,0.00022582529421836755,5.40940105656623e-05,4.1112046772922804e-05,7.492414943928276e-05,0.00016849280876709798,0.00014900863819241543,0.0007934932813852312
2024-10-17,5.0431003193411897e-05,9.651906430388312e-05,0.00011116480883580758,5.2877740790257724e-05,1.3640541877659016e-05,6.733011172139042e-05,0.0004007399426179373,0.0007100088844644855,0.00026573909448374567,0.00010313783010511479,0.000754564048375693,0.001294772356715776,0.00021832819329389023,0.002536193921559149,0.0002450701844767403,0.0004490940530203709,0.000136702559216694,8.03079217021611e-05,0.0002251131425127385,5.794887596882709e-05,4.1165279063576605e-05,7.426671073698887e-05,0.00013679747431872134,0.0001809096932590217,0.0007902853038421956
2024-10-18,4.994831432902219e-05,9.551431157507097e-05,0.00011157355862482475,5.8323704369731335e-05,1.5747114988010037e-05,6.600122442693956e-05,0.0003634949318381613,0.0006983716727938451,0.00024846929530922593,9.774932224808378e-05,0.0007382836394355932,0.0012945143920220215,0.000228270839133701,0.0025863646802843786,0.0002461032816688311,0.0004484694148037311,0.00013781845815033186,8.019335204341338e-05,0.00022204621691616913,6.130551229672019e-05,3.956866501011834e-05,6.740775166386605e-05,0.00013607517113222676,0.00017790147546644974,0.0007746449466339066
2024-10-21,3.507722913151394e-05,6.370801165226808e-05,8.90487732093186e-05,5.7750908165430554e-05,1.5779827551346242e-05,5.908729873185544e-05,0.0005011967374888356,0.0006680853632803303,0.00018408482116526162,8.040893148713346e-05,0.0006586263426823148,0.0010184253570036162,0.0002135771310759889,0.002835614237788154,0.00023898516902025874,0.0003119594581366176,0.00013850627728870444,7.356527211253075e-05,0.00021211324577551463,6.431115866739089e-05,3.688329973381419e-05,5.70109820666601e-05,0.0001288415947670321,0.0001809887197202902,0.0006066349124440611
2024-10-22,3.506121490143669e-05,6.371096596046782e-05,9.646288529265963e-05,7.395697132452465e-05,2.1497027745855266e-05,5.0353247080500554e-05,0.000496724969508441,0.0006760088753844654,0.00018577257410944055,7.717462811628785e-05,0.0007346381667796391,0.0009920125426505326,0.00021708605970082188,0.0028780713233930912,0.00023919838501215677,0.0003053280252263778,0.0001319517177961683,7.705667969915335e-05,0.00021777488402839387,8.487378851273677e-05,4.6682673553065066e-05,4.955979816123882e-05,0.0001216910140823913,0.0001829640640277748,0.0006135191863891776
2024-10-23,3.47355640346684e-05,6.339215154820411e-05,9.651461820161726e-05,7.376154485012511e-05,2.1388404414543936e-05,5.6451832665817493e-05,0.0005282835495224154,0.0007016472076320908,0.00018297866543791566,9.958676587774097e-05,0.0007344018766673954,0.000865991068117248,0.00021834301132939542,0.002888983023532453,0.00023124794589745923,0.000304591941766204,0.0003383770107894629,7.717568919269593e-05,0.00021899903099452096,7.965576532035312e-05,4.5667707889206754e-05,4.92422342567676e-05,0.00011987990933837447,0.00017922595958925631,0.0006447555038467123
2024-10-24,3.890276351609836e-05,7.518320029373474e-05,0.0001009673392842824,7.41619587890646e-05,2.1860747963660142e-05,5.396245218691968e-05,0.00045733946167317015,0.0006923225693424676,0.00020828632879544182,9.659756852286123e-05,0.0006959720454614234,0.00087222908771625,0.0002609834687923389,0.003066532205186506,0.00023240531850511053,0.00022404092327346585,0.0003435468763262657,7.335309458059513e-05,0.00021952286226884358,8.24519997546561e-05,5.700086361912347e-05,4.87586028810085e-05,0.0001314308950567764,0.00017743736525356715,0.0006425524252530322
2024-10-25,3.889134880481295e-05,7.870793750667695e-05,9.29816562391435e-05,7.25806771407781e-05,2.043872225317867e-05,5.7074142419486295e-05,0.0004507948084434222,0.0006605256195778827,0.000207259490837125,9.405036448887015e-05,0.0006724261269157679,0.0030168349181367606,0.00031869076325629676,0.003163846288359743,0.00021100902193800617,0.00020256374527856052,0.00035153667751304106,7.141440856669888e-05,0.00021979501610534406,8.025590232567865e-05,5.672111551669269e-05,4.699929000230353e-05,0.00012740551083151162,0.00018131654497689065,0.0006139828449539185
2024-10-28,3.8040413463449765e-05,7.766112011617143e-05,9.221932299437337e-05,7.401310384312247e-05,2.0747864480289744e-05,5.589550768723862e-05,0.0004484283921748477,0.0006066258381488653,0.00020657741240362492,9.738446510120358e-05,0.0006749404977056993,0.003069507856183528,0.00031657399025259315,0.0028848731069556124,0.00018951588532922382,0.00014318260772592685,0.0003521251632485655,7.671281290438784e-05,0.0002273916252345969,8.06210735490103e-05,7.159071672567138e-05,4.9104618773326614e-05,0.00011121244268605324,0.00017210900648684103,0.0005713895796701103
2024-10-29,3.84467379193164e-05,7.596201785305773e-05,0.00010406456310339906,7.294368529611563e-05,1.991702683779519e-05,5.241926063874043e-05,0.00043863442348058423,0.0007399182767105286,0.00021051561057530103,9.490344989335766e-05,0.0006524601314326934,0.0030718847254015955,0.0003202190826491393,0.002832857377910137,0.00016948502680951954,0.00015099754930939682,0.00035701158641954044,8.462580828409154e-05,0.00023786497066563883,8.106827638618814e-05,7.268245835488433e-05,5.1136851854542885e-05,0.00011150599034680997,0.00017637784573853256,0.0005816187519938792
2024-10-30,3.7714051033855525e-05,8.056796492843554e-05,0.00010428719945346023,7.181942004043074e-05,1.9659008377585653e-05,5.5316816090346156e-05,0.0004498380951885602,0.0007451706981632634,0.00018258308674841932,0.00010189596906810064,0.0006539243755240512,0.003077970931413315,0.0003172736299556055,0.002573451078301659,0.00017974998937303932,0.00015447370126674272,0.0003688708382502136,8.593150379035901e-05,0.00024506988085467717,8.055628992502255e-05,7.659702260175541e-05,5.969229771397945e-05,0.00011243806697211466,0.00017621474517599567,0.0006639922327899659
2024-10-31,3.378215070586506e-05,7.293937832496433e-05,9.414752923517491e-05,6.94551489076677e-05,1.8490212342253482e-05,5.1003011953156414e-05,0.00046693649695279184,0.0007249186272930697,0.0001476654307505734,7.405828565727195e-05,0.000588104017603199,0.0030705787665239294,0.00027256686961215005,0.0023248689756049565,0.00015225229880321437,0.00017938270459365386,0.00029886281876913723,8.547981759698103e-05,0.0002292621535441902,7.93091082313175e-05,7.716270983696418e-05,6.165653300027387e-05,0.00011097325678642315,0.00015509981016891022,0.0013146371051507527
2024-11-01,5.523660748419331e-05,0.00010862600303508049,0.00010942298529843979,6.567765475680565e-05,1.844483232632779e-05,6.435575788353845e-05,0.000514900684851426,0.0007515731948665274,0.00016581326782379836,0.00028358542375939275,0.0007027708805276022,0.0030520028113442434,0.0004055344914841202,0.0038438202048904383,0.0001486866921995508,0.00018195387531713832,0.0002978048002734461,9.597436434136417e-05,0.00023600002827179692,9.456938199153162e-05,7.695205509801932e-05,6.126376600012978e-05,0.00010763701985060093,0.00016254780997353115,0.0013671216755766328
2024-11-04,5.602462499020487e-05,0.00011157128762573149,0.00010865028077216856,7.181138859572166e-05,1.779160397627375e-05,6.525492566548912e-05,0.0005160166448279156,0.0006756094570641417,0.00017428175358925242,0.00028878277563205117,0.000663997757228731,0.002988811794305941,0.00041386636134830846,0.0038620003365173595,0.00013415038505722637,0.00018335158502867503,0.0002968663144332089,9.506406737603934e-05,0.00023168901146588915,9.67252971337459e-05,7.615776161208154e-05,5.521003087531939e-05,0.00010810531504684122,0.00016177163208101983,0.001360373091648278
2024-11-05,5.179774966343904e-05,0.000104376272120854,9.950599982715853e-05,7.641413095972371e-05,1.91444758881074e-05,6.514749553447408e-05,0.0005154449897570493,0.0007247056110697319,0.0001738118822823443,0.0002899018525757494,0.0006499640262343,0.0029422236166898505,0.0003790334314371669,0.0037606678311881176,0.00014591316886015138,0.00017436305578866074,0.00029773114015231914,8.291709050035467e-05,0.00017623110572343755,0.0001019510581951991,8.378370527985873e-05,5.2280113364952524e-05,0.00010646376606615864,0.00014757256334069522,0.0012365174426913715
2024-11-06,5.519236203279847e-05,0.00010682457993388018,0.00011512466826117156,7.481784323327444e-05,1.8951105923869003e-05,6.479456399070198e-05,0.0005044188345392513,0.0006530649050057239,0.00014766215419329204,0.00027917243859403045,0.0006659180299996421,0.0029307591628613466,0.000424039711514914,0.003842778732847339,0.00014766969036381428,0.00019169790537851465,0.00030016289696601587,7.925799441295223e-05,0.00017941718137273803,0.00010717164798220345,8.257318119621031e-05,4.719506848409178e-05,8.951408405404492e-05,0.00010429763544537567,0.0012389876714372734
2024-11-07,8.33763685984224e-05,0.00013412473231399471,0.00028877313394781446,0.00011689391739859285,2.4752848427282754e-05,0.00011394151621781975,0.0005600187239926718,0.0005473530949278429,0.00013003579439901914,0.0002946386339559578,0.0006670128927540857,0.003955001450748951,0.0007502870790955469,0.007858714742548687,0.0001839763800731481,0.0005387140607938175,0.0003038916326659384,0.00026822849071884216,0.0008330366767880892,0.0001322939934928902,8.300200863054554e-05,9.059163335852838e-05,8.67339465303735e-05,0.00013347460270660976,0.0012643056075925647
2024-11-08,8.401607377926085e-05,0.00014412459579432035,0.00028919627651806113,0.00012360199642227212,3.211336930849072e-05,0.00012623753520030578,0.0005890352848967544,0.0005446948687309534,0.00013950651921764567,0.00030069023814328276,0.0006938442751788704,0.003988829385115016,0.0007563143141549604,0.007859059766100096,0.00018315302061985874,0.0005387718759413044,0.0003026051972822483,0.0002780834104884523,0.0009312961743654423,0.0001400220318590369,8.396161535151226e-05,9.981044079703559e-05,8.398134331821174e-05,0.00012596975980034008,0.0013145506779390632
2024-11-11,8.487119875491238e-05,0.00014412858707873072,0.0002904462151680011,0.00013148170697890613,3.270691756510227e-05,0.00012583298013046598,0.0005965236171722324,0.0005087547777590181,0.00013932352803408063,0.00030240668676751966,0.0006834499545169261,0.004323037262127314,0.0007870602909680318,0.008026339947784246,0.0001830732287726966,0.000613796538324579,0.00032224952472607426,0.0002819906134925301,0.0009312425717668909,0.0001476815331035554,8.748796068131915e-05,0.00013655909033193387,8.603560845936818e-05,0.0001236738787763082,0.0012319542346529843
2024-11-12,8.29688967938001e-05,0.00014401363252468727,0.0002804444433519593,0.00013188731618303808,3.290565705869036e-05,0.00015027395823500488,0.0006025853653997437,0.000558664970364224,0.00014501064259747517,0.0003086960461157947,0.0006977930527978861,0.00426350492650062,0.0010314984226185689,0.009529977843874524,0.00018273535256235928,0.0006073842988829798,0.0003216409999019995,0.0002729427031910928,0.0008330478940723036,0.0001421341301278028,8.60008797178122e-05,0.0001334336371768068,8.692054256160983e-05,0.00013410711122977152,0.001205514339070107
2024-11-13,7.986583226522381e-05,0.0001403694127339926,0.0002946466697220789,0.00014435468121642295,3.7410783664341796e-05,0.00015424358563607805,0.0005987791614016184,0.0005366983064203855,0.00013037961486385392,0.00031400440194308157,0.00068967196193001,0.004481687784524548,0.0010363119252347276,0.008913800264634586,0.00018427365496551654,0.0005892455206522624,0.0003185996377013288,0.00027132346253923664,0.000832387752594134,0.00015079628539933987,9.928814713495689e-05,0.00012976425874553285,9.126835215026507e-05,0.00012987558693665133,0.001227772239923131
2024-11-14,7.65468839295122e-05,0.00013054353678905372,0.0003000279693421568,0.00014133246847759112,3.689954376181902e-05,0.00015920924729174941,0.0006117988547328986,0.0004371237873473376,0.0001246555881632911,0.00031538810760630586,0.0005738345914771541,0.004483042455187845,0.0010523975786823634,0.009626638898146606,0.00012879056054945323,0.0005892206104263408,0.0003252448312070853,0.00027109387471869296,0.0008338937496483214,0.00014458900021072362,8.722478850982959e-05,0.000128794817504404,7.777875134398945e-05,0.00014223217085200496,0.0011215779078484482
2024-11-15,7.7795654851492e-05,0.00013320612161292532,0.0002955368577440863,0.000142189433440323,3.6364520236872644e-05,0.00015821991217600975,0.0006120124903030165,0.0004391823003252499,0.00013056963597411566,0.0003140925389753134,0.0005224069835231752,0.004673084958698906,0.0011206244039288018,0.00938564705732121,0.00012833184340975819,0.0005778857492193996,0.00038015833611783605,0.0002631957772548655,0.0008326465293669787,0.0001425146841315286,9.15755170953526e-05,0.00012669496371558732,8.429606359219545e-05,0.0003038354384387653,0.0011215946667152183
2024-11-18,8.68959514711256e-05,0.00016502411443865674,0.00030749710377891233,0.00012861090406030237,3.333045124652696e-05,0.00015644012315613957,0.0006161002193718911,0.00046479560904457985,0.0001414876343175021,0.00035767563258328497,0.0005781358382289163,0.004722803137569289,0.0011132043061397345,0.00980351923196209,0.00012721295386298323,0.0005816029978983434,0.0003819355193112912,0.00026395661098044357,0.0008429045456323268,0.00013909191206492823,0.00010212530463556804,0.00013837527318432525,8.376076342146726e-05,0.0004584459341315771,0.0011669476236598878
2024-11-19,8.70044967982713e-05,0.00016531170225953122,0.00030747201409717524,0.00012875288804248432,3.3441676562699284e-05,0.00016977171793265211,0.00047261093095242197,0.000507181609510397,0.000143069188042977,0.0003572072878704809,0.000584034093196606,0.0048864016277066534,0.0011400499577978482,0.009701957903169646,0.00013617194907189522,0.0005815195058886241,0.00038411922804195775,0.000264448149254333,0.0008419988167441867,0.00013894124505612398,0.00010263553532189575,0.00014114480878760555,8.25154800887868e-05,0.0004651924450954148,0.0012142228592074262
2024-11-20,8.758563998851078e-05,0.00016768411826359518,0.00029669942053339027,0.0001131568357800166,2.792760242662143e-05,0.00017412619815046037,0.0004710309863128608,0.0004995650313886175,0.00014098188214111928,0.00035838630315412467,0.0006190736728701631,0.004907147332636711,0.001141541521300383,0.009653317202244643,0.0001379069164031792,0.0005818229371868739,0.0003840006129781033,0.0002633325107297954,0.0008393387312136484,0.00011880289910347016,9.919979534969525e-05,0.00013543551580978225,0.0001281890125096643,0.0004680361972822809,0.0012065387462481048
2024-11-21,8.757646481981235e-05,0.00016763731292096762,0.00029600563024264644,0.00011366631389835772,2.8241252483805167e-05,0.00016954913498413445,0.000437675326857209,0.0004701451216094834,0.00014114755878363478,0.000336744181951267,0.0006222383260656455,0.004913551469007681,0.0011475007825460864,0.00965333651336871,0.0001431020698652659,0.000580608537978324,0.00016581991558578727,0.0002636339067320526,0.0008429566483115871,0.00011877323397858151,9.843714135739498e-05,0.00013541850819436346,0.0001185326914639971,0.0004823851473831983,0.0011830166774272597
2024-11-22,8.453186514765522e-05,0.00015528434566043062,0.0003038610795273663,0.00011329650864370716,2.769395130385994e-05,0.00016527695643109538,0.00037832810697866197,0.000482747599722239,0.00011521957759315708,0.00033521428635799886,0.0005794161804665733,0.0048942992533881425,0.0011031697251553821,0.00982752418027672,0.00014517121978227212,0.0006019981360404048,0.0001700876207186185,0.0002723394027209203,0.0008571241976282053,0.00011882962466139566,9.98430515740258e-05,0.00014180851767304082,0.00011640911595547741,0.00048179867160374817,0.0011798155819914148
2024-11-25,8.480073758093524e-05,0.000151853241211948,0.0003219406831697776,0.00011107896443102061,2.724235378542369e-05,0.00017104651872745617,0.00039098834691567456,0.0004914089268113842,0.00011708232491744504,0.0003406344042311451,0.0006359905092743092,0.0028196874298224107,0.0010737719567387588,0.009743726363873417,0.0001453009196169584,0.0006234185097766166,0.0001620280729467512,0.00027904740821869196,0.000867368526794991,0.00012165873263018627,9.041507073433497e-05,0.00016421275682383606,0.00014477796856038818,0.0004811602048998477,0.0011812891989093082
2024-11-26,8.54221318687112e-05,0.00014996882458063473,0.0003336234301197561,0.0001451170716774051,3.532199921270222e-05,0.00021977783562638267,0.00043989614498637035,0.0005248681402732279,0.00012556522626062166,0.00033811696269821223,0.0007321916825502474,0.0028499607357963396,0.0010832192562916369,0.009755130642859107,0.00016706016093280803,0.0006455962401671166,0.00024136579576663098,0.0002746145503523436,0.0008622282539130454,0.00012722850501412788,7.50699592815547e-05,0.0001626088131268195,0.00014851083089742646,0.000480833237851532,0.0011851824190559112
2024-11-27,8.638572554353989e-05,0.00015153764344419117,0.00032226544902039174,0.00014554139377504519,3.564220309650985e-05,0.00021998309511913323,0.00044137473892564666,0.0003761946809352548,0.0001263481949857133,0.0003632459406710281,0.0007317088623086888,0.0028154444640109736,0.0010823412734630197,0.009818214471761262,0.0001649401664541234,0.0006393492633536177,0.00023251181256588063,0.00026645593011005047,0.000851201693896983,0.00012756384988275624,7.39789256323449e-05,0.00016671245756940984,0.00017000115836288487,0.0004738703667473998,0.0011880997270298968
2024-11-29,8.674687428926476e-05,0.000149951612855269,0.0003217928254955527,0.00014802524193568268,3.629322986143498e-05,0.00021382303636315953,0.0004254369265373453,0.0003697059457300869,0.00012629176386927155,0.0003622699282963608,0.0007376160967828402,0.002822126945298904,0.0010977262829403166,0.009991430663755447,0.0001520737937967392,0.0006415457135544259,0.0002235673571670004,0.0002645856180644182,0.0008438652870869772,0.00012696672025598973,7.091827692299831e-05,0.00015793809875561227,0.00016319167910506106,0.0004924856457310255,0.0011119710371825175
2024-12-02,8.834457769476754e-05,0.00015099122191544303,0.00032248776366488577,0.00015332966914391075,3.8288175589552016e-05,0.0002162105211594575,0.00042217294271160367,0.00033799918821194913,0.00011896870715780997,0.00036223885558383145,0.0007522495740522559,0.002890693402773982,0.0011083512935675616,0.010047429457489383,0.00015280354754540658,0.0006180012178754346,0.0002260671071002621,0.0002636266705609916,0.0008413734197041953,0.0001270041968446416,7.06881269598292e-05,0.0001559441144174868,0.00016487704509069885,0.00048594722922652077,0.00042474704277360714
2024-12-03,6.705598013253803e-05,0.00012161712904636798,0.0003071218334768406,0.00015350060006518555,3.820026353798079e-05,0.00020708947406835853,0.00036374659808210226,0.0003104322766753381,0.00010539294559906308,0.00016572484010634868,0.0006245173960265602,0.0029034701727294297,0.0010081568604551783,0.00855139034144022,0.0001568663450707672,0.0006187957823434703,0.00023272449554723589,0.00025852284348193536,0.0008452785253151982,0.00012285950115598125,6.958905597978518e-05,0.00015435697341865853,0.000162427501074732,0.00047881975065819534,0.0004391738123972913
2024-12-04,6.60963688951523e-05,0.00011915453932981684,0.00030820439544369414,0.00014657359883292088,3.723404236581356e-05,0.00020638547360063918,0.0003759429981730761,0.000340954788363131,0.00010442603078626905,0.00016043202277402695,0.0006107686511229234,0.0029168329131189887,0.0009973615767072562,0.00855765344008981,0.00015466489607197985,0.0006178840413671943,0.00023490530931898247,0.0002609597703978677,0.000845984501999042,0.00011751536266080316,8.325591527355884e-05,0.00018616575664179264,0.00016674393926717062,0.00047993949540388445,0.00042610468843880993
2024-12-05,6.794027341287698e-05,0.00012695614394010884,0.0003075048961310662,0.00013983750756978053,3.551817566261361e-05,0.00020677674930227925,0.00037967827411511395,0.0003022532298847203,0.00010365003005080914,0.00017047263267221056,0.0006735675433159401,0.0029011396146720997,0.0010489848369971957,0.008788420683838614,0.00017085109397806312,0.0006141999700379713,0.00023402054655079915,0.00025845138402433716,0.000836677505394191,0.00011141554553376129,8.406876683713945e-05,0.000186336297560543,0.00017167621058615377,0.00048110924741921437,0.0004332985803761889
2024-12-06,6.017773590752476e-05,0.00011857825844000113,0.00029602590172773165,0.00013852384718088766,3.427756193461117e-05,0.0002095182735292244,0.0003788441580753971,0.0003021354064403612,0.00010136179574533947,0.00017518802788442646,0.0006307180146362372,0.0028901440497122585,0.0009965022433215914,0.008754302486344338,0.00016924123536073106,0.0006035205340305769,0.0002315637377088685,0.00025425368650618883,0.000837353260728586,0.00010220057421203169,8.623885339090908e-05,0.00018691468815978485,0.00016406440112916025,0.00047789947333929506,0.00044942805618249635
2024-12-09,2.7337927146516034e-05,8.35910095996286e-05,0.00012304690812698542,9.641282486987729e-05,2.8540926519374153e-05,0.00015738069859666306,0.0002725722632740916,0.0003182838453392586,0.00010081254937534292,0.0001513554438292557,0.0005615870367158113,0.002001572083968311,0.0007481799668759428,0.004999466131733141,0.00011066826690742316,0.000218978315825377,0.00023098264380966632,6.34750899718036e-05,0.00018688135700520964,7.697343307020343e-05,8.586318449437492e-05,0.00015015160454583533,0.0001645733986697369,0.00044884326386602645,0.000439349675070149
2024-12-10,2.5548977773382632e-05,7.357443277356046e-05,0.0001237462112125208,9.262040324053614e-05,2.1316781880698326e-05,0.00014878717923038097,0.0002776205156869877,0.00032761665665614203,9.029510430844563e-05,0.00014457325500914504,0.0005710705588926943,0.001956802253723599,0.0007780479591151374,0.005559924928777004,0.00010965514287933173,0.00020100230631656617,0.00023289141860082408,5.937240423777784e-05,9.13856522569995e-05,6.961958423482547e-05,8.314241123181647e-05,0.00015549759796047095,0.00018458295511540663,0.0004672306109208566,0.0005631298325988936
2024-12-11,2.5056837460581048e-05,7.413774223460621e-05,0.00012183310484561622,8.511506847086318e-05,2.0789122838814303e-05,0.00015562736215879295,0.00025141132576037033,0.0003047084939465479,9.114962874470279e-05,0.00014403289767269303,0.0006080296540852561,0.0016615943918871562,0.0007490859621856955,0.0054163480507585775,0.00010981086882680398,0.0001676310751268102,0.0002062495730668806,5.495349803154367e-05,9.186838231124273e-05,6.927864241223259e-05,7.991027920024134e-05,0.00012268486174414576,0.00018038899296976828,0.00046724530914889526,0.0005865812127745591
2024-12-12,2.825471442199522e-05,9.13610171112884e-05,0.00011075264692973949,8.875367184890201e-05,2.0995176159422347e-05,0.00012966504249315906,0.00023369364335994752,0.0002930430783634022,8.459897185215654e-05,0.00014648405221357833,0.0006460020196129794,0.0014401505811322106,0.0005207934958829112,0.0037104997384151154,0.00010822153132581752,0.00016418689012537584,0.00021611404796165401,4.424076009715537e-05,8.71311143929562e-05,6.81968455769153e-05,9.627647978273279e-05,0.00012220602502995207,0.00017846753516388724,0.00044874149057935427,0.0006048074865324192
2024-12-13,2.918600479185555e-05,9.347703092458825e-05,0.0001029707317343325,8.443554645391836e-05,1.8240698216561687e-05,0.00013749995536591829,0.00028017640174545665,0.0002925074641033362,8.653514626317407e-05,0.00013876823165839914,0.0006337702556987011,0.001233563582521057,0.0005142910540152889,0.0036970836772647632,0.00011027312745537425,0.00018401197890966628,0.00022532694854388241,4.481773444476027e-05,9.078555708377855e-05,5.770476101314984e-05,8.335661616237934e-05,0.0001222251508092238,0.00017845152738945092,0.0004490003548573081,0.0005696547568330783
2024-12-16,2.9175241838864534e-05,9.657028795918016e-05,0.00010014881435809221,8.522935756710827e-05,1.9172135326586826e-05,0.0001399822424052923,0.00027939572785138083,0.00030256944072065304,8.570155984976001e-05,0.00013876281571869228,0.0006518261469759037,0.0013306940471756643,0.0005005128345408895,0.0029874362176827668,0.00010836656954191034,0.00017133808236112258,0.00021440649264167975,4.483350138144923e-05,9.074779444983878e-05,5.6493026860883536e-05,8.288250646256e-05,0.00012122223841871492,0.00017732960371120917,0.0004434346840580623,0.0005633266188298486
2024-12-17,2.7890551418109554e-05,0.00010510199013186561,9.19386449084112e-05,8.389359713658359e-05,1.925859852906359e-05,0.00013992713855164572,0.0002767204328501602,0.0003017679627383903,8.29029181001959e-05,0.0001429608657440166,0.0006668576440156736,0.0013316878522305665,0.0004651719049718424,0.002976099344459055,0.00013459570207824916,0.00017226760415706656,0.00015246421360112273,4.4639981666796914e-05,9.03980053807766e-05,5.27112839872626e-05,9.838691341209034e-05,0.00012074231285765496,0.00017163978298383802,0.0002456876358611801,0.000562892312202199
2024-12-18,1.9723268638349498e-05,7.432456755605912e-05,8.682818237661e-05,8.382940682225087e-05,1.9247382749149124e-05,0.00014056489558071105,0.00027261355950367066,0.0002772723921230928,7.696919396049292e-05,0.00010146194645516711,0.0006150617061011745,0.0013516407292181525,0.00046230073401926336,0.002515487622749712,0.00013753771268838576,0.0001720269541046947,0.0001494220972657796,4.6232649910831526e-05,8.09034767514497e-05,5.396978443492259e-05,0.00010480358331892949,0.00011027609014201415,0.00017309723111805168,9.439748982991632e-05,0.0005271494589394422
2024-12-19,6.894016173520257e-05,0.00014563266917878409,0.00019890430870543377,9.232741605610313e-05,2.7584208134450263e-05,0.00014167372818573397,0.0002942789620223428,0.0002199702317634315,9.291335541968672e-05,0.00018154416419725636,0.0006129816164909224,0.0015970262926537854,0.0007016531241959154,0.002938583681318928,0.0001772731203630615,0.00022876890245857213,0.00016013069729208386,9.63350083552295e-05,0.0001444926623804586,0.00014833245951739632,0.00011056165836445516,0.00011047757923400227,0.00019432537920458887,9.659342540825772e-05,0.000526711949560628
2024-12-20,6.82162737072935e-05,0.00014414947655642458,0.0001969899969999967,0.00010365927965594398,2.8951933700314996e-05,0.00013742751446284895,0.0003016789589704717,0.00022049100012954323,9.551803665050902e-05,0.0001802820695424262,0.0004981088025250323,0.0015768735718667643,0.0006924398704168719,0.0029634216436032106,0.00017921481246043142,0.00023225299152427982,0.00016165087334821083,9.463074584324533e-05,0.00014787744609468236,0.000160344504262762,0.00010692335146247435,0.00011050056354398233,0.00014670934540111723,9.121353310186479e-05,0.0005503988115741201
2024-12-23,7.601616198200174e-05,0.0001482713117460634,0.00020166034935567578,0.00010486318413236955,2.9485221633448552e-05,0.00014160048871867965,0.00030301113079661166,0.00022208379319497155,0.00011400410931305132,0.00017866620691525748,0.0005451775454429677,0.0016376516613334719,0.0007091605842093785,0.0029689159581649835,0.00017897502460239247,0.000245340788407264,0.00018168898238345467,0.00010603517137181188,0.00016418476880127627,0.0001755415421771194,0.00010898625972214046,0.00011292815062953674,0.00015282241383409286,7.869204789106339e-05,0.0005416716443179528
2024-12-24,7.639852734788621e-05,0.00015271294471328465,0.00018948846628401327,0.00010948012805682682,2.9867607090954443e-05,0.00013904343281989935,0.00030313024128714085,0.0002076368442154823,0.00011427584328190248,0.00017816648912921085,0.0006155115991022692,0.0016624467817585298,0.0007048546036003988,0.002694884721020541,0.00017729152048454746,0.00022140040964864653,0.0001731486100659292,9.760529606617682e-05,0.0001500692035812373,0.0001734132703378703,9.751800406494284e-05,0.00010651558408280062,0.000165889621049171,7.95495319490125e-05,0.0006487279911704658
2024-12-26,8.256516758958916e-05,0.00016250638202177303,0.0001754875575744687,0.00011043837171761219,3.034345246397282e-05,0.00013027434944942157,0.0002905143487079073,0.00020007130978601405,0.00011950891587239643,0.0001775082372631009,0.0005577640345513779,0.0018621020067948126,0.0007128304345548701,0.002737045819747546,0.00018104697718700934,0.00020126892032787538,0.00017376061987517508,9.835844464970102e-05,0.00015170679782134858,0.00017272550835825568,9.814037715418525e-05,8.543659080374515e-05,0.00017260394766765923,8.18560310546509e-05,0.0006565381403414139
2024-12-27,8.193749076482098e-05,0.00016239489735214306,0.0001687165230642125,7.468355584642251e-05,2.200244630810482e-05,8.379101634584182e-05,0.00024247214162419886,0.00015553890631821748,0.00011085237987735337,0.000176926920396048,0.00045827914674408804,0.001789911011926724,0.0007013441017462638,0.0027233391860598116,0.00015931910697187233,0.0001787378212714683,9.457020877865194e-05,9.638391927991265e-05,0.0001496819904335432,0.00016264857930462748,9.748541922640548e-05,8.61141968787153e-05,0.00016670316867351602,8.13564431015174e-05,0.0006401090124762564
2024-12-30,8.65849939962766e-05,0.0001706316197777328,0.0001775518265918184,7.756628539260259e-05,2.2615956596551896e-05,8.618851551150059e-05,0.00025129956370922987,0.00015824881803059015,0.00011578584241978949,0.00016774916334739472,0.00048025160627069696,0.001930865416693409,0.000732859397228394,0.0025659518529758305,0.0001592179553472089,0.00017925287805750146,9.476443227480975e-05,9.913870985180147e-05,0.00015321659220996395,0.0001673520829708845,9.82129173980999e-05,8.052111853698972e-05,0.00015297232209925493,8.448120628536916e-05,0.000607407652521717
2024-12-31,9.329428346391459e-05,0.00017702722969823378,0.00018071172810094681,7.846437857657046e-05,2.29017749320709e-05,8.647750016742217e-05,0.0002509407195746791,0.00016744479682434543,0.00012553206175771158,0.00016991459636441194,0.00047354401556040014,0.001978707667119065,0.0007616629289446029,0.002461187109137049,0.0001591582524200388,0.00017499470163835236,9.833692906768317e-05,0.00010406949534055599,0.00015643547695021797,0.00016645484177901793,0.00010414870151503948,9.202638474905723e-05,0.00015868900855714165,6.83291765732631e-05,0.0006280315661763777
2025-01-02,9.192130607818944e-05,0.00017682134072592699,0.00018000447735029608,7.426766872036192e-05,2.116577320296865e-05,8.455377242823081e-05,0.0002359440910647321,0.0001724784272460938,0.00012262193580909837,0.00017323820750665862,0.0004791301395195993,0.001966778902035258,0.0007620924185016738,0.0023768257296181827,0.00016746121688851395,0.00017308066038901627,9.724136608385113e-05,0.00010399501539136067,0.00015657638243477475,0.0001694867143504035,0.00010813095193820217,9.262247294758264e-05,0.00015653611587261387,6.960482180653666e-05,0.0006355232037835282
2025-01-03,9.207713869985514e-05,0.0001706095893415108,0.00018002728933647996,7.436480968711424e-05,2.1031445275675092e-05,9.029458639947378e-05,0.0002625533241451297,0.00018692391008544263,0.00015641004096062847,0.0001589165672900874,0.0005263611154249058,0.0021191369487189634,0.0007270789921245892,0.0024213901473221565,0.00016865145193027597,0.00017249033082650586,9.376356561179697e-05,9.88754791421671e-05,0.00014593370315916552,0.0001620384187396862,0.00010897676836974726,9.778185000084168e-05,0.00015723583147913992,7.04690246439795e-05,0.0005687061500473
2025-01-06,0.0001005206975987788,0.00018452597194587014,0.00018917855981706098,7.081361736730015e-05,2.064534973763529e-05,9.348665038014527e-05,0.00024601192415242725,0.00015366441770566143,0.0001478116232064413,0.0001659336957385242,0.0006228555569111525,0.002446488083274283,0.0008615972953759571,0.002535180508469235,0.00017339074347592792,0.00017565265744691615,9.153619245615516e-05,9.916757935243543e-05,0.0001541664667052871,0.00016995625330053034,9.523015607938621e-05,6.740381100379632e-05,0.00015652900474537657,6.895953011437857e-05,0.0006500342710138992
2025-01-07,0.00010022897130817456,0.0001834094006480681,0.0001884868749789248,6.565571140372539e-05,1.9731123631485815e-05,9.306742401151668e-05,0.00024680690567110346,0.000143124015622545,0.00015016155478166652,0.00016082335169030772,0.0006212003148213532,0.002428158661395882,0.0008364140728582669,0.002491720287476445,0.00014188402078121716,0.0001757006896311298,0.00015251960573999153,9.891142756597518e-05,0.00015362158180985195,0.00017872455053683845,8.744006429412402e-05,0.00010960386784144007,0.00015383797041788988,6.784106839247121e-05,0.0006981184771452579
2025-01-08,0.0001071579918227116,0.00020074103877873778,0.0001844954590666021,7.247685815939358e-05,2.0895514381944078e-05,9.17763580668815e-05,0.0002473422476246592,0.0001481915825324559,0.00015734401817807468,0.00016227574111163108,0.0008467989589758415,0.002466918781028224,0.0009103576857251726,0.0028312059474934798,0.00014646617266772004,0.00016917579360836024,0.00015357368886912947,9.870817528678154e-05,0.00015468906988209057,0.00018341290217605948,0.00010246072129915973,0.00010913595684543835,0.00015197763279388443,6.738808937487077e-05,0.000695870441738424
2025-01-10,0.0001070782820380652,0.0001963954446882118,0.00018493122615401006,7.244589442833335e-05,2.0756637856150357e-05,9.330803350000726e-05,0.00024117799438079634,0.00013854766852314452,0.00015753057196879824,0.00016348858453460382,0.0008286091097382169,0.0023188407426657453,0.0008188434967202793,0.00258205095129093,0.00013050719934906688,0.00017073117371137772,0.00015550896140986695,9.930423214607454e-05,0.00015150303569563966,0.00018367344693722828,0.00014362773573235824,0.00010173529439447191,0.0001574554340937485,7.907524277473946e-05,0.0007807968626396242
2025-01-13,0.00011858087351148758,0.00020672811513099652,0.00021066922782652124,7.017065544144209e-05,2.2229003761436848e-05,9.292806596624549e-05,0.00020872653717205484,0.0002270617954597171,0.0001761597775085528,0.0001715162609229237,0.0008428400075216232,0.0023187375178536614,0.0008183498294025436,0.00202146455365468,0.0001312703205834912,0.0002083327350936361,0.00015375984657568393,0.00012156697011478501,0.00015003901321638424,0.0002166662628319001,0.0001435410489165874,0.00011149892492834677,0.00014536658513553585,6.633668839555994e-05,0.0007311722034721669
2025-01-14,0.0001181813319243116,0.0002066575522846342,0.00020984188338279774,6.895937825194215e-05,2.2543977122627416e-05,8.903871354334538e-05,0.00023980141109487636,0.00024736928389004103,0.00018114853259403686,0.00017048282933791444,0.0008237089921084792,0.002300053834784251,0.0008206717247956341,0.0020316055288744257,0.00015245227825243997,0.0002235231077607439,0.00020724603317368278,0.0001243716527802619,0.00016681245669267875,0.00021313672066671866,0.00015870253638797306,0.00010753738172481362,0.0001560681932552674,6.779186171089272e-05,0.0007056719988045821
2025-01-15,0.00011503734380653473,0.0001894650286845406,0.00021572685361861325,6.416540019631212e-05,2.2208716701487503e-05,8.56094112243799e-05,0.00024394023964893465,0.0002109693126389148,0.00018093561899363073,0.0001623990396056373,0.000778134437889846,0.002134841981185278,0.0008003483289275855,0.0019715984596483855,0.00015855982249554507,0.00025688413779478337,0.00019161618510174817,0.0001324399893919485,0.00017602655000621082,0.0002173551607653975,0.00014212155803866854,0.00010421369307376143,0.00015865138255823463,6.77393869405947e-05,0.0006926244811560178
2025-01-16,0.00013137116775693573,0.00021550091642087786,0.00022711662841865305,7.197658395360231e-05,2.821746311864651e-05,7.670770421091592e-05,0.00023834819038510272,0.0002674942025849149,0.00019979033934829213,0.00019729444435535824,0.0008282494010271044,0.002448462937608428,0.0008733307366644103,0.002269477575923858,0.00016677863521310845,0.00023701381513672768,0.00017884001725493242,0.00016606687503216075,0.0001931848965266095,0.00021899878240930323,0.00014183931135291713,0.00010414015279463627,0.00015600962833854935,6.74065393832177e-05,0.0007508606013799089
2025-01-17,0.00013157194170052708,0.0002150237207659276,0.00022474207973338192,6.677680299465554e-05,2.6715829136614646e-05,7.120081990571313e-05,0.00022462479965745184,0.00027275815264413177,0.00029289585155692127,0.00019677173522031222,0.0008213443566301615,0.002413860581003819,0.000870944726419281,0.0022980336264240434,0.0001682406075714788,0.0002492828096021893,0.00017995075890713246,0.0001684509064225546,0.00019394208612702048,0.00024155175084788428,0.00016151124479758133,0.00010560161295155097,0.0001551819384463593,7.123987754259904e-05,0.0007147808607682423
2025-01-21,0.00013604301036975353,0.00021916986216173248,0.00022387896294358446,6.644946169835896e-05,2.6664083537927224e-05,7.243286157430039e-05,0.00023752599308933227,0.00027156530138111557,0.00028853752147369615,0.00019766522825471098,0.0008567239220063014,0.0022692168466591045,0.0008460111670357959,0.0024117312111520822,0.0001444603649534491,0.00025947646675034315,0.00018067045221354798,0.0001721308237972246,0.00021368978137263964,0.00024089682260775846,0.00014297044484543547,0.0001064300805229591,0.00015549977790720916,7.044034435110211e-05,0.0007493325826977339
2025-01-22,0.0001396561312450528,0.0002199758213428401,0.00023643575694817204,7.046968860890683e-05,2.8499171911626857e-05,8.455380414524311e-05,0.00025059756169105426,0.00028620903932667153,0.00034102925331382604,0.00019555103708328013,0.0008759625202922856,0.002201116782847018,0.0008993437238063633,0.002405273525684015,0.00014283531231588651,0.00032330123364388285,0.00023668133505183277,0.00017316485569717695,0.00022429398265593959,0.00025849932774142214,0.00012908435978499025,0.00010592909969395658,0.00016198600578717426,8.014748277969925e-05,0.000742169379921757
2025-01-23,9.124452891772541e-05,0.0001548817602990743,0.00012649634532638782,6.33044715620624e-05,2.0526341550297606e-05,6.544108412088021e-05,0.0001830226458594906,0.00028876311996581846,0.0003169063542902566,0.0002050049065977643,0.0009717614207711098,0.0018170656789964431,0.0006138904042350475,0.0017734667114255084,0.0001119848910492306,0.00026669738107426073,0.00023354749287599408,0.00012380395088202635,0.00016066196018512334,0.00017817075179068684,0.00014306835591840444,0.00012170437390142672,0.00014067643800380456,6.806800048598522e-05,0.0007029755095894882
2025-01-24,9.286180296661364e-05,0.00015403779864775393,0.00012654448305976762,5.388920498838569e-05,1.9020523612942732e-05,6.544042934890831e-05,0.00018015929293122474,0.0003004306876582223,0.00031426217077235036,0.00020503922809269736,0.0009616345176215614,0.001814976545706705,0.0006170317410516574,0.0017482789157975429,0.00010895902604405931,0.0002877069020820213,0.00023194005539417108,0.00012491086223788132,0.00016139438139193676,0.0001678072899410581,0.00014428637965263334,0.00012565870465011997,0.00014264169644297392,9.060466971233121e-05,0.0006805032800826213
2025-01-27,8.552364782894065e-05,0.00015165652075209285,0.00012220932525181948,5.322343527447436e-05,1.8384002021736584e-05,6.164481731960533e-05,0.00016927139063372087,0.00029927457173172087,0.00029608410080000306,0.0002069247319434112,0.0009665469996090223,0.001757892498073137,0.0005948712852060491,0.001734280042879306,0.00010885901143538786,0.0002748605451045623,0.00021150969078561588,0.00011348378131515408,0.0001410526675214805,0.00015316437851316104,0.00014227759842215174,0.0001253138886832172,0.000139648284481984,9.420853022755022e-05,0.0006802274013871026
2025-01-28,9.46860681968311e-05,0.00019431744621884245,0.00012698985621311412,5.6121438418496785e-05,2.0518197474746898e-05,6.641565416056371e-05,0.0001833709664871944,0.00032387751192315125,0.00034917168776848665,0.0002320099137697145,0.0027880998454455595,0.0017605611922738025,0.000632927025763883,0.001917157560827634,0.00011297121220669113,0.00032911051983257187,0.0002199451024319454,0.00011973791064795422,0.0001412427504522004,0.00016194587826009492,0.00023048088660691622,0.00018566461269343162,0.00015752646897995002,9.846499434114914e-05,0.0008106936836247863
2025-01-29,9.200338555517463e-05,0.0001961714637178252,0.00012271590244564072,5.517175827420118e-05,2.010176709736494e-05,7.0267047396335e-05,0.00018538928364659013,0.00032804169042785096,0.00041258517492997955,0.00027226118104424827,0.00318755299863999,0.0014848811738549864,0.0006101071594900811,0.001831339253874416,0.00011409362332803644,0.00033498653882602363,0.000727099624211161,0.00011240544250559787,0.00012795851433964714,0.000167628551246074,0.00024461663755499113,0.00020772119605510372,0.0001220943077244596,9.87927994679646e-05,0.0008036970342711117
2025-01-30,9.310857160543185e-05,0.0001963396587947425,0.00011730846509366604,5.5382649796832606e-05,2.0146624222180147e-05,6.859861503141604e-05,0.00019400429642220417,0.0003357058710166663,0.00041319652099200784,0.0002784035055736282,0.0032833474785349853,0.0014961269199958358,0.0006101772016919913,0.0018682353475922486,0.00011432897517734893,0.0003379885468010748,0.0007288317208610667,0.0001121109879464512,0.00012755941536570506,0.00017692545158452187,0.00024585708024552977,0.00020488899346332958,0.0001222718317495473,0.00010354889891963447,0.000839781854630433
2025-01-31,8.854482654258822e-05,0.00018752326791156252,0.0001111015747918772,5.2438440929542805e-05,1.9447730011437265e-05,7.836977870678147e-05,0.00021841666315180807,0.0003304575345360029,0.00040648157402207194,0.0004846398292471404,0.00326219858912806,0.0013990553401177985,0.0006048378555437843,0.0018776474919036297,0.00011576108529827038,0.00045957165968686864,0.0007359362507478401,0.00011409920668635071,0.00012602036036072633,0.00018010196765447982,0.00025213979621807695,0.00020687561190876219,0.00012157997766231438,9.943284593553965e-05,0.000848674508425196
2025-02-03,8.289049025552655e-05,0.00017782184212555193,0.00011228523401423453,5.130580999356555e-05,1.901238595079795e-05,7.802433152962763e-05,0.00021293429330830266,0.0003217906313254423,0.00039918768846960084,0.00047491380120930814,0.0033382705282770345,0.0013436546572240145,0.0005662645467021616,0.001856582957435035,0.00015976873832142743,0.0004630835280953394,0.0007314728943790468,0.00011080919866427615,0.0001234336611110461,0.0001790157876312254,0.0002456585751851236,0.00019933986227456646,0.00011510039062634039,9.75251921533679e-05,0.0008553040274689772
2025-02-04,8.46600688454245e-05,0.0001773722482843128,0.00011978324042243833,5.33291990007794e-05,1.87998043192827e-05,7.746125829539353e-05,0.00021386247700012619,0.0003169887495063495,0.0004614026233874204,0.00047702564063808957,0.0033533575261699314,0.0014381869000577416,0.0005712006756465461,0.0018427470789015668,0.0001525960327135954,0.0005029411709878343,0.0007446599493517484,0.00011166585614501111,0.00012347280388088752,0.00017513021098469154,0.00024151637246987425,0.00021372615869085881,0.0001254498244819163,9.993675484548772e-05,0.0008568884801950988
2025-02-05,8.677664620241792e-05,0.00018531378896541198,0.00013010748126851394,5.3428803250046404e-05,1.900889906414461e-05,7.274606442740664e-05,0.0002058338973591976,0.00029991829820224326,0.0004463654255456702,0.00047505861336595036,0.0033213807504298733,0.0012490766139909401,0.000596171381511556,0.0017857793709773234,0.0001688212867780329,0.0004992567890151985,0.0007422805703553881,0.00011162820608748677,0.0001243707683234106,0.00017081764621907123,0.00024673514919126935,0.00020900358453865224,0.00013288436892119258,0.0001007676334949398,0.0009664678279177402
2025-02-06,7.92179119315219e-05,0.0001720067685293761,0.0001245821420578109,6.755166486750729e-05,2.135800344447988e-05,7.143108594357733e-05,0.00020672463125240615,0.0003096871049391448,0.0004462540401000325,0.0004682992110726822,0.003358584612194464,0.0009804672886324205,0.0004645297780404925,0.001663278702025688,0.00016432475037180824,0.0004965468038976485,0.0007461319192608408,0.00011429447233394075,0.00011896629323076595,0.0001721382923035531,0.00024998016245957283,0.0002090523525726041,0.00014395434767843453,0.0001335599879791229,0.0011145604606594207
2025-02-07,7.80703280494665e-05,0.00016633985649302662,0.00012516060857583824,6.646452351964158e-05,2.1193298100800038e-05,7.173351326130549e-05,0.00020174476292085782,0.0003100993327454109,0.0004443519046675942,0.0004642166567003547,0.0033467132791897476,0.0009860806438147316,0.0004543059584645893,0.001474247128009407,0.0001820563066115976,0.0005146663321662889,0.0006855919147345607,0.00011753080713307851,0.00014826988284758752,0.00016331290968190745,0.0002524485052900463,0.00016671336857579928,0.00014195721052739742,0.00014412430995817832,0.0010708432834045617
2025-02-10,7.562350029725789e-05,0.00015740995531923554,0.000129054302575937,6.171704607347825e-05,2.1066408978435636e-05,7.017936088573532e-05,0.00020901408567596045,0.0003048482539190311,0.00046940050472069777,0.00046695826268470565,0.003125512135540076,0.0009572361795194878,0.00037736540002868726,0.001091782171191619,0.00017664380234690298,0.0005150848326554589,0.0006892241398854156,0.00011895330589916762,0.00014410480470275312,0.00015889439972288476,0.00023558567583635334,0.00016727630083913234,0.00015463392100072184,0.00015027966148560416,0.0010857239309598485
2025-02-11,7.801542191940449e-05,0.00016533659846073773,0.00012903340919649935,6.212981274549188e-05,2.09295865060047e-05,8.408952069763217e-05,0.0002105227636125534,0.00032010714074089824,0.0004692539518489031,0.0004674716820653714,0.0031694391125559607,0.001008318349769929,0.00037734822787353954,0.0011002875411178948,0.00020256424455169792,0.000513709078382562,0.0006872371940496848,0.000121810529848466,0.0001607013640182,0.00015852705153501312,0.0001972191029536845,0.00016631253960404437,0.00016467493874575758,0.0001496635884520496,0.001018640814502435
2025-02-12,6.508464810526926e-05,0.0001519678845323683,0.00010376924297508565,6.197031613981104e-05,1.9379231754784355e-05,7.986668989124619e-05,0.0002099172536793783,0.00022896031373647902,0.00046219549121271844,0.0004579790242157586,0.003120544792022578,0.001243102316770057,0.00036865471981098203,0.0012289396975568962,0.00020518586637771098,0.0004703029788081238,0.0006874307971866269,8.949096998897608e-05,0.00016218570033468222,0.00012613865674662798,0.00020522247940961015,0.00014657809614552299,0.0001564900713386655,0.00014431658407974488,0.000890084061338783
2025-02-13,6.55234040023184e-05,0.0001514193110631851,0.00010825839558929857,7.21861973241162e-05,2.054235346805396e-05,7.44492796980344e-05,0.0001862758750246619,0.0002429397001228439,0.0004742258543578613,0.00045888277039668793,0.003107488479086033,0.001249622607104438,0.000383880503423759,0.0012283051961899743,0.00021406060647400586,0.000457976908443494,0.0006472057360102225,8.735434189090861e-05,0.0001447305981865767,0.00012270869436589713,0.0001914350847696306,0.00014645048110457828,0.0001492918975896758,0.00014300425417201104,0.0008851896106487182
2025-02-14,7.145979983641194e-05,0.00016254197153053537,0.00010813620188758153,8.692269355527544e-05,2.375653332956081e-05,7.822303983115038e-05,0.00018288672375240512,0.0002404285052901923,0.0004937549468406266,0.0004588868820247372,0.0031539010897919874,0.0014056339210182778,0.00044191186594192474,0.001573243245937103,0.0002108794662377459,0.0004257442124897499,0.0006617913563058024,8.144877400286883e-05,0.00013564543501968485,0.00012359816993204537,0.00020011232070055686,0.00014861769618927396,0.0001561163179056252,0.00014358962233992353,0.0008791420835242725
2025-02-18,5.366475305544726e-05,0.0001351716857622523,8.740683583494876e-05,7.246183307342391e-05,1.6828330543195302e-05,8.746884329447168e-05,0.00014272546292600302,0.00018682860846923753,0.00048170011578649703,0.00042535740254376564,0.003129622809459054,0.0010782994743265765,0.0004206928425058104,0.0016540695843549969,0.00019993891003147757,0.0004214743101027844,0.0007013055256960678,4.695287352126617e-05,0.00011481522749917573,0.00012296105763671383,0.0002026846839740226,0.0002785078753934611,0.0001592300274448139,0.00014639813726267175,0.0008274597960221539
2025-02-19,5.393244908351381e-05,0.00013274560470917797,8.882633836249386e-05,7.958029629037454e-05,1.7528596734018385e-05,9.964548231439689e-05,0.00016476556102786044,0.0001836815352603602,0.00038858435797037164,0.0004249311196442263,0.0031090263362196406,0.0010155261095584269,0.0004241988859156619,0.0016930029711043405,0.00020716565314863225,0.00040938021456961494,0.0007080074140611053,4.730728341520784e-05,0.00011965339798547806,0.0001010476913957331,0.00018265862732365592,0.0002900748485916753,0.00015956239704464483,0.0001353762643843696,0.0008244543946101109
2025-02-20,4.877019710446959e-05,0.00011740860014924889,8.845602624744883e-05,7.950326634291037e-05,1.750670468509829e-05,9.81115750398274e-05,0.00015230109931930704,0.000184475952443421,0.0003856445631112504,0.00042745990016332185,0.0030580843710328403,0.0009834862260964445,0.0004197940624300152,0.0015952108271445743,0.00020730427330754072,0.00039866453000640196,0.0007110012809961793,4.345435737017301e-05,0.00010012548629494426,0.00010105483126707994,0.00020009786931672084,0.0002914684582391552,0.00015713583418955183,0.0001482513953283376,0.0007904401788800367
2025-02-21,4.517551556630317e-05,0.00011652671945746285,7.371707716984693e-05,7.592320235218866e-05,1.5990081388686417e-05,8.519522545256378e-05,0.00014042466468912042,0.00016908420950482393,0.00032886766329259776,0.00042890098689298933,0.0030327725534695666,0.000997959798579937,0.0004054218449074187,0.0015977321135155857,0.00021038987881704757,0.00033768205557371133,0.0006579788325682738,5.272470937375536e-05,0.00020200539365938547,8.342186690030661e-05,0.00020390371438867036,0.0002917565911116444,0.0003984570928421183,0.00013781237067053294,0.0007890918294969227
2025-02-24,5.975356278108713e-05,0.000131775027981036,0.00011815249952434819,8.2319944527678e-05,1.6116676143402687e-05,8.380491713112182e-05,0.0001484259600126842,0.0002194825314391168,0.00032738268518220435,0.00035940260894372236,0.0030236259122092533,0.0010990117934129946,0.0006040115611854015,0.0020036421397177724,0.00021610104553719103,0.000375765380583102,0.0006531052533471369,6.0089705020228206e-05,0.00020706715359155084,7.187724257306912e-05,0.00019730374673191466,0.0002905562542481628,0.0004334094783487205,0.00015404048875353898,0.0008292547919063279
2025-02-25,5.9270255077226336e-05,0.00013924985265433964,0.00011988744895886643,7.94473241659795e-05,1.6374481808229397e-05,8.530080673373769e-05,0.0001443287599509615,0.00021036631344063873,0.000329519417887548,0.0003652165169140238,0.003077415956463753,0.001122549031629285,0.0006177386655289315,0.002074372514028299,0.0002149622246409914,0.00035017761698077134,0.0006522265552931796,5.93123084806409e-05,0.0002061589285872202,6.977861939715471e-05,0.0001967518103834072,0.00028676005107382496,0.00043890294728405444,0.0001607401243675991,0.0008614996560432
2025-02-26,6.016332728101708e-05,0.00014629492606844306,0.00012025026055977313,9.436034065327416e-05,1.9342157243368878e-05,9.284814345616385e-05,0.00016695109592512,0.00024196516013227356,0.0003286715628124037,0.00037595382822122933,0.0030664524258725676,0.0015320308941302022,0.0007729038099654772,0.002313091176003982,0.00022133653557145314,0.00035526228650510796,0.0006708073770931932,5.8836526003335015e-05,0.0002178381272428543,7.729793239694065e-05,0.00020778950630044073,0.0002929257544590971,0.000530041003808736,0.0001572244104966225,0.0009452596497729347
2025-02-27,4.90628521991156e-05,9.880510082133391e-05,0.00011526577309132865,8.8712141371977e-05,1.6988460687474463e-05,8.698472606943878e-05,0.00015327639985384468,0.00021813004752739714,0.0003162214800369764,0.00035149656375070093,0.001244228712905061,0.00159141740219175,0.0007381145644127989,0.002048781020461484,0.00021712952516985375,0.00030086190366864407,0.0006742964394265833,5.252305490537236e-05,0.00021863312338558474,6.86465447433014e-05,0.00013623317825196008,0.00023594469359428102,0.0005016279570324495,0.00015871360197655728,0.0007107617427734874
2025-02-28,5.923304513023221e-05,0.00013045552313859724,0.00012813863621203555,9.144263366338299e-05,1.7851327815891117e-05,9.58318428228547e-05,0.0001706189327907197,0.00023056539793678794,0.0002546648578843963,0.00032457065619868994,0.0012737254803754012,0.0016434185642645869,0.0007782009367223198,0.002064526461867515,0.00021370100661428725,0.0002961776649996832,0.00017335647454094934,5.400630363398152e-05,0.0002174051424732975,6.143157308895261e-05,0.00012209439470148146,0.00021339430443112036,0.0005036053461126502,0.00015369891623194377,0.0008515025251740769
2025-03-03,7.125904841976794e-05,0.00014370540814722562,0.00013398512643427937,9.935344380853877e-05,1.8813609922919635e-05,9.71845896312444e-05,0.0001614803052281734,0.00022018672899714535,0.0002731705703334379,0.0003249951313667849,0.0012607011684941916,0.0016954897835621766,0.0007980075433301303,0.002072318654250748,0.00022640302657105175,0.0003003999299365306,0.00017500429416452293,7.660177827964514e-05,0.00024221255551655502,5.5650202523504766e-05,0.00012403871728011983,0.00021979671518192252,0.0005223552436127358,0.00017574529839593388,0.0008108471180990958
2025-03-04,8.679867902067185e-05,0.00016952294842749802,0.00017048417334680765,9.977370849870128e-05,1.9086521297464356e-05,9.420007433628628e-05,0.0001392057517595086,0.00025602179550545014,0.0002839628262940142,0.00012773105950138173,0.0017104704226848537,0.0016971057609715162,0.0008805869156495199,0.0021262916240075455,0.0002942570619380318,0.0002447390231628773,0.0001740947312346678,7.557607946241725e-05,0.00025302179711679757,4.80956707967443e-05,0.00012715981019010037,0.00022255069466340876,0.0005207461077478978,0.00017985181164255842,0.0008167275883796632
2025-03-05,9.300403715290116e-05,0.00016990737692711296,0.00017311483843138496,0.00010580641876665105,1.910093731382086e-05,9.809351772815047e-05,0.0001403614430680191,0.00025536471986590886,0.0002857940732615685,0.00012773472802031215,0.0016491466769442723,0.0018032272828802595,0.0008750934999588911,0.0021221813974571305,0.00025542895667249674,0.00025393653100208325,0.0001739201932215746,0.000143948504308763,0.0003426417132105841,5.5224885065008436e-05,0.0001327858160851547,0.00022903645204942858,0.0005599447084093428,0.00024290010680386973,0.0008182184292679263
2025-03-06,9.676586746219151e-05,0.0001755578387922452,0.00017087673596143866,0.00010572433471278808,1.9529280671961887e-05,9.677855793537013e-05,0.00017625247975519318,0.0002923628574378356,0.00022086746666960657,0.0001763455072684541,0.0016105970367458096,0.001684825426883368,0.0009024166700314635,0.0022040298496763372,0.00026513585328476934,0.0002822877676381438,0.00019485001824112732,0.00014487054138796434,0.0003438827193503093,6.171962853402532e-05,0.00013278045475632283,0.00021774038009481346,0.0005553998136493556,0.00023955948430995474,0.0008110783067014393
2025-03-07,0.00011188478060589487,0.00021001779681432912,0.0001735378412881105,0.00010581333379419388,1.9855879179194845e-05,9.294006700892761e-05,0.00015687558433820521,0.00029239697306851346,0.0001973636038617763,0.0001815345545963517,0.0017861120421730646,0.0018407077441948505,0.001003012462860827,0.0022717271605396825,0.00024203625374937576,0.00028523364996960545,0.00019434818775603409,0.0001597850788266192,0.0003648929298896845,9.87072063744862e-05,0.00012762340339394175,0.0002169789004476743,0.0005579653708574136,0.0003090089559197346,0.0007447317303996068
2025-03-10,0.0001126988459213365,0.00021183475063831983,0.00016770151830570478,9.169422437692178e-05,1.73409864813357e-05,9.08564835218227e-05,0.0001564197723306662,0.0002835166485116345,0.00021086829699812972,0.00018575881064618444,0.001664683024774736,0.0017684183309790722,0.0009984636189213378,0.0022648129596504717,0.0002575380473591722,0.0003207434943368327,0.0002274344412231557,0.00015526927612793782,0.0003768442828157878,9.000723602284516e-05,0.00012576743881667366,0.00021845184486729457,0.0005966035606592168,0.0002757342018841065,0.0005270657294077139
2025-03-11,0.00015195131928429063,0.00029591104610858206,0.00020264881233152503,9.758106082261118e-05,1.779026353362652e-05,9.470628017298824e-05,0.0001710101151090908,0.00029503970155526617,0.00034553503076554116,0.0002470457801112455,0.001762223958242748,0.0032999371306044766,0.0014414921252776502,0.004294216172048542,0.00024166049170349299,0.0003142868156803909,0.00023429183278524693,0.00017960016785221883,0.0004447223428786862,9.479117895675361e-05,0.0001245548048202716,0.00021858912483852823,0.0006992034893858823,0.0002948469546476983,0.0005883777534236259
2025-03-12,0.00015113650377548044,0.00028740130920918463,0.00019520751975812063,9.80952457473452e-05,1.910094376298426e-05,0.00010197657300966501,0.00020850787236936203,0.0002968218319074777,0.00036136057568694497,0.00023523573404440903,0.0017727257843126352,0.003310657475395201,0.0014440555201645573,0.004529057976872794,0.0002451462808985331,0.00032708843522467337,0.0002554126681609773,0.0001819211378690002,0.0004536176877164682,0.00010177833436411516,0.00013086591609235259,0.0002346843884776733,0.0006850211537437232,0.00043375397858596914,0.0005572352408992357
2025-03-13,0.00015016169851070831,0.00028636395215010245,0.00019426329772435355,9.95586699280865e-05,1.9578981911100112e-05,8.7557445739586e-05,0.00021072958376383612,0.0002938903666977898,0.0003783108168016115,0.00023624423578784239,0.0019413067170171705,0.003552833837333546,0.0014902181398645225,0.0045056855352787525,0.00022031090974478882,0.00032818988944244195,0.0002651630508201605,0.00017858391321270078,0.0004386320025402081,0.00010229417418157976,0.00014632558781713063,0.0002766943120757095,0.0007054229853085532,0.000426658854877015,0.0006091281157782161
2025-03-14,0.00015999255861385322,0.0003041012412023635,0.0002047726474584087,0.0001014935733744561,1.9850205349701275e-05,0.00010378827832682456,0.00022408239529950625,0.0003016725917938133,0.0004169050146368276,0.0002436866084759317,0.0019395811088939949,0.0033683896898806524,0.0015935981224247742,0.0047019528311222185,0.00021935336399937148,0.0003390704030920058,0.0002752941530963803,0.00017987195299213154,0.0004350047572803807,0.00012301858389543663,0.00013824315905435692,0.00026982317250912594,0.000708098551169251,0.0004467946740543484,0.000647186409788259
2025-03-17,0.0001823136075383969,0.0003353185474813843,0.00023133801847229258,9.281450433343668e-05,1.825384785454735e-05,0.0001037370406810243,0.00021669459189494787,0.0002714235445376089,0.0004167115489320156,0.00027747312281718045,0.0020753110163431922,0.0034153202084893602,0.001657071789298064,0.0047075894285851985,0.0002333088450936516,0.00031386454743090005,0.0002610136339988462,0.00020799998581786226,0.0004898381486704091,0.00013982209815794098,0.00013660008394977689,0.0002705236978308581,0.0007068812042668743,0.0004645462873588744,0.0006907046781907307
2025-03-18,0.00017950502845925264,0.00032643375880267314,0.0002330707943083429,7.928781734416569e-05,1.5195370970228841e-05,0.000100058346675715,0.00021636106259036487,0.0002733041679678751,0.0003962379764634845,0.00027674649408426143,0.0020394010466236725,0.0033746120110217737,0.0016115016850670229,0.004401778896029157,0.0002439120173698545,0.00031688788627201565,0.00024655363051565823,0.0002130856449932087,0.0004915294565004343,0.00015012145257898868,0.00012771942593137306,0.0002727617278436772,0.0007291077790149267,0.00046684997140592453,0.0007586156726834808
2025-03-19,0.000185971895725345,0.0003416625740889496,0.000237204877535048,7.781166040876213e-05,1.4679362154509509e-05,9.51383719329359e-05,0.00021502629794731916,0.00027283978548022024,0.0003895666415165914,0.0002851491110671794,0.002069169269260304,0.003539272687480064,0.0016169773444585716,0.004120494241111989,0.00024318162394343197,0.0003335158611462637,0.0002076793251397752,0.00021296305460832658,0.0004925548021265849,0.00015048410833069228,0.00012909118102148284,0.00015093727374276906,0.0007495773997505284,0.0004640251537528448,0.0007573093069385391
2025-03-20,0.00019192636152367325,0.00035105791520992726,0.0002486038631813991,7.158721594429202e-05,1.5663021772962467e-05,8.128441766259422e-05,0.0001931164157340828,0.0002611052105376259,0.00039732958146751084,0.0002914774698207754,0.0020859465464411592,0.0036526481393866677,0.0016876909027344518,0.004167902834788812,0.00024744522213378776,0.00033506551409686973,0.00019943626513854214,0.00021675912512092362,0.0005012759990664014,0.00014947204152957217,0.00013232409006007424,0.00013925889087810681,0.0007532930246441343,0.0004658366776729006,0.0007882536009808027
2025-03-21,0.00019208258477381723,0.00035168496593711545,0.0002501769549725006,7.152560994454729e-05,1.57639815185252e-05,8.135753295293763e-05,0.00019615153891473888,0.00027649924443859733,0.0003987275871807302,0.00028334603550496,0.002089875266154584,0.003634962197275959,0.001680278045205517,0.004140088319606331,0.00024479809416345975,0.00033732880262259655,0.00019731561530804845,0.00021686013243082345,0.0005009423468878588,0.00014946403444840184,0.00011350656306738899,0.00013904211210540713,0.0007550463415002966,0.0004627488917710927,0.0007915355813271602
2025-03-24,0.00019113668141090706,0.0003512872915003203,0.0002472123295782706,7.269159162773422e-05,1.5549088918082905e-05,8.492031236061516e-05,0.00020872904639326483,0.0002756616247254139,0.00041826564981378,0.00028888975793955836,0.002090405473200624,0.00376312472214648,0.0016878563562926466,0.004136928354467134,0.00024296023079516002,0.0003308501402161372,0.00038912486108508325,0.0002045155301126122,0.0003935399086541798,0.00015500005023270162,0.00010731106716352178,0.00013947256948082992,0.0005066297540462266,0.00046190688487804914,0.0007927576581051699
2025-03-25,0.00019209110147661848,0.00035300340151741947,0.0002334982036027221,7.060666089391164e-05,1.58989858955816e-05,8.596418116170229e-05,0.00020093999477485098,0.0002331566913016665,0.00042507286855144016,0.0002698480917984397,0.002049359899048279,0.004333084004667645,0.0016256988689683882,0.0039759627544925106,0.00022583223334413,0.0003091315559278736,0.00038991440585884907,0.00021264777638585545,0.00042622154606543024,0.00016244068969248487,9.304366756905675e-05,0.00012407164576990243,0.0004881337604357208,0.00044847183134451253,0.0009928095038805858
2025-03-26,0.00019126763483199037,0.0003470547580553652,0.00023233052798975852,7.014762530887414e-05,1.5589993827416764e-05,8.54142299184188e-05,0.0002225012794595114,0.0002295145013221876,0.0004330170045943518,0.0002654880818009059,0.0019974503645335657,0.0043720540848556436,0.0016064151065456422,0.0039070865017473535,0.0002267431209770935,0.00030895770350832826,0.00040417260256482964,0.00021332067823051716,0.00042783745645617264,0.00016857137310907067,9.950289927198653e-05,0.00013980515041223438,0.0005355662471913233,0.00043023462441302285,0.000962612670047644
2025-03-27,0.00019780548906994191,0.000357139518437118,0.0002372495724057955,5.651658576619915e-05,1.331732950315662e-05,7.579961148025151e-05,0.0001986407568239783,0.0002000882183040304,0.00043845849821823747,0.0002623842193674344,0.0021447248926232273,0.004132162671042029,0.0015698345408672646,0.0038119786809940022,0.00021711110387862746,0.0003044413270508241,0.00038824325183273926,0.00021380448754775523,0.0004152089581719885,0.00016124061165943482,8.94132594340506e-05,0.00015960947859391215,0.0004404038812616906,0.00043191867606622703,0.0009710878839444059
2025-03-28,0.00019817880925228798,0.000358608860785902,0.0002384138848044188,5.508382287709083e-05,1.3155147107984846e-05,8.538336029888432e-05,0.00023358696944731651,0.00019933862080693388,0.00040325193999934565,0.00026136490846459764,0.002096956705807415,0.004043463431511432,0.0015823350757609934,0.0038548843712246698,0.0002205351414518909,0.0003059688322702067,0.00037716843402860016,0.0002137658225600429,0.0004210657050115391,0.00016063431092385103,7.522328630067044e-05,0.00016507531859898282,0.00042879110173832695,0.00042502060669017034,0.00102641883204915
2025-03-31,0.00020666457385437015,0.00035415284948468474,0.0002485801228762435,6.266480850410058e-05,1.4164139121816969e-05,7.545442637111737e-05,0.00021993404496889127,0.00018408788533138455,0.00043400632776560336,0.0002946310280169755,0.0016810414563493128,0.004060968612870587,0.0016159999340733988,0.004187021075053989,0.0002201905028881003,0.0003480463515583255,0.0003705086848487209,0.00023297992820398025,0.000446249982601384,0.00015986403724588987,7.504662172711169e-05,0.00016513403037089855,0.0004284741411616298,0.0004553176115296904,0.0009412551959794239
2025-04-01,0.00019598440151426502,0.000340709574356619,0.00024370699527649626,5.9811897187221794e-05,1.3314035246600001e-05,8.44282378289069e-05,0.00021938804106032384,0.0002461176554648876,0.00043458203162710684,0.000292118797664106,0.001605703465179259,0.003995776962270651,0.0016257675544928114,0.004128244007180785,0.00021381168952367387,0.0003407460044279983,0.0003739112312659105,0.0002183940855480239,0.0004267192330861316,0.0001605995527659368,8.082466554277193e-05,0.0001696517338039741,0.0004605229742080734,0.0004307601486416902,0.0009417698905384751
2025-04-02,0.0001793113551504911,0.0003174314999011388,0.00020160527353499478,6.270151508152501e-05,1.3466279747156915e-05,7.525347524786186e-05,0.00021383914111276246,0.00021084864666416799,0.0004220141883188012,0.0002841145283579146,0.0011670998551009098,0.004018285411795338,0.0015064073574563488,0.004017570589576058,0.0001464105678728671,0.00027303344707023446,0.0003685008949763822,0.0002145466747165699,0.0004162890944486,0.00015941343870699154,0.00041205356162059905,0.00016419464079128098,0.0004621977155740394,0.00043231738439838296,0.0009269459477582993
2025-04-03,0.00017372609766769823,0.0003198271538870614,0.00020796698032559955,5.4316172448628185e-05,1.3162071249807714e-05,7.137658353856719e-05,0.0002107163634939839,0.000214828445434521,0.00041825080413684414,0.00028411024207946147,0.0011520100548157244,0.004053341543648915,0.0015487615952403176,0.004081537211146383,0.00014133484589019568,0.0002671895107005226,0.00037069551723170277,0.00014801348227259502,0.0003302742399180225,0.00015402443401378823,0.0004154470297088053,0.000155863493088014,0.0004275813440149684,0.00036891356597540625,0.0008919765050902397
2025-04-04,0.0003073260247544217,0.0004764147853971315,0.0004436938472007711,5.194748899641023e-05,1.2597955150049256e-05,7.314864213484749e-05,0.0003885301671901876,0.0004711982575234551,0.0009336110243983178,0.0002613132487890636,0.0015068942361952523,0.004190982713207959,0.0019054915596712185,0.004228414135217391,0.0004955662112206533,0.0006456329394728357,0.0003360088103163813,0.00028581135707243484,0.0006145685976496462,0.00021331346839428098,0.00045913453213226613,0.00016781283845815993,0.00046514764518082837,0.0008827482905587179,0.0013628782640443002
2025-04-07,0.0004890537542333302,0.000658960074097177,0.0005447119196267335,5.776776000314635e-05,1.2128355051482489e-05,0.00010240946772179446,0.0006173722471164936,0.0006794528034824337,0.0012470941493337572,0.000327261383140923,0.0016355469949542371,0.004671672774258356,0.002072191809213797,0.004357778666964216,0.0010051245958886124,0.000836896848474151,0.0004783733590766158,0.0005868761332803248,0.0009239326247172462,0.00028409862828414004,0.000554923720648711,0.00031259202952516545,0.0005792611959885984,0.0010192286669555137,0.0017593060091200439
2025-04-08,0.0004875171343433855,0.0006563386421414467,0.0005486577850935248,0.00010854736764035847,3.320584705766812e-05,0.00012822891318680084,0.0006170171397888834,0.0007155981924015177,0.0013101843393989387,0.00032443234355355755,0.0016817328356078963,0.004708149968640158,0.0020738374649726873,0.004368317086216631,0.0009916905534214384,0.000840990781245467,0.00044191243441997095,0.0005856899092651188,0.0009283113794021317,0.0003208881317266561,0.0005697443119487434,0.00033548629728357446,0.0005286913135155123,0.0010196134984091314,0.001781844605672913
2025-04-09,0.00046125335438647645,0.0005888630378855445,0.0005521531259768532,0.00012254120896691272,4.145412660379482e-05,0.00012560752719997258,0.0006023696457539202,0.0007914819579032731,0.0013179545478598715,0.0002658057428420218,0.0015441209161608156,0.0033090957528122073,0.001714705023590626,0.0023997498458051083,0.001018678530087644,0.000855991661539439,0.0004796409813260765,0.000558416544779576,0.0008367746173540012,0.00035627281481409416,0.0005686777338543865,0.00034262186557182134,0.00045853760170061345,0.001009964602745817,0.0019520831557747846
2025-04-10,0.0010035553348632202,0.001292218983557685,0.0009166217607873596,0.00012161611556024232,5.4145434550946006e-05,0.0001904158680945037,0.0006178645855953975,0.0010180038808771381,0.002383737895773461,0.0007759919862594088,0.0031421468145355013,0.005523075826039744,0.0030092312827275616,0.0034896937988103615,0.0013199000635913914,0.0013284687692548397,0.0005490680690530293,0.0008435011694152344,0.0011557131881650947,0.0005325697700760555,0.0005642875046175737,0.0003578241165861354,0.0009129903351187669,0.0015560449396729995,0.0044519583279437275
2025-04-11,0.001111970296340092,0.0013887754908372808,0.0010173637273093732,0.00016244715834660365,6.975911377469422e-05,0.00022127138532043543,0.0006171159683510352,0.0010621733576044855,0.002469470976050225,0.0008037253536270564,0.003133052896572855,0.00554203773665947,0.003155548311297599,0.0035914056174874147,0.0015686680996641145,0.0014155239101246162,0.0005358294158830533,0.0008873849347788413,0.001207882803515515,0.0005612428508009206,0.0005586004794282441,0.00031860895488953795,0.0008829896646395002,0.0018227217340417256,0.004782928198468288
2025-04-14,0.001119236052982455,0.0013889769615198005,0.0010164715624179767,0.00015986263156655812,6.921663503024158e-05,0.00022388324873237917,0.0006561066013128981,0.0010639427699905184,0.002492044627222871,0.0008147214364077781,0.003184754371270152,0.005491690829483613,0.003075020265403164,0.0033288519938234483,0.001598986393059845,0.0014161129633737631,0.0005565376761946495,0.0009005096783667277,0.0012843867156723892,0.0005475631447188056,0.0005809912819245946,0.00034102679803766636,0.0009104963769685201,0.0018031501254401599,0.004889139904827632
2025-04-15,0.0011014492025454106,0.0013602398346376711,0.0009927104412756087,0.00016108733912428787,7.128142782086787e-05,0.0002256676754873758,0.0006583595030592865,0.001059829303470808,0.0025003462318828485,0.0007792095435141321,0.003040575559205988,0.0054129790254634205,0.0029898883615897195,0.0032775122099527277,0.0015530948654542316,0.0014103816247137552,0.0005558070052743805,0.0008774452389908835,0.0012315638987033248,0.0005489990580194358,0.0005970970390550914,0.00034984354236733775,0.0009282133068237396,0.0017855987899224712,0.004851432879089343
2025-04-16,0.0010986485906639722,0.0013580205431334017,0.0009841840274772088,0.0001604150658033435,7.263301165280071e-05,0.00022556290255113716,0.0006578377696828626,0.0010583030311465745,0.0025002276114080746,0.000780786211907222,0.0030331190263426446,0.005283774560285771,0.002978125890761145,0.003225342562394002,0.0015395402542124272,0.0014199159675942858,0.0005634257410382441,0.0008703293728608722,0.001231858060336245,0.000533800764080491,0.0005983598439693206,0.0003445272991790688,0.0008991071446946309,0.0017836343724576145,0.0047872817296086
2025-04-17,0.0011198528665158642,0.0013931661816582424,0.0009850981217228256,0.00016205640766886448,7.329184330317887e-05,0.0002743439187232243,0.0006654100599698398,0.0010753052000998893,0.0025845232331841894,0.0008470898511256077,0.003243952807166095,0.005259823089617523,0.002965753237797512,0.003147966146892698,0.0015430646002832112,0.0014101868418835443,0.0005764795051877975,0.0008838813894194699,0.0012434560386017065,0.0005323196626407833,0.0005944842339454679,0.0003448960679594812,0.000922911448430999,0.0018226827686805738,0.0051001721258991176
2025-04-21,0.0011135390967540553,0.0013834918536520145,0.0009756789123291563,0.00016490378212802163,7.150327963094105e-05,0.00027448405164858084,0.000667578967167781,0.0011096595107905898,0.0025872544613973116,0.0008461597269926988,0.00327279194340619,0.005145177356610176,0.002891498837245515,0.0030443243394181548,0.0015560404941501534,0.001419269608316108,0.0006178774081507712,0.000877674524472231,0.001232428823299798,0.0005443153174102273,0.0006198715812496167,0.0003781373585949502,0.0009453990318032572,0.0018502900128289316,0.005067752416549486
2025-04-22,0.0011448614089203711,0.0014172460904328574,0.0009959350631311133,0.00018190956970651992,7.780967922357016e-05,0.0003252253013656553,0.0006675129005079691,0.0011005545431651436,0.0026067116572623776,0.0008769024087300745,0.0033855536094014906,0.005336816205426629,0.002904107463965324,0.0030437242721022316,0.001593714508104507,0.0014596542849815508,0.0006227700164381738,0.000903279529113883,0.0012415132841893715,0.0005685869749806832,0.00062054016363393,0.00040459463536608357,0.0009475709818576112,0.0018440386684965085,0.0050912968039053645
2025-04-23,0.0011809835899685068,0.0014534258176923482,0.0010295825813784025,0.00018167656927885875,7.80367747173073e-05,0.00033284207763184623,0.000658973778799491,0.001106989354199923,0.002647782979147642,0.0008944800537704746,0.003405250702857561,0.005303257430010452,0.002932948924778707,0.003413675100196031,0.0016256186397307429,0.0014868548908101064,0.00043136292047605553,0.0009605506904977727,0.001279218709754589,0.0005820350222758005,0.0006213003182828002,0.0004120732234106813,0.0009835441619451969,0.001875109943361376,0.00509257963418412
2025-04-24,0.00117667798475833,0.001455160364592677,0.001008378467062163,0.0001809760914109672,7.808443354957177e-05,0.00036401024367512403,0.0007269993455941364,0.0011154266188081207,0.0026725534431030866,0.000916150216019543,0.0034311737644378555,0.004756901694583884,0.0028749351823163663,0.00320108449061135,0.001618775919548671,0.001483750504754023,0.0004255366624803896,0.0009514488041163259,0.0012684498989556942,0.0005694338559828101,0.0006336121873328839,0.00041902637243656333,0.0009670193523918308,0.0018827542699680073,0.004964320597442158
2025-04-25,0.001200123895196871,0.0014955530049436169,0.0010282104750253145,0.00018699115271014513,8.372415029537356e-05,0.00037439108599304587,0.0007040236514927348,0.0011173673632321928,0.0026806969993211863,0.0009775632966623616,0.0034985539836415863,0.004756733067462792,0.0029699668136115615,0.0033126305712290367,0.001631663516125217,0.0015575276227046521,0.0004139107878200831,0.0009564320096638943,0.0012733024579257386,0.0005632023088644024,0.0006233406425897287,0.0004827206475280879,0.0009166467608724518,0.0019233153098599364,0.005067196410993172
2025-04-28,0.0011950633279115554,0.0014833949911280096,0.0010225061362829928,0.0001875590835630154,8.43520118611735e-05,0.0003808610053304532,0.0007193869951024913,0.0011176386451226695,0.002676292225852837,0.0009754616599841384,0.0034042709336318147,0.005055087102083935,0.0028714764574235495,0.003209216821953757,0.0016299500037544696,0.0015565570937111967,0.0004400424667442068,0.0009571963394758034,0.001274385735147589,0.0005625344922986583,0.0006225902563198988,0.0004593688839173438,0.0009184913207112308,0.0019201225441687908,0.005003318380031615
2025-04-29,0.0011946840217605902,0.0014816123566084528,0.0010222289959228908,0.00018925214044739972,8.456533385089216e-05,0.00038210148186980955,0.0006848297263282362,0.0011364865275644504,0.0026712693919417846,0.0009754980122346736,0.003404403118163629,0.005054824758113839,0.002856518085489661,0.0031903448403045958,0.001627438009270821,0.0015552235384449504,0.00043815811939288844,0.0009575119461112762,0.0012670412369135593,0.0005642727578697339,0.000619815431239935,0.00045197611842790787,0.0009172697123439378,0.00191963031705036,0.0049453250576812526
2025-04-30,0.0011741790025350037,0.0014450027460128055,0.0010010177541747857,0.0001827331374503272,8.287885704245815e-05,0.00038436005977999756,0.0006869348907292802,0.0011763651516908764,0.0026329378139246847,0.0009270864526044929,0.0033909110616539674,0.005009820845606017,0.0027624724464463185,0.0028331664065564532,0.0016266623987582329,0.0015100836132089037,0.0004380237017322601,0.000942485913665323,0.00124360576645149,0.0005657445734511808,0.0006198346739822678,0.0004514334365624571,0.0009195658478559156,0.0018949395555944155,0.0048874492476061755
2025-05-01,0.0011717363707919495,0.0014450035187354806,0.0010019239318556348,0.00018106280621403985,8.388989598153183e-05,0.0003763115867636017,0.0006902100324706796,0.0011829067753006883,0.002614724881831474,0.0009231317740353601,0.0033832902671966534,0.0050591057364914975,0.0027427800025735297,0.002841628770199203,0.0016609550714048555,0.0015120917213169319,0.0004312999003120831,0.0009346298970502461,0.0012380878938136732,0.0005617768955890448,0.0006110432925616587,0.00044070965339887977,0.000877096750334174,0.001893013741780191,0.004896004293455474
2025-05-02,0.0011740317815420965,0.0014506943860648496,0.0010040219556819699,0.00017840099598851085,8.387166240662502e-05,0.0004002263143946293,0.0006855093607925711,0.0011946389495819105,0.002614296148167446,0.0012012080936158144,0.003401514468753631,0.004992897376624852,0.0027417185994157993,0.002835464334311102,0.0016598269913129194,0.0015241993503730528,0.00043028231523761654,0.0009345526487488346,0.0012402959493905787,0.0005623545831069302,0.0002774446131446475,0.00045479672481655306,0.0008696496092832632,0.0018872342699969157,0.004898847874809351
2025-05-05,0.0011837423873709973,0.0014596880415168594,0.0010176759805044311,0.00018486370178931956,8.39055568513155e-05,0.00040016334769102293,0.0006891915981270156,0.001194106908342172,0.002693158643840556,0.0012300746706759554,0.003436974838592654,0.004875828560568879,0.002725776741333667,0.0027310920718413402,0.0016712334752975629,0.0015668267955548994,0.0004313285668233011,0.0009538915294689286,0.001263772957171483,0.0005685314797098356,0.00027346224535001096,0.0004532901731545288,0.000873931448772413,0.0019054067699353484,0.004925188377300629
2025-05-06,0.0010456948310064956,0.0012958529846515418,0.0007798574247258419,0.0001854313001753081,8.401302675405992e-05,0.0004455865016761862,0.0004820388044553075,0.0009372691527475249,0.0022337128939782062,0.0011989863751958782,0.0030771265204446573,0.004735099368966274,0.0023554479001870834,0.0025116992236297923,0.001323327308945579,0.0011203186229672053,0.00043073622448974535,0.0008165356355778014,0.000978055393808847,0.0005027788747506001,0.0002324330449327657,0.00044377221114669604,0.0008321148382958836,0.0013920866470181197,0.004467416293013334
2025-05-07,0.0008502580405846429,0.0010754788392877536,0.0006724051860026936,0.00017961313709299938,8.415795262384502e-05,0.0004567365161894093,0.00028645891790475667,0.0007956906761908435,0.0019202641290735844,0.0011295397924010486,0.0027576242333401213,0.004089157269200825,0.0021437214370616004,0.0023123277618085658,0.0008132698228548351,0.0009286447239928807,0.00029085452848082557,0.0005020220020829332,0.0006562339339735555,0.0003982526342740722,0.0001362781090917823,0.00029937043278784167,0.0007105797366145033,0.0011841025680103662,0.004049082259754056
2025-05-08,0.0008510483969424387,0.0010760014566997679,0.0006684734754400893,0.0001292424245731839,6.317691226335575e-05,0.00044339932708111043,0.0003189347686216405,0.0007655611629264177,0.0018507385679792181,0.0011278730538186977,0.0027427333067908044,0.004052743586740621,0.0021550040775351696,0.002289293177187222,0.0008109663086736426,0.0008851811241468212,0.00029273436674504146,0.0005035765850985973,0.0006352352888965977,0.00035958152201205303,0.00013804172035977906,0.00027351432111925514,0.000707804366609087,0.0017558903058549795,0.004031522475490835
2025-05-09,0.0008400408496836403,0.0010636945973785034,0.0006489359479416068,0.0001162347221641103,5.5688680791394e-05,0.0004634514454755364,0.00031899150131468364,0.0007316572691195936,0.0017099059981810212,0.0011298733020183632,0.0027326589917111162,0.0039660222531039575,0.0021306737406262817,0.002344982814949935,0.000790333633044584,0.0008667166636906978,0.00025017683644631316,0.0005064927536895129,0.0006427031115107865,0.00031992104348485295,0.00014312532312684865,0.0002670966751381551,0.0006857145659649065,0.001782653779884554,0.0037944166592636074
2025-05-12,0.0002940119460460795,0.0003600485092649052,0.00028465234437887116,0.00011447126345702284,4.065285114981402e-05,0.000394060167290388,0.0002653444504606535,0.0005145290015560717,0.0005975758596283261,0.0006197445396494403,0.001121794525933537,0.0017924986122320526,0.000833860208154928,0.0010762540503938267,0.0004910993469454152,0.0003813963803448999,0.00015519114011064924,0.000217381634741393,0.00031413143873185715,0.00013846585443587188,0.000145580237960553,0.00023634616746809648,0.00023154640203933768,0.0010943057249388228,0.0013012470612567655
2025-05-13,0.00024195155312498295,0.000343923086436316,0.0002491275484757752,7.646032960082291e-05,2.4558809092139825e-05,0.00040695353996384267,0.00026379672079234666,0.0004630920365591421,0.0007001419830947065,0.0006198296334238014,0.0010722414311464211,0.0017135267799410062,0.0008330764793782033,0.0010572759041610562,0.0002774949339789608,0.0004337494045251058,0.00015467816927068045,0.0001954032955112101,0.000300770099165646,0.0001105935124159752,0.00013291370592353785,0.00025583527702899723,0.00022467100617764763,0.0009202797496145798,0.0010163681038164387
2025-05-14,0.000227195878237982,0.00033820221688613287,0.00023837754646060817,7.575483059687956e-05,2.45958491074075e-05,0.00038836707551970554,0.00021442403421837003,0.0004927942184601607,0.0006190191954911292,0.0006011986440259303,0.001184955588882958,0.0018402434287621357,0.0009337900754220285,0.0035228311192687317,0.0002552899562357078,0.0004671250750649121,0.00016820560636211692,0.00018157071488358783,0.00022344500139752076,0.00011148788488712686,0.00018823413354369088,0.00024342073200689428,0.00019790541063367185,0.0009229295190818184,0.0009552029051215238
2025-05-15,0.00022218080860292086,0.0003376583134203481,0.00023522352829554477,7.541440037571711e-05,2.3929656491183658e-05,0.0004113309042239286,0.00024104203638562445,0.0005007675373708969,0.0005933960806515571,0.0006049367189727425,0.0012758729929089525,0.0019275631055045738,0.0009306314952784512,0.0035550643470241587,0.00025662758948931554,0.0004571586642671082,0.0001982289989268761,0.00017624939571172235,0.0002267029725020876,9.387882256090589e-05,0.00018296667734454293,0.00023496113480322775,0.0001800258815538902,0.0009331205920577714,0.0010621221385657509
2025-05-16,0.00022305020318578824,0.0003376563887929511,0.00023745940421295207,7.892415707053806e-05,2.5138797081444917e-05,0.000423575824430993,0.0002491793597116108,0.0005156870170534081,0.0005941474671427967,0.0006036310444738781,0.0012668662102078173,0.0019357694505041005,0.0009400458094026485,0.0038591815480499714,0.0002574739869162614,0.0004433991819980908,0.0002568460900429295,0.00017831896500383927,0.0002268103831212923,0.00011131716629024047,0.0002081167885506319,0.00027524474696933806,0.00017782490137632274,0.0009344283569791211,0.0010884759076290158
2025-05-19,0.000197562169769664,0.00028735344577192606,0.00023608952839449397,7.761887629252257e-05,2.435564284943831e-05,0.00037551882128890633,0.00024758078903210675,0.0004991718452961344,0.0005078313709928552,0.0005278164881198999,0.0009902945327899726,0.001818453997841252,0.0009281367245548177,0.004246151355569381,0.0002539281553125949,0.0004427296819523588,0.00024563859641824466,0.00016667439156623135,0.00021413858279811888,0.00011966784967366959,0.00021507764755886082,0.0002683558387518915,0.00014910542842114043,0.0009015749174431372,0.0007890009481132334
2025-05-20,0.00019751630475602048,0.0002874019653282963,0.0002334367845363385,7.376966582861287e-05,2.4248166180178094e-05,0.000383428434313609,0.00024574943013456053,0.0004663288426429877,0.0005049577947148767,0.0005274978051873036,0.0009439084846370173,0.0018468964649221535,0.0009434719399830504,0.004236453341899127,0.00023596939768270086,0.00043234288699141424,0.00020939421376438058,0.000166329577261624,0.00021401009579725275,0.00010759536782384147,0.00018963598039107427,0.00023820091713492951,0.00012264116205165928,0.0008715866847508256,0.0008086285917261322
2025-05-21,0.00016635597451172663,0.0002536269209487991,0.00021097507498623984,5.960383957210333e-05,1.8147224678770862e-05,0.0003512403239558339,0.00027330712570718525,0.00045809585709154585,0.0004886304635084866,0.0004965321698712164,0.0008313932775949662,0.0016564938741035385,0.0009309033960696836,0.004241857922801967,0.00020228771734433508,0.0003934728632986197,0.00020273541072456756,0.0001422355756905248,0.00020541410406569628,8.519689685774435e-05,0.00019216471998487878,0.00021124506227810952,0.00011905468392477916,0.0008669327750399685,0.0007874609724706511
2025-05-22,0.0001460433794673634,0.00022757821517430614,0.0002196222238810289,7.417934085760952e-05,2.468467120481305e-05,0.0003430058068189376,0.0002766685565881354,0.0004651348604908062,0.0004569865863307257,0.0004801681583304282,0.0008295722270884021,0.001585913919614289,0.0009097283915999137,0.003876118265433917,0.00018663463879450967,0.00038845254005947133,0.00020661018759567272,0.00010762469011895861,0.00017819949361774757,0.00010482644100484449,0.00019117673800601818,0.00020240448034775026,9.275913469327227e-05,0.0008497845194787963,0.0007928768171545143
2025-05-23,0.0001331041328947085,0.0002002314479030904,0.0002077564562539155,7.055865312214565e-05,2.503289320391627e-05,0.0003150857773142416,0.00022219440728543963,0.0004473663006868352,0.00042605492137368355,0.00045871368706361463,0.0007542248291097064,0.001456062773190588,0.0008353580061687114,0.003972597133561379,0.0001872845579292141,0.00037832438921065007,0.00020606488410231094,0.00010007197675604356,0.00015130645959658248,0.00010579261424404669,0.00017938901029124113,0.00019362710484403618,9.416553761607779e-05,0.0008412936975002877,0.000681145581445811
2025-05-27,0.00011191151266810444,0.00016280580763201446,0.00018677077721324448,6.469331607020752e-05,1.9367796511710984e-05,0.0003293643069347227,0.00023275838928868002,0.00045405764934136665,0.00045944903534928444,0.00040163266426138875,0.0006923543573748748,0.0013927074667061457,0.0007419612531823477,0.003918297475778386,0.00017403584192195117,0.0003056218746294077,0.00020398734525295314,9.409700810345158e-05,0.00013817016152116893,0.00010511022652870934,0.0001791838186233703,0.00011539623455117284,9.050191038162561e-05,0.0007986605057417782,0.0005751261858396864
2025-05-28,0.0001322608995584453,0.00018568437010722057,0.00022115243069510177,7.22629801195871e-05,2.2261968852569497e-05,0.0003388595004272277,0.00022012780543261552,0.000456327522349773,0.0004925904582683396,0.0004233276980849286,0.000649697263894569,0.0011603161707308374,0.0007860034332738101,0.003883841823381828,0.00017792597261428848,0.00033543569350124593,0.00019073896418773565,0.0001094830521774363,0.00015368654288351564,0.00012134223076606968,0.0001850120462303538,0.00011776806885147028,9.607861415832478e-05,0.0008291268946580608,0.0006248871324785076
2025-05-29,0.0001340965387582242,0.00018675927814508083,0.00022633253740183632,7.11276303352896e-05,2.229176720057133e-05,0.00032818972303767563,0.00022272114275932492,0.0004419061277485895,0.0004917296939957285,0.00042603960177650804,0.0006275402502836249,0.0011749053876507986,0.0008037507184650417,0.003978069910295084,0.0001841721681808681,0.00033703812479228735,0.00020183281126158237,0.00011140736988009129,0.0001561241093078453,0.00011930246037879507,0.00018523631841829122,0.00011663250232527218,9.664355885080364e-05,0.0008321137573028992,0.0006367301055948303
2025-05-30,0.00013278711524500238,0.00018459755227557778,0.0002249190872902885,7.195753949134923e-05,2.3097779349834403e-05,0.0003248556382289061,0.00022101351112445726,0.0004030184423110949,0.0004906189279750309,0.0004235475450464895,0.0006831351660196111,0.0011510989966494085,0.0008042063627327995,0.0040028169282415,0.00018674652827388604,0.00033932737721711274,0.00020517794355721583,0.00010700695321519322,0.00015492884673361557,0.0001221653574526895,0.0001876208708587152,0.00011907723125896491,9.273075934973877e-05,0.0008264138623920438,0.0006362100912503061
2025-06-02,0.00013284706702294886,0.00018473310418027906,0.00022417918422471358,6.846583090552672e-05,2.2336348688855863e-05,0.00032415123493571135,0.00022315456744691686,0.000334431657092615,0.0004896931639863626,0.0004237561510818463,0.0007310775774350615,0.0011495411413853774,0.0007953268958080152,0.003993469254840633,0.00015020913935982338,0.0003436365084145843,0.00022243326964903852,0.0001070757450641263,0.000155036264363142,0.00012148848506276678,0.00019336523549428835,0.0001222604922996624,9.913920276275959e-05,0.0008305936226570473,0.0006496103275081071
2025-06-03,0.00013184395026042537,0.00017890160425339783,0.0002226123585452054,7.183830513614828e-05,2.2097665384550787e-05,0.00033770991725241075,0.0003664298280622608,0.00038965792250228703,0.0004898574116814098,0.0001286984502135559,0.0007134158511750329,0.0011542356921990132,0.0008050447001285337,0.0039900885336257965,0.00015876133952181915,0.00033638495808129367,0.00022244919011400087,0.00010708187667462524,0.0001507053971955319,0.00012099882891789574,0.0001856847279641742,0.00011668980719899691,0.00010512094071035019,0.0008304984158296622,0.0007123728905732172
2025-06-04,0.00012172464375554192,0.00017033230420570325,0.000209556658941041,6.552221619459769e-05,2.1786496409499282e-05,0.0003418756586908758,0.0003630058867827063,0.00038751145452175844,0.000413750272717051,0.00010008696745102946,0.0007192461463614422,0.00112497523735561,0.0007893623238422823,0.00409996158750044,0.0001548683059925659,0.0002956504883218242,0.0002170144494791125,8.426448365939317e-05,0.0001249769158974038,0.0001130374618280503,0.00018161870567808255,0.00011775986980980622,9.514114712052247e-05,0.0008139000240157871,0.000715112682042932
2025-06-05,0.00011991745055017417,0.00016881791518930147,0.0002067379220542798,7.80042005965607e-05,2.4561042522157844e-05,0.00029670173028212754,0.0003552945076429767,0.00035403877255146815,0.0003580692414970495,0.00010006502676299725,0.0007186420445902054,0.0011636427324739022,0.0007589135570606931,0.004065978050713569,0.00015793462412782018,0.0002954825617238557,0.00021762102584636716,8.376036855460789e-05,0.0001282459941997178,0.00011319305702973521,0.00018211281019877868,0.00011322711958644665,9.5451167914529e-05,0.0008130232422665459,0.0007038075611290312
2025-06-06,0.00011734484110517008,0.00016716140105495317,0.0002001606479459239,7.742741708815116e-05,2.4863284987365052e-05,0.00025627337632010984,0.0003879745641042533,0.0002903874481258891,0.00036432340213341744,0.00010135918065500348,0.0007285767734878838,0.002442731212859653,0.0007221065292354794,0.004179138997876909,0.00015798348911331506,0.0002929411868987028,0.00021898847589555087,8.241109769719156e-05,0.00012279207937471138,0.00010994722551015497,0.000181920674601942,0.00013295741301810597,0.00010291910306584581,0.0008169517511983485,0.0007157232592360549
2025-06-09,0.0001220964481698529,0.00017150281736970157,0.0002136394597329603,8.543331591691548e-05,2.6643916377491137e-05,0.0002537667442755409,0.00035820393626820074,0.00029759472575337155,0.00037163187175381647,0.00010317343994517496,0.0006857905066079012,0.0025132122227528577,0.0010687062799264993,0.004223591847683937,0.00017699404073733742,0.0003013082813093022,0.00021977417702927175,8.888449626568184e-05,0.00013401555734369436,0.00011113757609693401,0.00016818576941204913,0.00013600636161925045,0.00010385527488585984,0.00025276675517792337,0.0006999907988858562
2025-06-10,0.00011950051958755697,0.00016584323436819948,0.00019672895803301616,7.861035431489693e-05,2.5736152971346272e-05,0.00023331407551877955,0.0003827298147942108,0.0002449646919575713,0.00037759225884025793,9.785651677083852e-05,0.0006876510235288181,0.002570329298836697,0.0010164006328175284,0.004114714407755212,0.00016783536938862493,0.00030268200277836383,0.0002174260563690814,8.679253999905943e-05,0.00012038282127075026,0.00011038328428804404,0.0001622614572900279,0.00013949669003333594,9.271075507721297e-05,0.00021879771122778482,0.0008091670796261213
2025-06-11,0.0001211619686442587,0.0001681995420979628,0.00019812577511612456,7.9932787092014e-05,2.6049569155498983e-05,0.00023045742721877643,0.0003767825069317967,0.00023433018627365792,0.0003780780054456505,9.859094829272352e-05,0.0006902951393976816,0.0026207226601289682,0.0010200182742506484,0.004048522983753897,0.00017946423969456156,0.00030181516474934154,0.00022086587396521868,8.686825129293647e-05,0.00012289726815364627,0.0001119445373109279,0.00016088760308968544,0.00013751312447421644,9.149398546645028e-05,0.0002530737908897228,0.0008106854116948168
2025-06-12,6.372024694018268e-05,8.150136586377145e-05,0.00013366780773605192,7.5647230102838e-05,2.6593655446903286e-05,0.0001872738075184229,0.0003789111875590411,0.00032838251511379347,0.0001933199804329931,6.84970206507631e-05,0.0005397728502393157,0.0023874152330739962,0.000833067416177508,0.0039813369784335115,0.0001544457213034421,0.00016990839567499003,0.00032445316450485943,6.492032540459534e-05,8.263059483413602e-05,0.00011222242473617842,0.00016406553073675928,0.00011595800826773994,0.00010505906374609363,0.0001586423777374397,0.0006895871352940346
2025-06-13,6.220911190664365e-05,6.927348921757918e-05,0.00013380885437731333,8.247851472399051e-05,2.8240512857314865e-05,0.00019462860089720227,0.00037396194001638506,0.00028280279503235475,0.00018797651491324376,7.794473299984162e-05,0.00038770345177757443,0.002288859392510724,0.0007144796850248613,0.0015362172098049316,0.0001444158661116481,0.00012664078119102812,0.0003207576982681606,6.399082283165297e-05,7.562159343462155e-05,0.00010453819216870725,9.072680077541031e-05,0.00010823136571479395,0.00010626251709113604,0.00015831653495648352,0.0006313539592623171
2025-06-16,6.904188430144277e-05,7.605972662644864e-05,0.00014810760493769385,8.518515602020159e-05,2.880951863096582e-05,0.0001791484333266099,0.00034544577744285976,0.0005173680635842709,0.00019812322252362033,7.773873593156598e-05,0.00032099256206948046,0.0022218157465666234,0.0007145171239211654,0.0015045021314867373,0.00015875793231677612,0.00012945197083523888,0.0003614847285989499,8.682389142422037e-05,7.854025523308594e-05,0.00010439287599235149,8.025238661407134e-05,0.000124738874363326,0.00010186915554901878,0.0001494796775412199,0.0005387105998922905
2025-06-17,7.265213283777597e-05,8.644366001833016e-05,0.00015331180475369573,8.660860980037784e-05,2.61922219944202e-05,0.00017670721852702424,0.0003374324286597888,0.0005251258357573147,0.00020263093944459013,8.166513309467304e-05,0.00033993496716701603,0.0022184275120071648,0.0008047639179560477,0.0015052617889545086,0.00015826388168166717,0.00014173553596733883,0.0003853350352617445,9.14483949264099e-05,9.827697242423646e-05,8.64812490734311e-05,6.177469672717278e-05,8.438264324158498e-05,0.00010065515881187843,0.0001564561939746022,0.0008986851572536803
2025-06-18,7.450210432573605e-05,9.066887176630771e-05,0.00015574245809158696,9.423113089030036e-05,2.664621878430998e-05,0.00016862331332389376,0.0003561366788360686,0.0006385468623690615,0.00021348893619147464,8.16086675444686e-05,0.00033981362062857095,0.0022809205187077986,0.0007740166040001721,0.0011469938378703313,0.0001628656049997003,0.00014501377738037862,0.0004196763275550097,9.127321823399459e-05,9.880345740319388e-05,7.879997473755887e-05,7.32927127647568e-05,9.477900858408297e-05,7.999938250283777e-05,0.0001573318694110613,0.0008810882567549056
2025-06-20,7.443788754403949e-05,9.062016480587825e-05,0.00015629089609378244,9.393466573943438e-05,2.6675781042766234e-05,0.00016125030156047995,0.00036599820267081316,0.0006365810331035088,0.00020711099302727428,7.720439531992647e-05,0.0003445582688264893,0.002269910775079387,0.0008635901701485897,0.0023944185852922987,0.00015586910533871406,0.00014647814295903265,0.00044224312175505053,9.12633926217837e-05,0.00010787392028287828,7.945083202874731e-05,7.659054532775298e-05,9.080656828661609e-05,8.422897530205757e-05,0.00015514320750416267,0.0008573632136887999
2025-06-23,7.411945665408976e-05,9.092641569886491e-05,0.0001565174466258468,9.125814659178851e-05,2.6390292086410925e-05,0.00014261686203261622,0.00035007417266826545,0.0006421049984483953,0.0002295121645538069,7.90033099763385e-05,0.00034725382570389366,0.002268523673605479,0.000874690224016801,0.0024920402234248048,0.00015680459348291664,0.00014248086092886694,0.0004413438981787391,9.006768380346703e-05,0.00010816207368148714,7.757841518895323e-05,7.553452294377345e-05,9.173560702327969e-05,9.000093804024259e-05,0.00015496281023166786,0.0008580832631388151
2025-06-24,6.35944403062322e-05,8.59330688287656e-05,0.00012020966131064015,7.555818042012587e-05,1.9862255089351572e-05,0.00014016946607042327,0.00034439690269811034,0.0010165767055778391,0.0002000462382545796,8.817730675066367e-05,0.0003269440458908839,0.002570927414999032,0.0008351934631858331,0.0024877796956842037,0.00017379617602259544,0.00013371613247723882,0.00043472212530514166,7.52605048549655e-05,9.88141726406704e-05,4.990589926469725e-05,8.06540197348989e-05,9.977617090515609e-05,9.692937819238718e-05,0.00013909168422092868,0.0008549488936552318
2025-06-25,7.019601246971706e-05,9.835458318821262e-05,0.00012899905913434657,7.692849780112647e-05,1.964561547043021e-05,0.00014957823315761833,0.0003368674902825745,0.0011282735808549524,0.0002012829355391484,9.06657094077908e-05,0.000359354817447769,0.0025822407202954365,0.0008504329786755434,0.003072084447430656,0.00018236374103814207,0.00014887009580947193,0.0004725694047880006,8.724907490838191e-05,0.00010495920276407884,4.9131932486880885e-05,8.16928374164809e-05,0.00010040722669896398,9.554589789024056e-05,0.0001448043509731845,0.0010859264293093572
2025-06-26,6.764424581426474e-05,9.397133613249697e-05,0.00013598254198153264,7.686470078695149e-05,1.9692678428936656e-05,0.00012436680287429528,0.00033444289849553774,0.0011205896529820614,0.0001517862360500482,8.5867345748955e-05,0.00045048373850047123,0.0026628316516886753,0.000855941494718869,0.00306270452663173,0.00018285569536161014,0.00014819259618897406,0.00047280793900841833,8.714011735058442e-05,0.00011033172131835124,8.156720797996525e-05,8.145650676740906e-05,0.00010317947651974743,9.769597385939753e-05,0.00013816709605556207,0.0011533434827078635
2025-06-27,4.778258201813996e-05,6.910562267908117e-05,0.00011578760476040885,6.77229170078012e-05,1.6002426834603944e-05,0.0001084314861492477,0.0003369822208122024,0.0011153507130969712,0.0001180287105475508,6.270235229532091e-05,0.0003970827806386747,0.0024178990228357748,0.0008159555378798864,0.003213913761137178,0.00018984404026836454,0.00015922109792154847,0.000457313124986463,7.347377973684437e-05,0.00010840863580082235,6.521994141632994e-05,7.55206599603333e-05,9.632588341090954e-05,9.775549948542e-05,0.00012292097004716415,0.0010752887995902618
2025-06-30,4.7284058545492574e-05,6.866485676949153e-05,0.00010964017565573175,6.893269601759418e-05,1.5828888760134022e-05,0.00012646878201545009,0.00035930801507652,0.0011118654545199309,0.00011797720391698327,6.0326458323085015e-05,0.00041234485066916156,0.002405129315800676,0.0008126333187343711,0.0032887818033712755,0.00018241914685351388,0.00016038739884348147,0.00044590473702447206,7.147482334605911e-05,0.00010764705446836966,6.55027192660774e-05,7.432261640348205e-05,9.928093818132839e-05,0.0001062494711221398,0.0001226911342588105,0.0010630932467883838
2025-07-01,4.7680017816087416e-05,7.073623945426865e-05,0.00010927231346336471,6.953664293833135e-05,1.6381328079813118e-05,0.00013233002213917442,0.0003549821355015519,0.001106278424278644,0.00013987881269555982,6.0351300874150984e-05,0.00035648800636559655,0.002423111910719328,0.0008126924618793088,0.0032668987071177383,0.00018120276239913104,0.00016252279207720514,0.0004478568287980702,7.375829734879495e-05,0.00011219638304012796,6.332779082324154e-05,7.150089395127199e-05,9.711271705771469e-05,0.00010763336801409606,0.000131661843091424,0.0010727588781978892
2025-07-02,4.76171761206749e-05,7.452400071916424e-05,0.00011358087529263464,6.974800923968273e-05,1.600682618885733e-05,0.00013426711736526316,0.00034988661871105536,0.0011130714628885883,0.00014779349887481617,6.60475027980066e-05,0.00035822967168123564,0.00252459790311696,0.0008322153334515588,0.0033695686053882706,0.00018004364084412932,0.0001588495184854962,0.00043174874808329944,7.517255945512969e-05,0.00011225156512172571,6.622365095233967e-05,8.850155989379517e-05,0.00010142660251426877,9.384703266510417e-05,0.00012812939622693494,0.0011446522983145236
2025-07-03,4.700958618494002e-05,7.377306038477333e-05,0.00012341375078797913,6.718520288173195e-05,1.556845879679246e-05,9.824298837584555e-05,0.00021692732847187742,0.001072540432990823,0.00017329085096599197,6.558887190303272e-05,0.00037873787099321356,0.0026467906893351137,0.0008526622143488295,0.0035379498052815193,0.0001866622060459997,0.00017352500764817138,0.0004346527362397591,7.519574123745497e-05,0.00011354268112191961,6.642431966186763e-05,8.871222744121128e-05,9.287413719825015e-05,8.998389862993489e-05,0.00012903252827163196,0.0010959072805668691
2025-07-07,4.861390862867755e-05,7.570376598095976e-05,0.00011404398900416613,6.969027860426611e-05,1.5867037621186825e-05,9.647696131741965e-05,0.00021927065840383333,0.0010727796820653676,0.00017148582510743407,7.875893650019496e-05,0.0003466656679461148,0.002645681464074774,0.0008446467448459547,0.003411376545899882,0.00017911653975705274,0.00016346384736793846,0.00043421885756090976,8.13422862613439e-05,0.00013009231989210562,6.626967960154386e-05,8.697757119595932e-05,9.147137736974344e-05,9.295016037167679e-05,0.00013096540315887041,0.001067725989614617
2025-07-08,5.167376975647012e-05,7.841033037037967e-05,0.00012614386586478113,6.0526138750202994e-05,1.4941510182974346e-05,9.424962976461605e-05,0.00021902772486764513,0.0010852081486390414,0.00018704615008453054,7.882907477774579e-05,0.00034795470494768907,0.002844850129966266,0.000849240919249802,0.0034051086040350342,0.00016302596080185173,0.00017763718045774144,0.0004440307848731518,8.465022328840544e-05,0.00013711197869152207,6.988241636727682e-05,8.488269013555744e-05,9.010042140240365e-05,9.625437121527555e-05,0.0001334441131248579,0.001089866675420834
2025-07-09,5.0404949068199295e-05,7.530150188728969e-05,0.00012873620575684834,6.058917103286629e-05,1.4876819858246007e-05,9.888162247548606e-05,0.0001536534026703761,0.001083420404165414,0.0001805961679841911,7.543295477199692e-05,0.000344387446786294,0.0015580232671997762,0.0008075836993855286,0.0032854067898204606,0.00020160838558474573,0.00018031733536370964,0.0004491090333799499,8.863117119433774e-05,0.0001890476154639565,6.996525246643999e-05,8.504451788409239e-05,8.470881752096805e-05,0.00011437858590713908,0.00013604621046138936,0.0010834110288923603
2025-07-10,4.6646415733150135e-05,7.284418928459853e-05,0.00012103618882479807,5.7540179657248904e-05,1.4656280838435352e-05,8.998103165078412e-05,0.0001548721913506045,0.0010603635175737008,0.00016768520075795585,8.401463853515888e-05,0.0003535553872162957,0.0014893121950147615,0.0004691931201290969,0.0033902690727148402,0.0001840130109571667,0.00019325538828672,0.00044592387086040807,8.098580677488889e-05,0.00017790564441369497,6.873932301628742e-05,8.127000290192989e-05,8.195783611390197e-05,0.00011345838050816855,0.00013348397729365854,0.001083391849078508
2025-07-11,4.7036331177940325e-05,7.283912160832755e-05,0.00011989479855743596,5.750538621737372e-05,1.416908795036482e-05,8.903820507434921e-05,0.00015794594383009968,0.0010779757552128728,0.00016152169762730225,8.352509881867363e-05,0.0003543612987310497,0.0014975979496727537,0.0004602431933440378,0.0034518417581256506,0.00018695814129132834,0.00019622510427064183,0.0004461469856996374,8.124957887901321e-05,0.00019409564225985116,7.078716166673197e-05,8.559691720775288e-05,7.964373969374913e-05,0.00013613015808363392,0.0001239785881157479,0.001055309904910074
2025-07-14,4.596501551395895e-05,7.073726410077033e-05,0.0001288716178519973,6.66265349707703e-05,1.5877595880037022e-05,9.403395153870024e-05,0.00023256355728189387,0.0011097516797973002,0.00016143302684825268,8.343588363411917e-05,0.00035100423153761767,0.0013382514297288085,0.0004729365298000804,0.003450764265222009,0.0001709634332430999,0.00019803739724927563,0.00044504186181412687,8.719910117723608e-05,0.00019262307781825407,6.681257716156994e-05,8.362197329739073e-05,8.40435099359592e-05,0.00013732654390886023,9.712966330838021e-05,0.001060237725838106
2025-07-15,4.57173119776342e-05,7.083117886419226e-05,0.00013040327385739828,6.636772546537683e-05,1.5335801828279552e-05,9.317283246815183e-05,0.00023586514965182788,0.0010299096179350637,0.00014888442781162245,8.27442970474828e-05,0.00034912531739696205,0.0013445262218796136,0.00048719283359644215,0.003452558351003074,0.0001663698180385141,0.00018926152490292175,0.00035050619822683056,9.016211404312342e-05,0.00019470783241871872,6.747938895638947e-05,8.044354760419177e-05,0.00010748374572149644,0.00013529001237671235,9.475934693372452e-05,0.0010441447517399627
2025-07-16,4.586008570041405e-05,7.05760130069621e-05,0.0001509452062362852,6.133955401433578e-05,1.4365950169391054e-05,8.577860305341476e-05,0.00024157580333302361,0.0010306407512724488,0.00014894185653371148,7.49800754899541e-05,0.0004226122637880589,0.0013371837669200613,0.00046701345673850716,0.003381377585783859,0.00017724308822338056,0.000187701841220486,0.0003124092403026881,0.00010650399561825576,0.00019776155017667775,7.823092550084961e-05,8.215739002559073e-05,0.00010783452243872261,0.00013052994747415553,9.532055446442873e-05,0.001228767923218562
2025-07-17,3.954802188644434e-05,6.1891988507413e-05,0.00013778224655588744,5.6314012823344874e-05,1.252290264258492e-05,7.785753842971173e-05,0.00024221404627117456,0.0007876551207281571,0.0001397329108146597,7.130766939428901e-05,0.0003990302870192182,0.0013818638002934744,0.0005375303520921347,0.0034155262251319945,0.0001649924326025132,0.00020346077357802115,0.00024206212919280535,8.590026290972763e-05,0.00018977764840419998,7.785824365017068e-05,0.00027946109566630355,9.279873826754871e-05,0.00012994746305090615,9.62736104750455e-05,0.001250907650704249
2025-07-18,3.667594645799085e-05,5.4999620428034055e-05,0.00013956459540188197,5.0698998972612214e-05,1.2670085425598496e-05,6.682165236553583e-05,0.00024467858866119706,0.0007735751634670435,0.00013430498018953606,7.492740462057347e-05,0.0003842149573330369,0.0013771227078685762,0.00044508570643892625,0.0031615767304737185,0.00016657499523020303,0.00019971257650068497,0.00015273065892178325,8.386523359233457e-05,0.00017840481814059114,7.789292906707552e-05,0.0002781306377629325,0.00010021072950028997,0.00012983086862689686,0.00010841835023675144,0.000861016215013268
2025-07-21,3.267212302728095e-05,4.979217737595127e-05,0.00013620557505898513,4.281404128419094e-05,1.2211932803910864e-05,6.717672973066365e-05,0.00021998149718605646,0.0006575605970835977,0.00012506410194309693,7.520934656330684e-05,0.00038400081134380313,0.0013457621900556317,0.0004492327081401486,0.0031383239051058997,0.00016544897110341687,0.00019616041663451635,0.00012275425814508813,8.206893118711113e-05,0.0001790918223912192,7.74415212533305e-05,0.00026052098559323873,8.891016331742832e-05,0.00012983070341427862,0.00010365037656049128,0.0008847315020817218
2025-07-22,3.2867402877557726e-05,5.1255085787826126e-05,0.0001355910881144455,4.696445130390237e-05,1.3002440552003513e-05,7.832066239288453e-05,0.00023371452921190224,0.0006586562959117551,0.00012586845892403767,7.405485765414378e-05,0.0003811361096022757,0.0013289795215055565,0.0003504561055126873,0.0018980781431772319,0.000169021761139064,0.00019571779540187645,9.764922532485475e-05,8.250790156348054e-05,0.00016452975325710034,7.771095999214353e-05,0.00025491654351828826,8.837474043436269e-05,0.00012783416760874718,0.0001046191991784371,0.0008844051630117069
2025-07-23,3.256576759918394e-05,5.181294202688574e-05,0.00013909952694220447,4.8767343607383536e-05,1.3276977957692219e-05,8.319126327869481e-05,0.0002244348436421474,0.0006534241747944057,0.0001032244453550818,7.700361446658035e-05,0.00041038124184267265,0.0013355510153113333,0.00034094261790025055,0.0018226958750706494,0.00016456718653973766,0.00021172574352258645,0.0008136041590453975,8.375228986449679e-05,0.00016388020057990082,9.354534797084864e-05,0.0002780590408470948,0.00011007605484227174,0.00012167136681591237,0.00010459143736606336,0.0008890430991019219
2025-07-24,3.120535504119134e-05,4.721620004754192e-05,0.00014358060553553302,4.989000989836768e-05,1.3069910318960293e-05,9.120643609401044e-05,0.00022154874620340637,0.0002654897253620889,0.00010296100541368426,5.962462415515049e-05,0.00043710611728654434,0.0009929624676031502,0.0003345773758937836,0.0018372967635545544,0.000141892786293876,0.00023140476767662322,0.000836500389464206,7.862969270613141e-05,0.0001742162785394072,8.157050688489026e-05,0.0002750434496012211,0.00010195083909558702,0.0001040171010731243,0.00011753902241727896,0.0009175808815501727
2025-07-25,2.460125696452407e-05,3.4850839439995874e-05,0.00014537797308059505,4.719058530385156e-05,1.198221332752955e-05,7.952154577616427e-05,0.0002170368421879481,0.00015762165083674763,0.00010118911684734258,6.105973572684532e-05,0.00041754716051910863,0.0013624326278080556,0.00033294301009691656,0.0011228530771378263,0.00013526253697137002,0.00021403474733868813,0.0007990637254819945,6.658056204299833e-05,0.00016798853501776375,8.185638957829585e-05,0.000273647654876252,0.00010161085427189346,0.00010893542201169477,0.00011340370577614007,0.0007041944283939937
2025-07-28,2.555714733777874e-05,3.4810414906536964e-05,0.00013860163815819382,4.925523477645386e-05,1.2470644756034032e-05,8.37471549732073e-05,0.00023956519407913169,0.00017142227766186929,9.905291806436105e-05,6.167188027177934e-05,0.00031907572894344726,0.001346173965974798,0.0003349905114481698,0.001082069344743,0.00013500131501648454,0.00021847489151240442,0.0007983321089836112,6.862717309086787e-05,0.00016526458732928512,4.9363204234973824e-05,0.0002766750258735311,9.802697611731195e-05,0.00011019155551106625,0.00011196397131014509,0.00067445364473188
2025-07-29,2.2234494110144477e-05,3.0600244418680775e-05,0.0001244833032632308,5.0191678706102395e-05,1.1956578041067408e-05,8.598985960104949e-05,0.00023416472124651854,0.00022165116193078148,9.866363679863234e-05,5.597602043855273e-05,0.00033678304269573427,0.0013928934317325068,0.00030904699843024413,0.0009772253622846456,0.0001309369027070934,0.00017772602226313913,0.0007982783748680016,6.830065057191916e-05,0.00015065040655680998,6.360813181990363e-05,0.0002849714605714447,0.00010089399249594197,0.0001012881559362894,0.00010078425840315882,0.000772157315793809
2025-07-30,2.1271387896986267e-05,3.0092176760920594e-05,0.00012672125579943805,6.33121765042478e-05,1.4191271980104711e-05,6.808384936969486e-05,0.00020808070001285687,0.0002821787647268597,0.00010801359038732049,5.5470920433708725e-05,0.00032280811455600564,0.0014005839030167653,0.0003354631636673719,0.0008090028443230354,0.00013458962754923223,0.00017719736694369172,0.0007986071326104701,6.926731108908392e-05,0.00014982407828793837,7.717788073317584e-05,0.00029159351710169375,9.818334709018457e-05,9.508478408622019e-05,9.873318405358123e-05,0.000797504337436798
2025-07-31,2.0112451206391318e-05,2.7907751936605743e-05,0.00012802531533738468,5.9522296025493916e-05,1.3312163566129122e-05,7.693796379791337e-05,0.0002685827825943521,0.00029490332333099626,9.19207840433551e-05,5.508465426656918e-05,0.0003472871453813296,0.0013840924587007692,0.0003412246068786177,0.0008194299618200552,0.00014409679910794995,0.00017756459700168939,0.0007939238825501255,6.57416098842733e-05,0.00014879336442311233,8.608186128182883e-05,0.00029272877982119874,0.00012937671663460924,9.671228511123634e-05,8.918960363606376e-05,0.000795081309769978
2025-08-01,2.0880205800848568e-05,2.5529537737476193e-05,0.00012759346951524028,5.92045592033992e-05,1.323638155135422e-05,7.50187910389455e-05,0.00027002691291398885,0.00030594124830951553,8.566583049042274e-05,0.00013073849610482143,0.0003009230687063441,0.001284007362737042,0.0003216133882173049,0.0007123923905177487,0.0001424866345396045,0.000179294804587982,0.0007935779762867184,6.623243498045781e-05,0.00015572081989610994,9.414553955532467e-05,0.0002822446409506231,0.00013550622761244636,9.637712026011276e-05,8.893378651317205e-05,0.000717760254249753
2025-08-04,3.4716169434794704e-05,4.4566935072501945e-05,0.00014043416401100385,6.789279158529253e-05,1.7506263079173085e-05,9.547120830845231e-05,0.0002605017811936966,0.00031923675343048134,9.430405360133044e-05,0.00014779757640418187,0.0002960027190252625,0.0011739306463064596,0.0004689390228227812,0.0023713367291458734,0.00014581146264695512,0.00018485101912933577,0.0007906581290167994,8.534162189485076e-05,0.00018423698285335112,9.418055185405452e-05,0.00029527778818338183,0.000135583666866777,9.558647885719027e-05,0.00011303706797539106,0.0007393329982216241
2025-08-05,4.38032368545985e-05,5.762191452320617e-05,0.00016259464178100584,6.562536965062327e-05,1.7359975418111707e-05,9.475064250686291e-05,0.0002642152690103885,0.00033462354831469116,9.406881264672523e-05,0.00016030321771829593,0.00035551665933382826,0.0011996001024154653,0.0005278440750114073,0.002377168964968306,0.0001460095643948973,0.000192131696765035,0.0007928793282865512,8.432291433433617e-05,0.0001810510225933667,9.979029785726621e-05,0.00032115592520301684,0.00013532369470865886,9.913353862178023e-05,0.0001392782625106477,0.0007848219467440355
2025-08-06,4.215417757401079e-05,5.703255188576805e-05,0.00015147283911618286,6.11028987393744e-05,1.5432059855093413e-05,9.475534055139134e-05,0.0002703252374596325,0.00033017164633360034,7.848490486777533e-05,0.00017208603798235238,0.0003580558627287466,0.0009290715101958686,0.0005326661464773278,0.0026115692004764703,0.0001409491554867829,0.00017803785381027934,0.000788303789602531,8.013952556113399e-05,0.00017609471127913808,9.68847332336358e-05,0.00032008670935313106,0.00013524351100142906,9.407528770910399e-05,0.00014086214865789484,0.0007671738020504416
2025-08-07,4.532613354447514e-05,6.557830446591761e-05,0.00014896485150322868,6.284966386860281e-05,1.4987090697550003e-05,8.89666670119025e-05,0.0002693607868206226,0.00034299391729011614,0.00021349358794983436,0.0001733787518345626,0.00035366009731459963,0.0009891249980032533,0.0005541452120214523,0.0026282378291756546,0.00010703204787288246,0.00018779183237737176,0.0007919231127934351,7.701565445202856e-05,0.0001200824570037926,0.00010008928592445705,0.0003195168791393954,0.0001336675103293986,0.00015257477219106835,0.00017418121234566187,0.0009813648958318906
2025-08-08,4.340711905106179e-05,6.347849794738462e-05,0.0001431759134900912,5.7078494772030344e-05,1.3250824469004397e-05,9.174310220300744e-05,0.0002728781855906835,0.0003443694008053646,0.00026556185008173367,0.00016634919671146698,0.0003393085132697962,0.0009897684276881705,0.0005314418950652513,0.002508939731561139,0.00010644337897427051,0.00020078124522104448,0.0007968369774866005,8.319613956747396e-05,0.00013272285665650763,0.00010051594176882077,0.0003206304845915115,0.0001342924720796255,0.00015241390555365602,0.00019081338203174258,0.0011480216090017168
2025-08-11,4.627670495265317e-05,6.808624301969669e-05,0.00014199594549590933,5.808569532824128e-05,1.3807632885472121e-05,9.147514478326687e-05,0.0002458722574148583,0.00032212374503818534,0.0003578395842414027,0.0001657454449176915,0.0003424352415849894,0.0009009619629642414,0.0005185314374982964,0.0024230050823863306,0.00010552513373985426,0.0001882825248643318,0.0008042689403214759,8.602787604769715e-05,0.00011793414403852485,0.00010212024130444435,0.0003221804349678668,0.000132229552231235,0.00013164482958931778,0.0001883162685973359,0.0010575317576657654
2025-08-12,4.5812138950300425e-05,6.82891497493916e-05,0.00013143955733163943,4.7591554158383575e-05,1.1910020913078121e-05,9.795507519563503e-05,0.00019249787573048013,0.00029072898150870534,0.00035977042297161897,0.0001650255569607022,0.0003417490727985569,0.0009366019013481511,0.000504072954795703,0.002467176895162788,0.00010795617121043971,0.00020685627300434553,0.0008018054369114995,8.001079389682823e-05,0.000117181525166817,0.00010453890585404773,0.00032123545811556936,0.00013264144848411228,0.00013055404990162692,0.00017764503277173428,0.001044704952089605
2025-08-13,5.175439766792131e-05,7.611487522999678e-05,0.00017586244270758396,4.8745230678193515e-05,1.1951364413694393e-05,9.726583604294169e-05,0.00018773828769233118,0.0002719484843743943,0.0003581541203658741,0.00017607190378810192,0.000342273980660825,0.0009318201862089861,0.0005078257367995782,0.002454612371402286,0.00010255294529847478,0.00021249645547973003,0.0008010840752704491,8.496565219791367e-05,0.00012193294704988748,0.00010400652586331532,0.0003231934461799542,0.00010812331881346987,0.00011950890016424122,0.0001834638307199076,0.0010575742837722203
2025-08-14,5.138962894174191e-05,7.608258639328938e-05,0.0001747575039356562,4.976064772496232e-05,1.2758566458853577e-05,9.682379384935914e-05,0.00019724711080711132,0.0002731888133929884,0.00037169262167267055,0.00018929041053972155,0.00026039434390409937,0.0009120039855982062,0.0005080060860701856,0.002451764020261252,9.827388165692966e-05,0.00021238497080651182,0.0008329106672957996,7.040446885484615e-05,0.00012233748579890374,9.668210668794412e-05,0.00032195410266631013,0.00010563517506561707,0.0001547920127554778,0.0002149032246596418,0.0009985439967157021
2025-08-15,5.078007336426056e-05,7.605818699701291e-05,0.0001784920771652897,5.268450915964319e-05,1.3274956283827419e-05,9.768234097738213e-05,0.00020753958897350212,0.0002899327257220787,0.00037062378543221595,0.0001900086290294264,0.0002598603119468228,0.0008539897983619734,0.00044382580098373633,0.002417352682088475,9.420524682566304e-05,0.0001947083710089197,0.0008402589225716846,6.898636119174773e-05,0.00013042464695839422,9.465211410073838e-05,0.0001243813573116914,0.00010945491902303049,0.00015454987430760643,0.00021263246322769053,0.0009743798667033196
2025-08-18,4.904264229736117e-05,7.35641316149427e-05,0.00017048805202433108,5.5481212381287544e-05,1.3046330016951196e-05,9.744185110994244e-05,0.00020489403012568033,0.00028994846183335595,0.0003720380177211367,0.00018325962038796156,0.00025906226278804383,0.0008637077453906992,0.00043448540219759985,0.0023932195264351587,9.214434150697213e-05,0.00021648820231624417,0.0008389997980370723,6.993037694354393e-05,0.00012805492553723009,9.636567473682452e-05,0.00012431576248773428,0.00010216536997219806,0.0001565866232620275,0.00019472481943612577,0.0009943220560845528
2025-08-19,4.901584705363563e-05,7.352219311742652e-05,0.00016843577741596164,5.581345369321744e-05,1.304136717216811e-05,9.720605253106758e-05,0.0002049358163092373,0.00029085485805052815,0.0003708784680909751,0.00018460724787182296,0.0002624806915838966,0.0008196360781646079,0.00041670107681950324,0.0023727605460450696,9.049954833246044e-05,0.00021812454095722356,0.0008347871032458472,6.994431837731191e-05,0.0001275371059173975,0.00010008807811837561,0.0001235192905506736,0.00010572047096684747,0.00015924158716661087,0.00019790074094686375,0.0009721755842383072
2025-08-20,5.043986644862432e-05,8.227673093528618e-05,0.0001707870035686725,5.333262976752921e-05,1.235248786444747e-05,8.611466978900563e-05,0.0002020645448116411,0.00029758681631405815,0.00036892800605152633,0.00019576872010764205,0.0003300155079203742,0.0008359350087542404,0.0005015175550023261,0.002557586574327582,8.45745080827526e-05,0.00022045098364093841,0.000831831439396585,6.969498671668435e-05,0.00012796809986693883,0.00011510701529365917,0.00012683109360735133,0.00012165465652532003,0.00015879561407654738,0.00019696203701283457,0.0011438077984133779
2025-08-21,5.082639884892494e-05,8.27441173750736e-05,0.0001677242151610466,5.160531402507119e-05,1.205136401524437e-05,8.678899733373733e-05,0.00021085365661973384,0.0003123664701732081,0.00038625250400996854,0.0001943775709303698,0.0002939204632611533,0.0008443832819772771,0.0005004978516630177,0.002533146672063757,8.71514387406451e-05,0.00021056075834382436,0.00012160573194903225,6.94617557890625e-05,0.00012944076871690448,9.969949983363369e-05,0.00010340813984824943,0.00010017606672300471,0.00016723808228867192,0.0001991668190804632,0.0011357160866538806
2025-08-22,4.778121338135916e-05,8.278922846141996e-05,0.00015547985159629756,5.125986254548749e-05,1.2722887536238443e-05,7.892319962735817e-05,0.0002123039579884255,0.00031605800740606613,0.00038750538325492715,0.00019439134148003972,0.0002672399523585601,0.0008518694123457325,0.0004928686969526089,0.0025283059694747477,7.647139218199094e-05,0.0001796303890465457,9.821574697573485e-05,6.657657061448704e-05,0.00011183395098840089,9.997635550864164e-05,0.0001007820377603578,0.00010148853902069983,0.00028287297371191983,0.00018893599578868436,0.0011057563325855655
2025-08-25,6.0494195222464856e-05,9.537696347727351e-05,0.00022589359323875056,5.407511444200376e-05,1.5965672914912855e-05,8.307133846993413e-05,0.0002344329697474761,0.00031235987098795446,0.0003960680528226063,0.00019098697913611567,0.00026699994892083717,0.0006504960641234673,0.0005589081422962619,0.0027461732817091232,9.597735726941871e-05,0.000273593087391211,9.807242845297407e-05,8.124076804888285e-05,0.00012623634178005893,0.00011943037060717597,0.00010059917832383289,0.00010088439109474474,0.0002852298922984525,0.00021319634554245855,0.001112824678700517
2025-08-26,6.0586508266528236e-05,9.551742502417686e-05,0.0002312644173825408,5.2376884919305694e-05,1.5779324519099628e-05,7.86621819174069e-05,0.00020829620596883898,0.00030950925598813365,0.0003964318275877256,0.0001912043574591088,0.0002725629581373253,0.0006049759774815366,0.0005566829339982248,0.0028445302759843535,9.556615048585006e-05,0.00027163576574417596,9.858688008976081e-05,8.044182891163742e-05,0.00012471199448050812,0.00012125053451180594,9.887842123691744e-05,0.00011435340056218537,0.00028422789596229217,0.0002175209610935847,0.0011131141997178452
2025-08-27,6.153909613691388e-05,9.586344083646109e-05,0.0002348991788082672,5.008111714566108e-05,1.558471441781268e-05,7.921945185056046e-05,0.00020827796062832985,0.00028669751153566033,0.0004012568010351392,0.00019196588714840579,0.00026013815480576286,0.0005681972316357896,0.000560190801919276,0.0027935332469483753,8.87085887956021e-05,0.0002717621337788577,0.0001146657483783984,8.101878914216386e-05,0.0001330178723377171,0.00010733489561581449,9.108290897329704e-05,0.00011130822698724728,0.0002841174591783311,0.00021300338106617107,0.0010365830206410676
2025-08-28,6.144078446949965e-05,9.586101323238701e-05,0.0002353854328620474,3.479915549139592e-05,1.3208172663256995e-05,7.902905390498008e-05,0.00020829993376050602,0.00022912432609429996,0.00039334086801253224,0.00019671984388156658,0.00025747172416722456,0.0005600144346260234,0.0005234903982201048,0.0027684965483243127,9.035772942990983e-05,0.0002698890004020936,0.00011447212578617959,7.982366776287144e-05,0.0001323764618030961,9.554198104718366e-05,8.424056608630621e-05,0.00011294420935072334,0.00028116504885872045,0.0002129636208958412,0.0010117027151933643
2025-08-29,6.203818573041301e-05,9.78954366232773e-05,0.0002340452211639404,3.56916473261493e-05,1.256789960474663e-05,6.539476060340582e-05,0.0001583273389743926,0.0002191606695710487,0.0003916076931322919,0.00019840971871340062,0.0002362887474713753,0.0005634541037782941,0.0005183535473833536,0.002754391940397014,8.219015785099082e-05,0.0002664903069954082,0.00011458988077011079,7.971952249159407e-05,0.0001301964163137818,8.475417420556292e-05,8.600354492477957e-05,8.497051745691901e-05,0.000278045307208888,0.00021323881628762474,0.0010084225325883243
2025-09-02,6.322400531021248e-05,0.00010377297273826908,0.0002298270773877112,3.8460602019411516e-05,1.3287866882485381e-05,6.804305783364805e-05,0.00017567963244942498,0.00020286631628573944,0.0003890223294689168,0.00011817327951606903,0.00029552796499773343,0.0005683923519042202,0.0005292019723068705,0.0027633650716286963,8.222606658552017e-05,0.00033778070421802144,0.00011302592872266272,7.792793338868652e-05,0.00012318029370431727,7.541245851419844e-05,7.859503435677871e-05,7.547290863148243e-05,0.0002816210599371586,0.00021468097714445777,0.0010614114915227498
2025-09-03,5.1297280482035174e-05,8.59752029681263e-05,0.00020822745205850883,3.0602896189209976e-05,9.63092622498549e-06,7.582857395667275e-05,0.00020964903539493062,0.00019770837805733118,0.00035992400072220086,0.00010143275587915953,0.0002862874642299618,0.0005598501524718898,0.0003545775397951735,0.0009365994518869729,6.308589209938408e-05,0.00031520326888012884,0.00011303338142194924,6.181543916984227e-05,9.48250022388953e-05,9.039872609887322e-05,6.664425449556578e-05,7.738665787670824e-05,0.00028451301245306263,0.00018968714617132468,0.001023168675691055
2025-09-04,4.043505512989366e-05,7.103233082362765e-05,0.00018145262175399212,3.672247840729514e-05,1.140069929510301e-05,7.731533390207557e-05,0.00020377673466086136,0.0002162907142931668,0.00043519836139507487,7.551236984288905e-05,0.00021727493979662978,0.0005452654424503214,0.00029425470107321975,0.0009309082625613993,9.09873962552574e-05,0.0003080845841791138,0.00011400106492474777,5.663200232353342e-05,7.946915137995532e-05,8.473797585019439e-05,4.031539765064311e-05,7.742849518698341e-05,0.00029198554746395235,0.00016283443687947798,0.0009766881780966616
2025-09-05,4.281337023770718e-05,7.293699230450585e-05,0.00018848292749403537,3.9368059718113246e-05,1.3913885725407369e-05,7.835400934441369e-05,0.0002040294865155244,0.00020906400642803173,0.0004365964796243166,6.491725778109838e-05,0.00021413009718114666,0.0005546432287671776,0.00028532866605398573,0.000707682531138552,9.331503519743123e-05,0.00031616810723379175,0.000123978534045639,6.167004776410635e-05,8.531340952399547e-05,8.66536268412647e-05,4.114073445108261e-05,7.954041697280401e-05,0.0003036646109128499,0.00016675009049572933,0.0009660875078224434
2025-09-08,4.008563005511473e-05,6.448783964165257e-05,0.00018974384866911204,5.0070902044036905e-05,1.6221922058965817e-05,8.773237458658361e-05,0.00020715376534643023,0.00021851697829742162,0.00030159104635526623,9.999101373623907e-05,0.00025294571747104403,0.0005550828650279867,0.0002627158618368732,0.0007244273690420245,0.00010941496690388574,0.00030619186881879765,0.0001239726097055087,7.910336737379915e-05,0.0001398713376906691,9.020357548686728e-05,4.1285393887632894e-05,6.787681901063597e-05,0.000217121667901925,0.00013004348771090426,0.0009789228360919564
2025-09-09,4.037683223246201e-05,6.515948671202479e-05,0.00018938108241904397,5.95055257680332e-05,1.6838506165293887e-05,9.088791851984669e-05,0.00020297521881444173,0.00021886847693644264,0.000251092229370911,9.889802549194093e-05,0.0002531101312998134,0.0005610073746057088,0.0002678697531266064,0.0007001922843727163,0.0001088685436175097,0.00027173302428509376,0.00012495751053747745,7.223137385702667e-05,0.00012850455198432946,9.162166673176823e-05,3.9786805548076765e-05,6.914590284535404e-05,0.00023351393162432047,0.00011133451827384024,0.0008114412768172863
2025-09-10,3.736491312406619e-05,6.087661202803589e-05,0.0001910226340368966,6.025109658895437e-05,1.6456135467204006e-05,9.116798139933292e-05,0.0002066008251173338,0.0002199734069264473,0.00016908552229429153,9.861776294420858e-05,0.0002583707314920487,0.0005330816661234413,0.000268200891156364,0.0008563845458020001,0.00010790605286882089,0.0002784341223521865,0.00011822425814444015,6.85168912224275e-05,0.00014163259622025005,8.815842900177218e-05,3.619702913847643e-05,6.95823330118693e-05,0.00023160944543644676,0.00011894439828949654,0.0008563416644078937
2025-09-11,3.760666134564999e-05,6.0401588073972785e-05,0.00019119231625523003,6.195815426022348e-05,1.680358577417866e-05,8.039170256685324e-05,0.00018617684332678598,0.00023484461167632879,0.00022413064992246267,9.944667813757666e-05,0.0003357496820098162,0.0004902781042802859,0.00027608880793189604,0.0008173460953186019,0.00012079250465764693,0.00026513677056842414,0.00013008269224884725,6.913447756408259e-05,0.000145640183093292,8.588577913648642e-05,3.8170535202706435e-05,7.43252416007983e-05,0.00025025029560231377,0.0001289412488954317,0.0008864000867942316
2025-09-12,3.521609284601926e-05,5.370261309700762e-05,0.0001626808250122998,6.29944293284613e-05,1.7939514841790228e-05,8.046854950774343e-05,0.00018930723969774122,0.0002568550225373261,0.00022874632077743754,8.847034073994186e-05,0.0003338017894338355,0.0006773070640002735,0.0003227959194520923,0.0008523042197394199,0.00011950462078586462,0.00028102315633436617,0.00013352271344585408,7.557150058338217e-05,0.00015367728692964672,0.00010203348354592923,4.901517759215103e-05,7.78923045316928e-05,0.0002764192491192812,0.00012980642534118623,0.0009064698762556421
2025-09-15,3.458275875463355e-05,5.4752703689423375e-05,0.00014814762806445404,6.029521996752748e-05,1.6590565122152388e-05,8.017336068020472e-05,0.00018491263037136052,0.00025535099578050287,0.0002315062749913067,9.050543229996224e-05,0.00033047782105210757,0.0009522056890661644,0.0003117554733951459,0.000842734071089889,0.00011419876666084938,0.0002807145576003971,9.885144209304046e-05,7.478740116625047e-05,0.00015127710556903939,9.84816651638358e-05,4.4461322175243725e-05,7.882471734100883e-05,0.00024386183960886524,9.966658371889157e-05,0.0007729472760694046
2025-09-16,3.6126257987171895e-05,5.8695375205598144e-05,0.00013991204288709105,5.756020164850252e-05,1.6470911108360032e-05,8.382649699914662e-05,0.0001800752542578612,0.0002470771497614414,0.00023803776659039863,9.599108756909428e-05,0.00033017998380724086,0.0010123152817388202,0.0003165708364219481,0.0008486286379021701,0.00011478087132610724,0.000281823461597399,9.197692739454828e-05,7.383667926092727e-05,0.00014512107088835135,9.582345197467876e-05,4.505479640568445e-05,7.496451971695173e-05,0.00024396058650147333,9.969914756562191e-05,0.000767562962997214
2025-09-17,3.592933026504275e-05,5.767094382229804e-05,0.00013875920246112644,5.500314675593341e-05,1.6425338516362304e-05,8.402772726331783e-05,0.00018101226814239672,0.000258279212437703,0.00023864175871885166,0.0001032535168997895,0.000340580990926496,0.0010423486282701172,0.0003311038508812198,0.000820437082765482,0.00012991125200291818,0.000257875789041831,9.223974899209408e-05,6.815404452173578e-05,0.00013653766696904797,9.55815748541305e-05,4.0059416068870706e-05,7.736587409565937e-05,0.00024227434269001358,9.68708109230076e-05,0.0007484261691569582
2025-09-18,3.601136140193219e-05,5.7880843226705117e-05,0.00013838855761169006,5.4899110911999234e-05,1.6417271706434382e-05,8.717900184063807e-05,0.00020552747786183487,0.0002616018017277798,0.0002388188483279326,0.00010153721822667237,0.00037526270514100474,0.0010373727085713678,0.0003320973761075686,0.0008431428385109753,0.00012825281439085882,0.0002777395340806572,8.989674018590302e-05,7.323432171048636e-05,0.00013956158257104822,9.170718056835646e-05,4.0750857441190235e-05,8.4385890233657e-05,0.00024327865038109426,9.44898603385184e-05,0.0007487627119142366
2025-09-19,3.5580852369800536e-05,5.2074485756350775e-05,0.00016828075106912154,5.8957647644894086e-05,1.651673854464257e-05,8.641197808840382e-05,0.00018541516179762705,0.00025453358862590966,0.00023989366766481103,9.089623603364077e-05,0.0003703535513740237,0.0010454349375858321,0.00029171364691597893,0.000899904888782585,0.00012877782093912221,0.0003430752083751958,8.989822112066672e-05,7.308277165422232e-05,0.00014030082068112537,7.602321034528425e-05,5.2950818920369694e-05,8.8110191222618e-05,0.00024368536227914768,0.00010048718887519103,0.0005804803349817
2025-09-22,3.652988724107275e-05,5.262503297200492e-05,0.00017077801052756023,5.8894296252138966e-05,1.6540884229202093e-05,8.695414526928173e-05,0.000211394077971964,0.0002528515572544749,0.0002725808492876828,0.00010610021659594393,0.00037057633005878045,0.0010566185035742405,0.00031619869513952717,0.0008969084385180001,0.00013476109925705286,0.00033678295455621726,8.332798241709976e-05,7.191580103579814e-05,0.00014002582654182432,7.790370914887569e-05,5.844236923089646e-05,8.909480531229922e-05,0.00024338072601237063,0.00010317230863831877,0.0005774718462064735
2025-09-23,3.68649394981698e-05,5.3353686649673626e-05,0.00017227428454929167,5.825511041712662e-05,1.601059178427806e-05,0.00010241496066412728,0.000244936026049999,0.0002491624054429838,0.0003687427981922392,0.00010849827875823812,0.0004515608620049165,0.001068644417012642,0.0003160174561739932,0.0009399944217271529,0.00013226137317615155,0.00034219762736631296,9.631042150798287e-05,7.14450263676933e-05,0.0001426935511672594,7.741959627233678e-05,6.542292886852925e-05,0.00010800189580114992,0.0001288228442490423,0.00010655700354697465,0.0005855184759889435
2025-09-24,2.5777563182033866e-05,4.2950675120439175e-05,9.155163254724567e-05,5.7929914526641306e-05,1.286201524813325e-05,9.711500631834008e-05,0.00022129676711496945,0.00027201907507870006,0.00036228638887500123,0.00011227994233289829,0.0004804789166143229,0.00089015397523432,0.00023735723586956143,0.0007944350073005479,0.00012595180405181768,0.00024729796670068136,0.00010527358595316437,5.78498913984123e-05,0.0001283141508281733,5.892158137269431e-05,7.520048460219679e-05,0.00010875625553446201,0.00012191865678335628,7.913319512689743e-05,0.0005554388118958564
2025-09-25,2.52682859071605e-05,4.3170948142938085e-05,9.009274397173496e-05,5.827325926598072e-05,1.3373993515835464e-05,0.00010133408166983884,0.00021744032250233035,0.0002772366244554275,0.0003657393000303926,0.00011056977940186415,0.0004785079636301268,0.0009533032045434019,0.00023047472916099402,0.0006886617648752911,0.0001347260960675346,0.0002445303506103545,0.00010468109639664541,5.6432891321901124e-05,0.00012744701326106107,6.245124181809303e-05,7.389597491953667e-05,9.473574335290528e-05,0.00011874773266301438,7.9945398565836e-05,0.0005167564032021478
2025-09-26,2.548321660576776e-05,4.331397219476662e-05,9.143891407499561e-05,5.8255089267421814e-05,1.3522317030608744e-05,9.941303023359179e-05,0.0002665100271045565,0.00025237569050120645,0.0003784487550468386,0.0001115645464690833,0.00047297430086557483,0.0010516732095626864,0.000253861220801624,0.0008112624665073359,0.00013895170418785872,0.0002534743443163583,8.944159329068442e-05,5.3586930472449197e-05,0.00011907055605500786,6.256472333196075e-05,7.51086974874205e-05,9.483504484207231e-05,0.00011927506578960395,8.075837104073694e-05,0.0004956965700122107
2025-09-29,2.6986771025092285e-05,4.4106451793477115e-05,9.269394196627781e-05,5.82265533354601e-05,1.3614871904333906e-05,0.0001010044515368596,0.0002884343124161878,0.0002484537179852658,0.00037866515423021896,0.00011095367818716,0.0004733587430155051,0.0011347300006099078,0.0002659575606055091,0.0008310080660990193,0.00013674198522709266,0.0002539460186811362,9.141140424806658e-05,5.624951886758283e-05,0.0001225269121475349,6.573608757628843e-05,8.16724593426461e-05,9.293176141648108e-05,0.00011933205553151255,8.09794139455174e-05,0.0005021613507724411
2025-09-30,2.673371841254648e-05,4.314295644335894e-05,9.269052997130403e-05,5.953455140835979e-05,1.4088499593800243e-05,0.00011267290272601194,0.00028866551449247127,0.00030167947218477745,0.0003751815038589368,0.000111221770263178,0.0004925737522732133,0.001131012383045412,0.00033514331374882026,0.001070990113255682,0.00015241311860210397,0.0002610175472109271,9.534579207650908e-05,5.752618387501475e-05,0.0001206547071660356,6.53682123827839e-05,8.462295781523823e-05,9.156639014381555e-05,0.00011935967751646847,8.739670971245166e-05,0.0005057578582951236
2025-10-01,2.5548520448203177e-05,3.6129214872297146e-05,9.171194755103773e-05,5.7209506784983676e-05,1.341767285446712e-05,0.00011158225323231128,0.00027005666338491717,0.00030714746653705375,0.0003750363820478819,0.00011168204548225736,0.0004660757148467664,0.0010621284581954404,0.0003234353377981052,0.0010679382359048127,0.00015705110302309853,0.00019281576057223054,0.0001069211376883399,5.8426514832050356e-05,0.00012061795569217514,6.465101643079303e-05,0.00010289193103955895,8.727127075466432e-05,0.00011491482659342459,8.557008711178267e-05,0.00043543932321481616
2025-10-02,2.315264768517055e-05,3.350521407435997e-05,9.036842466183812e-05,5.451845984116768e-05,1.3682459341655523e-05,8.181600334892394e-05,0.00024130340462231886,0.00027578591457264897,0.0003695885991225544,0.00011178478572169753,0.00044547787503037217,0.0011102229174896863,0.0003232717188769665,0.0011026832935608724,0.00015693797467154628,0.00019322252707262483,0.00010692310008323046,5.9785067645451135e-05,0.00013127235340006067,4.9458577457135155e-05,0.00010214697156619336,8.579322978369252e-05,0.00011685268718236236,9.569570388128001e-05,0.00044541079774735123
2025-10-03,2.1625385158808287e-05,3.106392187803303e-05,9.2481845063312e-05,4.8454070613074436e-05,1.1890940119179936e-05,7.914961017360271e-05,0.00024421133188474146,0.0002670666671861195,0.00029541526661678945,0.00011499359471955132,0.0004496451045772758,0.0012495069526227065,0.00035920409905126243,0.0013868365490861208,0.0001343797603556234,0.00021501775285726255,0.00010376246314533916,5.96611089004792e-05,0.0001369727475657717,5.095490696522941e-05,0.00010214850384471112,8.872436651353916e-05,0.00010298171815335304,9.540777932459096e-05,0.0005096932028913056
2025-10-06,1.7832335873833728e-05,2.7592198118517956e-05,8.702659204222074e-05,4.549298204971523e-05,9.434878835491703e-06,8.158105902451338e-05,0.00026653236256646675,0.00026320701838508805,0.0002944255555431476,0.00011406121938512155,0.0004501150566620591,0.001251085887007524,0.0003643169188106552,0.0013994109267154691,0.00013349981900858497,0.00021873570843100867,9.32850101968419e-05,5.633914295831094e-05,0.00012932629041472284,4.8663956010311745e-05,0.00011219863455405791,8.657607228156653e-05,9.159078502867767e-05,8.785098260465634e-05,0.000559613629719243
2025-10-07,1.8073454381479987e-05,3.054398419248343e-05,8.653793949554758e-05,3.6437070207665484e-05,7.694954892944428e-06,9.104481952610729e-05,0.00027173585209555335,0.00025288950886800997,0.00029588037557662974,0.0001026364371591561,0.00041580150389155634,0.0013353641038675189,0.0004355103988945345,0.0013774126209151725,0.00011401683924644977,0.0002175710110385177,0.00010050832503957367,3.763911323771898e-05,7.501063771187841e-05,4.66851789079083e-05,0.00011236711811809342,9.33672066356292e-05,9.271197073109239e-05,8.502325064407627e-05,0.0027844614879019513
2025-10-08,1.849932822388835e-05,3.0773671682128345e-05,9.269677130149592e-05,2.8643650639405983e-05,7.218411457503811e-06,8.547317429098106e-05,0.00028106318762119393,0.00025227217394775876,0.00029277060166003384,0.00010452832769083965,0.00041295863001057783,0.0014398436174388285,0.0004712626856619897,0.0014114419479789768,0.00011386337290416027,0.000234615905733444,9.670277397795644e-05,3.770095326561225e-05,7.491625922827344e-05,4.553645112613719e-05,0.00011303310664101915,0.00010200039360454465,7.752984989435281e-05,8.185209754818455e-05,0.0028616035056518007
2025-10-09,2.014297757281181e-05,3.745048412981767e-05,9.675240035951607e-05,2.6898523654105445e-05,7.128751962085719e-06,9.984102885501959e-05,0.0003155567422154012,0.0002521287147984658,0.0002825955867146743,0.00010466932165391739,0.00042744388654598154,0.0014487344411846467,0.0005469483644380401,0.0013048891843308013,0.00011445759094722554,0.00028100849576691446,9.742020516673814e-05,3.796501420782086e-05,6.74403882883461e-05,4.674365525163103e-05,0.00011163316526374703,0.00010971656791501794,7.812520513666461e-05,7.514988716870118e-05,0.003451586134693228
2025-10-10,2.0147582641123003e-05,3.752492174105695e-05,9.886904430895401e-05,2.5153396668804982e-05,6.8638013633496935e-06,0.00011813376640981329,0.0003140924471691235,0.0002454125041955045,0.0002372108597082507,0.00010502458527050589,0.0003673924015607974,0.0014512731708812008,0.0005417966219928231,0.0012984693533958642,0.00010830074731865445,0.0002744883737836134,9.36641743823028e-05,3.8032130317153225e-05,6.434011663823082e-05,4.823793898493301e-05,0.00011214238233853659,0.00010002900334958054,6.595846303063485e-05,6.866256887341848e-05,0.0034282199230943286
2025-10-13,5.750932831395768e-05,0.00010403901693798984,0.00013111204216379314,3.67724834388283e-05,6.1079260141360345e-06,0.00012353963473622876,0.00032247517210501716,0.0003219841107815549,0.0002937818823382271,0.0001317838409019488,0.0005048040903553476,0.001410502310007986,0.000654698088913012,0.001615022231552955,0.000155534349627347,0.0002712392166881068,8.34304843564011e-05,5.009559042908018e-05,6.213730895957248e-05,3.939683616962188e-05,9.952025024808881e-05,9.835879611902175e-05,3.932673801820203e-05,7.658058921470092e-05,0.003749130084389792
2025-10-14,7.020127908616587e-05,0.00012712363606762957,0.00016662904496143497,3.576421116860513e-05,6.569266617740895e-06,0.00015489757732647493,0.0003964477239744519,0.00032989529945564634,0.0002823315948830173,0.00011683353558407145,0.0005463388963433605,0.0012871436930050981,0.0006653167165889876,0.0016145890623161807,0.000163596236547146,0.0003112383991504735,8.366777452483223e-05,5.408316775438948e-05,9.069453931995409e-05,4.042401209820824e-05,9.923540422414725e-05,0.00010919847223565921,3.610223042725483e-05,7.682587623252799e-05,0.003733193604518628
2025-10-15,6.873913448019642e-05,0.00012559398302959676,0.00017665824320247953,3.602619484178647e-05,6.634756131152502e-06,0.00015180297958743882,0.00039518644014376557,0.0003398792148177937,0.00027550591352944735,0.0001106688975519628,0.0006573181159888772,0.001233072555473102,0.0006597026603863762,0.0017134292710169565,0.00016296703556501353,0.000411612293165905,8.313588286057559e-05,6.038088806816106e-05,0.00010882765609327211,4.598712475243234e-05,9.84839752096437e-05,0.00011360858583771807,0.00016546164132718224,7.997210501537916e-05,0.0037220549797750066
2025-10-16,6.97097230921494e-05,0.0001282627761453781,0.0001817202221030686,3.604946101084684e-05,6.591321372896329e-06,0.00016775343411894742,0.0004509206733306884,0.0003196648959793316,0.0002756482655985365,0.00010233531078013257,0.0006428751984155004,0.0012008391399518897,0.0006871849366627638,0.0017261651100314225,0.0001478550177681156,0.00041365159219250994,9.008298014645305e-05,6.010664869354473e-05,0.00011650779236519238,5.5810476663021495e-05,9.709201792851433e-05,0.00011786010821266115,0.00018060711038829258,8.063276116452107e-05,0.004163413891427131
2025-10-17,7.218234165272504e-05,0.0001287978474284411,0.00020615344341104027,3.8751456669418e-05,6.8621455215178295e-06,0.00019373548580120428,0.00044255005166079163,0.0003312336163247309,0.00027813978029715437,0.00010282332829171649,0.0006107022986291227,0.0012073784342585734,0.0007346592947750089,0.0017160690858242541,0.00015560220773661206,0.0003951837115932365,9.816708926775632e-05,9.852008179152647e-05,0.00014345971965123855,5.639859985362998e-05,9.747866375956381e-05,0.00011842653937236766,0.00020785266062358447,9.247493263703972e-05,0.004175760211309677
2025-10-20,7.274685223974064e-05,0.00012673117726032604,0.00017550842036047373,3.298778698575616e-05,6.841119576441285e-06,0.0002126144459962367,0.0005536428443183892,0.0003308102352082651,0.00029750077494688007,0.00010311169292036832,0.0005493788226237537,0.001214756525494136,0.000685469570068118,0.0014789814424498613,0.00015873007178305153,0.000363051131165118,9.891542507242248e-05,0.00010204997106616034,0.00014282334396456967,5.8448992200244356e-05,8.286536598011789e-05,0.00010659043097192219,0.0002131567151534471,8.897124886795557e-05,0.004174604164428854
2025-10-21,7.72727262518209e-05,0.00013282544171630168,0.00019277802162790005,3.359189839093425e-05,7.306963041923065e-06,0.0002765267397967607,0.0005259515417424066,0.000317426041018585,0.00032499344712983276,8.654947038479957e-05,0.0005496041752400527,0.001206915645363673,0.0007606106808283879,0.0015073177905079588,0.0001550346709723048,0.0003691801865049969,0.00012406494851900752,0.00010917881388925301,0.0001555122498994823,6.163771032718851e-05,7.587684910628746e-05,0.00010368184465098723,0.00020702104714504294,9.125482578089016e-05,0.004228626031646344
2025-10-22,7.605275976139534e-05,0.00013092127253851938,0.00019216757495814824,3.419835858937713e-05,7.0339888545532365e-06,0.0005020446173873213,0.0008954229309804045,0.00031966574393673303,0.00022772729945666294,8.421546929478694e-05,0.00047193019392031504,0.0011937542302854032,0.0007727492914003515,0.0014666362866795452,0.00015525287692923776,0.0003698730888795498,0.00017015874158361305,0.00010915239941719523,0.00016939402191501815,6.207284419078761e-05,7.387013639492421e-05,8.373358515975562e-05,0.00020908922165702827,0.00010852727351186006,0.004222205648133701
2025-10-23,7.590902594239547e-05,0.00013362112632202053,0.00020402818399770033,3.156478436791436e-05,6.8734025791247115e-06,0.0005011345165389882,0.0008954347196914318,0.0003574820854238778,0.00024048716524905031,8.020519248475136e-05,0.000428380323394363,0.0011767706770958234,0.0008420257558890664,0.0015627444434960845,0.0001481473481427193,0.00039312621521166743,0.00016220015054890972,0.00010984858750666424,0.00017490924861618623,6.143610450682118e-05,6.553338555695539e-05,8.376970710008935e-05,0.00021269451112619834,0.00011441696461187121,0.004280371627123978
2025-10-24,7.726718294492333e-05,0.00013678154618703117,0.0002080274683584594,3.335060674119582e-05,6.065864930821899e-06,0.0004974690535665053,0.0008973024744110221,0.00041517562951434527,0.00023769543606539387,8.002687464141024e-05,0.0004305773357726559,0.0011212815970463772,0.0008904802185728767,0.0015643354549268267,0.00014859758849059644,0.00040148234717069225,0.00016235004520375414,0.00010966164853978312,0.00017476778578287813,5.6108826556174185e-05,6.583790421937651e-05,8.375486732617759e-05,0.00021284019571465304,0.00010843913359838765,0.0043033041466696755
2025-10-27,7.972413892138398e-05,0.00014193750814326468,0.00021104493670050185,3.3361083569814996e-05,6.044385843621736e-06,0.0004971406180564499,0.0008492499528342672,0.00041194716244163335,0.00022855277621835414,7.983494917518182e-05,0.0004568046614157062,0.0010768430940521817,0.0008772271099317324,0.001918820042265425,0.00014989530596569263,0.00039322156727398177,0.00016311276666409653,0.00011566334122646567,0.00019630828254685456,5.60875095459529e-05,7.035493024336319e-05,8.782963174252751e-05,0.00021460854309391096,0.00011551810530480818,0.004599064115477584
2025-10-28,8.547005768428134e-05,0.00015808022499889764,0.00020772383431552372,3.394359680387252e-05,6.099961840119574e-06,0.0005389816337395604,0.0009015025487264136,0.0004119756913283374,0.00025470428490409643,8.800214510329165e-05,0.0004983667390906364,0.0010894545080053877,0.0008655320440615529,0.001919701839870945,0.000145597677945014,0.0003959102098893918,0.00016140496271794573,0.00011370698189131932,0.00020079134661385567,5.1232079563248087e-05,6.364832706263031e-05,8.887171505587124e-05,0.00022881446812468898,0.00011643526674723043,0.004630076835486246
2025-10-29,8.54240368650119e-05,0.00016012477400865913,0.00020922816134133908,3.065484899637042e-05,5.4962516719946e-06,0.0005271536003419962,0.0008916169151307033,0.00038708991307732086,0.000253837771788606,0.00010710449162172544,0.0006051734309036725,0.001104610290746429,0.0007998573750612842,0.0016960247155890188,0.00013277941292716308,0.00038871766119347965,0.0001569991188716287,0.00011457775610164925,0.0002015794874499907,7.27614150359081e-05,7.50103516851517e-05,8.67167943524506e-05,0.00023736810898262938,0.00011129836898927386,0.004624646201175203
2025-10-30,8.466255291621139e-05,0.00016082042572435705,0.00021312492499889305,3.5843486154817136e-05,7.212159331633922e-06,0.0005239820231408476,0.0008994361195434511,0.0003818618241464914,0.0002541738212006129,0.00010484913228980122,0.0006165865913394687,0.00110421425413832,0.0007997500967546065,0.0017093945293477008,0.00012953270388021558,0.0010446018324455444,0.00014538905011095068,0.00012937787546670991,0.00020155551820166652,0.00010913243706840718,5.170048811795854e-05,0.00010312178430490495,0.0002399774858033947,0.00011981705438488383,0.004656328831392008
2025-10-31,9.072642531758512e-05,0.00017256495542784187,0.00021645082193291952,3.734400122637503e-05,7.904706861798985e-06,0.0005445660349834517,0.0009258513092415785,0.0003781703508706022,0.00025576982416784664,0.00015216820788482315,0.0006383553035935535,0.0011695561958900977,0.0008872019274071779,0.0018672122422887698,0.00013145578619924548,0.0010422651104271359,0.00014981972452150476,0.00012538551901214418,0.00019805433561216965,0.00011023093258244481,6.038840071103166e-05,0.00010422236930395237,0.00023394826559663428,0.00012101450102460122,0.004719364171814882
2025-11-03,9.124111845884059e-05,0.00017291147024473842,0.00021601417074160257,3.73691438743556e-05,8.654943699419353e-06,0.0005455232391709971,0.0009245743440159071,0.0003589827469269047,0.000254208447928901,0.00016166111805884637,0.0006343532352595866,0.001092969072061969,0.0009280624963582949,0.0016951717759071214,0.00012875108285611842,0.0010258392560235634,0.00015085190494532806,0.00012574715845386068,0.00019393729416880955,0.00010908316441955111,6.043034701917447e-05,0.00010273970489333,0.0002394280993189275,0.0001208230951735972,0.004656381275204518
2025-11-04,9.143363259735912e-05,0.00017318461480915812,0.00021358902866815374,3.751481852271943e-05,8.965805162931155e-06,0.000542193453556174,0.0008973549194006976,0.000359010425369665,0.0002548663696012719,0.00016125354882760772,0.0006570532736840006,0.00111756148812681,0.0009267886926147685,0.0017567317607100343,0.00012721335302810863,0.0010213525067615302,0.00014867318916629118,0.00012410172988538368,0.0001921874290586586,0.00010843943061196417,5.9990135470136085e-05,0.00011621207474177873,0.00023960138250073973,0.00012143447941547587,0.004616480481919295
2025-11-05,9.851846143108371e-05,0.00019314818915339724,0.0002293515823182601,3.430313584254801e-05,8.49434247674627e-06,0.0005402073920692844,0.0009194881448179607,0.0003517759741191011,0.0002541425798497485,0.0001375449559293011,0.0007395969563465989,0.0011163695518452159,0.0010179437753643147,0.0020307139793632706,0.00013230984015917237,0.0011127834423298902,0.0001306348335728675,0.00012555440386148234,0.0001919506216229205,0.00010370246377972821,6.0201111054150564e-05,0.00010975629894392418,0.00023996523479098917,0.0001229471550518875,0.002215447180239566
2025-11-06,9.841829120556851e-05,0.00019392617761994916,0.0002342070861370681,3.9075331548135776e-05,8.787645567707819e-06,0.0005459968730414319,0.0009309364289996914,0.0003593397561093673,0.0002541134032995499,0.00014417184606529588,0.0007562961082848265,0.0010876140081474777,0.0009938101386374415,0.002070833038155179,0.00013255568919827695,0.0011774544526174785,0.00016199483136362027,0.00012610498197236622,0.00019402743778539002,0.00010301669289895023,6.054537543419948e-05,0.00010378821128927486,0.00024183647716825258,0.0001227916426010611,0.0021718242748916365
2025-11-07,0.00010285504004522305,0.00020617231683145058,0.0002457075912700788,4.343098298659243e-05,1.0205964277882203e-05,0.0005314252378508735,0.0008924549210122942,0.00035847650812846534,0.00025215086515183757,0.00016600333569162537,0.0008061905918144932,0.0011479753274004267,0.0010480103363328173,0.0023578431400512077,0.0001358231535367282,0.0011243143083574834,0.0001645762090546528,0.00012553539400513518,0.00018788314630170723,0.00010279950156726693,6.104883621597083e-05,9.593185497132799e-05,0.00024147466921395496,0.0001243788749826676,0.0018484979575594702
2025-11-10,0.00010244713317855537,0.00020663895342048583,0.0002449156001080283,4.3643176233142766e-05,1.0207276459612944e-05,0.0005144663278438967,0.0008957559428040221,0.00034935634158644657,0.00023992971211774333,0.00016482188540247096,0.0007881963297121647,0.0012219305092641551,0.0010433654861337716,0.0024740630438390408,0.0001367297624049453,0.0011312553540865833,0.00018481935638462485,0.00012755264547607102,0.00018690371788596845,0.0001141669342891252,5.838090350976685e-05,9.774474160644194e-05,0.0002391445891263513,0.00012108675263865255,0.0018584530433401205
2025-11-11,7.446383482968507e-05,0.0001645039654887328,0.0001997435005361338,2.9595246105506878e-05,9.79772739345736e-06,0.0005487831331039568,0.0009769863868647043,0.0002453163508748743,0.00017346732393887744,0.00015633022768141055,0.0008244256445867838,0.0011447870199271775,0.0008967376928956378,0.002160819038613097,9.393463497028479e-05,0.0011232026465466886,0.00019357391661696324,0.00010176571522810555,0.0001780294904479246,0.0001051378260671053,6.346047628608106e-05,0.0001014292490361393,0.0002392692994914936,0.00011635954365021481,0.0016092566793186069
2025-11-12,6.205207782529358e-05,0.0001407451042158563,0.00015849280717836778,3.072122968949988e-05,1.0022786739756704e-05,0.0005180585717440239,0.0009027957597261716,0.0002477846440850927,0.00019332884776231704,0.00015586761893766896,0.0008315645271476964,0.0010010430906612032,0.0008904982609670274,0.002270583902815766,9.314503073088427e-05,0.001084637918265323,0.0001997994628542879,9.790063117753685e-05,0.00014929114630307997,0.00010973354048537162,0.000107459272245034,0.00011283990313121907,0.0002442342371035473,0.0001399921884054554,0.0016459694749814476
2025-11-13,6.198719818941392e-05,0.0001383331913262344,0.0001478157074195578,3.03343569749915e-05,9.477886308640579e-06,0.000529273869420174,0.0009828652331139328,0.00032190341645881444,0.00019562305768828047,0.00015709440375262322,0.0007211760313774638,0.0010115968878649415,0.0008884556308703754,0.002163532595881183,0.00010400553574753935,0.0009829365135131168,0.00019940756913892866,9.538745544170788e-05,0.00014129498022898244,0.00010709513344957079,0.0001079112794114066,0.00010659761151874265,0.0001146706900120509,0.00014961728696886087,0.0020491807223314037
2025-11-14,7.624605929375074e-05,0.00015892562138137702,0.00018714179191948375,3.379128295672101e-05,1.0826608170381805e-05,0.0005167104892519971,0.0009455521332434874,0.0003219427032470496,0.00019363653721995603,0.000170207876788991,0.0007939335190618541,0.0012602104132526783,0.001005580840136297,0.0024271175129769785,0.00010434193923456645,0.0010399595716245977,0.00019255337855328045,0.00010455650567917904,0.00019953492518803362,0.0001040706832122196,0.00010882472378239834,9.906400756161064e-05,0.00010333482699298377,0.0005046534277443427,0.001708679722815735
2025-11-17,7.369028428555619e-05,0.0001582032309724997,0.00016281424077405497,3.25265563171619e-05,1.0786040395307118e-05,0.0005056082486327825,0.000982848525799174,0.00033135395789368716,0.00019068089276307268,0.00017964171143003657,0.0008042507097004697,0.0012500645787488476,0.0009572876288812064,0.0024095741385684122,0.00011189395629739932,0.0010309498067135256,0.00020949771998978413,6.656669424034514e-05,0.00018894133424874143,0.00010363644983578965,0.00010814099649966297,8.747447399747469e-05,7.243907169733308e-05,0.0005054705634959268,0.0016938930155494635
2025-11-18,7.673351468154189e-05,0.00015988599445606664,0.00018238540730121703,3.273247892705055e-05,1.0597991574263374e-05,0.0004931271433129967,0.000876521495527229,0.0003310794668182029,0.00018854905126561777,0.00018036333175266902,0.0008206496909199198,0.001224561745288004,0.0009751538992768194,0.00268668888567817,0.00012682621474321705,0.0009946524229238309,0.0002149567811055934,8.328231655287058e-05,0.00019465291141323773,0.00010509528837249214,0.00012501272405567542,8.834453336014799e-05,6.600598034082312e-05,0.0005027193290484788,0.0017281946311144423
2025-11-19,7.476538150306015e-05,0.0001595176689175882,0.00016243920338410386,3.193523469967472e-05,1.0107871183120279e-05,0.000425987568211021,0.0008738762149400866,0.00034606686112848917,0.00010661361889005208,0.0002192504458922473,0.0008645273776113803,0.0012258267059582478,0.00087751749032849,0.002661840848521264,0.0001242071910501943,0.0009933271820993278,0.00019349795168307983,7.601756258227962e-05,0.0001811908331593937,0.00010047014977230497,0.00012488898558005472,9.109546642915006e-05,7.657764496664813e-05,0.0004970616912343441,0.0017770052106550447
2025-11-20,7.557950708376476e-05,0.00016145415333525937,0.0001612178171179047,3.0842798853484e-05,1.0106592218663153e-05,0.00018449239983294572,0.00047250670179911804,0.0003717434363453347,0.00010734675777682196,0.00022922403934626446,0.0009040026881726769,0.0012219119012408988,0.0008681272505888385,0.002665779160189054,0.00013323271388593385,0.0009919748004470254,0.00013970575269037526,7.669315976267206e-05,0.0001732458353182552,0.00010343065824181827,0.00012841938468550272,9.082066542011112e-05,7.652595555753168e-05,0.00048639081582607516,0.0018192023978311216
2025-11-21,8.701092133351569e-05,0.00018775066010908362,0.00016818782109527433,3.16654125918361e-05,1.0155336216655596e-05,0.0001844964970343548,0.0004838359550186805,0.00031436514606561787,9.638531328638764e-05,0.00024178755208363446,0.0009588941154823316,0.0012445155118243282,0.0008608181978927165,0.002823825038756157,0.00013150183436789898,0.0009773803980557478,0.00013910429489746113,7.911849861151497e-05,0.00018215066323589384,0.0001034081405384447,0.00012717496060766294,9.364244476621355e-05,0.00028708426143416246,0.0004998544879712769,0.002123600441616632
2025-11-24,9.047681734797296e-05,0.00018698084013955783,0.00020225338705970002,2.958312321546473e-05,1.07500880867955e-05,0.0001837540871475184,0.0004873775684433702,0.00024765926801652234,0.0001161438987617146,0.00025144040099628155,0.0009582499245612185,0.0012227479138291573,0.0008388872382919683,0.002825539311117336,0.00012406661919162675,0.000971858172029972,0.0001531137502361789,8.538080979631914e-05,0.00018211356915547906,0.00011756936677290133,0.0001277603168038156,0.00011189061773422052,0.00030226307049269023,0.0005126085401029814,0.0021072119530424547
2025-11-25,9.853991869728737e-05,0.00021572134023862562,0.00021209557362041233,3.134072556782406e-05,1.1452551151142476e-05,0.0001966691364674197,0.0005322156389011932,0.00026161149370098735,0.00012206413905815991,0.0002504363748780592,0.0009537064914747072,0.0013959356749956191,0.0009402538820744065,0.002560270044262199,0.00011883487183562714,0.00098580664146631,0.00017639517145475565,7.999324562927363e-05,0.0001605728172173652,0.00011749278833720466,0.0001273822385672002,0.00014596496383545142,0.00030789767636865483,0.0005329086023068768,0.0019698104539944724
2025-11-26,9.5806539205857e-05,0.0002007247502718413,0.0002369021952343716,3.1070490233819426e-05,1.1720391883059362e-05,0.00015301943915316395,0.00045803879538379466,0.00027694639156569325,9.504355290350077e-05,0.00024029038415251207,0.0009494532229753377,0.0012991790909136851,0.0009369043142067727,0.0025423860444220778,0.00012069769194083837,0.0009905498489547813,0.00017636296681148209,8.754392933221052e-05,0.00016748608075280318,0.00012169513383799581,0.00013213778706511122,0.00015035485299248218,0.0003361380626521313,0.0005407667089350964,0.0020301008353826393
2025-11-28,9.801319788554085e-05,0.0002017488744509527,0.0002395780122771464,3.1768219982920936e-05,1.2351950963659002e-05,0.00015366251116020828,0.0005278672288469608,0.00025259645044318064,9.525583784681003e-05,0.00023626156843928296,0.0008301800386076696,0.0012975872918455898,0.0009428679206131502,0.0026216656345499963,0.00011779505855086397,0.0009977502069956968,0.00017687828604852568,8.861277063579437e-05,0.0001792709377411539,0.00010122164681773556,0.00011566630749790244,0.00015017174909430584,0.0003482383905863195,0.0005387619052197129,0.0021093986074316074
2025-12-01,9.962329206032631e-05,0.00020421373436375247,0.00023744463825813695,2.735584286180058e-05,1.0740490167808944e-05,0.00016122347776148768,0.00069394553287072,0.0002624716140411807,9.608178075996175e-05,0.0002459268493672775,0.0008008997694895382,0.0013011960265022712,0.0009556736655543335,0.002649022730063694,0.00012406880526157706,0.00033508032200481623,0.00018043857738326324,7.534342581458497e-05,0.0001960830206397441,6.454265927960345e-05,0.00011601759603263595,0.0001337535166684586,0.0003546568992727039,0.0005353981172832621,0.0020900467699638352
2025-12-02,9.407242598442481e-05,0.00019183502668823884,0.00024263746322328967,3.4084407092304034e-05,1.074831010038028e-05,0.00014177047573965638,0.00069368702883805,0.0002623865404504104,0.00010644933242333716,0.00020432843687293755,0.0007931099650166249,0.0011776306114670582,0.0009063897533590089,0.0025860159525943984,0.00012716374744443684,0.0003441290754442314,0.00023955542940758465,7.870762080416135e-05,0.00019693468860532696,7.063664441685743e-05,0.00010991718747329645,0.00013343849371026952,0.0003590028192051379,0.0005499978729999948,0.0020225371933948575
2025-12-03,9.367270790628884e-05,0.00019389468535109414,0.00024109182723981205,3.3607332854576264e-05,9.877415079735061e-06,0.00014243260748691695,0.0006979334355277755,0.0002629018126400789,0.00011211109301945836,0.00019405555800540647,0.0007968746016791253,0.0011040397022401343,0.00083247512073792,0.002482334242018574,0.00013351768962097438,0.00037285021059107917,0.00024044682112990518,7.836421386196366e-05,0.00019595207329816961,7.096171782189463e-05,0.0001098757993965077,0.0001382758655906629,0.00035654859225529254,0.000565765981183315,0.0020448144643326737
2025-12-04,9.41345521394847e-05,0.00019297321822223313,0.00025832430717330653,3.369662230907761e-05,9.757964439919082e-06,0.00014230425897880642,0.0006962261881824152,0.0002649017632913031,0.00011360177413007994,0.00022914925508721326,0.0007775585108989116,0.0011557696877353126,0.0008836107589373283,0.00253643250868598,0.0001524116291386823,0.0003783857639339145,0.00024378464735432055,8.714970253366955e-05,0.00020446238114769,7.120213458591827e-05,9.92823072527439e-05,0.00012653798691346626,0.00037268479046616797,0.000568772717575595,0.002041065511583118
2025-12-05,8.637719160601833e-05,0.00016999142284177018,0.000245873057463719,3.5024573095638933e-05,9.834796308598079e-06,0.00012522414416465133,0.0006999754327483446,0.00026381991787697364,0.0001210349017423673,0.00022995381059186828,0.0007122205085643154,0.0010191866249200522,0.0007496954909760582,0.0022547321830172994,0.00014696418320241396,0.00029466700784456677,0.00024241389909023173,8.59200217587427e-05,0.00021320443284581568,7.13735779334462e-05,0.00010941447791405737,0.00012940163178945717,0.00037101818493758947,0.0005672794374679654,0.0019663997966880755
2025-12-08,8.591905130207628e-05,0.00016859375055245014,0.00023559208071284983,2.9629774017869374e-05,9.4003739483719e-06,0.00011815866166334657,0.0007039627784483971,0.0002581341471940052,0.00012360714986626035,0.0002204298848240796,0.0006966629817079101,0.0009346383021377652,0.0007369939522799828,0.0021884730063995595,0.00014751777876483875,0.0002153722806102936,0.00021296367612314541,8.528411404653489e-05,0.0002104674828702134,7.13972894173486e-05,0.00010865433906710353,0.00013412177747188278,0.0003679428701164375,0.0005673685454143877,0.0019373127572287633
2025-12-09,8.004237986522522e-05,0.0001494344634279887,0.00021814258367568745,2.5834766488773978e-05,8.131619658960483e-06,0.00011846216030162,0.0007048048693905804,0.00027997754235532395,0.00012406416910366064,0.00021270783099870124,0.0006367985553238353,0.0009303343349120211,0.0006051411655939279,0.001866582001680949,0.00014895460786676528,0.00022207661278112888,0.00025376844072114667,8.53300520719507e-05,0.0002087861412203658,7.337313063210499e-05,0.00010730196412840237,0.00020587268351463786,0.0003777735005082192,0.0005902304129895,0.0016367205319059075
2025-12-10,8.003017923092454e-05,0.0001489707231853633,0.0002168802271093778,2.564624309970604e-05,8.003607093203097e-06,0.0001178620417899669,0.0008148256551377625,0.0002828255619293312,0.00012314476312955943,0.00021291711309564068,0.0006373277274327108,0.0008622798148091095,0.0006075293110563971,0.0017575254701214973,0.00013984786201089506,0.00021516776873344454,0.00022587773429896216,8.338869174844171e-05,0.00033334128604143155,6.116358319465412e-05,0.00011079371895917496,0.00020874827184077984,0.00038285623220143104,0.0005917197472371333,0.0016199399885837907
2025-12-11,6.92939045857847e-05,0.00012366197302244203,0.0002214399361520269,2.6458423600606353e-05,9.148910385801883e-06,7.90065691928707e-05,0.0007339581394166211,0.0002860728186681741,0.00012383107536514796,0.00023669299304397666,0.0004659287704268052,0.0008023588598487585,0.000574939048876537,0.0017181771848612418,0.00014138508576894533,0.00027089653973256324,0.000215831244811689,8.97783358895593e-05,0.00038354199512228535,6.185453560186927e-05,0.00016292364005390838,0.0002032406088451503,0.0003975681484675802,0.0005972102533914667,0.0015152488520828228
2025-12-12,6.930340396478444e-05,0.0001238471798546955,0.00022885224475078353,2.5417000021585727e-05,8.402178432843113e-06,8.444479529456221e-05,0.0007634633426124293,0.00029336480416270583,9.921740713131832e-05,0.00024087094971027157,0.0004298975280960113,0.0007991977508448367,0.0005796208902223294,0.0016356755229904613,0.0001334136024385537,0.0002844305300949605,0.00022115444667595367,0.00010644512436991063,0.00041206486810696307,5.610456598578829e-05,0.00013407745193072583,0.00018228372405251704,0.00041512383981174444,0.0005994975011525979,0.0014758157692007076
2025-12-15,7.568594119982326e-05,0.00014421871401135996,0.0002415767527112232,3.0380981934091923e-05,1.0361646697445714e-05,7.216111069766893e-05,0.0007172933423149265,0.0002029695595876198,9.695664357947687e-05,0.00024537264509275276,0.0004896950678782222,0.0008145569275016897,0.0005988658621975836,0.0016375276376140334,0.00012785409101142753,0.000392548228336696,0.00022807838530115813,0.00010250377310916229,0.0004003445089486746,5.311931178379549e-05,0.00013665953533829878,0.00019336736141302723,0.0004232735522679191,0.0005863402978295067,0.0012024214075893303
2025-12-16,6.0477728547217106e-05,0.00012230497657145345,0.0002001966409607079,2.6683951541004243e-05,9.08910080087944e-06,6.859936478727712e-05,0.000765795062592561,0.00021285087848867552,0.00010924196816415549,0.00023557244458168863,0.0004197325665352446,0.0006228025516541043,0.0004516849695071661,0.0015981214705185155,0.00013022595490958975,0.0003373732897113791,0.0002317993782206129,9.336372058090062e-05,0.00033558493183353323,4.5315759070126324e-05,0.00014369894370409376,0.00020721383999186156,0.00041912420103053477,0.00023059779234248243,0.0011133419099546489
2025-12-17,6.088620167988655e-05,0.00012248835955780158,0.00020096471061271498,2.6533582554332083e-05,8.965383851267474e-06,5.0437417730260476e-05,0.0007145964179332868,0.00022320257961560582,0.00010920906886527917,0.0002260447732444419,0.0004064233092446192,0.0006708488545407106,0.00045887931163376196,0.0016017696930270761,0.0001673007462996496,0.00033744075243999247,0.00021925564580000512,9.00606890804261e-05,0.00032633844601381043,4.805363264712115e-05,0.0001720096544524367,0.00020701967306459586,0.0004267302432729841,0.00022051013578009692,0.0011153469785719866
2025-12-18,6.279268368235311e-05,0.00013763174650840076,0.00018516535113453277,2.6244237181137e-05,9.007907352561528e-06,4.716176428113807e-05,0.0008090494992805861,0.00026301504554563125,9.642167097350721e-05,0.00022453188102493398,0.00046960800088017337,0.0007863186827637155,0.0004919492810609452,0.0013711595925130396,0.0001749720345111052,0.00045771394160159417,0.00021423295972828804,6.977024409485668e-05,0.00032021385638782916,4.503536475874758e-05,0.0001546725905533729,0.00021556310793646917,0.00042581997887460363,0.00022479734100241315,0.0012404642462298136
2025-12-19,6.199750331184039e-05,0.0001407468148234851,0.00018658175843971233,2.7485176542481794e-05,9.78575824474618e-06,4.447071333896999e-05,0.0008122169345945163,0.0002552428675909753,9.651202697767244e-05,0.0001982004753483249,0.00044401716640702705,0.0008296049152939587,0.0004981111390155814,0.0013908061195411104,0.00018322892974129373,0.00045553953639919213,0.00021573378945552083,6.978649926810392e-05,0.0003218303517480606,4.566154943181581e-05,0.0001595305797784496,0.0002254165733481132,0.0004158931965645058,0.0002299038562803204,0.0011489770551464365
2025-12-22,6.564140369884432e-05,0.00014799211655008661,0.00019037848948964036,2.8026753306202287e-05,1.0148522409552978e-05,4.439527267551925e-05,0.0008483551777802944,0.0002357301277425711,9.71659833957856e-05,0.00018894829224276675,0.00048243464915558346,0.0008281773078673893,0.0005172716205111267,0.0014070738926799018,0.0001739126057561887,0.00046664412733091925,0.00021396544631566473,7.068787539475504e-05,0.00032262027503406364,4.30668514217836e-05,0.00015580670136484416,0.0002283435514025414,0.0004135482709240072,0.000218890487456974,0.0012958707689442405
2025-12-23,5.483434709703564e-05,0.00011781577012732936,0.00017797279518772923,2.7439370369045636e-05,1.0049346784165443e-05,7.290608984393307e-05,0.0008709139968696405,0.0002632219358911055,9.846285768715216e-05,0.00017493157942097398,0.000438252329803325,0.0008150624452263626,0.0004576228234793871,0.0010871492093006117,0.00017258804613519456,0.0004640640018953503,0.00023457176626133052,7.463544541802936e-05,0.0003266235400257814,4.35437468430747e-05,0.00015654424236680013,0.00023304656729986406,0.0002120901468695562,0.00020481354077220222,0.000933440288853154
2025-12-24,5.059289998549076e-05,0.00011594342499290525,0.00013717147774277845,2.7079875982325555e-05,9.424543616025013e-06,8.226638458873074e-05,0.0009407592859523362,0.0002587128878419665,7.909571717347154e-05,0.00016614267022588917,0.00048100902247967764,0.0008113090951760163,0.0004390024480531792,0.0011108966280901171,0.00017276772360335372,0.0004606956064768159,0.00022061577095361542,6.834866684023503e-05,0.0003307380259980225,2.9384658817713415e-05,0.00015867734566610297,0.00021544172729180585,0.00020920987003168493,0.0001950856518288884,0.0009268983767298249
2025-12-26,3.9577099305392926e-05,8.149203472346808e-05,0.00011959848227931508,2.7308861199644448e-05,9.396523088869115e-06,6.967345943130239e-05,0.0008967739905871593,0.0002447480939026927,6.62930353547121e-05,0.0001655932558867623,0.0004589747430474508,0.0005726473174404849,0.0003241366569282172,0.0009017393579815547,0.0001728071905229883,0.0004460354481405547,0.00019811568669688258,6.895556803108303e-05,0.00033609605668596346,3.1346262477023055e-05,0.0001577753395496426,0.00018166312545834376,0.00020350751443028726,0.00017358696106017224,0.0007682420993871747
2025-12-29,3.477791218467134e-05,7.942448864617907e-05,9.556225628599068e-05,2.7548528244583043e-05,8.973759159713193e-06,7.70483132348486e-05,0.0013074470751323914,0.00026307473959038955,6.562598540862175e-05,0.00016345004689575607,0.0004268511098936522,0.0005965754286162861,0.00032942593239141413,0.0009065805415754206,0.00017144073473328463,0.00043764137942112376,0.0001993533101090617,6.0682875627832116e-05,0.00032173990612670517,2.678125769028312e-05,0.0001530332392421187,0.000176105666265315,0.0001610730775323213,0.0001673929360418092,0.0006699656676406917
2025-12-30,3.288390076029239e-05,7.647610049628385e-05,9.337570172848906e-05,2.724905431538041e-05,8.44230842518866e-06,0.0001820349693815594,0.0015393476567094428,0.00027069699151943796,6.54811938870881e-05,0.00014641088590977382,0.0004248282840490366,0.0006414158025781356,0.0003274521670063183,0.0008205397142395221,0.0001732314113738645,0.0004322304517979436,0.00020644620292772892,5.8975693100204465e-05,0.00031801859238813414,2.5943721162599434e-05,0.00015202828948661444,0.00017603798093753816,0.00014310418807134446,0.0001689952725917353,0.0005888696576871069
2025-12-31,3.134292974035418e-05,7.320110586438714e-05,9.45280745304182e-05,2.6322861753858054e-05,8.360082862303366e-06,0.00017371451301659288,0.0014710052599123235,0.0002592165222295065,6.462412094628495e-05,0.00013672846074701804,0.00040730544522149666,0.0006446861396435129,0.00031952802360237154,0.0007786242918128562,0.00016710405346051008,0.0004317912622593085,0.00020301467689362227,5.652701567232654e-05,0.00030125024096040585,2.5574396769943895e-05,0.0001520447664304001,0.0001767288494960891,0.0001356921670220273,0.00016501769695184085,0.0005762370103884369
2026-01-02,3.3224706227322986e-05,7.635370907965184e-05,8.88835958088314e-05,2.1233519328999423e-05,7.77216067020626e-06,0.00017475367464994934,0.0016922165154712398,0.00026303476041915136,5.3192397437044736e-05,0.00013383858747062496,0.0003943371011515537,0.0006506302409946982,0.0002868050391868401,0.0006796687718724917,0.00016378870485332534,0.0004252466767443167,0.00014380735247553663,5.5814222873658485e-05,0.000292208653067185,2.1950005440155055e-05,0.0001488293004356541,0.00017688192139829297,0.0001322119789188392,0.00014341017533378873,0.0005721938005053637
2026-01-05,3.322082997873368e-05,7.32316832868292e-05,9.483766415649296e-05,2.134441619027861e-05,7.75439508994493e-06,0.00017381419234812907,0.0017077832714626423,0.00025537496052608114,4.727591746589128e-05,0.0001587065276982519,0.0003989456034880456,0.0006881141182083896,0.00030007047951981843,0.0007808080104123501,0.0001782325492015973,0.0004950646840970839,0.0001827525327000286,5.62312002816866e-05,0.00029713518333818726,2.1266034208620277e-05,0.0001490251797244129,0.00017675161418181703,0.00013677369812777876,0.0001408606053185368,0.0006477060167668099
2026-01-06,3.497946005221813e-05,7.633311839073689e-05,9.062883593294027e-05,2.2241933463016197e-05,7.909237434493155e-06,0.0002107088495931815,0.0018413824592747312,0.00027099242773667714,5.510547861716827e-05,0.0001234903804658063,0.0003938908571242,0.0006518545557998691,0.0003235000510293169,0.0009476799352418878,0.0001986723983836872,0.0005286113656581842,0.0002211481221082448,7.205064462790374e-05,0.0003237468920377175,2.118800466894856e-05,0.00016096083970777974,0.00018045066342945693,0.00011975274591021901,0.0001579222210613757,0.0006475254058821043
2026-01-07,3.6875631095871236e-05,8.047664533017903e-05,9.594639179496456e-05,2.0874985292834338e-05,7.731674981591422e-06,0.00021702043210776873,0.0020376393329697207,0.0002984912599343264,6.568491072792647e-05,0.00012893806994017398,0.0003710831219401817,0.0007335043508413246,0.00029610419400478104,0.0009580338238631201,0.00023766918829114532,0.0005265144327654741,0.00024296869209915344,7.308110451027323e-05,0.0003171078254900011,2.377951277460662e-05,0.0001505637913651363,0.0001763606421380975,0.00013027179838228858,0.00015861182271043406,0.0006968033961996003
2026-01-08,3.724922890610881e-05,7.962060582923584e-05,9.529164266988925e-05,2.1555186282226863e-05,7.706505340154009e-06,0.0002218992631933357,0.002088513621491692,0.0003016078124135923,6.640921853496029e-05,0.000133492748772626,0.0003749507868945665,0.0007341502212256617,0.00029594868237334086,0.0009632590346054864,0.00024365063794981715,0.0006280615976162313,0.0003726890654387112,8.397019742072165e-05,0.00034554978573836305,2.8952407191459936e-05,0.00015955361077451183,0.00017669514819731197,0.00014112042325787653,0.00017013424339929606,0.0007150032008031938
2026-01-09,3.675404087811672e-05,8.12011528191503e-05,0.00010174310350093316,2.2343327349416033e-05,7.902120370970654e-06,0.00022317770588506163,0.0021046807478581103,0.0003661132397568407,6.720057874999051e-05,0.00012603885800233994,0.00038492075921066354,0.0006746673740848542,0.0002988448785178023,0.0009485697872710546,0.0002896441966069246,0.0006416374727251909,0.00042638322832875555,8.468870606669068e-05,0.0003495151777000536,3.00251516099566e-05,0.00016330801077779373,0.00013878602266364208,0.0001315820554638704,0.00015064783702078657,0.0007401252084885257
2026-01-12,3.909255437167864e-05,8.649705071503057e-05,0.00010463847024086014,2.4684469728488127e-05,8.53264966222196e-06,0.00022459129479128346,0.002068103928455522,0.0003623313526034167,6.693092576592866e-05,0.00012613934421680726,0.000384435875628546,0.0006898740264533384,0.00029678694326472805,0.0009628048883465114,0.0002879387674991133,0.0006540607705212341,0.0005423796447189061,8.442798422596222e-05,0.00022479461974321007,2.9448395307180693e-05,0.00016197359411022642,0.00013438363470920104,0.00013116597988312352,0.00016098201954819246,0.000742837108337299
2026-01-13,3.6834536879260965e-05,8.561984100288143e-05,9.593734602378543e-05,2.4349813158008983e-05,7.446956436332721e-06,0.00024244503940203555,0.0022841243965399352,0.00036536605143047034,6.574493059689146e-05,8.506237034567797e-05,0.0003821648640429887,0.0006834043245558604,0.000335450223201744,0.0009636368828607585,0.0002847177816005927,0.000608882974512755,0.0005547692767687245,8.077186912074152e-05,0.00018196828558585313,2.8838979186810262e-05,0.00014086128810760886,0.0001410847512840625,0.0001642629303213384,0.00018479798258282736,0.0007693057562328404
2026-01-14,3.675807799875789e-05,8.516569043555143e-05,8.85025392146416e-05,2.440860318685258e-05,7.590711261769151e-06,0.00023627172726701465,0.0022603356653798042,0.0003815428157381416,6.586335234247955e-05,8.968944877666262e-05,0.00036999422231270596,0.0006786050951734873,0.00032931946734259047,0.0010204555906457387,0.000294421299501778,0.0006001514614270843,0.000551769245616118,8.350667272550105e-05,0.00025279968169326917,2.9492233292840858e-05,0.00014453580359043264,0.00014023620626189053,0.00016335898769734533,0.00015368314971056586,0.0009796770363196545
2026-01-15,3.168814738767485e-05,7.107708264169534e-05,7.814208995121122e-05,2.1107972813784467e-05,5.926764177750738e-06,0.00024023159217565997,0.002513740444320203,0.0003870866004351426,6.677780878108062e-05,0.00011619482919583014,0.0003210695736294077,0.0006575540165311604,0.0003061696874984554,0.001027114806581197,0.0003163585645585529,0.0004883379148253027,0.0005803579771102868,8.350977457515032e-05,0.0002573481831835276,3.3479361601621166e-05,0.00016965568445052184,0.00014000227802841154,0.00015559739630590253,0.00015488832717432835,0.0008542906215253606
2026-01-16,3.19679542249135e-05,7.039740873255804e-05,7.920339291240233e-05,2.1084948439503177e-05,5.9377626155227105e-06,0.00024225513448934127,0.0024578314132094256,0.0004003889691621737,5.679263572986485e-05,0.00011480879033120878,0.00034264567110888974,0.0005905675150179991,0.00030715244433127744,0.001035592628950663,0.0003184783204779096,0.0004874867187889998,0.0005807217049084716,8.438100853295602e-05,0.0002572507429346897,3.555841981582011e-05,0.00016273644491249784,0.0001338032882433329,0.00015826532829422624,0.00015437010500945626,0.000861527457413363
2026-01-20,3.159648901727959e-05,7.022108174414729e-05,7.802018276806944e-05,2.1279227182821218e-05,6.1144374367856e-06,0.00024353011846307894,0.0024983849186339035,0.0003672328477329127,6.257180366331875e-05,0.00011688228684989793,0.00034012849249909574,0.0005409715375786124,0.00030020265959300246,0.0010347594094028488,0.00026595976102989017,0.0004873891049450662,0.0005712390543021347,8.223898574636819e-05,0.0002522546660072651,4.0679415263115244e-05,0.00013470837581136956,0.00013381286550456182,0.0001516000387685215,0.00016990806759233036,0.0008741831773557473
2026-01-21,4.8056241376825356e-05,7.630652522495317e-05,7.968462490934025e-05,3.075313456264246e-05,8.072821518064838e-06,0.00031505451972565655,0.0025487675629749986,0.0003278205674761863,0.00012466747454895242,0.0001243356925994623,0.0003672136342960047,0.000518007936140261,0.00029863726272661464,0.0011513642013610153,0.00023989193731321155,0.0004026062619246986,0.0005766160562641628,0.00011130880910062505,0.00030687675124533,5.917278658578366e-05,0.0001336210697596711,0.00013229080206416635,0.00015514086262301095,0.00016886253364011494,0.0007125785311965747
2026-01-22,5.216778624292608e-05,7.484696630936577e-05,9.889914603573403e-05,3.2658983090272205e-05,9.246936362264117e-06,0.0003263325241336882,0.0025508507371953424,0.0003430972976596279,0.00012538575572930123,0.00013905202267350673,0.00039461090865646327,0.0005000724039854882,0.0002995313458998978,0.001128698342776186,0.0002593926184638001,0.00043612510532464244,0.000588083107441947,0.00011246151505998183,0.00030499253534238427,5.8506782498995537e-05,0.00012856713340987633,0.0001211935957941067,0.00015393319342136292,0.00019767175082651716,0.001002667668584059
2026-01-23,4.9196003184365594e-05,6.853441031752126e-05,9.81327494324165e-05,3.2926080089925214e-05,9.080897156433085e-06,0.00034459043318377306,0.002586795095677184,0.00035866344074536745,0.0001242117285915877,0.00015168332405305485,0.00031682656459361625,0.0005896578671076892,0.0003082832073977777,0.0011115010096962713,0.00025998058219782417,0.00041919534186976706,0.0005934489203807638,0.00011314572768171695,0.0002967265289370218,6.308224354799169e-05,0.0001240377901370146,0.0001557169401861728,0.0001621266590968958,0.00019592687113925518,0.0008207993269434181
2026-01-26,4.7090978716720953e-05,6.782636820996947e-05,0.00011043909716064232,3.3076692269922844e-05,9.100944056211615e-06,0.00032628081225549694,0.0027785967109699187,0.0003720785358830101,0.00011891366331149939,0.00020858567834893544,0.0003174620826134047,0.0005764795213674079,0.0003157499800879535,0.0011478767766653704,0.0002559561143394979,0.00047693044525912723,0.0005736551355456004,0.00011549094842414944,0.00029941140581345876,6.186118355590775e-05,0.00012598226718693652,0.00015138883480226203,0.0001489931105350003,0.000211908149244521,0.0008474641429093018
2026-01-27,4.735729944871311e-05,6.768644092603222e-05,0.00010905118705779603,3.4179656917622166e-05,9.082428784871613e-06,0.00032833925352285064,0.002879339473828277,0.0003706751519813138,0.00016442867614297317,0.00021240712993422466,0.00027170920425930605,0.0006279845037592326,0.0003128995572046236,0.0011335241950929508,0.0002536355348991681,0.000488816164372302,0.0005867811741044737,0.00011750823879250847,0.00030195182096274837,6.193216889841336e-05,0.00012498498335822866,0.00015180793339984234,0.00013635160212878804,0.00020935401187684806,0.0009062428394316843
2026-01-28,4.75479300870022e-05,7.167894954564806e-05,0.00010915079246664525,3.431799605422837e-05,8.316305143622878e-06,0.0003595653498068932,0.002935362491690268,0.00041737272409159913,0.00016967503902483096,0.00023779644303427108,0.00027770331049435806,0.0006333780138291718,0.0003129275303931694,0.0011358415924472127,0.000257702736532249,0.0004897319148120662,0.0006123377554662821,0.00011916471889046101,0.0002969163453587495,5.958451081853973e-05,0.00012944838166868103,0.00015053123851107634,0.00013607182151950285,0.00020482588185999546,0.0009066678245987239
2026-01-29,4.754792183974493e-05,7.227725448677571e-05,0.00010932310768226647,3.4006545604261036e-05,8.430191090079782e-06,0.0004314300592125706,0.002606721838947528,0.0003923800850858673,0.00017232092328637325,0.00023803517787043837,0.00028573609293545683,0.0006087220551433757,0.00031122951022743197,0.0011305499669439787,0.0002600766216885253,0.0004921835320089421,0.000611440484681127,0.00011895289082341839,0.00029623916498952704,6.537233497456597e-05,0.00014094691351216582,0.00015287310597874933,0.00013654759346839264,0.00020624260233236314,0.0009070982528137973
2026-01-30,4.706605823543783e-05,7.296145261648827e-05,0.00010725976477143556,3.323763565095836e-05,8.333678557732406e-06,0.00032336884668173664,0.0023022750240588004,0.00043505739929300895,0.0001750252328716306,0.0008449740370383626,0.0002790434490688376,0.0006157399599597279,0.0003159449288342679,0.0012587582833814644,0.00025976225068340846,0.0005507600724885422,0.0006973475660376495,0.0001234031226218704,0.0003062802131559794,7.569211674240092e-05,0.00014113632181620328,0.00016904638849550552,0.00013665281847343878,0.00022284462442212009,0.0009069135931006318
2026-02-02,4.747291072961166e-05,8.066210805327302e-05,0.00011531740245858711,3.464780001987781e-05,8.312318766533883e-06,0.0009669694101295693,0.008379951675534672,0.00043612327925958856,0.00017586315344198447,0.0008479658225786444,0.0002811603884932832,0.000667207542797418,0.0003833224421669104,0.00128182604282309,0.0002627994714604605,0.0005582918100524855,0.0007161931232523721,0.00012328305138219198,0.0003063873919865633,7.552264635204948e-05,0.00014059928157364294,0.00017675263441768445,0.0001467513364557142,0.00022781651968839715,0.0011257180338877105
2026-02-03,4.5791164806081545e-05,7.945387538523166e-05,0.0001173300768018141,3.159213770889573e-05,7.367311702695254e-06,0.0010561512080590816,0.008213974691324335,0.0005927596546700157,0.00026142062148295066,0.0008588994722590332,0.00032649915096145986,0.0006835712501038736,0.0003776297121277847,0.0013215033650978106,0.00028252883196897043,0.0006905995004357423,0.0007122733906009609,0.00012683916436791968,0.00030857190339105987,7.775669028704498e-05,0.00015338999200069167,0.00018004931265291554,0.00023528186674567396,0.0005473610447492679,0.0012095427357910948
2026-02-04,4.9555994961503245e-05,9.237614537550686e-05,0.00011147801383210242,3.179173629819043e-05,7.374548521458146e-06,0.0012629216884193133,0.008391727522288858,0.0006352713887105944,0.00026109505098846305,0.0008780998416325337,0.0003633465174441524,0.0006458540374899804,0.0003685524572599233,0.0013200814008544367,0.00031439041155301585,0.0006026003543791889,0.000679586407078117,0.00013110673005351512,0.0003284353844194113,7.802227160778545e-05,0.00015880824897572976,0.0001842646082746991,0.00027338197168416044,0.0005317633991757763,0.0011262725462981395
2026-02-05,4.8434156518369985e-05,0.00010595656238597586,0.00010197445262791163,3.081451531315775e-05,7.030774247710416e-06,0.0012260068542543359,0.0083023452994579,0.0006188435333203666,0.0002865775436285707,0.000880953161783948,0.00042845288923858165,0.0006759759470681437,0.00041641622583072046,0.0012333216001852662,0.0003020494787834477,0.0005699218248437304,0.0007283295936644365,0.00010903683418742338,0.00029474130697289513,8.891833075050232e-05,0.00014874261728843233,0.00018411625233675418,0.00027365293383718113,0.0005499194685665553,0.0030994529941679888
2026-02-06,5.5158438912567935e-05,0.0001132792050387366,0.00011055131994720011,3.6973643402091106e-05,8.296639588636253e-06,0.001259572430162385,0.009685719182437472,0.0005985432971185605,0.0002680676995473133,0.0010145861436866718,0.000437008911773468,0.0006042556608210203,0.0005721676983413483,0.0023402900094030717,0.00026970083514688784,0.0005842507785409996,0.0007119990376451343,0.0001163245528141573,0.0003207632480708641,8.611231702512908e-05,0.00015926703501989743,0.0001901898474803909,0.0002661500516852895,0.0005699552930669441,0.0031311408916970033
2026-02-09,7.436292423604828e-05,0.00013718934144108706,0.00017845775989851093,3.514053053182902e-05,8.284079927983319e-06,0.001304694564644338,0.009749830296322497,0.000593265469494439,0.00026824904711394667,0.001028112554666757,0.00074601913820896,0.0006683381318642693,0.0007630245366509928,0.0031395831034032678,0.0002840895497781041,0.0007351230346446285,0.000608166486953555,0.00012324687389743036,0.00037373970131235844,9.423754221363097e-05,0.0001545165052139468,0.00018095483230891674,0.00031411520767958795,0.000625056530814891,0.0034549233122969226
2026-02-10,7.562946525489444e-05,0.00013859570039663068,0.00017467617568707336,3.376089775033824e-05,7.85227177590513e-06,0.0013374946150596762,0.010083479363448868,0.0005163436635566005,0.000274431384059224,0.0010725458430686972,0.0007534120420931243,0.0006750339558471234,0.0008043492673936258,0.0031484746773203973,0.00023444802837548488,0.0007405282515763342,0.0005390416890940013,0.0001236813052021734,0.00036980583721740566,9.088715753959693e-05,0.00015237550690738405,0.00015421923995736722,0.0003286843293171501,0.0006299036111993357,0.0034881075506821174
2026-02-11,7.36319811078978e-05,0.0001344007478438817,0.00017194565947246032,3.8572172484628633e-05,7.436069295746675e-06,0.0013400791502934033,0.010073965479817294,0.0005157128111079409,0.00027498644368034204,0.0010722535877900014,0.0007567990200842874,0.0006702935676676377,0.0008041158202845434,0.0031723143186968574,0.000234153639530281,0.0007274037748982943,0.00043285647332201376,0.0001260568668134985,0.00037741902359125833,0.00010034655007151304,0.00015004795454746136,0.00016060459847586658,0.0003377012259206976,0.0006550293816358947,0.0034921145313201703
2026-02-12,7.350005655905277e-05,0.00013475594604025587,0.00017178464489661562,3.9643640472373704e-05,7.424679730964064e-06,0.0013281634406204716,0.009940272615032998,0.0005141191239752304,0.00027676398264134977,0.001097153047950498,0.0007602734840870745,0.0006688328414530117,0.0007829457746377832,0.0033583796082053037,0.0002678297958154203,0.000807947227026199,0.00042029281891317827,0.0001353378002499532,0.0003968990245790125,0.00010193762839355277,0.00011976553690591,0.00015562327783492688,0.00030412379614388465,0.0006314041858014609,0.0034656013658874857
2026-02-13,8.655539939155703e-05,0.0001577582749652331,0.00019507375524983517,4.902390637152051e-05,8.369719245796599e-06,0.0013964675751446587,0.010745721828740791,0.0005365390984882352,0.00042021928934655463,0.0010889770979504614,0.0007739753112436311,0.000706443721987767,0.0008454712119312695,0.0036456330526128075,0.00027532881573931966,0.0008277228442196776,0.00042183787037391047,0.00013696321889346112,0.00033561328117526386,0.00010031752117919097,0.00011354841789424687,0.0001571216702642985,0.00035755722690849475,0.0007942516790164849,0.0033278934005533025
2026-02-17,8.525300275340154e-05,0.0001516894523484028,0.00020176320109587304,4.882997202541588e-05,8.62462192087032e-06,0.0014238735563739562,0.010499099944172724,0.0005290111813868679,0.0004482190191447884,0.0010567872509395365,0.0007898343841761563,0.0006886431773221366,0.0008823665562848529,0.004909306180195316,0.00025064512427826755,0.0008506702558781057,0.000416539781925615,0.00013687668412638222,0.0003303656071387625,0.00010739531070499882,8.65036833561196e-05,0.00014833019382593575,0.0003573604007345021,0.0008407639573703034,0.003322669799261356
2026-02-18,8.499032786358079e-05,0.0001510406675696792,0.00019755029298219897,4.897999139380977e-05,8.590609015079294e-06,0.0014767177124115577,0.010619934649155685,0.0005080649237395365,0.000498948604152383,0.0010616953615755057,0.0007729514262900516,0.0007033458917164416,0.0008694371498185439,0.00466931047603337,0.00025254706825799967,0.0008494985446343129,0.0004132455438454019,0.00014212048962332024,0.00034161625049841475,0.00010969224064432557,8.532968217890432e-05,0.00014125628830007192,0.0004352819783633889,0.0008407032081574923,0.003325999228067153
2026-02-19,8.633468465569232e-05,0.0001540331644437143,0.00019821349768071742,4.792983247307213e-05,8.186434262898862e-06,0.001502527948486965,0.010739888828608204,0.0006278018375443134,0.0004931609689768848,0.001061617601698372,0.0007861630730019468,0.00070317349235683,0.0008818893552014878,0.00467379495497394,0.00027212318725729917,0.0008650646632305118,0.0004098989388157734,0.0001450639918645046,0.00033734922215434876,0.00010920941861879045,8.691648304397291e-05,0.0001570630455084392,0.00045101378791661547,0.0008328579479382768,0.0033219609109989383
2026-02-20,6.355261037928084e-05,0.00012958182526826576,0.0001905695581093925,3.846579457844185e-05,6.199052080990076e-06,0.001427424869020078,0.010598074301284245,0.0006545500325875693,0.0004367356505922119,0.0010541648293198624,0.0006762358359832732,0.0006037995398467707,0.0008387719921899792,0.004501442281422663,0.0002748264718778546,0.0008358887310813282,0.00043853707263678604,0.00011985803166791878,0.00028285493404210996,9.021361918259137e-05,9.002130836516974e-05,0.00014770107844912315,0.0004578435102527983,0.0008353936675349149,0.0033361647700993896
2026-02-23,5.918528052289184e-05,0.00012395822427718482,0.00016943068889210526,3.561417423422593e-05,4.271427927042264e-06,0.001436840184961644,0.010899071442421804,0.0006327552809886005,0.0004486351431674694,0.0010252903084671907,0.0006356611492250434,0.0005588189467041915,0.000835064171276095,0.004557128015788796,0.00024524549284502266,0.000799755304934456,0.00043026066673344663,0.00012086910927899336,0.00028685584302840753,9.24476480152091e-05,0.00010784333431230943,0.00015603394419878044,0.000468813198055981,0.0008006440618203934,0.0030480603540533903
2026-02-24,6.346795945242523e-05,0.00012927539811213135,0.00017988434896383057,3.5324561371526774e-05,4.137507151399013e-06,0.0014574261945585892,0.010962233424513254,0.0006087568426517765,0.00045018946240142155,0.0010701590593010732,0.0006364349640756836,0.0005159332360504122,0.0008281421630122498,0.004787681472779325,0.0002459765526953893,0.0007995728042489268,0.00042168512352168993,0.00018223459961859987,0.00038722334246106316,8.706924462841594e-05,0.00011788735287699514,0.00015832278144050916,0.00048784175225958083,0.0008074425366013345,0.003052254324807109
2026-02-25,6.63329595214568e-05,0.00013498238657639304,0.00016731412963609646,3.508920989276611e-05,4.119604268351886e-06,0.0014578860064660402,0.010755393717423319,0.0005621452222810731,0.000476956770570249,0.0010205380728589076,0.0006262971805611796,0.000546420400959494,0.0008553336453376737,0.00475109879830507,0.0002442370947127966,0.0007486171695048339,0.0004220060664217998,0.00017305714320539907,0.0003661494452481989,8.720179840706441e-05,0.00011754068174213649,0.0001543520555669565,0.0004908366847177784,0.0007990699659541233,0.003409754524504368
2026-02-26,6.879463063885158e-05,0.00014526517228000065,0.00016800256753669206,3.3846512950751164e-05,4.087474975309428e-06,0.0014466810730119459,0.010586695119678025,0.0005689415973498059,0.00043321334203928654,0.0010631353996504351,0.0006347074953388469,0.0005132091201904505,0.0008724944078038979,0.005617727844624458,0.0002451749278605482,0.0007369754705242541,0.0004451179276991316,0.0001872270825634626,0.00038127721799590466,8.751565478190494e-05,0.00011661119633178362,0.0001605330193102725,0.0004942404171172858,0.0008035027369819378,0.003361757849189028
2026-02-27,6.9627729239828e-05,0.00014887335033403787,0.00016910878198819125,3.2585513642555925e-05,4.0448432856763245e-06,0.0014185084190454164,0.010530231708322043,0.0005221468185097986,0.00042762175231940376,0.0010378574450298104,0.0008005460395483394,0.0005327883945054415,0.000883727749076415,0.0056228218194516654,0.00024122642337905413,0.0007535250254468067,0.0004217108105233818,0.00019195652550728885,0.00038567805723039894,9.006275568624007e-05,0.00010967605222052184,0.00015753232399272452,0.0004984811829253563,0.0008025580230931453,0.003427036421939823
2026-03-02,7.089600068924115e-05,0.0001488376466609168,0.00018402199106152403,3.432131087975165e-05,3.937536721897453e-06,0.0013485836939499086,0.010613198371402016,0.000553249667377168,0.0004832589796678034,0.0010655854632452436,0.0008859881022417682,0.0005449645029734905,0.000906828761985588,0.0056670737092726214,0.0002515097605196926,0.0007609681733414004,0.0004559746691993079,0.00021517408390997234,0.0004057959175578518,8.437867610567574e-05,0.00012042183303170337,0.0001788325731853601,0.0005407927830193839,0.0007987506817631133,0.0034427722566464725
2026-03-03,7.069762547697832e-05,0.00014695899261738286,0.00018859193348615607,3.9896845990929436e-05,4.5639923515280045e-06,0.0013572071026472785,0.010705572462941397,0.0007062754952209474,0.0004806881837612942,0.00047037041636282617,0.0009319241329333482,0.0004775482620428881,0.000909094848512499,0.005677373407966892,0.0002684618341687971,0.0007080878693668892,0.0004223661219898699,0.00020947288748711222,0.00039142898801820293,7.417824215583589e-05,0.00012024118490920668,0.00018985654800227856,0.0005404024014220085,0.0007949462881681299,0.0034459843129966655
2026-03-04,7.450141800000483e-05,0.00014530716591846672,0.00019423298674394075,3.8395980692210397e-05,4.520977178860164e-06,0.0008276369647276016,0.0049483083510443795,0.0007680994732854557,0.00048024950676957447,0.0004771910685959089,0.0009389316920948485,0.0004599936681629862,0.0008760419693864624,0.005662988757469971,0.000266862105543301,0.0007918616038742134,0.0004129021033049295,0.00020941017287779096,0.00039573303802435943,7.568044197715658e-05,0.00012316461142253005,0.00021155772873058046,0.0005308959844661958,0.0007938610219743918,0.0033120256837612856
2026-03-05,7.586150129610724e-05,0.00015527577804726105,0.00019420866421983427,3.84862005298407e-05,4.518485983263129e-06,0.00073947052740254,0.004862373991104196,0.0006199078937623591,0.00039479069491795495,0.0004633361464200227,0.0009067544927979255,0.0005004226827726299,0.0009455775391031094,0.00660526362985317,0.00024730784730301404,0.0006661003019203732,0.0004138486312662813,0.00020455442339709204,0.0003932528344654455,6.983657388291353e-05,0.00011227405662408997,0.00021117565730061373,0.00044125666663866176,0.00047030166946013713,0.0034019968317170997
2026-03-06,7.36249144952115e-05,0.00014264620816224088,0.0002142917181799764,3.9061183297764524e-05,5.371572149446948e-06,0.0005393587990051658,0.004672956615081749,0.0007170232714106926,0.0003985645547561235,0.00042670992345480855,0.0008614675924018933,0.0005004663587655114,0.0009458178805137677,0.006509393450139434,0.0001931905830071414,0.00072093118281437,0.0004169457864780065,0.00020133401547174214,0.00038909092547631036,7.514980152521876e-05,0.0001366008511215585,0.00024246221488610808,0.00046556706334150355,0.0004720952720421271,0.0033954299159821536
2026-03-09,8.186649339096291e-05,0.00013821969090993893,0.00023949642824156605,3.9467425945318445e-05,5.898604009581546e-06,0.0005528444489249248,0.004655747479853258,0.0015260823206668106,0.00036899471913065757,0.0004248192274138072,0.0008467179412881446,0.00044563388054340145,0.0008448765443286684,0.0063864258323123296,0.00016633585433198717,0.0007793422590182107,0.0003579266517029411,0.00020703603234012723,0.0003965551614647059,7.054087563802182e-05,0.00013528390734793408,0.00023736256687999783,0.0004661466301671347,0.0004367726146925115,0.0014862252842153874
2026-03-10,7.738259618465314e-05,0.00013634522538315228,0.0002278378868248032,3.718925534533845e-05,6.586679808467686e-06,0.0005131795000609368,0.0030914984324674215,0.0016082166176591207,0.00037354648319028617,0.0002834990464055725,0.0008762898497522147,0.0004206554822474905,0.0007232682922928596,0.005272339101745298,0.00015977839550800256,0.0008233255889189544,0.0003589067045335277,0.0001997265827000969,0.0003685508421060483,7.070416690975616e-05,0.0001289615114339137,0.00023650452176909905,0.00046339718458150584,0.0004157656349080393,0.0015496854683864963
2026-03-11,5.774896344258227e-05,0.00011238441782469333,0.0001596877347706326,4.343761377330273e-05,9.163877416611792e-06,0.00046989389153432025,0.0029774766882711364,0.0016189886953084285,0.0003707901557593593,0.0002685409307867338,0.0005691645058441325,0.00035597654075410207,0.000547958380645303,0.004468909082236597,0.00014754028849561156,0.0005837061985450112,0.00035018283962721095,0.00018349204959041733,0.0002874409933611539,5.746060551158101e-05,0.00012547896748210855,0.00023723562684573678,0.0004064229728183702,0.0003496140931730574,0.001203498884428556
2026-03-12,5.6568240009985896e-05,0.00010919650410002687,0.00015723148296728452,5.268593249274662e-05,1.2855908296749332e-05,0.00043606438771612006,0.002668235452578058,0.001632278208503533,0.0003632568731004996,0.00021755951839578676,0.0005384192414684449,0.0003684265124117549,0.0005040501976380192,0.00446615849621342,0.00017754116408250466,0.0005668763277190431,0.00032080972792941377,0.00018546346917452304,0.0002883593686470879,6.242621731857647e-05,0.00012421569745116502,0.00024639814270926004,0.0004007440244286728,0.00033901340681918765,0.0011373576125535347
2026-03-13,6.900798048080104e-05,0.00012442547935017945,0.00018273658737535722,4.5684986932494176e-05,1.4162245131475246e-05,0.00045220506397850474,0.0026191789578355216,0.0020896574032738644,0.000383548934619986,0.0002205943143302469,0.0005484049189693016,0.0004049937397829093,0.0005663524294251053,0.004462496363509841,0.00018216674182815572,0.0005721286811541605,0.0003118820481022731,0.00019740224189479128,0.00029499695022558507,5.537594233820202e-05,0.00012497508818697664,0.000258570124305874,0.00039469228275595773,0.00031342057201372243,0.001198305591218085
2026-03-16,7.076943639886496e-05,0.00012596790645645994,0.0001822032567156773,4.547853922082623e-05,1.484401568555638e-05,0.00045456306136051417,0.0026639746770224237,0.0020917587269264947,0.00040837251271367756,0.00020835563838138434,0.0005587751980995374,0.0004073221629866503,0.0005473707184066346,0.004279568053355567,0.00014632886573542618,0.00047585742663810207,0.00031783711481659846,0.00018476322181651395,0.00026439895411519944,5.3831809051650687e-05,0.00011921886762627647,0.0002568034078970061,0.00038520068554641183,0.000297935153307338,0.0012254018851507523
2026-03-17,6.310915063407525e-05,0.00010965917759875747,0.00016373955574746217,3.919535044328169e-05,1.4900764933874813e-05,0.00038619157070409523,0.0018444840704597623,0.0021282839132560627,0.0002707145151640822,0.00021290005264589025,0.0005584934724650952,0.0003755936028639689,0.0005163188064801156,0.003991813161013973,0.0001285332207007328,0.00045361941813148803,0.00030750711028047566,0.00016643633019136568,0.00023044237353135507,5.7546739800072007e-05,0.00010916035047854634,0.00025885864201757565,0.00031070274643376733,0.0001371964175688272,0.0011673965541778263
2026-03-18,6.345993947936735e-05,0.0001107089454471937,0.00015653279685645986,3.7966642758510305e-05,1.601196102756155e-05,0.0003534697246896526,0.0018239608959914025,0.0021861885721853333,0.0002434499166771808,0.00021290820447281646,0.000533896212021786,0.00038032300219243423,0.0004900346379819938,0.002780795753358956,0.00013199271890948543,0.00043055761888414676,0.0002877863058505517,0.00016791868521814164,0.00023079299814475157,4.746031855621224e-05,0.0001324516807785159,0.00025707418511642944,0.0003133890735952083,0.00010427647755758973,0.001165057384054833
2026-03-19,7.413068928482542e-05,0.00012144205927822664,0.00017098484070183785,3.95428299418202e-05,1.7563150996319622e-05,0.00035515428944988344,0.0017886217983720594,0.002214241639814951,0.00020608238047155878,0.00022638778664862868,0.0005302462997763278,0.000380215015798271,0.0005185818728643101,0.002856164811846507,0.00012534690112905457,0.00043021324278429574,0.00029136716935151,0.00016962910161540478,0.00021891033231728917,5.469882019921328e-05,0.00013310609620476843,0.0003125555286805199,0.00026725775996646825,0.00010852874878082103,0.001155552039879686
2026-03-20,7.308124464217105e-05,0.00011895989102831498,0.00017260312155622108,4.077793508823432e-05,1.8572945747446666e-05,0.0004250737034279759,0.0017364265571338724,0.002162832333363046,0.0002067541668324979,0.00022655217514426393,0.000521733107027461,0.00043715525564885376,0.000506865606211657,0.002848874525486922,0.00011927193633012456,0.00041746798588220127,0.00029440332905265106,0.0001666040759928571,0.00021737321733804378,4.7966097762133175e-05,0.00013067421012717985,0.00030573437168805983,0.0002535031812626897,9.543495780128576e-05,0.0011888921575725101
2026-03-23,8.411716261498994e-05,0.0001372105353217406,0.00019903179142308764,6.0817396545361744e-05,2.688724712983848e-05,0.00047738956694428014,0.0019615694858267636,0.0021992622742925956,0.00019628978413743613,0.0002453786707106784,0.0005826989253832749,0.0004966918114188184,0.0005402685637671685,0.002881681140795372,0.00011641213207808973,0.00041750255893770584,0.00027305278765923414,0.00016292285572447888,0.00021838576467832433,0.00010205213955504645,0.00013220655946390215,0.00030019311689166944,0.000255535790457973,9.013144516189863e-05,0.0011952495590365107
2026-03-24,8.724843073990841e-05,0.00014009399410517753,0.00022402177007605078,6.28320608620301e-05,2.9209421533762744e-05,0.0004851187325587012,0.001657812741828373,0.0026799079453115396,0.00019433739400963714,0.00024533336007470034,0.0005926433950267589,0.0005616093050039595,0.0005692856411865198,0.0028387707471642883,0.0001225307379304179,0.00046712389057599295,0.00028225979319889517,0.0001650369797380681,0.0002214889320522037,0.00010224709894159777,0.00011434095823216482,0.0002898282416514339,0.0002539479103942316,0.00010294087594451594,0.0011837464820001276
2026-03-25,8.209865583097691e-05,0.00013448110066950248,0.0002121097100629159,6.31530819200885e-05,2.9371525713770145e-05,0.00044620780839076227,0.0015226437827984345,0.00274837981708864,0.00019236624334813276,0.00022733473804608572,0.0005884803579517037,0.0005155849503231807,0.0005862431799165918,0.0031702123169997055,0.00014331108980272783,0.0004903786418503365,0.00028694208334200066,0.00010134174194217223,0.00012361718152350897,0.0001046472563702456,0.00010405430044152901,0.0002519192458863866,0.00023237921508977754,0.00011025568478418355,0.0011757282631699305
2026-03-26,8.091768808144532e-05,0.00013058225665682483,0.00021374892153885997,6.80301303912888e-05,3.0074679154797183e-05,0.00048367000429195016,0.001571693180183458,0.0027537917548286534,0.00016634082744487714,0.00022096527070799053,0.0006071592514928672,0.00048823187346446476,0.0005489310214244763,0.0031634604520909652,0.00014434935914582123,0.00047796412868264174,0.00031343207731554637,0.00010009941311978418,0.0001293144158301362,0.00010433259319490807,0.00012236740067450282,0.00025343015620973744,0.000233064093185675,9.810040466513762e-05,0.0010574522133903659
2026-03-27,9.483355398397175e-05,0.0001512017126848837,0.0002293807750663691,7.193198795688952e-05,3.344378089090444e-05,0.0005637336596927296,0.0018360280916084484,0.0028064480003257737,0.00016319808226945677,0.00018404874437904866,0.0006955505804339385,0.0005406493215739823,0.0005998373106457271,0.0023865213300366134,0.00015665423253729684,0.0005049276906282846,0.00027832008937519456,8.559909396320346e-05,0.00011643729978707823,0.00010402474871790626,0.00012170414608858566,0.0002521977386512033,0.000232448804944455,0.00010185868532060708,0.0013786621344194251
2026-03-30,0.0001093333629124257,0.00016445113805024542,0.0002449808678300229,7.269796145919568e-05,3.374112016597164e-05,0.0006248908958945911,0.001935845292273284,0.0029874872190831722,0.00017655845420890698,0.00021911941995457729,0.0005495819961242156,0.0005586499927076079,0.000684175185632113,0.0026664083450365626,0.00017145626441236609,0.0004939689974970085,0.00029249120379721947,0.00011352138801410691,0.00016335093246627597,0.00010519145973814368,0.00012044658345571943,0.00025215907609591354,0.00022809607167654556,0.00013457270407291375,0.0013171508110476288
2026-03-31,0.00010867875861707498,0.0001671121586947743,0.0002399117708073491,8.02533900722421e-05,3.597077779538941e-05,0.0006155751870918382,0.0017708929182840057,0.0030553073796022088,0.00012235478665051169,0.00019318140149790557,0.00046141938037970524,0.000564657134268125,0.0006715182077005153,0.002619984474474038,0.00016307802571768117,0.0005762729966337002,0.0003017028281385235,9.746649598148302e-05,0.00014369490430865355,0.00010580321470887517,0.00010208231344302245,0.00023906542772658096,0.00018657712010759187,0.0001560758150609342,0.0013499377482325639
2026-04-01,0.00015362174532421922,0.000227718408567641,0.00030020183667275717,7.473396237160541e-05,3.7485376086897835e-05,0.0006823060486321123,0.0019484569181371974,0.0028669989866758902,0.00016697547948700292,0.00023315752833525129,0.0005759463344843169,0.000676888480838373,0.0008653716875299532,0.0028441130269112927,0.00014861175578787504,0.0007623575194676845,0.00024662250097206217,0.00012051242704251999,0.00020990693519372475,0.0001187280727767175,0.00010558032329196109,0.00021199794109501735,0.00018631492321824074,0.00016716460176260543,0.0014214384271116827
2026-04-02,0.00015241481548794268,0.00022962893745580808,0.0002856323629782015,7.456569103147957e-05,3.753673316297814e-05,0.0005847283023479355,0.001521975312429532,0.0028385472042718953,0.00016909529903913573,0.00022356812517208388,0.0005693606420225614,0.0006708007541677168,0.000833919870431873,0.002835424940566028,0.0002235041192690014,0.0007213806668589442,0.0002628209855203655,0.00012045351848787028,0.0002063768556969282,0.00011788218254142828,0.00010274917712422973,0.00018220177684937554,0.00018485234876249775,0.0001619646318098881,0.0013953682839287574
2026-04-06,0.00014975238403948902,0.00021716795275131292,0.00028312106516604574,7.608184661526873e-05,3.846948511731363e-05,0.0006020081347973497,0.001585189584274181,0.0034377246426850546,0.00016796911581557847,0.00022966916787625998,0.0005592299795774154,0.0007782061187810897,0.0007621248005417292,0.0018266252457578734,0.00022285511087508658,0.0007293928473191732,0.00026522008060928204,0.00011888838917496606,0.00020629867736796917,0.0001277774878545957,0.00010192355316143652,0.00018033309726825174,0.00018866658426276603,0.00016163151221167596,0.001283566075399929
2026-04-07,0.00014925824115969146,0.00021864033892224173,0.0002637405409295185,7.53279726026847e-05,3.773823153357421e-05,0.0005949266776099939,0.0015751183781544705,0.003300611434002993,0.0001711287321708442,0.0002199191726022557,0.0005591917255252856,0.0008041412734984209,0.0007540658027228083,0.0018336761346469533,0.00022426744511487722,0.000660089168490843,0.0002853825621761666,0.00012009060205335813,0.00018854014096134937,0.00012230589175810151,7.598087898916616e-05,0.00013893300550583357,0.00012174531022618906,0.00016021294102752662,0.0012824520902674518
2026-04-08,0.0001397361011304417,0.00020606003670979017,0.00023470976855184577,7.456943887377509e-05,3.718892778226402e-05,0.0005865457740704071,0.001548323336492164,0.002492137793712247,0.00018855846225274408,0.00021909188190799992,0.0005083798324629136,0.0007947099477702126,0.0007282413727753143,0.001736668098913386,0.000227642770630404,0.0005889511970741364,0.00026461187725827036,0.0001108830992410382,0.00018023526407823738,0.00011585302416751627,8.166419995303371e-05,0.00014449885119706285,0.00018607496694376504,0.00015771152856863016,0.0012141910060448667
2026-04-09,0.0001702101157364752,0.0002434291007974167,0.00027580375372013245,7.102615193563625e-05,3.6043881529579815e-05,0.0005884699621032126,0.0015275439587178015,0.0029766939962263747,0.00020809505763309897,0.00022066092806857402,0.0004957965005035519,0.0007987136723067071,0.0007208501457450725,0.0017275032215293045,0.00029637369139811124,0.0007413053252474981,0.000257573882822138,0.00014700362824371995,0.0002469026477097458,0.00013303150497678509,8.511098828000444e-05,0.00017335495311969745,0.0002649603976218445,0.00022426881229067907,0.001179596002974326
2026-04-10,0.00017188059477228333,0.00024591815651279673,0.00027752791320189774,6.510376855098987e-05,3.345054618191835e-05,0.0005848681353990078,0.0015083310650405544,0.0029846983699737296,0.00020941877132832573,0.00021689176204107624,0.000493980166287141,0.0008011985396221843,0.0007244455187034281,0.0017807623492107157,0.00029583799830123196,0.0007476922062902116,0.00023940021715732564,0.00014577129509256908,0.0002491674763033482,0.00013570017040284544,8.394916384775864e-05,0.0001799258615507694,0.00027447179512166885,0.00022571305955112103,0.0012023846897124566
2026-04-13,0.00017181821164081654,0.0002460309422700507,0.00027765408168759235,5.617465010553804e-05,3.014371808617848e-05,0.0005844106758746916,0.0014721445570461966,0.0029775621217372292,0.0002094185300540473,0.00021854927017829064,0.0005265764807349325,0.0007814744550126082,0.0007256822841449192,0.0017771588847012574,0.0002654726926206016,0.0007399037729105821,0.0002537383042577497,0.00014847374456115,0.00024832214014599305,0.00013001386916094184,9.119960264127519e-05,0.00016914754445802586,0.0002836868654450274,0.00022684966402373614,0.00126564657058596
2026-04-14,0.00016417571168824316,0.00023541556884879323,0.00026298653117648365,5.645920949476764e-05,2.9342240734904502e-05,0.0005637355712241245,0.0014607818882212107,0.002565675455457083,0.00018981153872649003,0.000285484509812458,0.0005138610454069676,0.000731058226375933,0.0007413276179410448,0.0018189597059078313,0.00026126521974854103,0.0007347453576773804,0.00025741209667698954,0.0001501894813956684,0.00024206794555990395,0.00012815567896170654,9.060051897853779e-05,0.0001568341945640339,0.00028849131758686093,0.00023726213454751386,0.001200590074899807
2026-04-15,0.00017044392806918004,0.0002512115861208509,0.00027262521330934087,5.664556312850915e-05,2.918486712878586e-05,0.0005812045053620465,0.0014766755392115677,0.0026304489206899215,0.0001626939274430003,0.0002994510906927008,0.0005763078084412229,0.0007851150771951312,0.0008234061297003819,0.0019773384648193973,0.0002837298717277035,0.0007302430455104658,0.0002608582302763903,0.00015040169632378266,0.0002455387593862577,0.0001329431345793666,9.473664064520043e-05,0.0001584705773817574,0.00028441084595085464,0.00024764177783636297,0.0012325460104346648
2026-04-16,0.00016821268884013716,0.00025498152579281667,0.0002681213755936068,5.4432702137973505e-05,2.7932626381199045e-05,0.0005871491395377733,0.0014742086493482018,0.0025423983746006348,0.00020224546423838557,0.00040383427285907,0.0005694860005049704,0.0010736711021301782,0.0008541848680793918,0.0020938208188049706,0.0002837078760629058,0.000778368497466017,0.00026080791061049516,0.00014966582575701786,0.0002560408972648916,0.00012918228932591163,9.409059938216345e-05,0.00015595235022199298,0.0002837410559314683,0.00024647209226313633,0.0012256252000390406
2026-04-17,0.00016816460327832755,0.0002549478295996427,0.0002661794594720355,5.623031309721175e-05,2.740130992338337e-05,0.0005868414656773716,0.0014526624417775873,0.0025217456240093855,0.00020771570285031517,0.0004296287638005578,0.0005671274620921829,0.0010722406908995103,0.0008437273765409071,0.0020542587953190495,0.00028936430581739963,0.000778389683390371,0.0002522362667228551,0.00014854607669254286,0.00026501829042050845,0.00013274059185305705,8.637233848533811e-05,0.0001551734657465487,0.00028087609249289545,0.00023537142375699359,0.0015346376776297931
2026-04-20,0.00016525464317158358,0.0002534102997073269,0.0002767229814449877,5.905067036703369e-05,2.7489163321155517e-05,0.0005397934920540494,0.001414844793499597,0.002851384421742792,0.00022774311967152608,0.00041128253325441893,0.0005784011304765077,0.0011058091355777631,0.0008470744438390226,0.0020291991307266857,0.0003320689784525236,0.0008136177621038506,0.00028312444273675556,0.000143903552918418,0.0002646048535830611,0.0001343430868671357,8.583383037013093e-05,0.00013711354899547743,0.00027109903429814366,0.000259442194686988,0.0015207726520567995
2026-04-21,0.00016514066761517666,0.0002534153750488843,0.00027615776106590937,5.7031648433148806e-05,2.6426659638312425e-05,0.00044688202683009637,0.0013267535753331333,0.0028885775536266665,0.0002327997913402521,0.00041542780937190517,0.0005728396153760365,0.0010716761558447827,0.0008458976351992345,0.0020639126404358435,0.0003184586530813294,0.000813178553650853,0.00029901648869730445,0.0001446882535791904,0.0002895615925193001,0.00013416804901041893,9.808075797613221e-05,0.00014345836603094834,0.000268754567490907,0.0002591739328719683,0.0014840927442552703
2026-04-22,0.00015608551007584949,0.00023515364435912011,0.00025523865557348246,3.8611211009765996e-05,1.8877732343268397e-05,0.00043933739072946716,0.0012407136511323363,0.0029939136065405274,0.0002676290053907484,0.00040803626269792935,0.0005183075671345718,0.001025437173784348,0.0008384005115515809,0.002348434840724806,0.0003298106251661263,0.0008064876950147165,0.00029944415170405156,0.00014667035756026073,0.00029702895688432125,9.735334134177517e-05,0.00011474969715735322,0.000155176237989765,0.00026543802156824643,0.0002785972085417289,0.0015272336525663651
2026-04-23,0.0001556702636258654,0.00024309563435149004,0.00023304879044272733,3.6505918556022054e-05,1.6720602728430905e-05,0.0004202188393414097,0.0012680104160389433,0.0025166674251058557,0.0002937756554877317,0.00043044232944622584,0.0005119902148282068,0.0009609502669939132,0.0008363162115100841,0.002478430154086587,0.0003298464929200768,0.0007628035123194232,0.00032878343478702894,0.0001424060170816748,0.0002896316706020315,9.786256374837965e-05,0.00011475108117635081,0.00015571117121697552,0.000254892728311219,0.00026633178025227275,0.0017529765081297835
2026-04-24,0.00015587903174078246,0.00024226562784881612,0.00023213780334219324,3.5704986407740884e-05,1.6905039192679723e-05,0.00042541409474289,0.001309867132947818,0.0025370697404043536,0.00029380574108048675,0.00047974969757346694,0.0005227254553433801,0.0010310665645236392,0.0008658294414425173,0.001993528095695097,0.0003110379119437215,0.0007948899440658051,0.00044572082880788466,0.00014580753275246467,0.000286619203835361,0.00010117050399384982,0.00013646738943074753,0.00017540020851342927,0.00026172826878901174,0.00025911649852127183,0.0017455234129325852
2026-04-27,0.00015745103175625037,0.00025957186738690693,0.00022497694814540962,3.0840968520123276e-05,1.6227133132508573e-05,0.0003787183741892502,0.0012436939423619978,0.0025480179448370338,0.0002971285160926076,0.0005030102674310002,0.0005996169862291917,0.0010305000313592186,0.0008566327273951285,0.001998211020213703,0.00031015906943123887,0.0007958354808328016,0.00047116545018055945,0.00014869527322132668,0.00028746421370689454,0.00010135297322848862,0.00012575648261136375,0.0002062310891309816,0.00027222198198438775,0.0002636474310136626,0.0024061044823039846
2026-04-28,0.0001398307130443094,0.00022762924969232912,0.0002082884969486013,2.829188009854672e-05,1.3293415026569568e-05,0.00030162896665080646,0.0009738508859178548,0.0025028636010175505,0.00030605160490312976,0.0004926561391739192,0.0005849827673585745,0.0009596286324939484,0.0007834232995528908,0.0019075919159391747,0.0002970656223572706,0.0007689460111463023,0.0004697974433250975,0.00014991884011893047,0.0002848759069452279,0.00010289002816953762,0.00013028613321259714,0.00020034040660180577,0.00028733589581327545,0.0002552995699407611,0.0021558332594450633
2026-04-29,0.00012493490619900334,0.00021190652837527006,0.0001986675592650579,2.6711035459425722e-05,1.2986013569854437e-05,0.0002557047849187337,0.0009275245654623087,0.0023911461215262264,0.00029875683980669723,0.0004630520057604372,0.0005726002863547634,0.0009193501047450507,0.0006991312730072539,0.0016236148913087005,0.0002964452588389519,0.0007717837496986845,0.00045131849445394055,0.00011404777461721285,0.00023325691271534462,0.0001037422780247186,0.00013529610923917023,0.0002015805221218507,0.00028549734243135097,0.0002254341614336603,0.002217644330102806
2026-04-30,0.00012432199208637067,0.0002107170463806835,0.0001896776625111765,2.0456153971802195e-05,1.2463287846801573e-05,0.0002619969504079145,0.000951033687261848,0.0026001992863496706,0.0002947727496492339,0.00046789720026766757,0.0005805350469612681,0.0009051249140161982,0.0007190822290073181,0.0018608264194127954,0.0003193674133007799,0.0006845467252190522,0.00040830314917465017,0.00010698283366902695,0.00023541867643283302,0.0001063508515548087,0.00013159221362899127,0.00020927620777041518,0.0002847461599153142,0.00020291028436912115,0.0022657810100803776
2026-05-01,8.472902039833911e-05,0.00015473499647790788,0.00014993265769069363,2.0444957225187186e-05,1.0384828185919682e-05,0.00019833798304897852,0.000723056324161959,0.0026091081534711886,0.00025096379763938286,0.0005041250101883659,0.0005414696403011537,0.000822682068665354,0.0005602594620223124,0.0015470437903595548,0.0003182763260869656,0.000976081191191359,0.00041698393512244595,8.447840420921628e-05,0.0001735607724966628,0.00010533178777188543,0.00013462881463327362,0.00021007970363305916,0.00033239848151401385,0.00020862229709142706,0.002329190912031343
