Date,SPY,QQQ,IWM,TLT,LQD,GLD,SLV,USO,AAPL,MSFT,NVDA,TSLA,ARKK,COIN,XLE,CAT,LMT,XLF,JPM,VNQ,JNJ,PG,WMT,DIS,AMD
2021-05-06,6.326281006322488e-05,5.638905655213557e-05,7.291432352005924e-07,2.706127993462332e-06,3.6116924010332557e-06,0.00027363785449402374,0.0010266405851511089,3.1512248163409926e-05,0.00016183266473805303,0.0001726603384381174,1.9811840320230426e-05,0.00012300168858398272,0.0008525528257752159,0.003761364080361905,2.6393988903892154e-05,1.16333519665847e-05,6.2880074482907564e-06,0.0002173831436108658,0.00039698179495970286,3.106609942250202e-05,1.6018283155062563e-05,0.00015648689316930664,5.0622343499990615e-05,2.3757590619605513e-06,5.937975405781075e-07
2021-05-07,5.258832477439255e-05,6.531066465071238e-05,0.00015627139803206066,2.444068616025418e-05,1.4407481391847947e-07,8.022045702664293e-05,1.5475217847285194e-05,2.0273222008296505e-07,2.8228749855009935e-05,0.00011821101992743134,0.0003889179442030701,0.0001747603218858084,0.00016020638818719507,0.0007113051780189623,0.00031268533299273906,0.0002689636627946669,5.952520484447211e-05,2.8170102208610786e-05,1.1676359305098979e-05,0.00017129272941294028,2.0437756150167085e-05,5.4461546804617666e-09,3.653476748397807e-05,0.0002768369599623891,0.00013788147522560926
2021-05-10,9.903447206136241e-05,0.0006542746003894574,0.0006631318331373468,0.00010360552989197007,2.919962631201004e-05,9.156203180622282e-06,2.2302166315329128e-05,1.2649857080889912e-06,0.0006834657647852646,0.00044673208936053544,0.0014132369460293122,0.004437423253170936,0.002887241320896555,0.011426577145293422,1.3897794675859046e-07,4.488480277741701e-05,5.1089303137383534e-05,6.306856246903223e-07,1.5357111854336352e-08,9.272148780564659e-08,0.00010919053678449906,0.0003412944290031778,1.9469671906965812e-05,8.559244313356808e-06,0.0013277378147292188
2021-05-11,8.036923772609347e-05,1.910710127773984e-06,1.0188836191310595e-05,3.221564790499594e-05,1.346663803024709e-05,3.03752080617531e-08,0.00015735827755381394,7.62086491141266e-05,5.532212730818661e-05,1.4827136124692737e-05,8.03783997681712e-06,0.0003610635572543641,0.0004150150374149084,0.0010256324521205464,0.000679040944589891,0.00018871018803282634,0.00018563216319194702,0.0003206770627003924,0.0002810044200704011,0.00016079996376860932,6.719208891840214e-05,2.4516693646473143e-05,8.20758086727072e-05,0.00020658810553313516,0.00012085678153693731
2021-05-12,0.00046113799456441056,0.0006877010037169281,0.001089690362666793,0.000111579542028966,2.9732703634787845e-05,9.966994106668924e-05,0.0005222884679477514,6.037441766702038e-05,0.0006378038333510724,0.0008881947782755826,0.0015241160775028256,0.002048199361363065,0.0014463022968236089,0.0043735475257787,2.2765058233177106e-05,6.903255267163094e-05,0.0003511684532702611,0.00010611642968730392,4.7594102009823676e-05,0.0006575290598476209,1.6275911608466017e-05,0.00011323440914024644,0.0006869334936637551,0.00045161417780840995,0.0008362891478038666
2021-05-13,0.00014258414554069925,5.931598054213937e-05,0.000332770443198244,2.3941303194500668e-06,1.4186523639606412e-05,1.680112762238424e-05,7.762126465384217e-06,0.0010034551791603895,0.00031545647081915204,0.00027960461821488735,4.624775409212242e-05,0.0009821445970304263,0.0007066862661355838,0.004555287095724282,0.00015032677746393828,0.00013273389179302973,0.00034635775355148845,0.0002543494562029727,0.0006450113012664312,0.0001664965343326228,0.00010834810132573376,0.0002545903928303638,0.0002814986202957509,7.5699780269370625e-06,0.00044037190269473136
2021-05-14,0.00023221470418571997,0.00047684075664600537,0.0005823787349474081,8.663961942085611e-05,2.9512470725840114e-05,8.234770474749088e-05,0.00014049672403975276,0.00041351371338294745,0.00038613576909042916,0.0004346528919507593,0.0017147382385545216,0.0009662681316934518,0.0022477590842650158,0.0006612349506888624,0.0009339773455674445,8.023139974691732e-05,5.9789836647068275e-05,0.00024643332688763236,0.0002378518229699078,0.00013953473671080369,2.3376743521971022e-06,4.42477399688074e-06,8.49454802213467e-05,0.0006949651103094065,0.0004126948565699244
2021-05-17,6.491128291527187e-06,3.7025091701310884e-05,1.8405555490521537e-06,4.485524748607174e-06,1.3126979237810524e-06,0.0001339136358255319,0.0007991432440336088,0.00022784795303264785,8.651988356462102e-05,0.00014497773656614853,2.9769818530068424e-05,0.0004899204094129646,9.279637775299857e-05,0.001599728405936729,0.0005252156386801716,0.00011052573541345067,7.560060894047487e-07,3.4078346446697884e-06,1.6128249630380493e-05,1.0599798461744013e-06,9.962659797295734e-07,4.125363390594669e-06,2.048437815292336e-05,0.00044355557999774557,6.466468571905078e-07
2021-05-18,7.487509518729054e-05,4.5883145187735126e-05,5.806042973436133e-05,6.563979907452507e-06,1.082299640981195e-05,3.7802294079225488e-06,2.336321384638202e-06,0.00014862539193243626,0.00012790637924044377,7.399266717364511e-05,0.00011294225395977842,3.244762731729883e-06,0.00020232718509582523,0.0014388738231707306,0.0005512301332709635,0.0004827963596646589,0.00010042652179583926,0.00019780521689759142,0.00020132571585934235,4.227653235022215e-08,1.2398186909683533e-07,0.00010588113033625955,0.00046272353909854603,5.544478017124174e-06,7.935938907323616e-06
2021-05-19,6.8919530066719345e-06,1.3171215229993597e-06,5.966288108843905e-05,5.8644713563381375e-06,3.1131406522922268e-06,4.697484351976639e-07,0.00026216685553502844,0.001020811959351525,1.6439864261025218e-06,6.104858308474057e-06,1.2680715724397216e-05,0.0006376919277541062,0.0003069737893478326,0.0037518589970841356,0.0006346879996311657,0.0001191732785018389,1.890398618419528e-05,3.8009650863972976e-05,5.87837182370678e-05,1.0204642640523882e-05,4.724170890759257e-06,4.209231197160024e-06,4.985248025650716e-09,5.852462404687983e-06,0.0005646167457216051
2021-05-20,0.00011450171089807223,0.00036705667610027867,4.3967104692592094e-05,6.715873247510127e-05,4.6377680316023236e-05,2.0765080562821803e-05,5.4253910744056985e-06,0.0004891655557612756,0.00043240286830051664,0.0001883988269023272,0.0014542366945678174,0.0016445945871974789,0.0011938395866714128,0.0014094439695603474,2.359033072289363e-06,6.349821248178697e-05,5.161885874428756e-05,2.8900430128687793e-07,3.0260849041490126e-06,0.00012515881323847124,3.36887687082754e-05,0.00010397716532496826,1.2368430246021445e-05,0.0001505907950037281,0.0005627617716053361
2021-05-21,6.70651017555754e-07,3.0803850064509624e-05,6.7331608023278425e-06,1.0246429056351018e-05,4.708410433718199e-07,2.0654222504654718e-07,0.00010266952689985819,0.0008017252602393232,0.00022133153055592665,2.8400042222107483e-05,0.0006565283110058096,0.00010212738038557596,4.986056168338514e-05,0.0015639125387463316,4.456737668474852e-06,9.080744368060671e-05,8.047179504385573e-06,9.79053355483883e-05,0.0001280154654271921,1.043502641371932e-06,4.1384436958878777e-07,0.0,2.2238788040805943e-05,3.661126344908771e-05,0.0001314914866272753
2021-05-24,0.00010287284732477301,0.0002781894696508772,4.198684981048034e-05,1.3674167229026625e-05,7.504606985240449e-06,3.0957962194229892e-06,7.362273150209179e-05,0.0008855817782901491,0.00017493577770198512,0.0005118568742775619,0.0016434594440795332,0.0018543032918289888,0.0007257288440587579,1.7854861711123174e-05,9.840762238158213e-05,5.776763206395336e-05,1.5993813807681468e-06,2.2828929960288564e-05,2.910746854804276e-05,0.00015344484138707937,1.458040548919132e-05,8.406722960962525e-08,5.0330018752508595e-09,0.00012139592752008004,1.2199077300576018e-05
2021-05-25,4.933294854217598e-06,1.9120960825049492e-06,9.433841270517184e-05,8.502240140401587e-05,1.382078258060027e-05,8.157528109303851e-05,8.606667616976387e-05,4.9450931444002265e-06,2.4797969402030036e-06,1.3997758279212787e-05,5.2318671476779366e-06,8.351174942868084e-06,3.552503764762142e-05,0.005357897662716444,0.00042110169013399293,6.233971073358242e-05,2.3127319816555e-05,0.00010230091701412313,0.00010789741006316115,9.160313583594557e-08,7.61608345611577e-06,1.156631056823052e-05,1.6671296598037373e-05,0.00011265867169132183,2.9255934462847485e-05
2021-05-26,3.929553655252867e-06,1.2094100768935578e-05,0.00034157230484278307,2.9678187628514717e-06,2.814777579624187e-07,3.04002873828851e-06,0.00015348340589555097,3.8613977569640543e-05,1.5530492659344748e-07,8.355082412783533e-07,1.1113396877244995e-05,0.0005569265235404299,0.00034478941003621735,1.3529298603849765e-05,7.874279646601335e-05,5.172962058650765e-06,1.9958125135073105e-05,8.635260672362086e-06,1.5267987759128567e-08,1.963763522765109e-05,3.54724579477983e-05,5.0264369354712244e-06,1.4283293521215983e-06,2.8948040097936955e-06,3.7772473633080743e-05
2021-05-27,2.757745858697739e-07,1.4048894238982557e-05,0.00010496248122940884,1.62427943953588e-05,9.208179031135324e-06,1.5525096392075127e-07,4.882680330614345e-05,5.9498132219550154e-05,0.00015510156115975185,7.579507977721244e-05,0.0001848319236903388,0.0003516712661386497,5.7747174298491216e-05,0.0005198548119278083,5.896229300731131e-07,0.00022220750487986273,7.141901970737247e-05,0.00013005934710890948,0.00023875518721229913,5.354567427995382e-06,2.3688655376602958e-06,0.0005288204641928208,1.1436559455417296e-05,0.0002090455364937608,1.041812206881982e-06
2021-05-28,3.19399012587212e-06,9.919433672039597e-06,4.4215182485527645e-07,2.5205726472420295e-06,6.973366375393769e-07,1.4160828540066588e-05,3.7339311720986865e-06,8.168796161265435e-06,2.8757142743160075e-05,2.198628743646194e-06,0.0022742307954523038,8.036378226042698e-05,2.5741129474051017e-06,0.0019040419779385175,3.6764409243032173e-06,6.881124732182812e-07,4.561340606166168e-05,3.4022725313676263e-06,4.4851013602907864e-07,3.630267303773723e-05,6.776740613485546e-06,9.286092218145262e-07,5.74230408979902e-06,4.7556645895584855e-06,0.00043878453250419683
2021-06-01,7.770578959336556e-07,1.1086176307536421e-05,0.00012743613096167933,5.0291729320276016e-08,1.6733915325309272e-08,7.260724989129434e-06,5.379009424587445e-06,0.0003935161934553062,7.03140404188498e-06,8.415391631705279e-05,1.5144183761618055e-06,4.46688423293298e-06,5.7933480226241926e-05,0.00010106869831148488,0.001426995017213009,4.822961172551813e-05,5.368962642286595e-07,3.6426434663418695e-05,0.0001201316721076401,0.00031902437339051496,0.0004939258798475042,0.00021657239984075602,6.802865725656679e-06,1.1302046650307239e-06,8.23471339480634e-05
2021-06-02,2.4695998880895797e-06,3.8055559666560064e-06,1.3998646493912944e-06,5.347503569065556e-06,2.547137559029169e-06,2.3800025329709097e-05,0.00014221733806381388,0.00014952322675513478,3.914527614730714e-05,1.6344199214382165e-07,0.0009671162523726813,0.0009341145413321576,2.0189266377304813e-07,4.1813254122965056e-05,0.00034064596770131853,8.289952239387341e-06,6.83212363498157e-05,2.46088118377381e-06,3.5943597098131934e-09,0.00013538331137645225,1.6317203396912814e-05,1.8968556916999122e-05,4.798629440850667e-06,0.00010695350085252082,0.00020313807544576314
2021-06-03,1.3824739276981558e-05,0.00010940948922030653,7.056616143766628e-05,1.4145676617205702e-05,1.5654796857500564e-05,0.0003909486268494337,0.0007150606913125333,2.2243277728245484e-06,0.00014954220832536175,4.160490356834671e-05,0.00012879660536793482,0.0030052665580268946,0.0012524402818789725,0.0008277028464381344,7.355472719952326e-06,2.4324600278091565e-06,3.424280137207469e-05,5.513551216432523e-06,4.390120725046841e-07,1.369675883730961e-05,9.277849863614024e-07,0.00031504436406008807,3.1221011398305113e-06,1.851575280965424e-05,0.0004340069239078585
2021-06-04,8.28844630862302e-05,0.00028315321748931813,1.8653079525638074e-05,0.00018500904311973427,4.99169733051907e-05,0.0001150392089279244,0.00015601176527942998,3.7885381762143044e-05,0.00035508312192637667,0.00041877087483281795,0.001241143605760886,0.002001542895952487,0.00036773668267564097,0.00044363143586550525,4.43417488367248e-05,5.445615353645458e-07,0.0002984606062619979,6.776929766355839e-06,2.635351447015563e-06,2.3797426251281858e-07,1.7775787254471334e-07,5.412046357519996e-07,3.112005548018832e-06,2.8295286837140295e-05,0.0002580407745942031
2021-06-07,9.420296641715645e-07,8.852977860638563e-06,0.00017751133641732189,9.475444492231018e-06,6.936475281457568e-07,1.599695382188915e-05,2.156608427595819e-05,4.4782282038014204e-08,6.291538858282186e-09,0.00014328386844745066,5.362641426220847e-06,0.00010197509912015159,0.0008193798760860751,0.0001336181419575549,1.8612379574098028e-05,0.00031017717342919404,4.347331525297153e-05,4.251129350677642e-05,2.2063974510022427e-05,0.00013761935529905137,4.667722602433809e-05,1.1911132643136983e-05,4.51558218413301e-05,1.1511146426439045e-06,7.971256809038135e-06
2021-06-08,4.545241364378832e-08,2.2594447106139934e-07,0.00011093064642778436,4.9028981062742796e-05,1.4297262873020942e-05,9.590589884915194e-06,0.00012678827409091698,0.00016440492796144084,4.422190725724273e-05,2.3985474281180852e-05,8.532469942332068e-05,6.493147720621033e-06,1.5185732248380642e-05,0.002279182300685707,7.413005037504972e-05,2.7788866366088477e-06,5.8384897719456906e-05,6.862564949594705e-06,1.593566973372979e-05,6.814643837136885e-05,7.805773940829634e-05,0.0001357112482467323,5.81125144797871e-05,1.395659982799342e-05,3.2155879283211806e-05
2021-06-09,2.2290950776835503e-06,5.629070369427236e-08,4.459431292482985e-05,7.72599933551541e-05,1.3082053386220245e-05,3.6838794082849582e-06,4.377278055800722e-05,3.950574579694202e-05,9.438624387138052e-06,1.624346541868845e-05,2.9633681361226194e-05,6.401445533860341e-05,6.1407559022737696e-06,0.000270621074627749,3.932161757581984e-05,0.0005387299273753598,1.9914833527289866e-05,9.003833442510346e-05,0.0001578410818651622,1.7880693713497584e-06,0.0001788820548184115,1.376308028378077e-07,2.8923657680839e-05,2.7095494594125178e-06,0.00013371918780250735
2021-06-10,2.1506710321324563e-05,0.00010746410824884775,5.5403738671422075e-05,3.577604170843222e-05,2.0269799055377165e-05,1.8362352123688848e-05,5.391928315549075e-05,2.7463391723638835e-05,6.48933941094036e-05,0.00020422474080997828,1.4731334720372172e-05,0.0003519901614652109,0.0003463960619988533,0.0001225920884279012,1.5847989635747443e-06,0.0015019689933308397,5.6444748023396464e-06,0.00013737453618717287,0.0002468563995386084,5.0902612482885605e-05,8.024485261372254e-05,5.4638505683541307e-05,3.289618873595296e-05,9.036479979345575e-06,0.00039253189076068873
2021-06-11,2.7263009667035997e-06,6.820557685788347e-06,0.00011023624378879885,2.607328929494323e-06,6.779078426542406e-07,0.0001280558820587708,1.4883937122373777e-05,2.5051822653448605e-05,9.57387508795955e-05,6.368710448065296e-06,0.000515727667855641,1.421962047104829e-07,9.906030930136381e-05,8.625452997776299e-05,1.1730975522734572e-05,0.0005078304444062505,0.0,4.1092175709875854e-05,4.701389969461562e-07,1.5911627237177413e-05,0.0001630587461348491,4.723119489397729e-05,3.844716735788815e-05,2.0950007112567487e-05,9.424504456413685e-06
2021-06-14,5.00211316927197e-06,9.095247726907583e-05,8.637733105171926e-06,5.912298995068801e-05,1.3488923820609582e-05,3.455284034414837e-05,1.3463977779240882e-06,2.6907788245039856e-05,0.0005895534677754725,5.967801529875149e-05,0.00011657322372523584,0.00016149657869370698,0.00035544244534295325,0.0043024499086573844,1.886318319757777e-05,5.909206979048439e-05,1.2806534686572548e-05,0.00010894717925155378,0.0002929177876774858,1.5163967350684541e-05,6.160675801156092e-06,1.3753559760815972e-07,1.8248057741313516e-06,2.0247553718427637e-05,8.687085972563289e-06
2021-06-15,3.371015057460983e-06,4.2933369681522574e-05,8.185038212596518e-06,1.4498700544804999e-06,5.638561713324953e-07,1.4325188865463566e-05,5.446629040105317e-05,0.00018404978298327708,4.171207736861321e-05,3.486078245418922e-05,0.00016539104876136612,0.0009074732794243579,0.0007707806031073543,0.0008549621858999166,0.00035583255292410526,4.2132946950359336e-06,3.1389324627345478e-06,3.539563443991218e-06,0.00023361497045026744,0.00011598728362625779,2.8469268436465986e-05,3.7218834035467415e-06,1.593721308741238e-05,0.00017176543890158906,0.0001777397485558266
2021-06-16,3.134797872971488e-05,1.338685013965265e-05,4.5340043952747445e-06,7.245070234050229e-07,8.153928150100152e-06,0.00029022542139708446,0.00023474624057271787,2.2154387352196032e-05,1.541876865555233e-05,1.4444072216902201e-05,1.4928542421182576e-06,8.374365226757474e-05,2.3790506276096174e-05,0.00032678686024993316,2.865966912534232e-05,0.00011099873150338741,0.000257073786857071,1.1545348703883915e-06,4.899645198296309e-05,4.2732063820185685e-05,1.3295229981518007e-07,0.00019558537830633097,0.0004230038378885597,4.688037437987898e-05,2.0104117025356954e-05
2021-06-17,1.1005675530821856e-07,0.00015920495745796502,0.00012740523562087752,0.0002208419086294501,3.083440663049072e-05,0.0009748648582064678,0.0024095493902243767,0.00021524355705408152,0.000156793089058289,0.0001845112486386477,0.002158604336098279,0.00036890785156919826,0.0011611816402339876,0.00012950130772583908,0.0011962285343584435,0.0013067766960898578,3.335955124415628e-06,0.0009009450786557315,0.0008576259171948803,1.5745516004086927e-06,2.2971918274653058e-05,8.22942762093078e-05,1.72004118975323e-05,3.285577534627098e-09,0.002922550077328282
2021-06-18,0.00018447697858951393,6.206538803944957e-05,0.0005273377028940301,0.00034712435598656,2.7297099373635127e-05,3.094368850201665e-05,5.032074210879047e-05,4.40766144204436e-05,0.00010288096796762205,3.1925323422320206e-05,9.847681465055484e-07,0.0001171472385503104,1.1355648616884268e-05,3.548861349097994e-05,0.0009050049421583631,7.956410095556212e-06,9.479997886533383e-05,0.0005951249882973933,0.0006568256421817505,0.00029387463034946074,0.00039223220981480524,0.0002171559387482891,0.00034929613434540576,0.00016514090572088122,1.1317000452869982e-06
2021-06-21,0.00020205004153522733,3.838711146181438e-05,0.00044768295400306847,0.00028511065994520334,3.391380543773303e-05,0.00014818804132538552,6.95616698450295e-05,0.0004189125631765245,0.00019615480249537845,0.0001502960761156966,0.0001302301375439751,1.58940724910462e-05,2.618660983080268e-05,0.0008768161997823003,0.001741556029306259,0.00042490953913306665,7.553798858086007e-05,0.0005322763901210725,0.00028312642447853254,0.0004170161060127584,0.00013035227943886745,6.156720717766901e-05,8.205639795422617e-05,8.009426695495082e-05,0.0006069602425181182
2021-06-22,2.8433059438359674e-05,8.608417915894312e-05,2.0514538304549336e-05,5.9524537018634525e-06,2.708493354203696e-06,1.7654018807655744e-05,9.21097785566294e-05,1.4756699117404533e-06,0.00015922108757204247,0.0001189448874708404,0.0006066366420401023,2.142076010260115e-05,0.0001576463582315912,3.4128931116958854e-07,4.403390496414686e-05,1.4077924765125117e-07,2.720255222530383e-09,2.7869602661814317e-06,2.142113114158872e-06,2.7160786136200852e-05,1.8053552599550258e-06,1.4101531201712893e-07,2.1236515961716658e-05,7.318374910020264e-06,0.0001419842745849506
2021-06-23,1.4552989654938613e-06,2.3919045920481165e-07,1.0795057528961411e-05,6.653265572352541e-06,2.4670864771564686e-06,4.380808967320221e-07,1.1213666745310888e-05,3.6628249509271475e-05,4.37557418864883e-06,8.177667459370227e-07,8.076091665657093e-05,0.0026361879532403555,0.000421409804339401,0.0002492279555585335,7.574817378605195e-06,9.558565853691585e-06,0.000183776951393314,3.7796049268190386e-06,3.648058668520502e-05,3.0389332051042984e-06,3.683424038759631e-05,2.040005530845301e-06,6.14559558232611e-05,0.00011008759397268284,8.221752959569796e-06
2021-06-24,3.479102885578743e-05,3.799367456693432e-05,0.00019675803742972352,2.5731378539398415e-06,3.781750535107455e-06,3.62548479478999e-07,2.1033533839972045e-05,5.810926534854322e-06,4.715620364653316e-06,2.8501792818326493e-05,6.005142945638232e-05,0.001210952442330228,0.0001978853143689689,0.0002956907621707942,7.351918137844057e-05,0.0006568448370774036,1.122716196718988e-06,0.00015397744730839873,8.383480460741181e-05,4.6632442379502405e-06,2.061213997518562e-05,4.5820852979336656e-07,4.848628374717505e-05,0.0002166892526479858,0.0007202650856804591
2021-06-25,1.2573122285989758e-05,1.5123155944473803e-06,2.8231238870039383e-06,0.0001089388215551121,6.858325245147924e-06,1.0936243637761994e-05,3.371788168769418e-05,6.711983187201362e-05,5.068045985260802e-06,3.9458545770090167e-05,8.330672512881522e-05,0.00013837354017287484,2.8051042959656375e-06,0.0005626881082408408,2.760378857766321e-05,0.00019350681798322927,0.00012695133207753836,0.00014367377377999465,0.00010094132828182064,4.5260967745896694e-05,2.6302999729580742e-05,0.00020113758166637042,0.00013837198857252476,5.558805419042024e-06,3.125325325299903e-05
2021-06-28,4.055585921155521e-06,0.00014612662585617526,6.324877440138637e-05,0.0001046142122123548,1.8157271904755248e-05,3.5995727669030974e-09,1.537290824613466e-06,0.00020249587116100715,0.00015544688225703888,0.00019222303793958175,0.0023924521759605836,0.0006135500247882943,0.0013746291395137548,0.008850794722261655,0.001181641254660617,3.417250685490233e-08,2.5918855597287682e-05,5.384653861039923e-05,3.2972454761587418e-06,8.52506443616043e-06,1.3404693889826256e-06,8.763726230957207e-06,9.665462568147316e-06,0.00010061270670740771,0.0002858914407138197
2021-06-29,2.894134272801835e-07,1.3048358805076927e-05,2.2894788102145682e-05,2.797381885815264e-06,1.4235420724567421e-06,0.00011153545281993682,0.00017704424297499118,4.956338954499039e-05,0.00013074662218222542,9.848092270414218e-05,4.355499728162192e-06,0.00013514041725691433,2.4788980983706146e-05,0.0010718283634454325,2.3759887920158955e-05,2.9428807922908405e-05,0.00031159511288130306,1.2620569320548458e-05,1.5175880790246395e-06,7.466156678479697e-06,3.7343876156081736e-09,4.653942425093597e-05,3.3750097539541806e-05,0.00022693752566622376,0.0007636804638069045
2021-06-30,7.079133885814133e-07,2.4921512460540077e-06,1.7093539446312075e-08,1.9740831278893635e-05,1.2478988987822914e-06,2.344267468365984e-05,0.00018820475965942662,4.017114806905814e-08,2.1258440630064894e-05,3.3991536370794575e-06,1.4680255203302793e-06,2.428277680272682e-06,5.84380643030378e-07,3.96486623784008e-05,0.00015195975426262774,0.00013673666421311513,0.00017202781515050967,1.909803171619537e-05,8.17496939352259e-05,2.7994271801951497e-05,1.8655460656837478e-05,1.549100441683546e-05,0.0007146605824160844,0.00011074231152246306,0.002312436581066274
2021-07-01,3.0483842035613103e-05,1.5603144510075192e-07,7.688149669940929e-05,3.0827629115355063e-09,7.618531074403481e-07,1.180231405777155e-05,2.072063359180408e-05,0.00021687250577251147,5.111327135946239e-06,6.660448909343356e-06,0.00010855758682282513,6.876238034519465e-06,0.00015536382407940267,0.0022995442930355517,0.0002992603719065213,1.7943467654866167e-05,2.430782002475761e-05,6.198553282346277e-05,9.707671259211932e-05,1.8605730504816762e-05,5.443688155131113e-05,5.266929270495323e-06,0.00014709418115158268,7.12548876137598e-05,4.38584357086155e-05
2021-07-02,5.798101860950549e-05,0.0001302610805216277,9.126367377279924e-05,3.6186676956006194e-05,8.020143829742986e-06,4.273144272121877e-05,0.0003270710465597392,3.727606634070068e-05,0.00037663510532491475,0.00048535423837291875,0.0001826278630616044,2.08684929401907e-06,6.163134166830954e-05,8.919586856971553e-06,4.8045171388233554e-06,2.3361216548585055e-05,1.1119882668837018e-05,1.1713061265465318e-06,9.240579561229781e-07,9.167382291922291e-06,0.00032520052911619307,2.3700571653873937e-05,3.1972407588886136e-05,7.166518339811998e-07,0.00021864681879763193
2021-07-06,3.3240529411297552e-06,1.859772475490237e-05,0.00021421662645825534,0.00013580154646882886,1.3249373448838491e-05,2.4494460703387362e-05,0.0001721424617457027,0.00041743040098977095,0.00021348526158828607,1.2876599887407238e-09,0.00010549007413318088,0.0008335105742003788,5.078496493842015e-05,0.0004975463505237482,0.0010948411311657124,0.00038664007102783503,5.5049944201837004e-05,0.00025044862369232956,0.00028676205207225653,5.310674708205721e-05,3.5938430697795476e-05,3.461371137382714e-07,1.4737637422664058e-06,0.00038020964445299065,5.912830603393759e-06
2021-07-07,1.244585754739424e-05,4.442597758277007e-06,8.725861918722804e-05,7.779742700806335e-05,1.1595203973898112e-05,1.4436759638189993e-05,1.702683222523684e-07,0.0006332117532322206,0.0003167046038639799,6.629574752127635e-05,0.00025319903571773233,0.0005242152401222343,0.000561637935730005,0.004621463578886023,0.00026855363583441213,2.9863045859272846e-05,0.00015932882288164206,1.888076458118027e-06,1.3747703945198484e-06,1.210672397472823e-05,7.28737609692314e-05,5.5845813063472125e-05,2.7057274942055742e-06,2.521510756764963e-05,0.001805449778202612
2021-07-08,6.693533713419607e-05,3.66949595481508e-05,8.554453587223488e-05,1.5289057408962972e-05,2.6740613499891156e-07,4.251423237963167e-07,9.089204571169364e-05,0.00030692599164848126,8.5424704029137e-05,8.112181507089547e-05,0.0005424762923260879,0.00015822102780384343,5.890057516595545e-05,0.000958151415221394,3.341329740238312e-05,0.0001461673609013654,8.699060411541567e-05,0.00041018387565300784,0.0003029050699429786,7.851056998381875e-06,3.8016312553232385e-06,2.129398091437723e-08,7.388012639846269e-07,1.3403502714349665e-08,7.876873796351583e-05
2021-07-09,0.00011274358652870528,3.873939681108893e-05,0.00043639631232057096,0.00020058492494690012,1.780025691820653e-05,1.0989632357768592e-05,5.5784869539785254e-05,0.0003173003842408509,0.00016823697659646021,3.5064108472450747e-06,5.4519527723214965e-05,3.996531011190749e-05,0.0003444734946918401,0.0014826902422279667,0.0004423984554746949,0.0006113704349377799,6.9913593721163e-05,0.0008098974268392548,0.000992139013920193,0.00026612786736352633,1.563889970138446e-05,1.3312746432530093e-07,2.573987108803505e-05,0.0005876163847100571,0.00016495398254127476
2021-07-12,1.2785657240814856e-05,1.5194054578582477e-05,7.036697946843916e-07,1.683611665886826e-06,2.696017201341668e-07,1.5422456550186683e-06,1.3791179774738082e-05,3.942898326432503e-06,1.7747986219079348e-05,4.987347244242324e-06,0.0005195121986951923,0.0018346041389434914,4.941977793523438e-05,0.00061328175567519,2.2943250506919342e-06,2.831210567115576e-05,0.00011239094068354431,9.523768078689605e-05,0.00020204350489763813,7.276414913937638e-05,2.533743336157653e-06,6.438083787137696e-07,3.1805901030316967e-06,0.0016502625918087613,9.813540434580708e-07
2021-07-13,1.1660283249714455e-05,0.0,0.00036198640674949933,5.902312133194054e-05,1.381960714089303e-05,1.6924339218612008e-06,6.841568077347951e-05,0.0002741882416935268,6.17534420910805e-05,0.00017191061672696173,0.00016588555543428665,0.0006423178127931515,0.0003999935299151498,0.00031544839960065494,5.789804159840667e-05,0.00024431321690252867,1.0561337894142268e-05,0.00011770296698389051,0.00022454685659865358,0.00019784635207163042,1.5375595097815407e-06,1.5378937708910028e-06,1.4268349221397474e-05,1.573930461103364e-05,3.690522102074192e-05
2021-07-14,2.22272229885615e-06,3.210147112395118e-06,0.0002418099288892527,0.000127646460930301,2.1229756410194195e-05,0.00011444201153801823,0.0001066786639051631,0.0008269980494597889,0.0005671440409503658,2.948906525346444e-05,0.00041531054047182437,0.0005261207915310442,0.0011633235314294998,0.0031942757884625235,0.0009145002934727348,0.0002767094352821672,7.307462832638497e-06,2.159035406385869e-05,1.163516456143209e-05,4.847704578923394e-05,4.5846302989960705e-05,5.397342168431186e-05,4.728462237353919e-05,1.5703254684804831e-06,0.00018215211278216367
2021-07-15,1.1705824277113393e-05,4.9675380989259084e-05,3.2277138024326434e-05,0.00012033520111898829,4.612920267126559e-06,3.078770472195538e-08,4.214546098824524e-06,0.0001787204861602299,2.0269300020605414e-05,2.7587969226993066e-05,0.0020353444736645686,1.818061832856986e-05,0.00022775879678284402,0.0005458666845173639,0.00019802662605069297,1.1826771155303686e-06,1.4346748103144802e-05,1.0771472000977034e-05,4.793914611939036e-06,2.606431919625285e-06,0.0001464593248260646,7.251371604543856e-05,6.031849916058021e-07,1.5776701068851995e-05,0.0005805614786760798
2021-07-16,6.200717640475665e-05,6.613727043761164e-05,0.00015353878031024434,3.5629480249801585e-06,1.977886064111907e-06,9.508274809703439e-05,0.0006420542279841328,4.149549787426409e-06,0.0002009612614725702,9.940501888207786e-07,0.0018822098223324367,9.711541100262608e-05,1.2459264709104383e-06,2.8567602672403857e-06,0.0008267112247450693,0.0002723054257289524,8.636046890577606e-06,0.00018899436749552557,0.0005336195529575355,4.415694761471969e-07,2.575481362057852e-06,9.321074517975502e-05,4.986083257332006e-07,0.0007093944806099334,0.00014486047994613667
2021-07-19,0.00022135662559422256,6.769033957019427e-05,0.00022781766153879445,0.00047053336961317056,5.127722360599917e-05,1.3920543112150148e-06,0.0004161672389309158,0.004832513037271258,0.0007443605968859795,0.0001798521907061957,0.0011224339798767311,9.60797334954118e-06,4.115873571527795e-05,0.0003899985826891239,0.0012939913830747535,0.00033655581869891584,0.00018684509264452575,0.0008043428173473521,0.0010929388214083106,0.000338561733835422,5.305926119571927e-05,2.482226029871736e-07,5.446816169021786e-06,0.0013041920242207673,6.402340198854486e-05
2021-07-20,0.00020245906381703797,0.0001333984602296979,0.000933819843216423,9.383012380401531e-05,1.9556167996297076e-06,1.6846547002049906e-06,4.1750049435345e-05,0.00021054681564475235,0.0006575244833820538,6.896482731791875e-05,8.05019501840842e-05,0.0004777356926979615,0.0008550315395141826,0.0003812724471020974,0.00017759006490541013,0.0005638535538051268,0.00044821897137126626,0.0005991390782036268,0.0003411987010853006,0.0005440865420422511,8.768675229542379e-05,2.86725509083301e-05,2.0442558011361983e-05,0.00047236031202323224,3.724455445264796e-05
2021-07-21,6.502235113142855e-05,5.9145442571192e-05,0.00029162779813496695,0.00016250356365408403,1.2548328801003018e-05,1.3884494070396653e-05,0.00014466475032535555,0.001379598883875628,2.6467889987659513e-05,5.50423168846118e-05,0.0017624373608061683,6.271523096259676e-05,0.00024370970339159355,0.0006724749476678438,0.0011755832215180827,0.00017508308570093363,5.721593799739268e-06,0.0002919090034294348,0.0004335611704551968,8.927719668345539e-09,3.7880981757143676e-05,1.2349829865015485e-05,2.446724727050851e-05,6.266209318416225e-07,0.0006791694073913166
2021-07-22,4.376662525025225e-06,4.340721152369282e-05,0.00025676955068236457,8.852000902255703e-05,1.7071003314981488e-05,3.816323167750384e-06,3.552129828390428e-05,0.0003412659544215987,9.182059225240464e-05,0.00027902833391389465,8.902013317161696e-05,8.546277449785459e-05,6.0453278953852725e-05,0.0004395661684479087,0.00012612453770106583,5.5920873757748e-05,6.368841271092817e-06,0.00012076467156369337,0.00016144615539830069,6.35133936677621e-05,8.33332128224878e-06,1.4735179707130106e-05,5.013662079471698e-07,9.998748698720852e-05,0.00039728288787104654
2021-07-23,0.00010476230331223584,0.0001347893289401878,2.168508341513133e-05,4.5036331358072505e-05,1.957927022791968e-07,9.855461164304548e-06,8.016221950269039e-05,3.7000525556942704e-05,0.00014203461056882787,0.0001503421891425704,3.3821501430913636e-06,8.276784661153563e-05,3.4788870705340916e-05,2.6462297250450933e-05,1.3710437971390946e-05,3.1233626462727885e-06,4.8776311547944574e-06,2.742521638494072e-06,3.6980523360627237e-06,6.81142422589786e-05,0.00011219664443007378,0.00020557052031194368,6.68767533644036e-05,3.306765864384581e-05,0.00010512750571186899
2021-07-26,6.012302157130543e-06,6.200614730880231e-07,8.473294095357008e-06,8.805739998410043e-06,4.891298375741985e-06,5.644549685299127e-06,1.8334122626651728e-07,1.627833880864317e-05,8.354715706335392e-06,4.591658812171312e-06,0.00018468750177292343,0.0004792460347413439,4.627307019444151e-05,0.0076297556983362675,0.0005968905769205302,5.0885400359927934e-05,0.001154419132727467,3.3349056865549496e-05,4.4649527315786806e-05,2.2314568230155065e-07,2.166450684626215e-07,1.224697963980085e-05,1.9687698488547456e-06,0.00021471535100336958,1.2870623899434845e-05
2021-07-27,2.0867736659288503e-05,0.00012274814442306224,0.00013783848164441716,0.00011267288994602506,1.824918552235863e-05,2.767860695343662e-06,0.00029830998048175917,1.6278338808643124e-05,0.00022537931621878724,7.606953114420369e-05,1.99588626837153e-05,0.0003888026012515773,0.0006156274681532395,0.001863420843081212,8.639967359264679e-05,2.8827614232584683e-05,0.0003235266696235313,7.537916853781104e-08,1.741605410692708e-06,3.191824647840255e-05,2.1033269319897313e-05,1.644286536118562e-05,4.9110899881157595e-09,1.800250624092812e-05,7.466733707521715e-05
2021-07-28,1.68187360416085e-07,1.4701303762426613e-05,0.00021308475180862688,4.480597222100799e-09,3.106861340967935e-06,2.5336758510951652e-05,8.28975680604616e-05,2.541008079825669e-05,0.00015057857871997955,1.2483412693366264e-06,0.0002323091060028699,1.1602386834559846e-05,0.0005177353038232862,0.0007827821820822065,8.269595926834455e-05,5.3440665426828165e-05,2.6386727623807707e-05,1.8832104765861846e-06,2.7201741468554603e-06,1.2112667942134825e-05,7.751585425029018e-06,0.00022350080076447555,1.660110863763539e-05,4.976805036560265e-06,0.005338323508774996
2021-07-29,1.7129250650921478e-05,3.151242204215457e-06,5.881546744979985e-05,3.093362207562611e-05,8.21238022714647e-06,0.00012197044446846976,0.0005503811456570312,0.00033615295845848076,2.062944506306705e-05,9.560030199797618e-07,6.592173045496605e-05,0.002104309968897353,4.235543952547844e-06,0.0006252486570631904,9.234378810433957e-05,2.7909757632007566e-05,3.172765574730493e-07,0.00011938569900787721,7.28110300709795e-05,3.5531767632658886e-08,0.0,2.6785863128252344e-05,1.603804806091859e-06,1.760965395405728e-05,0.0024990463891271285
2021-07-30,2.369995731741435e-05,2.7305735968399176e-05,4.393108651629656e-05,2.2022073765352398e-05,6.550462576945798e-07,6.269643920513768e-05,1.4451322406011886e-05,1.559268803394245e-07,2.2790905333757262e-06,3.0971932618187815e-05,6.929564064824744e-05,0.0002084329940189309,0.00017543472491911703,1.1473551786846256e-05,0.00025817281899851173,0.0007680778752848709,6.246114165851519e-06,6.255984032655047e-05,6.409008988086972e-05,1.73684328933214e-06,1.353090371915747e-08,0.0003811962385326832,4.739576533382307e-06,0.00017292853321736727,0.000960166998302397
2021-08-02,4.410448428575393e-06,6.81236657312203e-09,2.488846762777715e-05,7.884359199289683e-05,8.354041479029125e-06,1.5311790985084479e-06,1.7984586182467345e-05,0.000879098695255469,5.446430698343204e-06,9.979004460616368e-08,0.00016358571958408134,0.0010352129897717266,8.630444640739027e-05,2.5002559659249302e-05,5.654284245042332e-05,5.9597388575596876e-05,8.296319134386612e-05,7.488302971213186e-08,1.6215627284079765e-05,4.6924296585546575e-06,1.6513091554856088e-07,6.070091572546898e-06,5.372129530854163e-06,7.1491507963158475e-06,0.000516090338210283
2021-08-03,6.56485394716745e-05,3.651598656800303e-05,1.7046445283006918e-05,2.822849735454733e-07,1.0556212343896583e-06,5.008775665220192e-07,4.038082655258623e-05,4.532919193473792e-05,0.00015787493535025687,6.469173089039306e-05,1.0796799111365463e-05,9.726170495700579e-09,5.562737734769745e-05,0.0005028621997610377,0.0002886861981649751,0.00026078257198343516,9.718932360335233e-06,0.00012456679747833313,0.00012799763941287996,1.5006897424321968e-06,0.00014959974676613066,0.00020979232953661115,0.00012515717463780507,0.00021579909262532765,0.001263006586514932
2021-08-04,2.431385262081126e-05,2.084682310877005e-06,0.00015698454398934734,4.218819759142909e-06,4.8583728403442533e-08,5.566516823698328e-08,3.516113074104738e-05,0.0011806397337269967,7.763107292855344e-06,4.523577317144882e-06,0.0005244201383608672,2.7594802117972587e-06,0.0006317570910768076,0.003573764440916792,0.0007534596585959924,0.00037146027453017593,0.0004565108659133278,7.101813620889292e-05,0.00011773500245322116,9.687808486635237e-06,3.508758612763136e-05,0.00011268709817318897,4.674964938909569e-05,5.630810277164391e-06,0.0028839510314771014
2021-08-05,3.985395752499382e-05,3.998214634051054e-05,0.00031730046970949646,2.611735211163602e-05,1.6945267353222932e-05,1.568098425338287e-05,0.00010501766917332553,0.00035676548311099223,5.603244974400683e-07,0.00010921863582524865,0.00031492275149026686,2.7092780439777613e-05,0.0003387482883936446,0.0019873638609529945,0.0001271130412901186,0.00016823359889741452,5.669542920845067e-06,0.0001694942828993448,0.00015749110908056899,0.0001356200794162817,3.615643611056486e-06,2.4164558242875417e-07,0.0003379105298934811,0.000559285577205054,0.003088006725539604
2021-08-06,2.724834744982541e-06,1.928876351143866e-05,3.729156613986245e-05,0.00028365302080263574,6.739078588480083e-05,0.0006405305223215903,0.0011593687382406034,0.0001227628845576646,2.283480649938345e-05,4.296044973759983e-08,0.000174729295323963,0.00048273056868485366,0.0004242623786631,0.00011544336885816325,8.336340416925788e-05,3.1170533238259966e-05,1.23489764269113e-05,0.000400338908645884,0.0007844328140774431,3.1525219744586105e-06,1.1187539324320258e-05,5.896234286667201e-05,3.19988669701636e-06,5.635732966418376e-06,0.00040558388778301176
2021-08-09,6.623570889995408e-07,3.406783574250384e-06,3.048337160391612e-05,1.290661426066772e-05,1.863002193575789e-05,0.000320224441739981,0.001210348696722174,0.0004244339836530534,1.1718608390393188e-07,1.52999882065866e-05,1.2197181918415084e-05,0.000430684502417119,0.0001861882571593503,0.006806234241193085,0.00020276029848687486,6.700658460678113e-06,7.803764380475461e-06,6.959228123609211e-06,1.1664569756890273e-06,2.8581854422870495e-05,1.196943413791761e-05,2.9491158014662447e-05,5.795102309790725e-06,5.3707824590848205e-06,0.0005403345718761702
2021-08-10,1.5454337069666437e-06,2.6409061428303752e-05,3.914460503030078e-06,2.142769320761466e-05,5.0175717392788256e-06,9.557213439917164e-08,3.59389040177872e-05,0.0005249377840022116,1.1287359293162339e-05,4.324948625996411e-05,0.00031852923605195686,2.8046472174428268e-05,0.0007017421885957672,0.0015419548295968865,0.0003050631370325387,0.0006000212878163978,1.100937496780929e-05,0.00010987711794254408,0.00014866285784485806,9.106906458631745e-05,1.1940651144904743e-07,4.0051940524263047e-07,0.0004439574324582141,3.914460494503163e-06,0.00010562840917898625
2021-08-11,6.160206424852359e-06,2.953948657050855e-06,2.3860178793136792e-05,3.7725181016749475e-07,2.461122689955153e-06,0.0001874387732938782,0.00010250158888541678,0.0001669138860539642,3.1833361676206974e-06,3.164905126058474e-06,0.00014302582847873879,9.369949016241203e-06,1.3306594414282465e-06,0.0010150511564862561,6.116436458472503e-05,0.0012139286216289382,8.536955332443659e-06,0.00013006839249576297,0.0001406473851076115,3.444374425509902e-05,2.976678005979216e-08,6.036897437041638e-06,7.931065748437507e-05,3.2993731058034287e-05,0.0001255892982232451
2021-08-12,8.954394108128713e-06,1.2946006845029708e-05,5.627895782107498e-06,2.688799521999246e-06,2.0069163397709345e-06,5.945393275729811e-08,0.00024618308930797857,1.721751599498336e-05,0.00042272612704309843,9.835301746399261e-05,0.00010822518730813543,0.0004072931407135235,2.0466262053489308e-05,0.006712564542035301,9.9832035156467e-07,4.13030609578527e-05,9.641776623818923e-05,3.249971864494601e-06,1.5220634951350033e-05,4.702168443940581e-06,6.437035233275558e-05,5.3413100636442175e-06,7.181417877882131e-06,4.509670815378053e-05,0.0001214157953724451
2021-08-13,3.306108603063736e-06,1.2275005333596988e-05,8.350498056060906e-05,0.00024563531848075486,4.469280134156051e-05,0.00020232693149779794,0.000467637165400957,0.00019676231360731298,1.9875480120721927e-06,0.00010889600184974855,0.0001992975991305955,4.982113906986486e-05,0.00020926792997093092,0.00033669088986470835,0.00014084540764120146,5.7933428339934535e-05,2.4325756058049102e-05,5.60809980126803e-05,0.0001265695726828171,2.9678653771683064e-05,3.57018218252756e-05,2.319049526946517e-05,9.910993156750936e-06,9.869334409827194e-05,0.0013930025787278913
2021-08-16,5.530773281809514e-06,1.8813311615865108e-07,8.759837916399507e-05,5.858674995250532e-06,3.505744568648739e-07,2.475949385798913e-05,3.480729362868439e-05,6.817182783283098e-05,0.00018108052629924412,3.549606616929812e-05,0.0001406336334114094,0.0019525391077515844,0.000692828810149092,0.00029116194493393,0.00034541102362189356,1.5544211002244464e-05,3.995432770978784e-05,6.735944606560109e-06,4.3361053808317584e-05,1.4849074046283607e-06,8.06571508016994e-05,4.8125952712604185e-05,6.602797831198037e-05,0.00012211423488133423,0.0007931613240953294
2021-08-17,4.3253445302356716e-05,7.826666612531415e-05,0.00015037588137402285,1.6222686011186426e-07,3.1579429651216028e-06,2.238480233218744e-06,8.264639702000809e-05,9.657030806762128e-05,3.810356155077291e-05,2.6760524000932212e-05,0.0006235422386935109,0.0009163476786851911,8.763954104441103e-05,0.0005644669976124707,0.0001073438278312013,0.00039236160488937777,1.3988830479214229e-05,4.958432979125557e-05,0.00014772408085765394,1.0652810098269352e-06,8.324261395763473e-05,2.7491295890358415e-06,1.0994539362093721e-07,0.0003374855382677537,5.535266586529978e-07
2021-08-18,0.00012111864725351945,9.353460879435274e-05,7.695009449647949e-05,1.1244791904099042e-05,4.453658901789175e-07,6.057652975000436e-07,4.112896618274546e-05,0.000658392754096832,0.0006672836558480295,3.767330624612327e-05,0.00047160694122387636,0.0011814751210637861,1.8627132248281772e-07,0.000670318688995941,0.00044305539496304223,0.00029424985778961403,0.0001938669112729675,0.0001531780977700489,8.371493604211337e-05,8.368389960996582e-05,0.0001634703928599463,0.0001202468301968004,0.00011393599411127062,3.866850808536813e-05,0.0015254532044476296
2021-08-19,2.3938069532190114e-06,2.3230722067422343e-05,0.00014528012241270052,5.384285358137541e-05,5.271938274446556e-06,8.624303937288587e-06,0.0001335290853480914,0.00019526865652001507,5.383883451372033e-06,0.0004228011720521669,0.0015240276600599156,0.0005190772573984237,0.00030026205897429266,0.00024431987151197137,0.0006913942076234127,0.0006696948677134087,5.231877188877062e-05,5.545727326879056e-05,7.040803536313045e-05,2.3233203614634863e-05,6.019201816673393e-05,0.0001374643814094401,4.557610851008906e-05,7.333538445631924e-05,6.30174536731168e-06
2021-08-20,6.281483540162808e-05,0.00010619392875966952,0.0002805835925489991,4.419849588689873e-07,4.433260745803011e-07,2.9161711342382143e-07,5.5744088359167836e-05,0.0009234201455040589,0.00010212291436815485,0.0006377630836543859,0.0025141449570869664,0.00010063242935061417,0.0002884167903052671,0.0012905648675254476,4.758903515288771e-06,5.729108209602089e-06,7.797420565301808e-05,3.746820041875749e-05,8.110172332456799e-06,2.4849627511740915e-05,2.3621744069555772e-05,4.752610064085519e-07,7.898641018357373e-05,0.00011525833230965816,8.316304901560729e-05
2021-08-23,7.670635427961649e-05,0.00022039836350239836,0.0003551314888882544,4.419849588690998e-07,5.468042169145821e-07,0.00014650699608566848,0.0006012883497831827,0.0029403193751177266,0.00010413755638748334,9.068060553673859e-07,0.002852591397119228,0.0014111317199548183,0.0009787118592932658,2.6450762998582724e-05,0.001353887424093569,0.0004115637178643457,2.538313202592065e-07,6.709909377721423e-05,0.00016170244834426558,3.5272729804670725e-06,1.8715404470982738e-05,2.6146224144282386e-05,4.388792476535112e-05,0.0002073631250794504,0.001491046152540274
2021-08-24,2.5154131924890456e-06,9.300546803598842e-06,9.578702403062623e-05,6.094321363430971e-05,5.25993388860247e-06,2.24916450295596e-07,8.27968738786844e-05,0.0010636683625106392,3.614579051743359e-07,4.469718481209427e-05,5.6896843022313536e-05,9.584288372460232e-06,0.00017258976807499275,0.00016208115281032015,0.00027083353100441866,0.00026768819322471794,2.1222202297237187e-05,3.641141965233576e-05,3.808344349245384e-05,1.960585035360123e-05,0.00015820889253079812,6.623252129796664e-05,0.00010724778078877578,2.0693508939412874e-05,0.00010712854983146739
2021-08-25,4.394301128212482e-06,1.3180571758597892e-06,1.2325489995345886e-05,6.957714915238153e-05,6.736514642996276e-06,4.846400928883215e-05,2.050336232278882e-07,8.548402203387289e-05,7.152366911932646e-05,4.071272353191606e-06,0.0003643899691627056,1.4575207330235806e-05,6.146655704597225e-08,9.463115025997357e-05,5.799801705820329e-05,0.00010313776924942966,4.854412930010852e-07,0.00013694353329090608,0.00041628583166840045,4.3673379720304923e-07,4.403441794598605e-05,1.2732186951844486e-05,1.6255461230416946e-07,8.045271389737094e-07,3.6239728181599034e-05
2021-08-26,3.505450854884204e-05,4.0580142362987644e-05,0.00011364624557198521,7.647447850822103e-06,8.831737234548078e-08,1.28558268813199e-06,0.00011933564050278064,4.7973510641376585e-05,3.071907476192922e-05,9.439221932713482e-05,4.289080017804876e-05,0.00020213924925863104,0.00024246374962340304,0.0010612562646533919,0.00023377003469403265,0.00027310771279326167,6.3492143433034e-05,2.424565306743961e-05,2.6467180302059103e-05,1.4272207468729953e-07,2.8641140886019084e-05,3.0754865087927896e-06,0.00011809940789071896,9.727695154647113e-05,9.132082217998917e-05
2021-08-27,7.923020470881355e-05,9.357358789763035e-05,0.0007734765061010897,4.597828319959262e-05,3.086328078182413e-05,0.00022253846913070788,0.0004721982645108457,0.00019635323435902751,5.125281478912513e-05,4.427660667916487e-06,0.0006458274787304359,0.0002319362335812247,0.0005664276483167284,0.0017378463768295419,0.0006917562677402671,5.622850377047671e-05,1.0462838269622864e-06,0.00017326711550938643,6.407634274996254e-05,0.00010874604689370941,4.5697604109802645e-06,5.970475787377298e-07,3.190965461952014e-05,0.00040294849348091523,0.0014272038704206127
2021-08-30,1.925338803790764e-05,0.0001245359577705647,1.6942448557888568e-05,6.790945132233545e-06,2.8806371055023967e-06,2.4481309150458534e-05,9.857755686729701e-06,2.6818678015733404e-05,0.0008978123375887659,0.0001645927102641897,5.26450232314773e-06,0.0006929948124079286,3.8547546355223076e-05,0.0001841225937711481,0.00013999855121713109,4.231606334654315e-05,2.7392616918172104e-08,0.00020172806185465237,0.00026039955460142216,9.90037341400712e-05,1.774821717163389e-05,1.889936690898739e-05,6.434586956247616e-05,7.896730133653693e-07,5.161090116506193e-07
2021-08-31,2.198394396235614e-06,6.651256809249579e-07,3.8009854737577792e-06,4.664478652185443e-05,5.236037776481286e-06,4.022600103196116e-06,2.921895907535512e-05,5.573860235295826e-05,7.157680658329274e-05,3.190624595570361e-05,0.0001760562217666836,4.302408747615768e-05,3.8547546355222723e-05,0.00019690747516865208,4.61756175226797e-05,7.5431053915539905e-06,9.46795693729894e-07,1.6932010798433837e-06,9.356069019980312e-06,2.216799754294075e-05,9.344068141056058e-06,1.4328191251953589e-05,7.3140953717671936e-06,5.3400149377285745e-05,2.920787466902535e-05
2021-09-01,2.8239599993786784e-07,2.744883752671066e-06,4.496240696821424e-05,2.8005311147463204e-06,1.6577079599145904e-06,3.4688430326576385e-09,0.00010681043302991684,5.255082771077753e-06,1.997061869143238e-05,2.7514313963947927e-08,6.241398842258131e-06,4.91944088191663e-06,0.00018917358512120187,0.0006912804957387368,0.00021838661045430518,0.00019310936852724646,7.682732550365055e-05,3.301160173538541e-05,2.0704657620572336e-06,0.00025274086715437695,1.2369471329939402e-05,0.00010264494970217899,4.679482402675592e-06,0.00014286058469022709,4.3759147764470506e-05
2021-09-02,9.435976450867522e-06,2.2384060067108867e-07,4.792587736189189e-05,1.897774157965327e-05,3.1427304501476236e-06,7.050312545519867e-06,0.00010681043302991903,0.00044342946780441013,5.545802826668583e-05,5.087821374566238e-06,4.028732539559782e-06,5.375320446406959e-06,7.977908213144776e-05,7.289905335131034e-05,0.000627789352916298,0.0003313216808516367,1.5128886741530369e-05,1.155434612150468e-05,2.1368118095246004e-05,2.7498544127802938e-05,4.6596870616481034e-05,5.846018755011913e-07,2.7712151856216324e-05,7.864948670407218e-05,5.196099859331773e-05
2021-09-03,5.89104284446527e-08,9.431454488053132e-06,2.1521368294944996e-05,8.347336691987424e-05,1.312833143959803e-05,0.00011315525927573438,0.0010809122603072571,3.5307962279186746e-05,1.7820475307095286e-05,1.069697982971786e-09,0.0003905561179513193,2.5915722769591493e-06,3.6891945040076785e-06,0.0014095696213789843,3.297537590116439e-05,4.462345800219449e-05,3.296836137483048e-05,3.949618922330865e-05,3.676534108546954e-05,3.242205502645671e-08,3.949673683082796e-07,4.821507570507833e-07,2.1474176527791667e-05,2.246945235417374e-05,4.3188245730702205e-05
2021-09-07,1.2830308869844246e-05,1.9994156470062583e-06,4.776194902797267e-05,7.176622046885479e-05,2.2580774571564624e-05,0.0003911700950676851,0.00026580296269690715,0.00016443748325170934,0.00023625439124993634,1.0195944813951381e-05,6.328680710541616e-05,0.0006778703116782147,8.308850734937341e-06,0.0018203721638929778,3.5790999637652034e-05,0.00010454200561851373,0.0003719506803421941,3.671905164711923e-05,3.087850257509788e-06,0.00012844131998205672,0.00024527523972543204,1.4105395991056958e-05,0.0001783619248557,0.0003343353555878721,4.941689073690022e-05
2021-09-08,1.4858708031067993e-06,1.2158079148028957e-05,0.00012035107141682253,4.601106043730345e-05,1.020890870724278e-05,6.287777744698577e-06,0.00023163738137195792,0.00012958942912407503,0.00010271419969770764,1.0002333758408042e-08,0.00020607798043963184,1.5900071952475216e-06,0.0008292450561604051,0.0010759882452386733,0.00016671128015907465,4.950681537151715e-05,4.161555636405738e-05,5.671539030088104e-06,1.997555118340913e-05,2.5023677905107375e-05,5.954882352179297e-06,5.725668580610966e-05,1.6623198949174412e-06,1.922261055075893e-05,0.0007662671693863225
2021-09-09,1.839948469764968e-05,1.187480219224291e-05,2.4129422017050066e-07,0.0001446665251001699,4.2354496159762453e-05,1.948105148593063e-05,2.0254273019608457e-05,0.00030410772167297596,4.525863863931559e-05,9.818361589670854e-05,5.2974500706269033e-05,1.7223138444612753e-06,1.977338867202591e-05,4.785524014807507e-05,4.384768236336453e-06,4.290813209955655e-05,5.219269026392151e-05,8.46661736511117e-06,1.8868178719918848e-05,0.0004215690125507276,0.00050770367288774,1.7870010235997495e-05,5.009368591664724e-05,1.678210014828143e-05,3.548071584656004e-08
2021-09-10,6.265819516561451e-05,5.804311429970688e-05,9.669712829051174e-05,7.843053137823003e-05,8.289574996648315e-06,2.5720063202789554e-05,0.00016009101128704656,0.00047311601949215777,0.0011331329443554335,2.698097997304059e-05,0.00018174696214529618,0.0006217719975755839,0.00010657362073806476,0.0010303144084679624,1.75128988312974e-07,3.991843513212385e-06,7.708057963390657e-05,5.510008016950714e-05,0.00013369012262772425,0.0002172770184345129,4.312143015990995e-05,9.441350353670901e-07,1.3150752588384306e-05,9.360753657299219e-05,8.081886351119032e-05
2021-09-13,6.533287835301867e-06,4.770653187740213e-07,3.2143289242937754e-05,3.656152647645577e-05,5.937665562797082e-06,1.1183418436985691e-05,0.0,0.00019149691529430214,1.50982397062267e-05,1.8655687840095798e-05,0.00021342480957617152,8.279433862942153e-05,0.00036839215184068276,0.0004979811523192315,0.0007988565025623843,3.349869734194005e-05,1.5442232336163578e-06,0.00012943755900069175,0.0002484496654492752,4.5480301266389275e-05,4.9445420649449645e-05,0.00011441680928637829,3.255050394208164e-05,2.1715347845868698e-05,1.45120638731498e-05
2021-09-14,2.9279507390649216e-05,8.106894666815787e-06,0.00016446002935567605,0.00014521080927400642,9.112283240747037e-06,4.1189538424257966e-05,2.4898419661435825e-05,1.1844680676587396e-05,9.231531021333741e-05,8.805259028214915e-05,1.6438873925042024e-05,4.013378482708265e-06,0.0001242667996905625,4.338437432240127e-07,0.00021164863013164992,0.0003589733619340674,3.2545125333146125e-05,0.00018247034150865654,0.00030999860175590397,3.151952602534162e-06,3.659584535522914e-05,2.949399900153743e-06,2.7595346620667996e-05,0.00019727818395913227,7.805555497702452e-05
2021-09-15,6.918601005155877e-05,5.486716163945301e-05,8.105594313740905e-05,1.2342179281434924e-05,1.3852916349250254e-06,3.4592379967626295e-05,1.8453031135150146e-06,0.0007618536941786312,3.751823324907625e-05,0.0002768764510475333,1.9723143079508684e-05,0.00022852545223122424,6.69345726344786e-05,0.0002759015209743496,0.001345210497127623,0.0002777109794660661,4.4848088897244785e-06,9.127964802165869e-05,4.782571256538505e-05,1.0077828157230147e-05,1.4097829513446179e-05,4.5537102729681935e-06,2.996281599373091e-06,0.00012010863586158719,1.5137603152481084e-06
2021-09-16,2.51711811853379e-06,4.7262160155388346e-07,5.18873668991615e-07,2.1097133833806428e-05,1.957878438941101e-06,0.0005245127228800274,0.001433554599606097,3.892738981281687e-08,2.598413941570989e-06,1.718567730531283e-06,1.972314307950893e-05,2.351883457000104e-06,4.0265202920298554e-05,0.00024795010997971575,0.00013008607845987487,0.00010830875909781463,0.00010815346784269088,8.46661736511113e-06,1.9594418289087394e-07,7.034903989246323e-07,1.4627601526556944e-06,4.877778255257149e-05,1.099139759205339e-05,3.386279629837759e-05,3.427013163000867e-05
2021-09-17,9.582134160011438e-05,0.00014191321233972002,1.7012757599376686e-06,2.318524879521424e-05,4.901075200713605e-06,2.516347475818552e-06,0.0005901354484312961,5.660033355712047e-05,0.00034293086211321293,0.000312710755020049,0.0002401204769291652,1.0870815438292472e-05,0.000595884651231823,6.574185123872184e-05,5.58623402169896e-05,0.0003644595438424534,2.3216697602715864e-06,2.0368952427626524e-05,6.743595937791336e-06,8.067340289952718e-05,8.114952854858042e-06,2.543273054889016e-06,4.2883505322932166e-06,5.024578348863401e-07,0.0004962231223115127
2021-09-20,0.00028273518506352445,0.000435958963113491,0.0005791077186761805,0.00015192305828454732,9.5982837318157e-06,5.067668210463043e-05,5.268819312253265e-05,0.00020770007609566653,0.0004662361489757368,0.0003515391861413348,0.001339401273692096,0.0015499781047075007,0.0020356280342191833,0.001293005490119618,0.000961793136297333,0.002091790898531068,5.502537218642662e-05,0.000550886773993867,0.0009236303411534071,3.755496069191728e-05,3.2742774452626844e-05,0.00010193626701632614,0.00019169020415568872,0.000720730681750457,0.000514611143083335
2021-09-21,8.933741389704307e-07,1.511666202174357e-06,2.3048147609881746e-06,7.419745014988723e-07,5.502297231779692e-09,4.4181233648086856e-05,0.00014565341726458092,1.6260203696558443e-07,1.1710632529542202e-05,2.8811976849063533e-06,3.9437522054885976e-05,0.00015711727974537549,7.350433896120767e-05,6.604105727647531e-05,5.408873182103154e-06,2.6511650243478657e-05,5.106839291290689e-05,1.8732547092178087e-06,1.7100092772527556e-08,2.2381374497972637e-07,1.9232482563767264e-05,2.365731775734612e-06,3.841231129765882e-06,0.0018102954083762163,0.0001544692424044798
2021-09-22,9.423767323388457e-05,8.644109124009941e-05,0.00023776055140493284,3.536620747183708e-05,7.812450517906e-06,1.3995077670228766e-05,5.143613126675102e-05,0.0003236273497626822,0.00027995276225739043,0.00016233069715375692,0.0010360782806930673,0.000283737596651107,6.800640801357086e-05,0.00019926470192190064,0.0009222484911372023,6.276597448957123e-05,0.00028093344101978024,0.00027470854659203474,0.0003599287802579284,9.38595868062819e-05,1.3346378837651054e-05,1.1686283684692409e-05,5.336937759546236e-06,0.0002069134606753023,0.0002267486717552776
2021-09-23,0.00014584823012925478,8.43560191524159e-05,0.0003078480926293528,0.0005224051325189126,4.799960346872719e-05,0.00013487492089029511,1.4581834150960414e-05,0.00031229263206966146,4.484332498624298e-05,1.0736025355754008e-05,0.0005933123961392817,5.099750966415811e-06,0.00010733169783256043,0.0003294261674383176,0.0011856900470256803,0.0007381468447485878,5.186438689471253e-05,0.0005868787771398132,0.0011050804377794076,3.871678969407048e-06,3.2005090489247507e-05,1.681075631439384e-05,3.1425635289818427e-07,0.00022087103723716724,0.0002827490213994951
2021-09-24,2.709152802915433e-06,8.799148842496162e-07,2.337603092680308e-05,9.646311557099197e-05,4.608904235362166e-06,1.6514776066102e-06,9.236891716429501e-05,7.271240265749807e-05,3.758419029591689e-07,4.919463880357987e-07,0.0003239093395201866,0.0007377113366290608,0.00034939546978193553,0.0005859489982603701,5.615396764418064e-05,1.0335517962423147e-06,0.0002352548415793287,2.752673634949568e-05,0.00013164795065028902,0.00011556480155040035,9.227703035498581e-06,1.978848618137807e-05,7.82721521833334e-06,2.014566171153896e-06,1.0907525129503726e-05
2021-09-27,8.208825125668022e-06,6.42317569878821e-05,0.00022752665463421205,1.3559562374297526e-05,2.6928646708897276e-07,4.325861990988699e-06,0.00012198318355157108,0.0004333135490995621,0.00011249688122794392,0.00030467809903108624,0.0003705775734892877,0.00046990973048371607,7.294749382966355e-07,3.2764740085024587e-06,0.0012209734642860887,0.0002568841037575628,0.00011939478570320985,0.00018262056653686656,0.0005701855267057614,0.00018337181478415845,5.280149743537635e-05,0.00017566210828209007,4.156028713051253e-05,0.0001627947414142676,0.00048669203985285305
2021-09-28,0.0004144303414636362,0.0008240117117835805,0.0005292763303162978,0.00024649301602056896,0.00011526315069485321,9.533454212520701e-05,5.8832155682664556e-05,9.381343508548285e-05,0.000580263997840093,0.0013597923034508064,0.002059497306105496,0.0003094853371463202,0.0018217755278127435,0.00010790939366922088,1.1621732653952758e-05,7.5422469388210885e-06,1.1766973779819379e-05,0.00027749837202489883,2.920924168348712e-05,4.6126209429121653e-05,4.877978535780542e-06,5.7489376415973306e-05,0.00015323121085861777,0.0004496001940623378,0.00401396446586141
2021-09-29,2.828017084919886e-06,2.6914433380967126e-06,4.519644796107196e-06,3.006501995083615e-06,5.0496806700248586e-08,2.038462010994804e-05,0.0016615273667185747,2.3345368701107965e-06,4.175659999952649e-05,2.8612685138926415e-06,7.799823476567231e-05,2.314751490679415e-05,0.00047595298697498587,0.0004015747944087221,0.0,0.00018098722027314116,2.804691982194021e-05,6.19690132089633e-07,6.129118354940296e-07,5.5773339094798366e-05,5.482206214873984e-05,0.00010241984287729717,1.8242925888540312e-07,0.00011234478740149808,0.0001343682114089675
2021-09-30,0.00015122819586379875,1.3550054823032755e-05,8.870689409376222e-05,1.9119482293866334e-08,6.904138765399884e-06,0.00031744492979638914,0.0007935974113005285,2.0946173629921156e-05,8.752778716131838e-05,5.403625700564768e-05,9.317289735210181e-05,5.60969249604809e-05,5.410047925149602e-05,9.444411300857994e-05,0.00023229669033801356,0.000916351637843027,0.00022281785312769944,0.00025156625608119395,0.00018802808934008798,0.00027760221352371027,0.00023972957171129538,0.0002482204335555896,5.739895173314304e-05,0.0004217220257242179,0.0006296886421157846
2021-10-01,0.00013956475256810024,3.822726575265968e-05,0.0002562641726367771,7.022617462572721e-05,5.244307240338327e-05,5.064800175681585e-06,0.00022482630351904558,0.00017503683109913441,6.552153752088899e-05,0.0006324922678855231,1.573746762739445e-06,1.1245627770209785e-07,3.333418522750707e-05,0.0002561446723484976,0.0010918855171891356,0.0001492945576222988,6.073714033291255e-05,0.0002684744755660601,0.00043255022203707625,0.00019737675169320123,4.0933588366915616e-05,2.480921174892343e-06,0.0002841994940938196,0.0015710615829579058,1.92090477911464e-05
2021-10-04,0.0001684734602008045,0.00044998945669634023,8.334289768138049e-05,6.4959619350289954e-06,2.7113954343852845e-06,2.178469985126689e-05,5.14853539920361e-05,0.0005212856356876135,0.0006206895742550513,0.0004383824037560691,0.002491911739910774,6.571815278559995e-05,0.0013291516675717752,6.387261981425259e-05,0.0002628508268388183,3.836654953670818e-05,2.7222163179257143e-05,7.547869215135176e-05,1.161818093565921e-06,3.757914098620174e-08,6.115577474005494e-05,3.221561992682791e-05,9.366914552129196e-05,0.00021297900718661835,0.0004330753427225061
2021-10-05,0.00010714746902124365,0.0001797964260897178,1.186507968121041e-05,9.4154826762615e-05,1.7039518748189214e-05,2.178469985126681e-05,8.202142617369425e-06,0.0004287141643285849,0.00019766506817058422,0.0003904806427092218,0.0012809251625761396,1.4485906340243299e-06,0.00029281295043656494,0.0021103961805628456,3.399843591932145e-05,1.067709259013542e-05,2.574418048261326e-05,0.00037549049101814826,0.00026239781010426843,4.762692163290432e-05,5.100178115480008e-06,1.5079181810047348e-05,4.2717961493514504e-05,4.366492355068223e-05,0.00021152574218808313
2021-10-06,1.7202235007811743e-05,4.0795245540682125e-05,2.721334172799792e-05,3.164827786281842e-05,9.066341203163566e-08,7.127604321409711e-06,3.6487606203672663e-06,0.0007171693373475369,3.9526308453754117e-05,0.00022356557062255673,0.0001464557403985254,7.635942948340196e-06,6.756770507726159e-05,0.001761140584993075,0.00011222593271469539,1.1090234505611983e-05,4.1223408035149615e-05,1.074609385590441e-06,4.545233729097365e-06,9.049952144752325e-05,4.2680100526547e-06,0.00017586619730293948,5.318502353779723e-05,2.4702043227153256e-05,0.0003173757451799465
2021-10-07,7.410482452306034e-05,8.34143950287601e-05,0.00023410488499516684,0.00011052017065290486,1.976419700996138e-05,2.793845395290953e-05,8.217825867951962e-06,0.00048025392478588376,8.17858893548308e-05,3.503221574866751e-05,0.0003223382737492509,0.00018985791791002016,0.0005715431194374921,2.324185316882399e-05,5.902103818685602e-05,0.0004029033466088267,2.6025455000278383e-05,3.5293846690243744e-05,3.9824724152405924e-05,7.29645176303072e-06,7.926319038790034e-05,6.354398288289252e-05,0.0001369569482762422,0.000159465045039514,0.00071567019239693
2021-10-08,3.3321977282229127e-06,2.499031688985188e-05,5.705122255514539e-05,4.933047073051669e-05,2.131813849161098e-05,1.8170956040664717e-07,5.709911288425882e-06,3.940358945518418e-06,7.427537345270053e-06,0.0,0.00013561508154006234,0.00010577175400799275,0.000321186683029336,0.00019065156573836969,0.0009199034755227453,9.111530823532306e-06,3.118681390982596e-05,2.382662014507721e-05,5.838341463837601e-07,9.00028847223427e-05,6.4751537274797635e-06,1.7258885270830512e-05,9.071338462246357e-06,2.995553063423987e-05,0.00017275869989205874
2021-10-11,5.279685469214153e-05,5.927734729508072e-05,3.304090385261086e-05,6.456015377361125e-06,3.604554791311984e-06,3.5697022727266324e-06,1.120214100086665e-05,0.00016175950545580902,3.970167767030461e-07,4.430485597779799e-06,4.2900977525017406e-05,6.68796414945373e-05,1.0629669034773135e-05,0.0010979656052963747,1.3831936524343565e-05,0.00013688398472279327,8.77879845971406e-05,0.00010089980664897689,0.00045181839007085993,6.38000861825554e-06,1.79320488939724e-05,1.7258885270830735e-05,8.674433976045484e-07,0.00033808074857290027,1.3129837114973175e-05
2021-10-12,6.074245569673841e-06,1.2207425768558732e-05,3.000156221030354e-05,0.0002874998966717913,4.050965591530864e-05,2.028846039878283e-05,5.720842221666527e-06,1.5544266246225359e-06,8.362578940913643e-05,2.1148701368281197e-05,1.3468164993064658e-06,0.00029758375715167163,0.00018265465851520046,0.0008037983116086098,7.860257832704435e-07,0.00024077649900305985,8.457524114172444e-06,9.681172852285246e-06,5.945588513497163e-05,0.00016933135717293944,0.0002593270528709936,2.1808541997942024e-06,1.1568404630871483e-06,5.06340176362294e-06,1.1786574767986061e-05
2021-10-13,1.2897499854343457e-05,6.361824117605824e-05,2.236015218055862e-05,9.367597658117979e-05,2.547651776112996e-05,0.0003110896759809864,0.00035838192302850477,7.933400055144472e-07,1.8052480295488022e-05,0.00013556751617847115,0.00016593867842852562,4.396153573549067e-05,0.00022533524093328277,0.00010568006645791742,7.860257832704492e-07,2.676779788901774e-05,0.00010227131025367762,3.2823040788625035e-05,0.0007139923292564721,5.2591801457671176e-05,9.082341309757407e-05,5.381076244958303e-06,5.289099541817158e-05,9.647992886142154e-07,0.001480209484926882
2021-10-14,0.0002782496312325447,0.0003330330228912285,0.00021661709348356985,1.3755955106120748e-05,2.2310884269148696e-05,5.970598703780943e-06,0.00047503971797081194,0.00013242563433778904,0.0004009521764505953,0.0004623002326461789,0.0014300932444210237,7.897638148985596e-05,0.0003525772950426236,0.002723209984773807,0.00014806820920220708,0.0007912076170249097,7.335493132798859e-07,0.0002747702769237318,0.00023180218965241918,0.00014631233441468445,3.24888272010438e-05,0.00012632183132769273,0.00011625345118499274,6.969758326315839e-05,0.0006550954830132785
2021-10-15,5.756320026248088e-05,3.944758042076972e-05,9.911826386655421e-06,3.414437093567561e-05,1.2933644731395916e-05,0.00025665615638777086,0.00010288001291703188,3.560540164671834e-05,5.601547463569579e-05,2.31438125082675e-05,2.8300959821861073e-05,0.000885007458423774,3.6164185084535366e-06,0.005819267228794758,2.3969878228512283e-05,0.0005687067638559453,9.520109873410317e-05,0.00021870725704946527,0.00036199706330888496,5.652453328180026e-07,5.4831441431552794e-05,6.5817924122328e-06,2.3521886108990353e-05,0.0001365463370377785,1.3460368310861153e-06
2021-10-18,8.737723629007802e-06,0.0001001117898206512,3.3354957543252966e-07,2.1880786207097137e-05,6.828747368592984e-07,6.165243821348909e-06,1.746618314410212e-05,1.1090004986828406e-05,0.00013775791931092712,0.0001014759480937176,0.0002667680411588405,0.0009996419255103397,0.00011527446926210486,0.0019683934727575546,4.864224265405163e-07,1.789062982839811e-05,2.880553599072647e-06,6.406192184435986e-08,1.2963154591321883e-07,6.425723709319109e-06,5.391208602293446e-05,0.00021045365040042277,6.412446899005259e-05,0.0009371126720472235,0.0014228350547697665
2021-10-19,5.90648180708944e-05,5.6836919084328117e-05,1.388190479218366e-05,0.00019295806619247903,3.0242648710554064e-05,1.0294595369556493e-05,0.0003401141377178708,6.469615122302686e-05,0.0002240242896996005,9.329412613596854e-06,9.335539971699759e-06,4.535330807781588e-05,0.00046447017704983543,0.001684519858373009,0.0001269297547114181,0.00021979839398333616,0.00027202924818383337,9.64363138524472e-05,0.00014533651012993307,2.19744582029178e-07,0.0005359214232626698,0.00014096885230736658,0.0004419358488243007,5.456738812568663e-08,7.382952699626035e-07
2021-10-20,1.5365271930533822e-05,1.7051330498388393e-06,4.381396184014848e-05,4.587367673619788e-05,5.856829233225599e-06,7.61392047674853e-05,0.0008304714335492387,0.00014682599105613668,1.1260676023587968e-05,7.095713324271906e-06,7.098012973467302e-05,3.128472608167573e-06,5.705573227112346e-05,0.0008571027206265194,6.509416595174171e-05,0.00022648824259684707,2.614377640248947e-08,6.377242836163201e-05,0.00017891957634746182,0.00024405965787578383,3.017443727182585e-07,1.5229230895301859e-05,8.123781762483331e-05,1.3593715670562858e-05,2.6586412981871406e-07
2021-10-21,6.786467566479947e-06,3.706567933042879e-05,6.4895953444386035e-06,1.4208551474940837e-06,4.504845718238255e-06,8.083975372301782e-07,6.434360866127796e-05,0.00015107651790818418,2.1693209424521645e-06,0.00011746993668997441,0.0006916371018310832,0.0010273191022941216,6.488582227416877e-05,0.002288255411781214,0.0003473429724520824,0.00010181034740304851,2.917601275543982e-05,1.7932206281996686e-05,6.200882004570894e-05,1.9133166928699765e-06,5.396194916198979e-06,5.217033094169297e-05,3.061057034713207e-05,2.1356068572285555e-05,0.0006223110991212596
2021-10-22,1.0751457083360617e-06,7.119536553094866e-05,5.62483212486466e-06,0.00011996615920556436,1.610985669220566e-05,3.71896830976611e-05,7.165979900056974e-05,0.0001153818770030246,2.8080062666901737e-05,2.6645640990652453e-05,2.2415732986648753e-06,0.0003023102916479518,0.0002589111045516121,7.632565440487602e-06,8.764390081355854e-05,3.5807019363678182e-06,1.5247447095364527e-05,0.00019271161149145394,0.00017853918403016813,2.1977746111644276e-05,3.829093909224181e-06,0.00011467300378464308,0.00010748762063198254,0.0001269912445769744,1.6792246628861134e-05
2021-10-25,2.8608707398269544e-05,0.00010375183260607671,8.936828049071079e-05,2.3332713752883607e-06,2.0568752063816896e-07,4.747713437558393e-05,7.8038302066471e-05,1.191901973231932e-05,1.1291786710456274e-07,1.1136665358873578e-05,0.00036772683189303116,0.014213035212248573,0.001149119735232672,0.006226285994200711,0.00021202794377289316,5.998051575053845e-05,2.1230318892072618e-05,1.5162140278743406e-06,2.4029752479429566e-05,1.027034910554703e-05,4.823029827728863e-06,2.0164656738232715e-08,0.0001329030018172984,0.00023018286742766399,0.0004400307599462209
2021-10-26,8.087362512565215e-07,9.881935482806402e-06,5.722074225496035e-05,6.781028617478305e-05,1.846224867785279e-05,5.516073191798742e-05,0.0002691130416091248,0.00011372083496128681,2.083309303183799e-05,4.103173684648345e-05,0.004199750426117535,3.9612106741871675e-05,2.520332137539217e-05,0.00035191600212608053,3.324375194740836e-05,0.00016360578731494275,0.015776013766793717,5.461059068500662e-07,7.221855779889792e-06,7.500590337694956e-06,0.00010254532475600425,0.0001987919049071997,7.688398366123037e-05,3.041791040424193e-08,2.1599868710268503e-05
2021-10-27,1.9712473332766432e-05,5.375829948928325e-06,0.0003445221786510474,0.0003251240049027175,3.689965313323612e-05,6.86766826443485e-06,1.283519864351897e-05,0.0007223372766984999,9.938727989930146e-06,0.0017016649608560621,0.00011707330887543582,0.00035716190243833195,0.00044147247697018556,0.0006140962274814918,0.0008506910406241577,0.0003146348488380063,8.565434304775438e-06,0.0002768882025391007,0.0004430344485347547,7.249838230521873e-05,0.0001488591324601822,5.135000674622151e-05,6.782154984023684e-05,0.0002125508945012296,2.8106995663036202e-05
2021-10-28,9.221368034388275e-05,0.00012197178155841202,0.0003898961124427021,1.1495470199796034e-05,2.239947036714409e-06,5.660291085575908e-08,8.058413158169036e-07,7.654433537121344e-05,0.0006093158747399691,1.3284801790186596e-05,0.00039369823736640854,0.0013731196735038854,0.0006606526050959664,0.0005594918348629304,5.05892688969506e-05,0.0015827086687807785,1.8466476142944392e-06,0.00014876154543881867,0.0002238727260941055,0.0001926185080747982,2.9705416101894624e-05,3.5701305069749704e-05,3.864554715587024e-05,5.873393578052792e-07,8.466706222120225e-05
2021-10-29,4.1082424669254195e-06,2.4077319518606397e-05,6.9244477383977e-08,9.313116708065841e-06,2.749378782191716e-07,7.300505055704054e-05,6.586097480738067e-05,1.905246522182781e-05,0.00033570894809611533,0.0004913391285017199,0.0006145232132041648,0.001138429659129547,1.6258035651043206e-05,8.250718999302065e-07,4.3432748535339005e-05,1.5362388851740795e-07,7.853316776153378e-06,1.5734341375080082e-05,7.633060862848754e-06,0.000127861092266209,3.388431991482976e-08,4.710830958848929e-06,4.242028239782498e-05,1.2969869646017171e-05,5.937339684670296e-05
2021-11-01,2.9536120211253108e-06,1.164776394509503e-05,0.0006546100515515189,5.221050266155144e-05,3.195741912578822e-06,2.7112895836138652e-05,3.9913119049071994e-05,4.391862295441648e-05,3.1623099323809416e-05,4.6345524738063864e-05,0.00010237191292041691,0.006641800811513978,0.0009716548451012568,0.001266024687617019,0.0002917174889099285,4.4793611232309466e-05,1.757108458406744e-05,2.4693306843640044e-07,2.8072508920673763e-07,2.4406165985905403e-05,7.38375674436852e-07,6.0050796341627675e-06,6.115110247932792e-06,4.3592829174934706e-05,0.001660193364175088
2021-11-02,1.6281004324017925e-05,1.7411013259816855e-05,4.37684719854239e-06,1.9609816902738588e-05,1.4650106880994625e-05,4.628148221547869e-06,0.0003815292049013507,0.0,5.027929592051873e-05,0.00012884458732748553,0.00048318507706783146,0.000945116553335985,0.0002675673907836503,0.00025710224858355944,8.935481123190622e-05,7.117060031276201e-05,0.00019765438225264877,6.149389811482218e-06,1.5507667162193196e-05,2.241139203565294e-05,0.00024466580508488074,9.812430580690276e-05,2.182180179904663e-07,4.483460640355563e-06,0.00036036788447320176
2021-11-03,3.70481056538493e-05,0.00011151099050331309,0.00031377882773969657,0.0001078958108562659,6.505067214400345e-06,6.97249762532736e-05,2.1033315641952787e-07,0.0015062589885061135,9.50821494654546e-05,6.8031755864976815e-06,5.526654534032546e-05,0.0012315669059734626,0.00015659551774857878,0.0005580542000687067,6.927561801068176e-05,0.0003022936190126135,0.00023493166824479106,1.3746610894153043e-05,1.2388056792348181e-07,1.1255577756304597e-05,1.0275866557658591e-05,4.69007087716945e-05,9.411165319151559e-06,2.163764079465333e-06,0.0005047950527071985
2021-11-04,2.210352110213162e-05,0.000162227449033794,1.4231923544047351e-07,0.0001093245220977135,2.7498365613447168e-05,0.00012717355493580573,7.523650012350771e-05,5.8040468910230414e-05,1.2282974154418273e-05,5.2982894277303544e-05,0.012929023294896178,0.0001725452033367803,4.0312490911008875e-06,4.131643330072229e-08,1.93757289096935e-06,3.860324164923914e-08,0.00015491950668120743,0.00017326508498612873,0.00017483729777145054,9.120782066213463e-05,7.788549068230814e-06,3.4593243090658713e-06,5.325631739232416e-05,1.3810201205685172e-06,0.0027061679043634507
2021-11-05,1.1996018374616837e-05,9.100081255128788e-07,0.0001842381280325399,0.00022037253547473745,5.32159700315645e-05,0.0001684378108193373,0.0002491310184092347,0.0008554245339761079,1.2785844231046293e-05,1.2776206382892852e-06,2.707995157595451e-06,4.0684869158347154e-05,0.00028990325182000305,0.00047165963982127596,0.00016788165592904655,0.00012511340427196152,0.00016900653860079726,2.498432472206522e-07,2.036813288818471e-06,2.606052701726362e-05,5.088620903584562e-05,2.4425865146014027e-05,4.8509606191411194e-05,0.000956998584199596,7.177780060779583e-05
2021-11-08,7.28322995510742e-07,1.8379279948937855e-06,9.590118256290966e-06,3.5236320715701836e-06,5.298759411947019e-06,1.285355038645521e-05,0.0001777821411700138,9.032190230150599e-05,3.099933406135223e-05,7.636907805076438e-06,0.001207448127117526,0.00246127574709386,8.164728698419105e-05,0.0023853149043312114,8.200855485536923e-05,0.0015880359912388855,3.074947746296406e-05,3.0054039295682635e-05,3.590639064134555e-05,6.702370546607306e-07,1.1783624753164906e-05,5.612472505448905e-05,4.1096385479352425e-05,4.949695879282711e-05,0.009321840243078078
2021-11-09,1.096094126332631e-05,4.7710086666405134e-05,3.39898237234092e-05,0.0001672983456006015,7.141631255708368e-06,2.416712122745401e-05,2.8217876966288546e-05,0.00023398853405988803,6.034112605376611e-06,9.55387423728584e-06,2.2882901346146404e-05,0.016313212571267062,0.0005382690866604483,9.519371458521426e-05,1.6599204277532472e-05,0.00043854924056822316,0.00011275189574909949,3.0054039295682092e-05,5.776417885882689e-05,2.9841375660196936e-06,4.8959864589391054e-06,9.187615514012057e-06,1.2091012269461363e-05,0.00010001022212590574,6.876024844499163e-05
2021-11-10,6.524495171527381e-05,0.00021921868311106942,0.0002522792756164387,0.0003404818621190326,0.00010575748435149153,0.00011664536300840844,0.00022434826691830953,0.0008338204871294098,0.0003744023985395628,0.00023865737641851634,0.0015889381356859215,0.0018073414025253042,0.0011557230530691094,0.007053721984473597,0.000717314433683269,0.00022736904763742514,2.5542245436240988e-06,3.063505048145883e-06,9.100070906310194e-07,2.1565784594527915e-05,0.00011603797475790596,9.579314229885813e-05,8.196214986588634e-05,1.4259810087952494e-05,0.003930769836362432
2021-11-11,1.0453219736523705e-07,7.667158135272747e-06,6.424031329138823e-05,2.2076199668212197e-06,8.125270385615698e-06,3.120845759872562e-05,0.00043143260158163085,3.158152792567518e-06,1.1404909057451514e-07,2.4161098894815457e-05,0.0009680878470675083,1.735718391822376e-05,4.680042091497102e-05,0.0005489658610720439,1.4597888263486844e-05,8.027237808244524e-05,2.6694460423198115e-05,7.5582362995248025e-06,3.5545151403510163e-09,2.6952306745015127e-06,5.466096098933632e-05,8.20677876612676e-06,1.634312994825868e-07,0.005382127698964141,0.0018457068085216636
2021-11-12,5.652970663779645e-05,0.00010957030940033118,1.0052410016267755e-06,1.93783909271995e-05,1.1067175153362397e-06,3.585196443998139e-06,8.960209928285202e-06,1.8302236135349574e-05,0.0002026371433184746,0.00016441643701208398,0.0,0.0008237511481816491,9.511948308145896e-05,0.0003763958432490793,5.902777051847177e-06,1.2548909522379576e-05,8.823206524122524e-05,5.037005800241199e-06,2.011546387534601e-05,5.319731149940881e-07,0.00014131827757404795,1.1925612324042012e-06,2.4957430465038416e-05,0.00023767122318001476,0.00016367812409898524
2021-11-15,1.1718282008854655e-07,5.19543958919109e-08,1.5796394517157034e-05,0.0001596864159519641,5.81347781036497e-05,2.399230378532948e-06,5.95280034703509e-05,2.5806134341487514e-06,4.440657881900743e-09,3.7335065837119623e-06,0.0001460116756884866,0.0003830844456295096,6.61777539274823e-05,4.7819166368083444e-05,6.898435092986048e-05,5.598705633632724e-05,2.993031533127166e-05,0.0,3.236847011231276e-06,4.894919047150961e-05,8.227420129836237e-05,3.266617993992899e-05,3.3281893637227994e-05,5.693762569707981e-05,9.046950372189187e-05
2021-11-16,1.5602500434597144e-05,5.035016465804836e-05,3.3961794556028176e-06,6.482564412434734e-06,2.7820701572307962e-06,5.2709865209357426e-05,0.0001469281090744534,5.363234321458324e-06,4.414931666773808e-05,0.00010371300170277742,3.493982724720356e-05,0.0015986931394295467,0.0001382346986604684,8.884514748048026e-05,2.402432820283352e-06,0.00012182549943068975,2.607713925334041e-06,9.938152188893256e-07,5.228146464575533e-05,4.398004718803423e-05,2.7163106777186763e-05,2.032156308188052e-06,0.0006649986090640035,6.358790259036539e-06,0.0015903704665760337
2021-11-17,5.914728710712359e-06,2.789043439294861e-07,0.00017380489160334463,6.230965317763333e-05,1.6116699134067997e-05,8.273162081897487e-05,8.28975680604616e-05,0.00046585115192499167,0.000267503890681995,4.6033842782690354e-07,0.0010039769607645254,0.001022990079778341,0.0003486821766178246,0.0001633019944392538,0.00023813963717399472,0.00014395038204200765,2.2545352013915665e-05,0.000133047409882504,2.912746286998083e-05,9.574838800816411e-06,1.4009009145281459e-05,3.743397466317697e-07,7.44449714923673e-05,9.004319287090224e-05,5.340271821834025e-05
2021-11-18,1.1495592904027082e-05,0.00010625571272594324,1.8050692703321934e-05,1.4087922289219677e-05,5.130994843654759e-06,1.0331823779660243e-05,8.289756806046193e-05,9.900881076636234e-05,0.0007916509573998299,3.9941295618864426e-05,0.006284062034188458,4.549249959671984e-05,0.000633009925983369,0.004695676836590976,3.5506588200491334e-05,5.952454091201427e-05,6.92455437668e-08,2.5573209072540795e-05,7.518980378345538e-05,3.3029672563705025e-08,2.9205369404885867e-05,1.840341277747638e-08,7.324794754295004e-05,0.00012511343250954754,0.0005772117412092349
2021-11-19,3.203178617799374e-06,3.09161771926253e-05,8.378783425862548e-05,0.00011030683763516709,1.4168458430268514e-05,5.891649733740375e-05,8.442644058401532e-05,0.0010485857772696183,0.00028337394474685715,2.8912930046537614e-05,0.0016422985182563683,0.0013273004211184344,2.609928424995004e-05,0.0007493737372595473,0.0015843825158144429,2.378658770341627e-05,3.505982187371125e-06,0.0001201149818466417,0.00017290777369813025,3.508049390888318e-05,9.076498971918113e-06,4.165759739301031e-06,2.9086898859385543e-05,0.00010418923964989806,6.313365184985566e-06
2021-11-22,7.947767383338645e-06,0.0001363547170180101,1.817600191081216e-05,0.00013919216541140707,7.664783609980662e-05,0.0005141835901457562,0.00033074314175471716,0.00015329498626834244,8.544388598055716e-06,9.22675170339867e-05,0.00100444623275713,0.0002983253316522495,0.0018362527789703253,0.0027767487624965675,0.00030931545116134196,9.277267643747924e-05,0.00010638768560535435,0.00019591673796856397,0.0004448237596303263,2.4476948057582415e-05,0.00017554302572731777,4.425695718493966e-05,0.00027706972250474794,1.0782124976122835e-06,0.0003523521863250554
2021-11-23,1.7561408591097192e-06,2.0870487290773808e-05,2.9844933110149543e-06,0.00021211947191225133,5.1134803330138686e-05,7.55170292850235e-05,0.00036021515366129744,0.0010007040774223776,5.852434906897365e-06,4.028278277368933e-05,4.347201411706228e-05,0.0017835666099384297,0.0005567847707827683,2.9563197020636156e-05,0.0009162890699811888,0.0002094230124076252,3.3563657521718864e-07,0.0002417058933587981,0.00055842708387744,6.480004024708731e-05,3.8190714817213706e-05,0.00012177081729314162,5.02566753753693e-05,0.00042076310647929207,0.00029563214787008775
2021-11-24,7.108755601184431e-06,1.0336862750111057e-05,1.1667048028817275e-06,0.0002536999360635696,2.302594175471268e-05,9.15772043710146e-07,3.5381970573173655e-05,3.260657786587421e-05,1.0747370955886265e-05,4.640246520711543e-07,0.0008301850664750607,3.925154892859124e-05,0.0002868826409560615,0.00023446093265099634,9.442669537049477e-05,7.120916791076482e-05,2.1584028641512253e-05,5.026512235268215e-06,6.201598793466253e-05,0.00014507317110569467,7.8647863461321e-06,2.738665147560499e-05,2.4940961557665507e-05,4.204110469210368e-06,0.0026241667477029784
2021-11-26,0.0005087507683524934,0.0003663651992827483,0.0014765895326920677,0.0006227365893335082,6.55620481829067e-05,2.614191804770118e-06,0.00037881157533537375,0.014068579375014179,0.001036292568352491,0.0006079764386229076,0.001332021783427402,0.000961842318330723,3.659679336914948e-05,0.0008916632746194821,0.001686454137710657,0.001690017600785754,6.2813640669886615e-06,0.0011376847640744204,0.0009357622304293501,0.0007957797731213758,4.239532660937637e-05,6.459218762700884e-05,0.00012666544314137384,0.0004654253853190745,0.0003659524989326147
2021-11-29,0.00014863853202583537,0.00046096791885059767,3.9481473671062496e-07,6.513048864680891e-05,4.5961750307852316e-07,1.903021730355011e-06,9.75256745264311e-05,0.00011710899346425821,0.0004682203126507897,0.0004352148152954246,0.0033355608576565413,0.0024648401734925535,3.4927978213534942e-06,0.002709545281368974,3.295556169729036e-05,0.0002027996175954201,1.8982759768725146e-05,9.55064925068167e-06,1.876913922110571e-05,5.446530637973965e-05,1.1893878430479636e-05,0.00010931686571336938,0.00024932760026778294,4.111297876008087e-06,0.002010814392920933
2021-11-30,0.00038609192640331796,0.00021889799268414508,0.00042419679858996103,0.00022764096153595167,4.761313944926711e-06,4.548890647310932e-05,2.2440291038631168e-05,0.002124560435088978,0.0009665389036518816,0.0003278091250965092,0.00044928611852646866,4.638398185818958e-05,0.00013387728177167678,0.00019155483485478307,0.0005623357360447,0.00017435140481771402,0.00023146961530328477,0.0005858429218333987,0.00022492457091250823,0.0003654001364612963,0.0005857859147184211,0.0009148921109196685,0.00019941427871565068,0.0003953662268570476,0.0004887022607323288
2021-12-01,0.00012475697230229373,0.0002944466370249159,0.0005181358808529059,3.782016691506666e-05,2.0417044280550958e-08,1.584045405159765e-05,0.0005542159949636822,0.0003358395145352228,1.0314814571164149e-05,2.3838515639051626e-06,0.0014896811524969503,0.001974971666703411,0.004821784277595791,0.004528433410299158,0.00011409731894505966,9.546836972139791e-05,0.0002193291520322728,0.00012378299537433053,3.523502404051732e-05,0.00027642198493890865,0.0001875256663101487,0.00015648873502658618,0.0006315184691827345,0.00036714658007527004,0.0036300316491548546
2021-12-02,0.00023104533823264435,5.1573697242594325e-05,0.0007572609091202155,1.5547748325473378e-06,5.432821128603793e-06,3.0826989638661593e-05,3.3835496601010304e-05,0.0006878133456825868,3.780115559798338e-05,3.200408866562705e-06,0.0004728010754864536,9.107133694159883e-05,1.8067559593733142e-05,0.0011429750993761036,0.0008210838306508544,0.0007510696424556497,4.101341951040024e-05,0.0008642727965663792,0.00043301895295552007,0.0008740565253047387,3.9464890379987594e-05,3.430668329487722e-05,0.00015011547158005128,0.0012186695770948044,0.00010970554576176336
2021-12-03,7.63777931178115e-05,0.0003077071811552395,0.0004302306671475264,0.00014067969845939395,6.892294348639959e-05,7.017109792821967e-05,5.934312604748238e-05,3.6282647861104325e-05,0.00013910027094255688,0.0003945261068099419,0.002082200892638201,0.004402611300501064,0.003253521108134086,0.004801306210787996,6.317554019609084e-05,2.6207923778184683e-05,9.750061951787344e-05,0.00026995614905300406,0.00033411419247192804,1.1122383972327244e-05,0.0002094470329003881,0.0003109997544828416,0.00022339586993460828,4.461978641827779e-05,0.0020498827399101855
2021-12-06,0.0001386219157897539,6.369693732040923e-05,0.0003950103376135618,0.0001912694017276688,2.5780847478710422e-05,6.0693022213519904e-06,4.5391687486936655e-05,0.0025979707013967022,0.00045261905731673645,9.597880418160927e-05,0.00046676298143335805,3.4684971179044196e-05,0.00022705176806301952,8.305594478787025e-05,0.00021791425332410398,0.0003041824866264278,0.00033328372366700336,0.00022910479427326618,0.0001379370900733942,0.0003022579405393916,0.00048800847264757283,0.00022595694086706563,0.00011614913079397621,0.0007832494206422377,0.0012234063631804504
2021-12-07,0.00041917207968945674,0.000880261836824581,0.0005257401299658388,6.58193008137425e-05,2.0169079192047657e-07,1.2554309193064166e-05,2.3203330439661637e-05,0.00044759981797380915,0.001213303063366414,0.0006975811936887542,0.005861629067238522,0.0017210724895138287,0.0028004375766781126,0.007122209748999154,0.0005354471088753905,0.0002503282245910196,5.412717424709287e-06,0.0003137533759665478,0.00022307048635220855,0.00020463300814324619,6.627198589909855e-06,6.929503601874542e-06,1.0514429633764196e-05,8.537529924400217e-06,0.0016640924468374414
2021-12-08,6.993677708100212e-06,1.993005272123188e-05,4.629887625800964e-05,0.00030400345346373483,4.4649845282334435e-05,2.9091845190847514e-07,5.786648763878922e-06,0.00025473132773007004,0.0005074874626913928,2.22086022982336e-08,0.0003499748453343669,0.00026343761061519696,0.0009359329087221616,1.3645775518199882e-05,3.05533400619594e-08,2.1556925234697484e-06,3.153337633744063e-05,2.870446671851543e-05,0.00013241929570686467,5.13509646186638e-05,3.577060347576241e-05,1.999146608670684e-05,0.00010314521608811789,0.0002767824328054815,7.229742319208815e-06
2021-12-09,4.589129907171011e-05,0.00021974404060617035,0.0005247785535338614,3.111141803271087e-05,6.874576355725955e-07,3.757848503733693e-05,0.0005020835465929906,0.0007328087910341119,8.8463626730274e-06,3.133726907789924e-05,0.0018391025478207848,0.003955581935932956,0.002987061199649564,0.00731797799354865,5.950405032545752e-05,8.614228944312405e-08,5.419035258000259e-05,4.198189592437165e-06,2.423324193319672e-06,0.00021212775113171834,8.925899696268898e-05,3.3891307191268785e-05,0.00019081090377451128,6.822350906101586e-06,0.0025411156492534796
2021-12-10,8.778458506152516e-05,0.000116898937569701,7.672958253774064e-06,5.834553098514793e-06,1.2781709937866505e-06,1.7732695211572232e-05,9.61191548278389e-05,0.00038426702952121364,0.0007633113140395358,0.0007809473139395178,9.26047542949135e-05,0.00017144831814934532,0.0002589270516456188,0.0009839932402010583,5.423728862576919e-05,1.080926562802069e-05,1.3826000602629284e-05,1.0499729349623526e-06,1.597330262035977e-05,9.453302713602366e-06,6.121747602017144e-06,0.0001921306341314156,0.0003276874701139267,2.2648460510045704e-06,1.058323687262407e-05
2021-12-13,7.917128481531206e-05,0.00021177566481094852,0.00021673405101939328,0.00021522803226008033,2.032088706657419e-05,6.340963172722717e-06,2.8638962950683912e-05,0.00013006030761636113,0.0004364322293275879,8.48083802999224e-05,0.004877305741893125,0.002606488036162283,0.0003068631285879203,0.000299758854500549,0.0007935965417973146,0.0001192823237410419,3.7667079695955547e-06,0.00011692579578517152,0.00014303245306893382,8.734448658548199e-05,0.0003142830787488908,0.00019925897585781275,0.0003186327748082578,0.00022629246499838453,0.0012169717950669158
2021-12-14,4.76616703609286e-05,0.00010824228495312034,7.476738200939307e-05,5.690855502667212e-06,2.0320887066573698e-05,8.808209803764761e-05,0.00021500577489912213,0.00010323201111339442,6.489583272176529e-05,0.0010975571858114514,3.881927220763683e-05,6.73741084467567e-05,0.00013212362693850303,0.00031344876807793835,1.715261701232198e-05,3.7490600273988854e-06,6.774295217621133e-08,3.52366669826222e-05,5.826229676673095e-05,0.00016572288445668366,0.00011802713754878948,1.3482130946603223e-05,9.018978495285071e-05,7.886301266033465e-05,0.00017857645096310644
2021-12-15,0.0002403744190049448,0.0005081160207854759,0.00024806262285228446,9.348436375677526e-05,1.6368275626615653e-06,1.833853855355376e-05,2.41240115021079e-05,0.00018641631102384517,0.0007902032986673349,0.000362345929674121,0.005214709025416378,0.0003266089466477591,0.0004531613365321678,9.00834577004851e-05,2.3850653879527205e-05,2.0272916269198208e-05,1.2502961830137005e-05,7.989975019635845e-06,5.634800491945941e-05,0.00019448845072689506,2.4789582559500883e-05,1.4799720142342933e-05,3.2607614112308716e-05,7.536192233550102e-05,0.005977765083724115
2021-12-16,7.845357514613008e-05,0.0006786640437457923,0.000417380887841859,1.5130358046520606e-07,9.193054790300894e-10,0.00014459992371583497,0.000340298323080465,2.3342369650749752e-05,0.0016044550835098274,0.0008742519402815343,0.004963217638733563,0.002661017968716688,0.001445396824838564,0.001939988562656164,4.0021951796691106e-05,0.0003138055174184337,1.4858999050952887e-06,0.0001561317732689444,0.00024081068043838345,1.2769313722799636e-07,0.00011810351257868592,0.00019780410780439014,0.0002825936069884957,0.00012169225740019965,0.0030409475831474054
2021-12-17,0.00011449165184877964,2.5014281002339302e-05,8.376362677041247e-05,0.000126964042668695,5.4447340220885265e-06,4.592949130620173e-06,2.814388982299294e-05,0.0004510533038084785,4.2549918590067654e-05,1.1501662979749727e-05,0.00043511281975857816,3.6929288996221896e-05,0.003180521254967943,0.00024259901091456428,0.00042314421537760136,0.0005549426452334527,4.1292438978350005e-06,0.0004970326131249748,0.0005297811843407089,1.5679843407583135e-06,0.0007849656093145594,0.0005251315491937559,0.0010592188867906078,4.5292962688332545e-09,4.1476085515392735e-05
2021-12-20,0.0001142780298281291,9.50215763417827e-05,0.00019985132786121766,5.654447011832497e-05,1.9097754633358708e-05,1.797967537807009e-05,2.8444894953351062e-05,0.00030560350309549137,6.65038750784014e-05,0.00014608062221871452,8.724595881618279e-06,0.0012685037153555567,0.0006625448974784483,0.00048488096813112684,0.00015541936431482623,0.0008873324565578424,0.0003888850250115281,0.00038475987345625815,0.000329534830998755,6.109786908173758e-05,8.164933364159173e-06,6.436105716289479e-06,1.0485108637247939e-05,0.00024067131063986352,0.00020326804941595976
2021-12-21,0.0003098675266634844,0.0004899099910005296,0.0007934479094353631,1.4555738247223834e-05,3.847543769198795e-06,1.7554104229559736e-07,9.362441670434732e-05,0.0010836650912490185,0.0003574739697390942,0.0005201661563239075,0.002281064034892692,0.0017628793276456055,0.0014216780408976332,0.001575869725075889,0.0007888835980157635,0.00020954270047418572,9.759899895145339e-05,0.0004202553928398235,0.0001923699615696557,0.00012569937496928745,1.0394037979558901e-05,4.015950390996382e-07,9.07528584532574e-06,0.0009480409446558505,0.003643893117538331
2021-12-22,9.898066053088984e-05,0.00014653059972551184,9.17576243590501e-05,2.130839503193689e-05,2.5004998365174785e-06,8.753695900171847e-05,0.000248484736477908,0.00030597124534207287,0.0002311178857726833,0.0003202689650204333,0.00012356352313290278,0.005223156620216389,1.2519028245362738e-06,0.000746345147849854,4.094753914893786e-05,0.0003678243083830831,4.8036224389408156e-05,2.1826009881379976e-05,1.5213545942385471e-05,0.00010413435520664742,1.845935517051983e-05,9.682134273191819e-05,1.6598320850065709e-06,3.0029201568299937e-05,6.595921541122422e-06
2021-12-23,3.847518467051639e-05,5.6408428554465196e-05,6.333057857295705e-05,7.595108638248837e-05,2.2683678375399596e-06,5.069168905266597e-06,8.062994327563096e-06,0.0001515268591089581,1.3231209620251274e-05,1.991037068778313e-05,6.609995149948006e-05,0.003138243276536418,6.739810882144913e-05,0.0027091202959955373,2.9884856636803586e-07,0.00039348592062251513,0.00012642260977265989,2.6678992279200248e-05,1.2724830064416003e-05,1.123818935096513e-06,3.625190687531125e-06,2.3853790263894647e-05,4.927858837624065e-06,0.00013125020974016205,0.00024290498686580235
2021-12-27,0.00019748441246623946,0.0002687049151168741,8.694055578708441e-05,5.8628788677683155e-06,8.61258763708431e-06,5.590626057376336e-06,6.403086976106419e-05,0.0006669747688123185,0.000515959806206354,0.0005253545201787731,0.001856457570039112,0.0006217500559873502,0.00028553235414869444,0.0019542484508448593,0.00046752122514512475,7.610278029155535e-07,8.743311492736019e-05,0.00010508919067494053,3.2567638270108656e-05,0.00028338195895765875,7.063257377016607e-05,0.00013485071757632537,8.214081175360971e-05,2.9348240572071447e-05,0.0029945496462780836
2021-12-28,6.682518405641841e-07,2.1579975828353748e-05,3.75984441912598e-05,1.576987749316434e-05,1.6331122211950673e-06,1.8657046521794295e-05,7.934802639898915e-06,7.548559472380194e-06,3.345586218691521e-05,1.2321491143552463e-05,0.00041362742269468423,2.512834981530701e-05,0.00034012120362320486,0.004895725324718508,5.08209215764971e-07,1.3509314612744467e-06,9.717141613141928e-05,2.6006801498205484e-07,9.182636430459805e-06,1.3523765754704154e-05,1.59986192334292e-05,2.8697633835065105e-05,0.00020303517608133125,0.00024288190303914947,6.193292095885974e-05
2021-12-29,1.6340247855258367e-06,2.2376571853422763e-08,1.1602928191695354e-06,0.00012066145934447824,3.0328641377660148e-05,8.794286807842468e-08,5.701397598214169e-05,5.582522033731729e-05,2.520625646286397e-07,4.198957598055267e-06,0.00011327206351338987,4.397020016389754e-06,0.000116216470410333,0.0011544155338548084,4.15063816988286e-05,1.176762496404323e-05,2.1577931513501293e-06,1.6261348251894446e-06,2.5452068672134854e-07,4.498552493005326e-05,4.927712434369132e-05,6.81638292981936e-05,2.40739790300915e-07,4.530178976574691e-06,0.0010530246471056263
2021-12-30,7.662162964427508e-06,8.95585533128757e-06,7.252780471796354e-08,6.974798902794392e-05,1.6010642470252035e-05,5.114512144372442e-05,0.00011742674683034528,1.3175546913293646e-07,4.356301833505318e-05,5.961069517321329e-05,0.00019402726184956692,0.00021608361238602887,0.0009077410184096354,0.0002706495307633288,3.7491314422706164e-05,3.657183312014228e-05,3.801323613814468e-06,3.1961758689451928e-06,2.5466870445575704e-07,1.8759738915743352e-05,1.953819022081542e-05,7.545048919355162e-05,1.0357052076349283e-05,4.652803782454395e-05,0.0004494316793252424
2021-12-31,6.3687109836881205e-06,3.924024416478519e-05,4.646498516189379e-06,3.837965565412272e-06,2.2737000151458045e-06,4.6353744546093596e-05,6.295947831574677e-05,0.00018281981948872688,1.254209157891766e-05,7.88626375958877e-05,3.519400457247104e-05,0.0001625567593568473,0.00048671771325990736,0.00030145356653781013,6.379298237654748e-06,1.022534600043739e-05,2.6650544764014644e-05,3.2076347435845467e-06,6.732211476541792e-07,7.6293565087337266e-06,5.216685295972056e-05,2.4642212281191803e-05,0.0001115300621122516,4.478246426445225e-05,7.480653195876122e-05
2022-01-03,3.3334073714441936e-05,9.17887189890871e-05,0.00016433918561038492,0.0007076354430645824,0.00011443158749346448,0.00024035234108114856,0.00023903013190312072,7.411354317061832e-05,0.000609933829479513,2.1896047758104778e-05,0.0005690008702800976,0.016106561555806656,0.0006278090620506833,2.7500696658462856e-05,0.0009315125070796035,1.5794674690799387e-06,8.754787659209484e-06,0.00014925631890712546,0.0004382835685277788,6.201735843354464e-05,7.528699098263711e-06,1.7352847149228208e-05,7.631976929349028e-08,0.00014401479632772485,0.0018589446625576845
2022-01-04,1.1240559254713439e-07,0.00017044441470870245,2.2806217228979287e-06,1.7361275312655183e-05,7.034409340530688e-07,5.386847754594063e-05,4.340477982516203e-05,0.00018949749464866508,0.00016314967804616763,0.00029913742145175175,0.0007826759805825242,0.0018260988878536185,0.0020563687473808628,1.289830553116977e-05,0.0011572209957689923,0.0027189182058863772,0.00045384498276865125,0.0006743881620572919,0.0013844719262638104,1.4807812433327468e-06,7.20962244474959e-06,1.2199459397761512e-05,0.0003418814158175405,4.3456217138874005e-05,0.001560909220193836
2022-01-05,0.00037592773840134996,0.00097361862195851,0.0011872510333861806,2.962138590653917e-05,3.4637164489410855e-05,9.073331081341277e-06,0.00022870958305247472,8.30801515482016e-06,0.0007268415409202516,0.0015322867526490218,0.0035147678274162113,0.00301993061445866,0.0054050356633353405,0.0043240084536524896,2.8546044767824607e-08,5.8198208237885507e-05,0.00011433822626354433,0.0001357811153146628,0.00034044831051614224,0.0008431116559121902,4.410533331478524e-05,2.0401323331543394e-05,0.00018037518286367313,1.2065508819492281e-05,0.003477288008470328
2022-01-06,8.833115251753591e-07,4.940748455702195e-07,3.236043981641553e-05,6.684427758527729e-06,1.7008366549722573e-06,0.00015177510123210673,0.0005574252285483488,0.0006759271549862229,0.00028338889908478804,6.293066262822464e-05,0.00042356755067335774,0.000473427093326458,3.9564332237754956e-05,9.651195971212283e-07,0.00048647108075624337,0.00010284891011708295,1.5286403842563942e-07,0.00021333780076666058,0.00011167975974755622,8.013650408099503e-07,1.1774748506969996e-05,7.122307650092843e-05,7.746314701408912e-06,0.00012008585329667178,3.450718025504281e-07
2022-01-07,1.5692049481730963e-05,0.00011863342580848714,0.00013551663738585698,5.2043118239692725e-05,1.8555609403090583e-05,2.0618978816603248e-05,2.861111681318598e-05,1.5012758901821518e-05,9.75555443754506e-07,2.594684738291999e-07,0.0011288325717677997,0.0013024916332291614,0.00018625048772074611,5.129900955132987e-05,0.00018560025516973895,9.725562901374885e-05,3.551998995733565e-05,0.00013753237790644214,9.720787331893359e-05,4.4129951394490733e-05,0.00018027766149761293,3.0563138876011294e-07,9.025871548151311e-05,3.4927201090675097e-05,0.0009949406508252734
2022-01-10,1.550335021405258e-06,4.327528106961201e-07,1.2090829670205454e-05,6.038534456527363e-06,8.563572075268198e-07,9.214828650042969e-06,4.578619936317637e-05,8.172487016526752e-05,1.3501216207395351e-08,5.358979271830983e-07,3.135490536190298e-05,0.000893456382553495,6.773982610512236e-06,0.0010248937258141358,9.625019130736116e-06,0.00013086047690859115,7.393395463548588e-05,1.1602632325969353e-05,9.157905378916445e-07,3.341706744006979e-05,2.4565643010436698e-05,0.00018866098766971451,3.741348590498115e-06,6.120958375104757e-05,0.0
2022-01-11,8.221078279845541e-05,0.0002223177135454314,0.00011191888708038507,4.4081667439269685e-05,9.028900838274551e-06,0.00014381902817428176,0.00019244499555840145,0.0012245152000548594,0.00027703885349231384,5.093480986284905e-06,0.00022814374498646373,3.501659057114304e-05,0.0007437217086533697,0.002796854471261675,0.0011188396560962433,5.8588025856592985e-05,5.988781395638936e-06,7.631348583364333e-05,1.0309661628276876e-06,2.3686650798483636e-06,0.00011421077532004149,0.00013583992163551537,8.061585072144024e-06,6.730183611725547e-05,0.0015554507306752533
2022-01-12,7.2893461956048745e-06,1.566479525389859e-05,5.583282756669354e-05,1.473511398419484e-05,4.800997953020228e-07,6.965044856455333e-06,0.00035434888894662095,0.00016417354152976853,6.590517112541843e-06,0.00010796446812504648,4.253040022846324e-05,0.001485142461601515,0.0007961977356243324,0.00011496185892110297,3.5948460523020846e-06,0.00012270443384171625,6.130636072756576e-05,5.248603992991129e-07,3.198899424339738e-05,1.380694234140947e-06,7.331445010387444e-05,4.8560166421055155e-06,2.79261256293851e-05,3.2504430726714986e-07,1.3562810707743323e-06
2022-01-13,0.00019250049401648456,0.0006418391118835309,8.481366269769735e-05,7.817607645271457e-05,9.930700067242738e-06,1.157885280115934e-05,3.1473805865651765e-05,0.00011932206428506716,0.0003690888184097677,0.0018700753041513173,0.0027246217253045104,0.004882732890697792,0.0031007831452253207,0.0007814382010288167,2.564560304972275e-05,0.00041912133502042015,0.00011409947523636506,1.4979460693872016e-05,1.5565523963000103e-06,3.958147913067251e-06,3.7021632356472934e-05,2.0595355818843433e-05,0.00019748741580856904,0.00022706732544577288,0.001225934766627326
2022-01-14,1.6727211070381004e-07,3.848329889207457e-05,1.9618968688367465e-06,0.0002318061326391405,7.857324154794195e-05,8.316470569599584e-06,3.7372574326222086e-05,0.0008269689901376594,2.5986711518252453e-05,0.00030841749069927354,0.00018810802056164427,0.00030089882308301257,1.0533618721312261e-05,6.171447659436338e-05,0.0005386868396918647,7.242184237190672e-05,0.00040677417984975433,0.00010975453277975821,0.004023781717463814,8.269200405981143e-05,2.9886096884878353e-05,9.132915746917718e-05,7.965007719834067e-06,0.000518656772325578,0.0009432451351424041
2022-01-18,0.0003192795362005457,0.000635511190386307,0.0009426869809978166,0.00020091941952113856,9.156135834504083e-05,2.727842902964392e-06,0.0005221285230673013,0.00027348898581026047,0.000363852775857284,0.0006071543914262712,0.001546652227842864,0.00033726762202124797,0.0017965863868099332,0.0012625477558808613,1.6178114363955958e-05,1.643455923910841e-05,0.0001095213337341282,0.0005080324787140483,0.0018345990697959224,0.00011152731335115872,1.9520981309960915e-05,0.00037873379911104336,0.000312054157852589,4.707280391473518e-06,0.0013566877071263135
2022-01-19,0.00010894552163996245,0.00012197849038897096,0.00026885513582498453,4.760572420717316e-05,2.440763109620626e-06,0.00024824367713118786,0.0009529237802956799,1.7193191791516737e-06,0.00045150730026753314,5.0379024835964055e-06,0.0010762714385509065,0.0011842752236723467,0.00023096594831850648,0.00012825900795956704,5.303982223739817e-05,0.0009940635209843818,4.391526810789253e-06,0.00028649147312800416,0.00024305215900113892,0.00018415461660943009,9.714744448896797e-06,0.0010937429254809783,9.828780543073882e-05,0.00020411893560516578,0.0007915204232400299
2022-01-20,0.00012387295912123471,0.00017091040878717094,0.0003335423028426369,3.780623718267316e-05,2.986472476139533e-07,6.260060317163749e-06,0.0001235142114696846,4.1071285915988266e-05,0.00010818958760481403,3.2715937472799226e-05,0.0013888839437898445,3.8751880376647775e-07,2.505732409387883e-06,9.238956282097155e-05,8.497555160800151e-05,0.0005268863077012628,3.419198556233888e-05,4.083419273156007e-05,7.334199378803137e-05,0.00016650232810667127,6.425709752621469e-05,2.899631308937147e-05,0.000363947637268987,0.00027979047040627966,0.0026028829505540204
2022-01-21,0.0003930619886335424,0.000790763410550839,0.00035748744033328944,0.00014008267824916414,4.274445391251136e-05,1.067833328068539e-05,0.00011378152688972586,3.905633862826539e-06,0.00016505007328966587,0.00034748115821201127,0.0010666867917986172,0.002915791811375379,0.003486226326117763,0.020628159381715225,0.0003990097344855228,0.00013910236312305652,0.00011091395989292387,0.00042956882856142056,0.0003107166753923925,6.088538657507131e-06,5.301765408184082e-06,1.4590663614960317e-05,5.358668901424271e-05,0.005168249579753601,0.0006550239529253281
2022-01-24,1.7958546145588904e-05,2.086139907458003e-05,0.0005191729289729796,6.80511064246633e-05,9.659479211783272e-06,3.002120176926941e-05,0.00014732237540919702,0.00012286703143887952,2.3776114751021315e-05,1.317267998289203e-06,7.315138096044023e-09,0.00022009608713712396,0.0007757554689906867,6.531980569496981e-06,4.4929976071183645e-05,1.254995441769007e-06,3.273816005981188e-05,8.268872848149138e-06,8.030644849188462e-07,3.6055364877629467e-06,0.00013434824857360884,6.642429700985368e-05,5.067083411422777e-09,3.390053351812601e-07,0.0003754610685053692
2022-01-25,0.0001509023469846978,0.0005501071627121615,0.00018057739416402625,2.6122977308002017e-06,7.870225373892606e-06,1.0189084740612338e-05,1.6637183670708183e-05,0.00020180284256997292,0.00013110503444354216,0.0007262001197347207,0.002104644305516347,0.00015754183987432872,0.0014417576917956998,0.0009627287593282225,0.0014497785441065737,8.701533894960678e-09,0.0013250516909215136,1.7371834086165404e-05,0.0001175279036000906,1.5932751622243173e-05,0.0007948603435974517,0.00012036447092617123,0.0004837697734483347,4.809905743578681e-05,0.002251320070518039
2022-01-26,6.310111646650815e-06,2.452052338912181e-06,0.00021137744019672158,0.00014804372146394787,4.641566879814533e-05,0.00026564331573151947,0.00018817498137305798,0.00013404485685495206,3.1738542963275574e-07,0.0007893073487789281,0.00039479140813292526,0.0004197474175109001,0.0006409935172813376,0.0014732445106052836,2.841868810751676e-06,8.688860083690471e-09,0.00010935392353114203,6.7391652617858635e-06,8.913913729996537e-05,0.0002477729684257003,1.992575199930296e-05,7.657736375165387e-05,0.00010527144378768146,0.0004642896399639863,1.433758891985918e-05
2022-01-27,2.4504444249395972e-05,0.00010244913058030743,0.0005275956599151993,0.00033112413933750206,5.181414727699222e-06,0.00016853531819728792,0.001073157075173434,8.491646144162027e-06,8.686941608692923e-06,0.00011012579919742001,0.0013718120499539846,0.015074922177291002,0.0015919194422274702,0.0023424056942800775,0.00011730624715421345,9.885382609314416e-05,3.064920027525679e-05,8.30961888423468e-05,0.0003169160751412856,0.00027825684225109005,0.0001700297489866616,3.816347854419463e-05,4.3911156400441566e-07,0.00018307849526631083,0.005787594861165072
2022-01-28,0.0006018328747086202,0.0009540168809064798,0.0003720496622005322,1.217793453144726e-07,1.2020588203264863e-06,8.926664031231589e-06,0.00022075291412399815,3.156448086091194e-06,0.004549636236766248,0.0007669924780549436,0.0016015745766148068,0.0004240391276295731,0.001456112276599753,0.0018017498215387195,1.8125719735825758e-05,0.002839503900559548,0.00010829027391817125,0.0001689302301658299,7.933117998159143e-05,0.0010144421797813063,4.9139080739384625e-05,7.348166980993387e-05,0.00015108404150591243,0.0005488485813638522,0.0006454403452996032
2022-01-31,0.000318642831825734,0.0009908458534326266,0.0009131008987758745,2.6874322374220675e-05,2.2084249424151634e-07,3.489331450033264e-05,1.880366096953707e-05,6.717575248836881e-05,0.0006651208998905776,7.717783723614476e-05,0.004842487471144026,0.010292384008989817,0.008172836207043125,0.004677462977632145,1.9440708758689434e-05,3.945990296666181e-06,0.00010563525780210132,7.643252704752619e-05,0.00018176607123251138,0.0001492472377956582,8.4457281823413e-06,9.700761370525009e-08,0.0002727470404308189,0.0009502591451046655,0.006747898597327915
2022-02-01,4.535029618821774e-05,4.597367715744426e-05,0.00010981905849258851,1.1051285575218425e-05,2.7602542621710244e-06,6.93117649598191e-07,4.500103288935252e-05,6.398781697339864e-07,9.469705303929065e-07,5.133268234459267e-05,3.8299307824610915e-05,3.4300271226397367e-05,0.0004682360412081362,0.0015279686719995957,0.0012269890164837416,0.00034702830224522693,2.9843305643725575e-05,0.00018851220852415297,0.00028949195642967695,1.284072178814039e-05,6.752643814272522e-05,1.9668545419243138e-05,6.142165991589106e-05,0.000111841242106024,0.0004797318868521384
2022-02-02,9.345446803835063e-05,6.549329894397077e-05,9.965565494500091e-05,1.1430482380532432e-05,6.1219388730125705e-09,1.3100301683748412e-05,2.281780943958551e-07,2.5570946543991697e-08,4.9272913970065915e-05,0.00022823703228751116,0.0005865798545336265,0.0007763917352384993,0.0027529316939451727,0.00289629064713853,1.0351814435304458e-05,3.995235642187254e-06,7.266526919172565e-07,4.617256025844297e-05,6.460118531126777e-05,0.00016058410050096074,0.00012099539261435188,0.00031491381439945575,1.8159436021579407e-07,0.00016969190796521815,0.0024939471432335186
2022-02-03,0.0005657583157505087,0.0017130100451110428,0.00036498771090956016,6.14096463765588e-05,6.554410042466074e-05,2.02327141788776e-06,0.0001116597948673074,0.00024683032104288403,0.00028429188588280504,0.0015785770671373344,0.0027693632542936616,0.0002612233636499797,0.0033280693486489603,0.0010808961807183077,9.093140823124307e-05,0.00046027784380982994,3.689907480027435e-05,0.0001231447570793638,6.896070902426225e-05,0.00011428596953883521,3.3987024805793157e-09,8.88611898794844e-05,9.866998342330972e-07,0.00033587736486549654,0.00048721929700363355
2022-02-04,2.200773189999384e-05,0.00015714627616782026,1.8437248751236348e-05,0.00022056939918416768,9.987422269971597e-05,2.3743453419377793e-06,1.486499365092813e-05,0.0004754320371592121,2.82568794853426e-06,0.00023865882806845703,0.0002363371627142873,0.001258432120006175,0.002739772887286996,0.004888161026278412,0.00024037771238423714,0.00011940909837870711,9.027061681864846e-07,0.00028390360105485574,0.0006567467440111961,9.897133323089825e-05,4.305818791672703e-05,0.0002569317507830303,0.0001402666144725056,0.00019912593319475506,0.0008347667388652125
2022-02-07,1.0332798544718816e-05,6.523592553475812e-05,2.4283717431899493e-05,4.182944620435355e-07,3.3548549815168298e-06,5.4395306065978805e-05,0.0005210036706019267,1.2600455542009396e-05,1.8006290414505852e-05,0.00027042524603760427,0.0002781680970466145,0.0003048064352932673,1.3824758508086659e-05,0.0031910769043990484,0.0001610688942048018,5.0145752091392015e-05,5.9312389961343596e-05,8.928972109084054e-06,1.1138034029085689e-05,2.0420383787475157e-06,1.1066898254607081e-05,5.653422834872508e-05,9.764315164737378e-05,1.186169952437675e-05,3.2056009779851595e-07
2022-02-08,6.714604929547724e-05,0.0001248273540350232,0.0002859758780478008,4.4998537733861086e-05,1.403792116172226e-05,9.315973346098304e-06,7.101483813645987e-05,0.00027304819072323833,0.0003348330041431926,0.00014217582853426534,0.00023256858680492795,0.00025689845960977367,1.5438127679037767e-06,0.00020817491420598063,0.00047221691717217194,7.00948440906421e-05,8.810925261148211e-05,0.000191194694971531,0.0003474582103785889,2.1935912728170122e-05,6.902007078311995e-06,5.054145745495966e-06,4.723520425381214e-08,4.428544760428576e-08,0.0013110757638832892
2022-02-09,0.0002111241459046666,0.0004397113687979973,0.00035381446084270773,3.5330727288084377e-06,1.1214073920419578e-05,1.1515260444477697e-05,1.3858214796934994e-05,7.409617819736855e-05,6.821870727593699e-05,0.00046654698168153167,0.0038024766607552773,0.00011637070178507328,0.0025111609509032217,0.0007435551718449203,6.911161164256777e-05,0.00010749871022776101,1.4402342096015161e-05,4.039055788736705e-05,1.730042020808892e-05,0.0004998710428741934,1.3607758265372162e-08,5.075024977861894e-06,4.736595641838957e-06,0.0010754707115360267,0.0012528219525485547
2022-02-10,0.00032866448772256047,0.0005240779312504144,0.00023906165615950522,0.0002566422552974416,0.00018782105608129696,1.4468786165266854e-05,2.623769797275677e-05,1.074469119037512e-05,0.0005703309915379436,0.0008284718157255358,0.0011253654202544447,0.000893723758478649,0.000983645433010542,0.002155031742460622,3.924995723883512e-05,6.794423043526902e-06,0.000545724056547764,7.762649297822104e-05,1.7300420208089936e-05,0.0005708200092708466,0.00014747765141394256,0.0002354035269694632,0.0001383400382781867,0.0010848209111504652,0.0029993041073872405
2022-02-11,0.0003966389098140844,0.001039124891918882,0.00010358152800627268,0.00021665717378847673,5.471122733649167e-05,0.0003562885722944448,0.00035948533458092464,0.0007534839488135144,0.0004172074049989461,0.0006038636942860926,0.005681821009002835,0.002550776763421611,0.0006523047597489563,0.0026317959243378534,0.0008219792351353831,8.194526508529694e-05,0.0007581330837913279,0.0001991204918337653,0.0001716737742863056,8.38557381040284e-05,0.00010290982429145645,3.152485119903689e-05,3.054463662514516e-05,0.0003181556103265798,0.011125047550049954
2022-02-14,1.072318621357107e-05,1.5326916766962929e-06,1.2124168200178725e-05,0.00015673360667706673,7.976527631188298e-05,2.8477717570192046e-05,0.00010054875528207787,8.811461963868074e-05,2.022036453320619e-06,1.840214846941408e-08,0.00017400385697401033,0.0003297773565845723,5.067273072485669e-05,1.3648607506087899e-05,0.0005692402224851439,4.530808704080255e-05,0.0005544433137238272,0.00012729202972373572,8.712490406996395e-05,8.361150855458528e-05,0.0001603046488559419,8.266520666904206e-06,0.00010505441593734888,8.446114316863628e-05,9.186389334446013e-05
2022-02-15,0.0002559457249854751,0.0006032031755766386,0.0006998936818458239,0.0001303720492425041,2.5235944151255104e-05,9.11119955356587e-05,0.0004062791923047071,0.0010141646996075747,0.0005238845748685329,0.0003375565993095706,0.007715609005609985,0.0026956162522226053,0.002815012214228733,0.004598763764376312,0.00011083190791029777,0.00030472816813548355,0.00015254106636693277,0.00018289759959666963,0.00021078147185470502,8.010749229471092e-05,0.00010553753387432528,2.6011669846090484e-07,9.800024084199586e-06,0.0006416627453353196,0.0037336119241961683
2022-02-16,1.2545603317401651e-06,6.392302295901761e-08,4.3464132020019844e-06,3.4924621004277366e-05,2.1345929080497255e-06,0.0001046883255455534,0.000143033809354125,0.00013407043030189928,1.9312472116698223e-06,1.3644003840037768e-06,3.6446554602794385e-07,1.0820410731041535e-06,0.0010586872280328465,2.2554791302031686e-05,6.483790380620142e-05,1.276546294170196e-06,0.0001481051471955838,5.565344408048836e-07,3.2682702932450706e-06,2.151332975212855e-05,3.572902582500252e-07,5.7151076787927114e-05,3.932669869577082e-05,0.00010983374956393176,0.0009993981526718223
2022-02-17,0.00046625009018267635,0.0009117454980821877,0.000673533256197793,5.4922133572727105e-05,5.326417162121866e-07,0.0001842944220459412,5.995641469046296e-05,9.734071806433495e-05,0.00046219976673403666,0.0008832250354075201,0.006178120624797634,0.002733836441610328,0.004425671968279993,0.006442819672920993,2.5777358125847617e-06,0.0019970282033777375,2.3247003804495608e-05,0.0006336056315377605,0.0005429605053635211,0.00011365854556539683,3.7441361451796604e-05,0.00012973301878701292,0.0015432328075553408,0.000483394599953111,0.002139714422308704
2022-02-18,4.220130361614735e-05,0.0001315847379820967,7.45770970712029e-05,0.00010966516415373107,5.899098229427536e-06,5.383509371312779e-07,1.3127496863738312e-05,7.820629436778698e-05,8.835331040209957e-05,9.366005127661029e-05,0.0012912476878384448,0.0004995657509341183,0.00258527906640103,0.0002098259977832783,3.785950080167734e-05,0.00020824485044755218,3.551384267838339e-05,6.492680924217293e-08,2.1880584503852814e-05,3.671755347458721e-05,0.00011613770325199726,2.5008345336738684e-07,4.133073513134827e-05,0.00010920008378981071,0.00016664489019996517
2022-02-22,0.00011641075471753164,0.00010190086109609572,0.00020127899276403682,6.762603254024444e-06,1.676686498602754e-06,4.354979888606691e-06,7.314987317176975e-05,0.00015083381117934075,0.0003230296439315345,5.325255947263341e-07,0.000114840668950392,0.0017847394864430185,0.0004839800089184249,0.004596892606163753,0.0002655771145775632,1.4917476384690738e-05,4.5308322830321184e-07,2.6137269945326916e-05,3.1557411925564033e-06,1.3202570739752754e-05,0.00018722045768018473,0.00015367355097275568,0.0001259561257213108,0.00047702011380864516,0.0002516118775742574
2022-02-23,0.00032034136971455967,0.0006733350158002254,0.000356829386129292,0.00019259320596352287,8.296509539015961e-05,2.02239096716434e-05,0.00034784611946456857,0.00011286556387524242,0.0006866751298739448,0.0006882342544277882,0.0019208863131352063,0.005263256077027091,0.001632271735496222,0.0005292412300241693,0.00010513031733766997,0.0005774475956185282,4.853703873158054e-05,0.0003090858575270778,0.0004478051901382049,0.00027780068588824966,2.463091146989094e-07,0.0001575638917266931,0.00010635810065628713,0.0002281470517593573,0.002732384819705469
2022-02-24,0.00022311622526677077,0.0010924357322504336,0.000669899925267378,4.344741850113368e-07,2.234587044545017e-05,4.187414453996845e-05,0.00034784611946457134,2.2755737272023735e-06,0.00027365246450933273,0.0024831293775770726,0.003483082840372513,0.0022046475109234937,0.005621376649457823,0.0014993773820631312,6.187910523790949e-05,0.0001137125299766236,0.0003013455273458827,0.0001456962659869688,0.0007973950154559464,0.00027780068588824765,0.0003720724007007298,0.000745250126336908,1.4883787611205786e-05,0.0005717656700384165,0.0036649530041887035
2022-02-25,0.00047628960460257186,0.0002367921710045172,0.0004959919586269215,5.33792028748284e-07,1.6465301638787094e-05,1.1130479161353273e-05,1.6208332380243176e-05,6.679945909579255e-05,0.0001659578547676819,8.447448206968833e-05,0.00029159206081440383,0.00012768877456956033,0.0010874534069704816,0.0002347198925595719,0.0006777177054568248,0.00016257805761852706,0.0011717511637920274,0.0010048605896786922,0.0005468282360522825,0.0005673134343198616,0.002352938446962027,0.0017482926586843712,0.00018653801199465306,7.563774195133229e-07,0.001402594743133256
2022-02-28,6.562205476877358e-06,8.846002293303293e-06,1.6332289193147394e-05,0.00047009308735440137,0.00011306435509350316,0.00010633721925048731,9.552259154058035e-05,0.0006356158352784751,2.6775519777184794e-06,2.465583878213212e-05,8.824701194594803e-05,0.00520037622825123,0.0014691851297487506,0.005757729922496828,0.0005944224336228885,7.70746856608854e-06,0.004164432627370379,0.0002233521173471217,0.0018140747816996477,0.00022507452442511232,7.484798509164517e-05,0.00022386932629982561,8.074484137448487e-05,5.1573431235179065e-05,0.0003481384869014456
2022-03-01,0.00023554616248325273,0.00023807917813312152,0.0003616430879631877,0.0001321478834795795,1.1658842176369967e-05,0.0003240155437535599,0.001589348421588262,0.0038852379730788117,0.0001368008761972465,0.00016732044161444322,0.0014399700133633107,4.881107248617153e-05,0.0009691346836193047,0.000779140289875577,0.00010018924959088402,0.0006578570207581405,0.0026261743388744543,0.0014108242191767614,0.00147912942093164,2.788295158966119e-05,1.2039848644301648e-05,0.00027850124409597266,3.7482844147319196e-05,0.00035215801253990714,0.006438235569678073
2022-03-02,0.00033229603000088875,0.00027690671778226873,0.00055372918607136,0.00120969545459473,0.00023472386773091896,0.00010942968367126164,5.253286999123005e-05,0.0023921375276544296,0.0004153199755652523,0.0003101052246782606,0.000981431148878407,0.00031669778338807414,0.00012188344159571996,7.309322950795156e-05,0.000511057618182146,0.002715518754515649,0.00021263491139580291,0.0006526602692768642,0.00042139883972701494,0.00034419587610301977,0.0001528223005417813,9.769942912491524e-06,1.5603886647251804e-06,0.00012528562702504098,0.0014706121492415313
2022-03-03,2.4907873549518766e-05,0.00020701634386849406,0.0001420750943961802,0.00010269626913422137,1.332373986023515e-05,3.5233292422135646e-05,1.1758461092883096e-05,0.00014091482515284586,3.932588943231652e-06,0.00020524268473460385,0.00044575613410948475,0.0022316719372538845,0.004324762579548528,0.00782872712245586,7.5020072240056e-06,0.00013369169501258228,2.3582725845320747e-05,9.972224107934052e-06,5.08878290667709e-05,6.637233838337173e-05,0.00021282030668498035,1.3687362301357138e-05,0.0005165301628428854,0.0001460610134919164,0.0029958513430517033
2022-03-04,6.655231058644561e-05,0.00021309109798094356,0.0002490478293942456,0.0002929875736574662,9.425288360546786e-07,0.00024975403906263917,0.0002224883540866042,0.004102662079498489,0.000345214273077763,0.00042812280795108604,0.001112747802268713,1.421412493253609e-06,0.0024091018181344706,0.005108166663354835,0.0008093032908788418,1.7210334402727114e-05,0.0005200741222834929,0.00035687467142589695,0.0008140965342122052,2.0897435703679007e-05,3.502344874654375e-05,2.540290462195795e-05,0.0006263549102887136,0.0011482009732104329,0.0010497564000611804
2022-03-07,0.0008953486665142089,0.0014121474414368568,0.0006340859886530554,5.866656473888139e-05,0.00014898625662535761,0.00021766562269055306,6.425787026993722e-06,0.0012936673457515481,0.0005761709965146746,0.0014829468885482282,0.005121176862641685,0.001684584571876957,0.0013590899074573677,0.0007956393905947798,0.00021453419329082272,2.810103870777919e-05,0.00029966556127970084,0.0013848474323115338,0.0015508841951646947,0.00039849261270056863,0.00025534983341672163,0.00022309125804307705,6.536281799846084e-05,0.0027741891294557207,0.0026705087759685553
2022-03-08,5.7919586446444445e-05,2.1706174506986388e-05,3.034040610030543e-05,0.0001022229776205555,3.593478292912639e-05,0.0007285372593507576,0.0009706444178575899,0.0013304988997724003,0.00013793590678434412,0.00012170348380012261,5.713011354770554e-05,0.0005922126251578028,9.547658025713283e-05,2.7679070947140236e-05,0.00024326665933475884,0.004280811734151672,0.0014067662480622728,3.4478664262775466e-05,4.995238138042733e-05,2.3605267889149037e-05,0.00041919147332322243,0.0016312260069770664,0.00043675479325930555,0.00017411783345244546,0.0006126544390545695
2022-03-09,0.0007000058309944562,0.0012507011555743732,0.0007725251804663937,9.696917152411053e-05,2.9862067700201434e-06,0.0009097157966933664,0.0007260167774606366,0.015366599326846598,0.0011832860478725152,0.0020104634539639754,0.00454260552874105,0.0016874180116296955,0.0026388804606227714,0.009936812534497368,0.0009636040753964116,1.0987841995017136e-06,3.6185405479293535e-07,0.00130156821081969,0.0015429671742986028,0.0002332711339186157,1.4335004146119238e-05,0.00017952158940730343,2.6792654539371068e-05,0.0002050139980931688,0.0025995025195834306
2022-03-10,2.0481367647191322e-05,0.00012470359259073724,3.2376015400724148e-06,0.00020941644165526008,0.0001321334988666981,9.71174252127345e-06,7.717396103046136e-05,0.0003556882822507639,0.0007596858253184828,0.00010278088007851658,0.000243044226293773,0.0005933130305049347,0.001281468161217943,0.0011628116870563325,0.000908343762110261,9.093518744046046e-05,9.533753693015646e-05,7.090327432903973e-05,0.000141874532808691,6.206743152720143e-06,3.1323771430739274e-06,0.0006802551210543344,0.0005051640698492532,5.593868014496145e-09,0.0017817903590535797
2022-03-11,0.00016375626192452434,0.0004391678526081937,0.00025872430194441646,1.1160722183745014e-05,1.729301990937926e-07,4.974052121037343e-05,3.419845202941056e-05,0.0009676562509043749,0.0005856096693762359,0.0003809371984663183,0.0006217731946105752,0.0027660976646407672,0.004736867747207386,0.006007321221478474,6.45684355691953e-05,0.00020311559387731576,0.00014506708152705016,5.066189096864631e-05,0.0005189991896595455,6.359053972629842e-05,3.3446704142836683e-06,0.0001425103269237079,1.547564555990865e-05,0.00020287779715638925,0.00042410584366934986
2022-03-14,5.3804079646796484e-05,0.0003760284035602655,0.0004262427199732617,0.0005581763522933583,0.0002126943787011374,0.0002306897745917865,0.0009117881127231516,0.002276960909610596,0.0007247597796153772,0.00017019146690909546,0.0012576229512987504,0.0013776866508530172,0.003723233954531935,0.0019300442026608225,0.0009232574639936562,8.039241793071266e-06,0.0001499872282943095,0.0001577134430547109,9.765313669162333e-05,6.15303991691132e-05,0.00018831608493208394,0.0001611972567497619,0.00019156618576967826,0.00043519367738276214,0.0003902479345942481
2022-03-15,0.00047315689126577073,0.0009538814490070461,0.000249802908595313,3.0516199619128474e-06,6.117412676900487e-05,0.0003565529616840739,4.805858830069522e-05,0.0035444742936436963,0.0008552871259130982,0.001444831325360821,0.005506372445517023,0.0020526649963591125,0.0015504020939715493,0.00032575808225286256,0.0013918398134965574,2.2308920597210314e-05,8.930844431795835e-05,0.00019624606962914302,0.00030941568187862947,4.470204210280941e-05,0.0006547789618199714,0.001249994541483506,0.0001425187405177881,0.0015434157287754057,0.004482309633049206
2022-03-16,0.00048100705027566534,0.0013260818590833368,0.0009596960346902498,9.52560783858958e-05,7.239400936709836e-05,3.895365087747096e-05,2.27646812099556e-05,2.6141100675855083e-05,0.000818109231250839,0.0006200470471618156,0.004120401017484315,0.0021812840793444446,0.00976751224440403,0.01016938341888976,2.120919412579933e-05,3.0869992685619976e-06,0.003949845070553603,0.0007674317258003708,0.0019111231981325675,0.00013943565089210558,8.53710773854069e-05,1.1559087493366688e-05,8.726789899881228e-06,0.0008373174633022328,0.0028915925879805654
2022-03-17,0.00015458943380894697,0.00014481268494759896,0.0002426011004029608,5.5974753512819045e-05,9.51381116287077e-05,2.378253404497902e-05,8.976865278853205e-05,0.005793419552098015,4.138423322971388e-05,7.925312948183124e-06,0.00012016252904194947,0.0013435842175382009,0.0022101260991271338,0.0007193541426506467,0.0011445824737775206,0.0006592800692394549,0.00029106661947173637,0.00015407826681047588,0.00015789150720752664,0.0002353984472166501,0.00016847312136388407,9.820189180239015e-06,2.3057958984804517e-06,9.181104209949963e-05,0.0010508735808341593
2022-03-18,0.00011866324805705028,0.0004105143239765217,0.00010974769750506319,0.00014733674576478673,3.8896038394322376e-06,7.79461327637421e-05,0.0001789350216240191,0.00016757696736746056,0.000428622206201346,0.00030603949438142965,0.004342538631221324,0.0014466762497432552,0.0019484038429809435,0.0023070873039899333,8.967718476763012e-07,1.27439535217656e-05,3.1798715072322816e-05,5.336616704086412e-06,1.274524910506223e-07,0.0,0.00012427921706048564,2.838063123223098e-07,8.765904000616182e-06,3.520679662231132e-05,0.0002472173018277176
2022-03-21,8.559570667564251e-08,7.750684591512626e-06,7.864949074693061e-05,0.0005488920410087938,0.00019519998395306476,5.7938814477587384e-05,0.0001261405088735947,0.0040428618445954535,7.227259786424917e-05,1.7945967023217123e-05,0.00011164950180542301,0.000298184166371649,0.0007613862930516604,0.002534957181075097,0.0015618355576951853,0.00015864169581183374,0.0010184392814064675,9.57264406546113e-07,1.0348474160963597e-05,3.755166423988212e-05,3.188276660890568e-05,1.4356889310001543e-05,6.979151150572711e-05,0.00014512263374761913,0.00046009985681990886
2022-03-22,0.00013533836537754868,0.00037878228238521876,9.95479241125839e-05,0.00016627758485124848,5.842846066579054e-06,5.295749319349694e-05,0.00030038167308669837,0.0001536959810153003,0.00042383154372568747,0.00026395591979795516,6.21925375524584e-05,0.00578866604265788,0.002086135993696821,0.002611312479866543,5.450740691952739e-05,2.0072729724251454e-05,1.7957649055173102e-06,0.00025929162579075844,0.0004428589591887728,6.502649630130871e-06,2.2387718398466018e-05,5.877955928030592e-05,8.916318016662787e-06,0.00011430958889155322,9.767448303183553e-05
2022-03-23,0.00016801385417797857,0.0002095445290272391,0.0003063051732127298,0.0004699537694583874,8.028613625951538e-06,0.00018406917568050262,0.0002437280589207307,0.0017847781672453904,6.724228619880323e-05,0.00022934689810285476,0.001164871867993914,2.650049392766657e-05,0.00038425890989120823,0.00025887619751517604,0.0002909193592358236,5.892338403188063e-06,0.00011069638404739081,0.0003490330156780914,0.0004045689217498985,0.00012729763706948588,1.4278670685818361e-05,4.905114017475973e-05,0.00016766493987591206,0.00031634817939623386,5.656258989339088e-05
2022-03-24,0.0002238571576084564,0.00048326260487217663,0.00013071746425001596,6.183261581734232e-05,1.7295897824532486e-07,5.23327455585684e-05,0.0002494963927724907,0.0007405215868454781,0.0005028560030324403,0.00023334860114357467,0.008766152088000322,0.00021651178971576762,0.00012220937381336397,0.001439179310206998,6.094987791228508e-06,3.2384121228160033e-08,0.00010022804999804173,6.362357021093467e-05,4.211019331043008e-05,3.982053694742907e-05,2.651503845993249e-05,2.9672078022902166e-06,3.8195689918230336e-05,9.109783275142074e-05,0.003181213002114951
2022-03-25,2.3732972594292324e-05,6.96607131478939e-07,1.847626147268284e-06,0.00019516504501666823,6.294145687110972e-05,1.6841671312820163e-05,3.048587435660921e-05,0.00015221013844270016,1.3891669175791805e-05,1.910841967464073e-06,0.0002690854630188434,1.0498777474849598e-05,0.0008338687366621707,0.0003410278136550947,0.00047061669481886714,2.6646522482185438e-05,7.570110442565935e-05,0.00016211675771642668,7.577161904039832e-05,0.00015396772919067494,9.103295169409631e-05,0.00013263473798783715,1.8759582793459702e-05,1.675414854190418e-06,5.1276128431210425e-05
2022-03-28,5.023757623360096e-05,0.0002357376910817766,1.1530711005250669e-07,7.247283563236119e-05,3.04558592418889e-05,0.00033751266285204104,0.0005618258227267814,0.006405181280511496,2.5241516665720686e-05,0.0005222840617049652,0.0003553942671041087,0.005972276778025202,0.0015029164771089459,0.005743518209959666,0.0006286828127464011,4.601336655871452e-05,0.00037320657913657795,7.769724910757889e-06,5.5149172581619355e-05,0.00011195852870174719,2.6318645853976387e-05,4.688182541932679e-05,0.0003104741459633852,9.138611910529813e-06,2.257949293918981e-05
2022-03-29,0.00015116748924835332,0.0002911602460651485,0.0006979861859444981,5.66137201785805e-05,7.032606256485167e-05,1.9953023053110522e-07,7.614663166748672e-07,0.00046239564662523013,0.0003592452538405164,0.00022636556543527696,0.00023615608956566582,4.9771805441019966e-05,0.003915016776303987,0.0002362986408536252,6.8006710292025855e-06,1.338071141574092e-05,0.00031516938730092307,5.203769648739221e-06,4.8323296578916705e-06,0.0008362767413381917,2.5636915785030464e-07,0.0001043591330688539,7.038313458591998e-05,0.0006781863782348937,0.0006033324954287004
2022-03-30,3.8366045385485245e-05,0.00012336432281784068,0.00041123571305952926,6.039570516123984e-05,5.347491632779865e-06,6.410057354897642e-05,1.712552198675319e-06,0.0005220887724889299,4.451407402270154e-05,2.4268566478335582e-05,0.0011758990744915189,2.5884431207944068e-05,0.0014976695927845594,0.001523727176410512,0.00013344540102202656,8.439618454270726e-05,0.0003972275233185479,5.060539960499737e-05,2.0647748817876247e-05,5.2790093387054784e-05,0.00010722292532580218,4.7706318275244925e-05,0.0003158455686035142,0.00010046806755986904,0.0010944199917274284
2022-03-31,0.00024058903719324215,0.00015555697620024006,0.00011261881501218304,5.884355717875791e-06,5.347491632780079e-06,1.5017236117011277e-07,6.8591879759241515e-06,0.002486909468620989,0.0003216840034119287,0.0003183058517169905,0.0002160243348386232,0.0002278642830903571,0.001254511103148338,0.0012526466259861627,0.00018612551784286596,1.3592606874752863e-06,0.00010517795329123405,0.0005389314485440499,0.0009294377669353059,0.0001510229095301064,0.0001749833617231962,0.00010716567856863572,4.04340360117453e-05,0.0007468209943579002,0.0074836818263313565
2022-04-01,8.0092649096366e-06,3.629068847027917e-06,0.00012415260741234174,1.4435390008846287e-05,1.1222909097370132e-05,4.07837532519347e-05,3.767076685106003e-05,4.546704944435663e-07,2.9571973337736475e-06,1.2914822023585738e-05,0.0004520164026916338,4.180465473681904e-05,0.00034897866106694295,0.00023692091452115173,6.526347986555052e-05,0.0001899656878778747,0.00010656037687739711,6.827923406033551e-06,5.530212815203386e-05,0.0003718421554011551,2.9181370245236197e-05,0.0002212827981772174,0.0001942289164908388,1.3624907396468183e-06,0.00011179460328801197
2022-04-04,7.276212456926338e-05,0.00041532673626285053,2.6782680337957737e-06,4.863755943616316e-05,1.1988335655186692e-05,2.3377821475358308e-05,2.3513341150412624e-05,0.0012692020444245223,0.000548351351134712,0.0003160570406566725,0.0005745145845304385,0.0029806771567799355,0.0018397810437501768,0.000613851852744136,1.6816907776050382e-06,2.228649494586591e-05,1.9598043517884728e-05,1.9875959789324835e-05,1.9575127284523282e-05,2.4008065977265742e-05,9.407682016081091e-05,4.26885076964005e-05,3.9469081420760053e-08,0.00013148990637149572,0.00045787453296059703
2022-04-05,0.00016159309706555733,0.0005042057089721123,0.0005735315366379669,0.0005221903734779726,0.0003127451058497648,3.949555671282713e-05,0.0001440659349932246,0.0007380821464391568,0.0003657145682653564,0.00017084148751049348,0.0028775642228616905,0.0023488210667275784,0.0034470415139354078,0.006171838058919261,0.0002498383310063176,0.00048099471870623157,5.253501536572761e-05,4.0030210560686143e-05,0.0001370178500320689,2.4243460836429236e-05,4.14627325736102e-05,1.2240237906006979e-05,8.082714124050152e-06,0.0004661707204811837,0.0011656621128385413
2022-04-06,0.00010099460276006445,0.000481829000366674,0.00020419342273084976,6.605075720405261e-05,3.4583006209663044e-05,5.4778261263931135e-06,8.738326665395963e-05,0.0005604462405030423,0.0003468151467587014,0.001390741816772752,0.0036686190926536475,0.001813828863743018,0.002250292975747617,0.003608941452979788,3.489897582906716e-05,7.729237646369624e-07,0.00026499562274631845,4.761716252764588e-05,0.0001952046014216929,0.00013954375029915096,0.0006594411919606367,0.0002014170250201155,0.0005277548387558421,0.0005173777722541938,0.0008959493110076906
2022-04-07,2.5264664838717696e-05,5.6406922758850555e-06,1.0583511088787103e-05,5.716489132333118e-05,2.1579760726706063e-05,1.4271331448667751e-05,3.2986422886092754e-05,6.740158458287905e-07,3.2487957963945803e-06,3.8743488588356065e-05,6.702181022992251e-05,0.00011961339257361359,0.0001378423765577518,1.523747267671352e-05,0.00016910550126649247,2.058521132356128e-06,0.0005645285864801944,1.1361593972588035e-06,9.282410648117705e-06,9.973256615991446e-05,6.669770033563929e-06,0.00016539856369023073,9.902276294702865e-05,2.8029097162225574e-05,2.3252915265609703e-07
2022-04-08,7.168927409913562e-06,0.0001981814531902369,6.40554493227831e-05,0.00011859102537466774,6.246944282271939e-05,3.901775967589912e-05,2.7797916668709544e-05,0.00018456090715046687,0.00014352783235856202,0.000216315883798412,0.002118632618104634,0.0009308714539058704,0.0010629962068680332,0.00103041558169873,0.0007370043202713229,2.725080553177488e-05,7.410452803454379e-05,0.00010160210162397086,0.0003291490763538239,2.6929953923530663e-06,3.914831386272851e-06,6.0457762839312464e-05,3.071650033090276e-05,0.0,0.0007062016903524247
2022-04-11,0.00029721615301427366,0.0005732023148647844,4.548805912472134e-05,0.00025444912674982674,9.553859869988416e-05,2.4474848600062903e-05,0.00020613588215742838,0.0006113905459024229,0.0006680741755310995,0.0016184516080382347,0.0028507377653627817,0.0024537094701657016,0.00018077538747029095,0.0020181281794349527,0.0009310031266249937,2.0481364764174678e-05,3.4783686760413195e-05,2.021959644826649e-05,1.3522869551735136e-05,0.00011678836893472841,0.00015871138071954367,1.4573012490788585e-05,0.0004007954810246269,8.639313351012327e-05,0.0013397308281070817
2022-04-12,1.3780658275683016e-05,1.7920612797204247e-05,9.920758653851036e-06,1.9084765776049887e-06,4.748353956633113e-07,5.848326669458552e-05,0.00018846392971387627,0.0024647273581304887,0.00013127553152145966,0.0001272669494834362,0.0003618903096562555,0.0001260800416507104,0.0,0.0007008315806107301,0.0002708296239478165,9.023867313544331e-06,5.016979136565326e-05,0.00011944885620821262,0.00012184481298580115,2.173818508424916e-06,1.1118844451938779e-07,9.085649439747184e-06,4.752500780106062e-05,2.1120462712498447e-06,0.0005564517574617546
2022-04-13,0.00012969871312686093,0.00040493937181159344,0.00035500278456970823,4.124372371190217e-06,2.6549854262593335e-05,2.2820773147296844e-05,0.0001406489232144826,0.0009991150725655513,0.0002627754329453697,0.0003810387445654338,0.001023259315111938,0.0012432234256902935,0.0009669413306920161,0.001051995604330967,0.00021931134837535396,5.211413642124445e-05,1.2262347956945934e-05,0.0,0.0010734957689325151,5.006427397368026e-05,1.7773526309206287e-05,7.987125774363052e-06,0.000660795586709922,0.00013167058413064359,0.0007497693500849245
2022-04-14,0.0001569990838122229,0.0005351188234929434,9.512888084574082e-05,0.0004100221629631213,0.00013732160266329815,1.0949609636235882e-05,2.155154129266782e-05,0.0002119400237292605,0.000927020571493566,0.0007539300597629947,0.0018917326292318076,0.0013866011240775856,0.0020613516087301786,0.002466704532531163,1.0638497225427905e-05,0.0018300496421454152,1.0670206001645561e-05,0.00012816477885607886,8.67278097512644e-05,1.860159559391789e-05,1.7773526309206046e-05,3.132604429002969e-05,7.935790101492217e-07,0.00020467929114261916,0.0024075164963688967
2022-04-18,1.6901916792862047e-07,5.899926527736846e-07,4.566715312287182e-05,2.4811413905016337e-05,5.861400690850071e-05,9.562976612065287e-06,9.374710350365462e-05,0.00011028063165394395,1.7737913343609288e-06,6.065522539432092e-06,0.0005951961769934662,0.00037614428428063877,0.0007949656835999105,0.00021219106051072753,0.00021158243091171157,8.499395601835006e-05,2.2119003030657316e-07,3.535806036641051e-05,0.00033796235152448837,1.6438198956767366e-05,0.00015699487209632748,9.15536097774885e-05,5.881074800762418e-05,0.0004372948017139927,7.884476705707879e-05
2022-04-19,0.00025643318835390564,0.0004886175721514852,0.00038970789812993315,5.653386838637893e-05,6.366804487448445e-05,0.0002319001496950372,0.0007154316115026749,0.0020387933209729883,0.00019646051536564602,0.00028547505045536166,0.00035616499709607944,0.0005513226960335289,0.0015726413523315678,0.0016998914806776195,6.689992381140644e-05,9.400129663808538e-05,0.0002644550797810314,0.00018630153250713698,0.0004200534877822341,0.00046471225819218995,0.0009031212268017653,0.00022056764783013206,0.00012748109399522074,0.0010120152143242127,0.001015390581212887
2022-04-20,5.498661145556986e-07,0.00021584521008021035,1.4538774131877176e-05,0.0003970482959985471,0.00010680280825157988,2.384374948177482e-05,2.9574720406706217e-06,2.432301447320323e-05,1.0321831058549697e-06,1.3754708155344014e-05,0.001074986951877793,0.002583182824474693,0.0037404136962124078,0.0007700494531780272,1.4823836936856343e-05,0.00015623202879392223,0.00017419412287738654,4.743626206786227e-05,1.2266064770560296e-05,0.00027194764701588263,1.948673178022825e-05,0.0006890867876421142,0.00015578591670409542,0.003269117414253687,0.0009291268266775028
2022-04-21,0.0002270018063139829,0.0004371581038033596,0.0005127258780684661,5.514643139508614e-05,0.00011420346078486085,1.2701693288016455e-05,0.0004525306978810593,0.00012833969889658564,2.3575748878791706e-05,0.0003830415341628915,0.003890611695826694,0.001011598486793601,0.002599354697598665,0.0047613534204957635,0.0010399805685846926,0.0001152335762153439,0.0010292666273407042,0.00025491811477502106,6.056363688368446e-05,4.840851097121758e-05,8.32962585390828e-06,6.093317823238848e-07,2.2569525829429847e-06,0.0005587273069807468,0.002058064306161122
2022-04-22,0.0007741034142617276,0.0007040919139622021,0.0006877935590622908,3.986125377833823e-05,1.3122670643818754e-06,9.544628294059197e-05,0.00045313206577999703,0.0005495358902965531,0.0007961062740746658,0.0005973475635171016,0.0011328123686337715,1.3722798713730215e-05,0.000276741942942474,0.0018623590424826613,0.0006128894851825424,0.0045888225429097165,0.00019935977220994462,0.0009136735375626094,0.0008493094350065201,0.00031327127178921234,9.951187433639636e-05,7.053746986602314e-05,0.0003612782463631324,0.0007986343844111622,0.00036922174964096154
2022-04-25,3.341848951852258e-05,0.00016291322755892653,3.665006763532601e-05,9.902387057069873e-05,0.00012205589370343637,0.0003288576428307607,0.0004730545586500017,0.00048371029819965344,4.508219351987167e-05,0.0005817753273406125,0.0003856099601838602,4.9269485808489627e-05,0.0012527079211800993,0.000737247928260621,0.001130982604844458,3.41374034050407e-06,4.259688972708016e-05,2.7480265733158657e-06,9.948363916156401e-08,6.524385918477142e-06,0.000591674325135504,6.44767555496881e-05,2.6004367637813217e-07,0.00019894535723207147,0.0008134287251014296
2022-04-26,0.000863681289542536,0.001480377110012312,0.0010257126862359127,0.00010033707045841701,2.74017555562905e-07,2.3221352414947325e-06,6.855393281884705e-05,0.000573946083945862,0.0014472426721583761,0.001453240566536974,0.0033179696558922594,0.0168812481618705,0.004887860059501361,0.0037141430699807938,1.8397362897374766e-06,0.0008987240896009358,5.1827534861514525e-05,0.0006471247393750506,0.0009016527798944189,0.0002748296530503468,5.1492124229960657e-05,0.0002932779977515253,0.00011035093557500055,0.0012580846406947436,0.003958327594361709
2022-04-27,7.883845079837032e-06,1.4375381202396362e-06,1.733221692546766e-05,0.00016664780374974893,9.29933349024501e-05,5.754319711383295e-05,5.502281960275949e-05,1.3870513209444109e-06,2.1546051831859436e-06,0.0022078446951668287,0.00040211121409242226,3.353427865157419e-05,0.0004994019313156513,0.0013578022974062188,0.0002111814208148291,0.00029769688694137843,6.206048987659606e-06,7.215908511838325e-07,0.0001713843668731133,4.3763545241570454e-05,0.000197924797712459,7.2614195259641844e-06,4.690995604966016e-05,2.351291665276397e-05,8.643411178908642e-06
2022-04-28,0.0006222980657732934,0.0012180081669383707,0.00034206577592717344,2.2163106609874795e-06,8.944913560389166e-06,2.8985354011044916e-05,1.0644763798346248e-05,0.0004903558808612673,0.0019506098974847296,0.0005008696117184934,0.005127541405196874,2.0684572456189467e-05,0.00019657155560329402,1.3035561289956785e-06,0.0008923770634483864,5.082867998268955e-05,5.440411910111839e-05,0.00016055289266759978,0.00024614779175953706,0.00033301579171144785,5.536214971005735e-05,0.0006298377504617135,0.0001610764994757568,4.819751551798738e-07,0.002938694499596254
2022-04-29,0.0014179749486598941,0.0021199145445720594,0.0008587430079010013,0.00017050786654706048,0.00012383551662576686,1.2765236889346415e-08,0.0003203970118288458,0.00014048720980591595,0.0013906503087414352,0.001824256018148225,0.004155656081193059,5.962863438185226e-05,0.0013143447387745939,0.007198288591363109,0.000676326742689117,8.07128303632806e-05,0.00048180400091502544,0.0012265078526168618,0.0010758765808750578,0.002207427619466615,0.0002718426389551818,0.00031176265073397705,0.0004338396521273195,0.001040766598361285,0.0022138356215276487
2022-05-02,3.601779289316435e-05,0.00027416419501875903,0.00010888673313389844,0.0003057616580352253,3.534939502765687e-05,0.0003502333674848522,6.581541585333173e-05,0.0002460983537431906,3.858499636638357e-06,0.0006118114949487986,0.0026829537567886375,0.001316947611893448,0.003808105242967823,0.005443245253710314,0.0002509622718718885,5.2432405724248376e-05,9.219167328756805e-06,8.388902292110617e-08,8.263795758776164e-05,0.0005975710040582567,0.00010275055212275972,0.00018517929409940702,4.386912057104043e-05,0.00027598883614900823,0.0024285225596305886
2022-05-03,2.0916768536398666e-05,1.1388117071395906e-06,7.267093437206147e-05,4.514781656743294e-05,4.129380676955513e-05,7.00004257470334e-06,3.680679435814661e-06,0.0004751268262879187,9.171487077413659e-05,9.027190313911473e-05,1.2433724670593635e-05,4.8496946436024764e-05,2.7040347164333375e-05,0.0003287098071608547,0.0007641496050612675,5.3028041640495794e-05,8.372400950036951e-05,0.0001677542418417153,0.0004491695278338517,0.00015242606904717644,3.844560931357155e-06,0.00019033298159479084,1.2117718912320036e-05,1.9411230248702247e-07,0.00020325516866580363
2022-05-04,0.0008999075345681127,0.0011057564948795072,0.0006935778406593359,3.0192842077777142e-05,9.485160441537183e-05,9.554313310660967e-05,0.0004568241567436836,0.0020251369775770457,0.0016152303624109975,0.0008228639524380773,0.0013441693795617367,0.002171186544706774,0.0025059425158907985,0.0026999181119595696,0.0016560713927181723,0.001691917554905586,0.0006209288507584558,0.0009083516243625499,0.0010592310007749492,0.00013053902995724712,0.0001135454677181176,5.3798130100440474e-05,0.00018880222926606752,0.0005282395062140674,0.0075805325647468
2022-05-05,0.00130970244995931,0.0026704803659454994,0.0017147815959351821,0.0007717714944209116,0.000238679845141997,1.4580327055580429e-05,0.0005653304179502901,1.0470870862017026e-05,0.003286609830238336,0.001983103692295738,0.005791217920792682,0.007562025782160677,0.00874222757932547,0.016977713375215777,0.00022984331343557776,0.0009227837548193705,3.3959630617407616e-05,0.0008742045302340723,0.0006420117651425418,0.0007306238004548749,0.00037149808733068267,0.00034598809981929626,7.404814329990747e-05,0.0009794527797706626,0.0032996300806911365
2022-05-06,3.584419867635093e-05,0.00014527492535865486,0.0002816491655878033,0.00022036995227966096,7.287817203784101e-05,2.7373865285526035e-06,3.3542195135393655e-05,0.00041186982506094484,2.2244227487963992e-05,9.008702168797603e-05,8.115415649704176e-05,7.70106929894379e-05,0.002062403064139499,0.00931249732018323,0.0008626238229081397,3.534695123469566e-05,0.000198016975618302,5.1420684007497675e-05,2.608937389450477e-06,0.0001425707295287632,4.880372701358311e-06,9.84261781216833e-05,0.00044265857588118726,0.0004333620838894759,0.0002414460934811143
2022-05-09,0.001058912613129341,0.0015930610025782388,0.0018467829613873234,7.6714518534799e-05,1.2343219650987413e-05,0.0002127323658539313,0.0009590338921731143,0.0049137258426488846,0.0011392176515400306,0.0014171387669447864,0.009393049836204394,0.00904641356436087,0.010780166914816303,0.047054866699849124,0.00745690729964323,0.0015781428313631136,0.000568598880751558,0.0005847526702831532,0.0002294654681883786,0.002028923813332481,2.946693054013135e-05,6.266337608049744e-06,0.0001353303948122394,0.0009284970896486579,0.00978611578823931
2022-05-10,5.326839655635316e-06,0.00014582244217512525,8.16891444671763e-08,8.152390816478865e-05,1.7790094106373675e-05,7.192847461932986e-05,0.000588350458026406,0.0007291964989643281,0.00025546862592257317,0.000339464476847557,0.0013947832042972188,0.0002654849083406145,1.4796692917445808e-06,0.018129005268265275,8.155927443685862e-05,0.00026005597554190965,4.3658520594319717e-07,7.89685805877539e-05,0.0006088117190410406,0.00033811253124535804,1.833871973538505e-06,2.7913990250330145e-05,0.0002009976554027364,4.25355996241672e-05,0.000732973100894713
2022-05-11,0.00025643908116087627,0.0009064158796402243,0.000633954426071704,0.0003643783775775721,2.1586083808967368e-05,6.616127282420883e-05,0.00026360287047479694,0.0022860018552891812,0.0028337931501561287,0.001140646839720394,0.0031817227108589833,0.007422279024565264,0.011341649030156033,0.09396494574481906,0.00017770591161860722,0.00011831227644012843,8.471661414196428e-06,8.586362311322835e-05,4.00486886212442e-05,4.560302953538439e-06,2.9543891904496827e-05,0.00020118977531118315,0.00011050108292431274,0.0005384917384502085,8.410356184381093e-05
2022-05-12,1.0908971577179815e-06,5.603983323500077e-06,0.00013584385555536496,3.4857351651767427e-06,1.9835138879842057e-07,0.00023878612799727389,0.0014804139097981638,0.0001779874327528801,0.0007432320107867463,0.00040641249762908544,0.000769571960343422,6.737093972685947e-05,0.0029464322582736383,0.007266089430668735,1.792501993734752e-05,0.00011406754913339367,0.00017696799417223614,5.678848359257353e-05,7.170656251538937e-07,6.040854866509587e-05,9.663656243849962e-05,1.656955362154388e-05,9.009309851680307e-07,7.38076617813282e-05,9.66245981969366e-05
2022-05-13,0.0005582110619169643,0.001324207741056259,0.0009734222000728464,0.00022174683820933548,2.7778484892822045e-05,6.630238584144327e-05,0.00024237866788633553,0.0006525425017573825,0.000987054405269668,0.000499297964986265,0.008178756315011842,0.003086561536208777,0.012488463420547302,0.022072271435349972,0.0011297353966995838,4.0738008830867415e-05,1.7786325229341387e-06,0.0002079084133228903,7.84272251657542e-05,0.0006794035347865153,3.3075139342833046e-05,0.00011378638950740909,1.4882017240982763e-05,0.0008145817048235127,0.007839645597166567
2022-05-16,1.6530639245432978e-05,0.0001359397950702227,2.2893431400121903e-05,1.0720101222643064e-06,1.8030255502633585e-06,9.012235855253216e-05,0.000671985480712407,0.0004957333464313058,0.00011512149998329278,2.1150450609669525e-06,0.0006390855818378756,0.003666980197020181,0.0037206753173605073,0.009084035731331793,0.0006773482286039689,0.00019320579482147034,2.9748705909199452e-05,7.032359461088144e-05,4.891372697770891e-05,3.998139734920262e-05,4.803719562617391e-05,9.442046557295887e-05,1.1662302411523296e-06,0.0004094560780101536,8.638929214474239e-05
2022-05-17,0.0004145980830384637,0.0006539049306971237,0.0009075094561055182,0.0001477959752242318,3.2957938484519714e-05,3.9678586300299036e-05,2.518971361501081e-07,0.00059334983675858,0.0006302482170516709,0.0004056191249607602,0.002655738867911396,0.002513246458761046,0.0024009184809605415,0.015929291937894215,0.00013254109522956655,0.0007884056985088462,6.16818342851342e-05,0.0006977502192639649,0.0010633930902059082,0.00018305891962528155,1.7197089616024913e-05,8.067255476344938e-06,0.014584061063478718,0.0010475855061544775,0.007009940510202654
2022-05-18,0.0016930557570329157,0.0025337221928781956,0.0012723383348633246,0.0004449417875977845,1.3551575407974021e-05,2.8232613267754225e-07,9.18522730530482e-05,0.000515028382861658,0.0033724869467487597,0.002171449296938571,0.004984040195170738,0.004961408900845104,0.002056542700451639,0.01100074950716405,0.0006743962436491744,0.0005985370441974372,0.00023226558499623432,0.0007795221466389355,0.00029769303019521777,0.0008679722088758922,0.0003512155473702984,0.004140824451912809,0.004945765812850852,0.0016620512301137936,0.003882471857187585
2022-05-19,3.7740193251756355e-05,2.886751519745045e-05,2.7018802279228385e-06,5.722797471218945e-06,7.211887562439532e-06,0.00021287618761323083,0.0007290910584045092,0.00026045033193781,0.000622516293392254,1.3737619297184082e-05,0.00011928526464157183,3.020760524565206e-07,0.0019525534353101858,0.004533449891334525,1.3528567386120598e-05,3.2388322562968986e-05,0.00041037423360445444,4.4205354586822165e-05,0.0002230044013692763,1.9778799853035302e-05,7.972029058736542e-05,0.0005427577971255597,0.0007743756684326105,0.0001250828833576948,1.6341784412657595e-05
2022-05-20,1.9050311691991965e-07,9.688608827878633e-06,6.513648460312789e-06,0.00012738214102814266,2.4054267652620825e-05,4.868798429768041e-07,9.83237925631998e-05,0.00017401133538354026,3.0466325317878983e-06,5.2624832376248275e-06,0.0006467834105374046,0.004397833233120559,0.00021063767636729261,0.0003616375039247712,1.8399698817122913e-05,0.001953728809676781,1.1969966872654279e-05,3.3150535957439915e-06,6.777269820477161e-05,4.028735164706818e-05,0.00030020885435642165,4.031670662860199e-07,1.190085356319464e-06,4.90744408973376e-05,0.0011116663742816518
2022-05-23,0.0003436249545576271,0.00027194018942619985,0.0001445821084456773,0.0002752748410396673,1.270542331300625e-05,2.1525794383291052e-05,2.2310991838666204e-06,1.5299859258854695e-05,0.0015472992127643316,0.0009941245272005854,0.00014752732121573565,0.00027004186481597615,4.079034316228532e-05,5.718230963172199e-07,0.000679791989817821,0.0009920832491951343,0.0004293107925203099,0.0010231069907348576,0.003603942517372506,0.00013301066949401475,0.0004084160902598342,0.000516712134823312,0.0007909888447246621,0.0010727042613397097,0.00027728986553932094
2022-05-24,5.872294258625042e-05,0.00046187650994812047,0.00022275141478257215,0.0003818158934411906,0.00016996305654178877,5.615571542546613e-05,0.0002051976205222601,1.3388698659234347e-07,0.0003764806639097182,1.5678523629003538e-05,0.0020274779719448616,0.005150869582916581,0.005193446473768115,0.0055369309584016166,1.4481807303386634e-05,5.3592891140776505e-05,0.0004957783446328783,4.250746673491148e-06,0.00019673981616662327,7.069487278135439e-05,0.00011801855810569068,0.00031084084829947764,0.00015381253832974796,0.0016719171105944331,0.0017637660350922643
2022-05-25,7.737219861089065e-05,0.00019316207550383266,0.0003182091750045513,1.557469417803412e-05,0.00010519987500482374,3.658131350506997e-05,6.027793587877755e-06,3.406628646255859e-05,1.2982337862234128e-06,0.00012340087291152647,0.0024575650857077648,0.002268148710592151,0.0020585898982190963,0.008184554017974518,0.0004178900459036768,0.0003111909932029692,0.00011434157590346283,6.286283260747901e-05,4.816504951419456e-05,7.124349335360383e-05,9.72367155461072e-05,0.00027318351707370496,3.7714361577883186e-05,0.00026585442110133717,0.0002628524406039466
2022-05-26,0.00039142593517600997,0.000746929524295204,0.0004874648767846376,2.0569892795314253e-05,6.830991540892824e-08,3.424756039391821e-06,2.178720134632256e-06,0.0006380742997165583,0.0005259778231292176,0.00016365228142522898,0.0025318905351265136,0.005132669937059205,0.0014634214815717943,0.0015531260190876663,0.00012071993145000679,0.00030376971653447716,1.0095421262097884e-06,0.0005218091166636677,0.00029386254073063186,1.5115326813018424e-06,7.942064451326509e-07,7.582930594133445e-05,0.0004449455517427423,0.0005063828740544818,0.004065648063642931
2022-05-27,0.0005881873843016747,0.0010315850099620353,0.0007059823335721233,5.945893647657603e-06,2.722864191525507e-05,2.713215819009906e-07,6.0460532990336735e-06,0.00010470214236139972,0.0015958541711006628,0.0007414900151345142,0.0027439155018991507,0.005008225685169506,0.003990970526813733,0.00564140512328396,0.00032844989525518376,0.0003723761086615482,3.2723358985571905e-05,0.00027976553551377787,0.00019708434035142078,0.0007005883101154916,8.175388117007103e-05,0.00023032302153454406,0.0003799146146082921,0.0011920600055584387,0.0012199097721122584
2022-05-31,3.1659821656580986e-05,7.056860459442988e-06,0.00015612924577253334,0.00045751518140428203,5.4763099797336137e-05,9.884873782674471e-05,0.0006693661851693955,1.3696479011341135e-08,2.8734582650634743e-05,2.526621137051858e-05,5.500999619688343e-05,3.2587173182509002e-06,0.0008702108232759083,0.0013136520059540456,0.00022913338052567636,3.55049884973556e-05,0.00029696269842297094,7.924805911713836e-06,5.309400052870023e-05,0.00015225080941852658,7.485222620407929e-05,3.208096581958449e-05,1.361743307354265e-06,0.00010390051804855753,1.5360779967134758e-05
2022-06-01,6.595880270524392e-05,5.510599576601203e-05,3.22860842109486e-05,1.307802809120096e-06,3.422895647773652e-05,4.030772639464605e-05,0.00021057168694064795,6.702075382093024e-07,7.632180110376735e-07,4.083885223639508e-06,0.00036221022259274617,0.0005700764286648707,0.001349016520711488,0.016708230431909797,0.0002609262755434971,6.29970740725547e-05,3.394402832060037e-06,0.00026245879016246305,0.0003133212010694361,6.907786545217426e-05,0.00010382425290722843,0.00023297778685872614,0.0006266390129809541,0.00012957138436188668,3.972717369404278e-05
2022-06-02,0.0003558604041371716,0.0007299440161307563,0.000582174229460674,2.6628318748491587e-07,1.9419939999660782e-07,0.00014967173687432944,0.0005105037702667531,0.0003917805671362173,0.00027793622478364125,6.2376321442474e-05,0.004506145857013362,0.0020896815410974315,0.005049718673338445,0.005314406583526675,1.0013187592418947e-05,0.0001233607716602028,1.690657233184132e-05,0.0001865926711955728,0.0002547268075191969,0.00018623261777733023,9.960906558868076e-06,0.00011496875615961374,0.00026527993681445126,0.00023313878767053397,0.004939687530671467
2022-06-03,0.0002738245186683163,0.0006950562190768835,8.184606001290677e-05,4.633548201896974e-06,1.0084766687153463e-05,0.00010411958416633115,0.0003111307896392808,0.0006313071382467634,0.0015459512594909954,0.00028044583387512584,0.002072855655379542,0.009355559035737343,0.003097068604630653,0.010317407534868563,0.00017311136415328358,0.00017149825721279147,1.2785495009799585e-05,0.0002108285638264243,0.00019705614206641498,0.00018072236760582316,1.7052016382055762e-05,8.112817672339739e-05,0.00030013577148131913,0.0004017107014793557,0.00045428550676165403
2022-06-06,9.243254632735964e-06,1.1060138148779711e-05,1.8668412104109455e-05,0.00034653771490975944,5.030773940009422e-05,1.9478521949949975e-05,4.7563683103929594e-05,0.00014749016843384398,2.718624362055664e-05,2.2227754491102078e-05,1.2387805204603782e-05,0.000253440236513245,5.8018269026824885e-05,0.0033600659135482225,1.249424224929634e-06,1.0690226055970102e-05,2.640799472283398e-06,8.201490095135983e-06,1.0949520933902238e-05,9.982450497106257e-06,1.288385027048664e-08,1.5326231607036547e-05,1.2940985113840633e-05,6.021385108635848e-05,3.762050370922502e-05
2022-06-07,9.113725857528453e-05,7.376975725624186e-05,0.00025598876389078,0.00011539347221865769,2.835015416157333e-05,4.221448902304021e-05,5.382821123831054e-05,0.0003420721285555105,0.00030391382524960477,0.00019203030293582924,5.5119154193694e-05,6.465934471023233e-06,0.0008544227806929215,0.00024610371931419736,0.0008658552287792877,0.0002370869919396823,0.000821129961222804,5.915493877018767e-05,6.851224115290078e-06,0.00018733433573938849,0.00011963420036085338,0.00012290165578619902,0.00014604580394784355,1.3764449100722598e-07,1.2308186590470957e-05
2022-06-08,0.00011950596783916722,5.2172171901336374e-05,0.00024253881147266563,7.920939042010648e-05,3.328685124332515e-05,8.567830914296259e-07,6.920762408078635e-05,0.0004590660223579402,2.55654124584302e-05,5.928411838940622e-05,0.00021275272409677744,0.0001536943050323371,0.0007108830500790247,2.84368043446324e-05,4.706285031733633e-06,0.0001396862360825895,0.0008211299612228024,0.0003150726102564743,0.0002573624551407401,0.0005442419652034539,3.553646200846638e-05,0.00015704535628282125,7.588247254973119e-05,1.7502256079174192e-05,0.0010648148431046075
2022-06-09,0.0005793766684818575,0.0007371031251993392,0.00043882151510873967,1.1054711007561307e-05,4.367746640641182e-05,1.016547257790949e-05,0.00035531562318279604,9.883523096110058e-05,0.0013408753022623573,0.00044108962423026175,0.0010695498598756014,8.04729514210255e-05,0.00391668606207147,0.006703484572448622,0.0004997256193583264,0.0007310302648002496,0.0005955521101001692,0.0006477672174179967,0.00045112903795453896,0.000575615934793457,0.0004138491768074204,0.0003319971580429446,0.0001106984702511472,0.0014717863157566041,0.0009544589811309071
2022-06-10,0.0008657782240661712,0.001289347829822063,0.0007564466846404287,3.870600549842526e-05,9.457129291557707e-05,0.00017750593230786364,0.00012004151180929716,0.000109939821768258,0.0015519220960494675,0.0020781941329531786,0.0037640837875325076,0.0010041106684383293,0.005507847424949412,0.0068088826109219186,0.00029241631428310755,0.001497449655319239,3.4386959957592745e-05,0.0013555384497781929,0.00221425363913225,0.000502660452613728,4.489125152633436e-05,1.441500581525959e-05,3.1395526889323194e-05,0.001481116609315292,0.0016906308286216353
2022-06-13,0.001498310616653129,0.0022669107746292887,0.0023153606642295366,0.001016441324596775,0.0005448964099529246,0.0007164914984380674,0.001209161056548714,6.4956487301631e-06,0.0015239126055645335,0.001878229706078772,0.006626555782034339,0.005427228611248531,0.008486824205158764,0.014683157413998523,0.0028733891762360783,0.0015473180542821508,0.00021488077151796185,0.0009164190978868618,0.0009139037299287851,0.002629855370577757,0.00010272773884114971,0.0007362996348634371,0.0003608459104013774,0.0014310644259725646,0.007428235045757498
2022-06-14,9.106330527925892e-06,3.290100354384253e-06,2.3324936471187867e-05,0.00016113282446593384,2.704054838686839e-05,6.456776892263217e-05,4.4741982863122606e-05,0.00045643383797131935,4.4233442666820376e-05,8.395874716786057e-05,0.0001441582735079224,0.000557258455231982,0.00012423224965262152,6.8922200465625e-05,3.615020487519832e-06,8.444675547493093e-07,0.00034129803382023245,7.38187174819188e-05,0.00028154823187189073,5.8422862336063326e-05,0.00023893212990182,0.0010045830533898653,1.7521009416915228e-07,0.00024618342977084486,0.0
2022-06-15,0.0002003818360771547,0.0006083663564287423,0.00021128270078066955,0.0003416736490641802,0.00024086467205782297,0.00016813037319364627,0.0009002822783215631,0.00030047398700375585,0.0003964811438628359,0.0008585965128936491,0.001824102718075695,0.002848742914816679,0.0040482125901898,0.004144902914489768,0.0004985099669067393,1.1182149412385944e-05,2.4863921803855323e-05,0.0001237341803006765,0.0001384524730507673,0.0005489266217248931,0.00011332428156349215,9.973740501862576e-05,4.4886586207675965e-07,0.0003050167356652695,0.0006868790299232725
2022-06-16,0.0011327411961609437,0.001696028965240585,0.0022490207110090394,6.254043414073891e-05,1.20915018721119e-06,0.000125002391008456,0.00019406184191487038,6.993201111736578e-05,0.0016369608716321575,0.0007474974724246096,0.0033247029232490385,0.007970362341641167,0.004082695050714611,0.005581498439278069,0.0033608404211769045,0.0031308618408312384,0.0005170661706862021,0.0006558456619883551,0.00029946376689327764,0.000709745263985612,2.799796223724171e-07,3.7140641478979595e-05,0.0001067854362097117,0.0002831868050581377,0.007169460592216942
2022-06-17,4.6370697853149286e-06,0.0001460766734698472,6.051740022803046e-05,1.0351092617618883e-05,4.0491940013709435e-06,6.817491375481521e-05,0.00016716118208962464,0.0025540040066313104,0.0001315014621634132,0.00011838809482759848,0.0003141917362201119,0.0002899922088938899,0.0023081313560049774,1.1052798519693516e-05,0.0031607536840344472,0.00012318508632305896,3.7198660216053465e-06,8.491562722806786e-06,1.2480142471060973e-05,5.7067355213119634e-05,1.333734897029188e-05,5.2227466467829525e-05,0.0003804799868788736,4.0460470980131974e-07,3.4425340233761876e-05
2022-06-21,0.0006181213234152049,0.0006208232520259565,0.00031545314929580233,0.0002923328486525783,0.00010207142233913576,1.4015929379500591e-05,0.0,7.196661830508482e-05,0.0010391387625077193,0.0005901861134837561,0.001788619955244252,0.007996672584040566,0.0018388429928102243,0.01333584847957713,0.002551122749503477,0.0003677820474242814,0.0013202876441628486,0.00039047841756515887,0.0005988015902351168,0.00019085642828883763,0.0004298437473796626,0.0008907987693387085,0.0010416084183187022,0.00012526481333227445,0.0007210372067116018
2022-06-22,3.292552567156101e-06,2.1297388847334566e-06,3.6284306474071537e-06,0.0007359775295112377,5.279890698710848e-05,1.581866341195615e-05,0.0001225902116277286,0.0014780453525993467,1.470374261616469e-05,5.793667286847617e-06,0.00015658320530105574,1.6127120787826864e-05,0.00022348460727250805,0.010424328714537263,0.0016691005542573915,0.0019770046729708653,7.078326361868084e-05,4.987417947976569e-06,3.167028373958825e-05,0.00015946630501071705,0.00024511952344888886,0.0002402065520138375,0.0001485457581274825,5.055507166319493e-06,2.2801469845748208e-07
2022-06-23,9.515417588333806e-05,0.0002185356150367144,0.00014175376500584995,6.69376723166554e-05,5.880131359805789e-05,3.779935861171995e-05,0.00039737165815492323,0.0005651004906812215,0.0004555779129345029,0.0005010538109131195,6.865662886533588e-05,1.862448753287028e-05,0.0047086739259763625,0.015873491605786112,0.0014267121207965235,0.002499663248607456,0.00013674709628484386,1.4745389279547911e-05,0.00012099518516982257,0.0003542105350884079,0.000486666384626425,0.0007326359568423094,0.0005753723723415538,7.258608085117675e-05,0.00025238783034749505
2022-06-24,0.0009796330915333963,0.0011349969136414052,0.0009303842678725323,0.00019429635602916567,1.3964783771671553e-06,9.979230734192245e-07,5.186369965301767e-05,0.000816942448211619,0.0005866787725365007,0.0011275995966529687,0.0029207888105371835,0.0019585079111606044,0.0016054222275255826,0.003971446968727231,0.00017096818022363362,0.0014032854873613006,0.0004120108814994392,0.0013109710778145493,0.0008648863469588873,0.0004432426927711008,0.00021119418549137744,0.00020459099968999286,6.539762018535213e-07,0.0013132606979129099,0.0030115735218148
2022-06-27,1.4645784544629548e-05,5.4148357302959874e-05,1.3730788418597279e-05,7.337274835644066e-05,8.494431582818449e-05,1.2492408653602814e-06,1.0519878524451211e-06,0.00040884753797567686,0.0,0.00011135221367748284,0.00022861728234143126,1.0283481335023312e-05,0.0005166869374286706,0.012969514554150748,0.0008359104330180158,0.00012673531622165544,2.5101036840893356e-07,1.1608783444170144e-05,6.471596873270546e-05,2.263775537580765e-06,8.704945977402242e-07,5.8518711781978536e-05,1.0420207620693958e-05,0.0001449107255777164,0.000112809507967046
2022-06-28,0.00042619801565919315,0.0009573201807296432,0.00035934347621907994,2.1609443808991333e-05,7.565562520878951e-08,2.720456386551682e-06,0.00024062722967681106,0.0004560289163238582,0.0009145853669714032,0.0010409728079995848,0.0029175639988355847,0.0026357078894833756,0.0036601434022761827,0.007972399935168753,0.0007100559061916896,6.397790066894507e-07,1.2086555571479701e-05,9.956687373303566e-05,2.3264046990060548e-05,0.0001495168919650256,0.0008326051238683639,0.0002689319664648481,0.00020163469133299453,5.1376703742265706e-05,0.004157242306107318
2022-06-29,6.638031201706715e-07,8.400115880511172e-07,0.00010404813493203637,0.0002398787659180694,3.531658807478478e-05,5.877548396283755e-07,6.806796017790191e-06,0.00044578984178445853,0.0001674325905517888,0.00021404926116036776,0.0007793675791234252,0.0003276101307324533,0.00024884118858453327,0.0008030633893786663,0.0012510281431079382,0.00045596326740882266,1.8795626548490738e-05,3.1999607074713744e-05,2.0248468515278606e-05,3.8749972351253616e-05,7.980215611997208e-08,8.175840941411227e-05,1.3572901073067764e-05,7.946078726285094e-06,0.001235438779214341
2022-06-30,6.654598555285553e-05,0.00015576381639754758,6.118646852874116e-05,7.644820234478176e-05,9.020531258845179e-06,3.715618938809571e-05,0.0007006914796819915,0.001014161770551935,0.00033094876678899636,0.00017600914385503046,0.0006225788648448855,0.0003145507082572589,0.0016047521390626005,0.003185181332973358,0.00045399042668314984,0.0006792044803951795,0.0006803635548430517,7.856325085158603e-05,0.0005572859692236715,3.474332797882022e-06,8.605709600033038e-06,0.00012364824486030534,7.79864579497011e-06,0.00017304317208669345,0.0003873836012602796
2022-07-01,0.00011069261419733063,4.3277365241452174e-05,0.0001447583602902201,0.00010433335717593533,0.00015778093314126564,6.912254255525476e-07,0.000319067012627075,0.0002655153499858147,0.0002571188341262831,0.00011343252934924042,0.0018370378360015912,0.00015258485247056185,0.0010922141747452807,0.0017693176272641057,0.0002205916334707383,6.9311023871609344e-06,6.799152401260775e-05,0.00018441314553110125,0.00016145338637653915,0.0003182651557225423,0.00012677680649397015,0.00025619460702742687,7.394831575273484e-05,0.0003335907627934811,0.0013915053919188007
2022-07-05,3.5597221565960722e-06,0.0002881431834127524,6.806488147273252e-05,6.125128567625995e-05,7.320813725959816e-08,0.0004595792551362931,0.0010361468660673324,0.007768000630853996,0.00035169396204662794,0.00015672245808659126,0.0008948256244563544,0.0006358020196804904,0.007581530449217143,0.014914215157127856,0.0016393845623294677,0.0006623553200123811,0.0018539313139927696,1.1946354772445844e-05,1.452283889979858e-05,7.880773563374377e-06,5.954759645713583e-05,9.404256476593921e-05,0.0001722388812704757,0.00011576679482322896,0.0004225308222005348
2022-07-06,1.1368173665548019e-05,4.0856966186114185e-05,5.5258118339422414e-05,0.000286739176804479,2.4632316424051018e-05,0.00025500952270683907,5.101074780643218e-06,0.00022364656302293741,9.14189359717119e-05,0.00016133756685696502,0.00012170966172279648,3.2915790476598246e-05,0.0005159941880049198,0.004776041637984435,0.0002965310301793424,7.022164185310583e-05,0.0006401129488274575,6.357473700063267e-06,4.2291064069095026e-05,3.3846502418768652e-06,8.060148948554143e-07,8.624131638566044e-05,4.9805576509721135e-05,0.00012959350123993105,3.970910871456418e-06
2022-07-07,0.0002210018075512518,0.00044830131768121165,0.0005471282493567604,7.81336451246602e-05,8.14973815597352e-09,3.0791322345198626e-07,1.1464844036336923e-05,0.0014706094563428382,0.0005624584742392379,6.712335632994651e-05,0.0022084951559938385,0.0028950027185214652,0.00399979355945209,0.011117144201283883,0.00125444220038562,0.002044476702539242,7.613725424230777e-05,0.00020768542986934855,0.0006239088731909235,7.312466964068289e-06,1.2570186329851392e-06,1.1735713916711334e-07,2.3022960656459583e-06,0.0001946881415764913,0.0026106236402419713
2022-07-08,6.771275920739226e-07,1.5711564114612275e-06,1.2997442194321995e-08,0.0001240541429178793,2.6561823519067857e-06,1.8613895256474668e-07,5.067168562898152e-06,0.0006586357035053939,2.2120495472560795e-05,7.622581362591142e-06,1.592641580975245e-06,0.00063086762156689,4.1009585897539656e-07,0.002311420051094319,1.7878960511663543e-07,4.312104972878179e-05,1.9077747798877383e-05,4.750295849299786e-06,9.878996920705988e-06,2.8163998501104408e-05,1.5209982486469666e-06,4.535692900110444e-05,4.074579660634919e-07,0.00026391370863123285,3.9722844683277483e-07
2022-07-11,0.00013200644057798888,0.0004663881468093591,0.00041243188024782737,0.0002923323879399114,7.868502565224601e-06,2.888983515091105e-05,0.00014100767417159394,1.564053952640583e-05,0.00022105384843456444,0.00014015111979326304,0.0019606827254293993,0.004586311833235619,0.005133535640958309,0.0126353103404254,9.274567768116754e-05,0.0005310243483066582,9.299880474711598e-06,6.622391998069469e-05,0.00017432452165615328,4.728002711052593e-06,1.5402290918841725e-07,4.912199062350596e-05,1.5895065220953413e-07,0.0005490146194994069,0.0009432642359092875
2022-07-12,7.89996434559881e-05,9.476222566835215e-05,1.1798357647747092e-05,3.509561877487441e-05,2.0879816157897567e-06,1.3865561175035343e-05,6.392704182542996e-05,0.005155236228007919,4.6381859526983884e-05,0.001750985529323075,2.1441222814297876e-05,2.9685361109079967e-05,0.00025345513137277933,4.434631925864492e-05,0.00038764271602925645,9.199806961449139e-06,0.00014874710425359658,3.975584481262807e-05,9.487490367613815e-07,1.541352013644224e-05,0.00019927316289525414,7.871854851677156e-05,9.204627721172178e-06,1.8246097029253183e-07,5.924094229149365e-05
2022-07-13,2.772586127429261e-05,4.257548894149688e-06,7.657005345766565e-07,0.0001299892587566765,5.567678438669168e-05,2.2812716555867062e-05,0.00020258082982886212,2.7097835078459878e-05,6.449456600649051e-06,1.407775968752748e-05,2.9399676871909018e-05,0.00028527229883327994,4.926923247764937e-05,0.0004512130079282246,2.5529048474860856e-06,1.2669177614871251e-05,0.00021242491685307164,7.911440799230502e-05,8.887183195951717e-05,2.3225376561738197e-05,5.4494825277589414e-06,4.279004692574989e-05,5.740522581327832e-06,5.0075590545962816e-05,0.0002273134391242894
2022-07-14,5.912472902863937e-06,1.2705981557198715e-05,0.00010664060130002765,6.711407671497925e-05,4.0696726235409074e-05,0.0002001276853318957,0.0015829412572975362,2.1681327811476916e-05,0.0004110966840587755,2.880558551798242e-05,0.00018559995758660327,2.8702637348516348e-05,0.00043655437831961497,3.609935517684827e-05,0.00036401486094778514,0.0005226960138647436,0.0003620644327573252,0.00037366187138398934,0.0012647841442302273,8.178715710281368e-05,1.8690384133116428e-06,8.735357875397499e-06,0.00037455795043483367,0.0001417574205873135,0.00019142813699462644
2022-07-15,0.0003581531236925324,0.00032316567233069203,0.0004245687128736727,3.1502419987041466e-05,6.384742546551708e-05,4.04201300815554e-06,0.00012353225265936143,0.0001474488581062593,0.00012962365417646884,0.00010685189661987878,0.0006277098597147945,5.373328534795004e-05,0.0005365542490461783,4.7643400480241896e-05,0.0002613907409995267,0.0004016133341207418,2.3355109237881357e-05,0.001107045501129671,0.0020083020981915395,0.0002825323669957159,0.00020767097169787838,1.8979700204813582e-06,9.470905797421308e-05,0.001291107346032368,0.0009881331709192828
2022-07-18,6.874617699775145e-05,7.222459261796289e-05,8.037420979384058e-06,0.0001096880049891233,4.899548849835003e-05,8.891543053904623e-07,3.0401711662643843e-06,0.0016637787735920176,0.0004351153077377805,9.347352258855334e-05,0.0004528148558100833,3.989729069004884e-06,1.0105813276325906e-05,0.007541341638884313,0.0005121891057750566,4.023574795321792e-07,0.0007985344950691589,1.4311168720159235e-05,0.00010656736413554028,5.050146033011564e-05,0.0005152270286637946,0.00014899229984709108,5.414880035114887e-06,2.744108814049631e-05,1.5503856003668204e-05
2022-07-19,0.0007107839814266827,0.0009174697238385667,0.0012024103577261886,2.925906546661847e-05,7.772906860716613e-06,5.6864308230835784e-06,1.645838504691002e-05,0.0002564763120985269,0.0006954406896260853,0.00042248369049946655,0.0029010451509643848,0.0004204568894670212,0.00166271811719711,0.013258877107372617,0.0009194305091789391,0.001676099456744198,6.356345583727423e-05,0.0008740766101817014,0.0005990981728985837,0.0006535498516819556,0.00021566615343817074,2.5817033078150862e-05,3.7408094009086274e-05,0.0016035471129149167,0.002831004195333108
2022-07-20,4.0362320687246293e-05,0.00024749755862718217,0.0002417471394687956,6.869310645924962e-06,1.1628742302384203e-06,8.923653869580523e-05,3.364582558403105e-05,2.774061084597453e-05,0.00018007928428984796,0.00011029513292973505,0.0021948143734122783,6.38632350467455e-05,0.002441724222442233,0.017957585296045978,9.278885687930115e-05,7.132497475634406e-06,0.00015182908518030684,1.3490972545668555e-05,3.048394732053374e-08,5.54957671193446e-06,3.276939529414429e-05,0.00030408601281714645,6.891309821513651e-05,0.0013585556602548944,0.0016406759857231588
2022-07-21,0.00010264927208171123,0.00020314752552546712,2.612139810672958e-05,0.0002933822097141316,0.0001841885151885426,0.00019633044402326042,0.00014743627094247034,0.000788631388543605,0.0002244435419398498,9.50888782011147e-05,0.00018371411088268226,0.008707216124166488,0.00029948970312220847,0.00029883250925234734,0.0003127477995551291,3.19422096659614e-05,2.5596256932550204e-09,4.090487275904737e-05,4.606230760440251e-05,6.243925643815694e-05,1.2309990641965878e-05,8.930533615086049e-07,0.00021067188486845374,6.398246291388832e-05,0.00033825789463756527
2022-07-22,8.688602698684049e-05,0.0003129663695703749,0.00025858546282108325,0.00027793251748385795,5.9070668022480955e-05,6.213259132421146e-06,0.0002266622609475255,0.00016380048464646296,6.632302968885674e-05,0.0002910649988185431,0.001709131380926026,3.893826166248035e-06,0.0032424062882849608,0.001905618406628,6.81977691076246e-05,0.00017374642914603464,1.3566826491782413e-06,3.345998571328019e-05,2.3696340775593885e-05,2.7020604166674828e-05,2.224900731113729e-05,0.00025145249503167997,6.596945995426257e-06,0.00019918558553739328,0.0011139221933837077
2022-07-25,1.4738493664816065e-06,3.2623813511472104e-05,2.670023324457772e-05,9.668915962435771e-05,7.198007459665656e-05,7.520232893742685e-06,8.796045703385059e-05,0.0005027550055881531,5.5140236238726054e-05,3.4736497619330434e-05,0.0002951561112858438,0.00019863485889493642,0.0001705065067904332,0.0029598601543900094,0.0012978876901583256,0.00031335259686062725,0.00016223738184916302,4.0849532792131094e-05,1.600287223668651e-05,2.8610466841695003e-06,3.894666723915199e-06,4.5689105775048174e-05,2.0676374487359427e-06,8.5246587996285e-08,4.066196366486203e-05
2022-07-26,0.00014164363900561692,0.0003938135430686313,3.80767269438924e-05,5.872642462591422e-07,3.15221637707286e-08,1.4078162253628812e-06,0.00011119557493095154,0.00019613129134934832,7.859983438912145e-05,0.0007365447841676957,0.0008564704139412138,0.0013187951058211912,0.002394401045625503,0.0560584010579899,8.32671960563138e-05,1.0209472567521634e-05,5.635432971819994e-05,0.00019752572017403382,0.00024792005254985645,1.1145056669824084e-06,4.969287082153854e-05,3.7734604247780662e-06,0.006256248425443716,0.0008263977039932724,0.0007026595407400848
2022-07-27,0.000657141425361048,0.0017132267098176398,0.000506097223326524,3.17377581734751e-05,4.403250679805785e-05,0.00010268715850248188,0.0006409929488830656,0.0012546884423955708,0.0011331300689245531,0.004187677178933238,0.005369676056628176,0.003579514760654145,0.004198691495429653,0.011168615028478608,0.0004983585022350441,0.00048132760528361455,1.892509000316228e-05,0.00023309147547495416,0.00025341362999399086,3.595898081648478e-05,7.659499681259722e-06,8.932701287183367e-05,0.0013761380985463547,0.00133984406683687,0.002726881203593642
2022-07-28,0.000155362032620065,9.468849277125202e-05,0.00018621186618561437,6.287308798248473e-05,6.814432818413184e-05,0.00014669279348138403,0.0021234460750812947,9.117443517041114e-05,1.2707728804440604e-05,0.0007919145542893666,0.00011763168154130646,0.00047883714642942953,1.8675480775285373e-05,0.0031929930571011544,3.140263889685823e-05,0.00019276949577023568,0.00035127563753184184,5.251133992673249e-05,1.3975639864353218e-05,0.0010173699353535947,3.3142514933156386e-05,0.00027158962108621835,0.0006079117560608766,0.00018052370741264035,0.00041564965623911815
2022-07-29,0.00020948202786709693,0.0003266203673736013,5.004946414329429e-05,7.404582771655215e-06,5.562898833910048e-06,7.88006843271285e-06,0.00021152143252781375,0.00014059821282435406,0.0010411581122687934,0.0002416059706164507,9.809757820101202e-05,0.0031627496364203963,0.0005289825237847979,0.00012861951088716356,0.0018028269105484,0.0029093659355240976,0.0003555720536477326,0.00019713500918542095,2.2840423985293067e-05,2.8837642205243498e-05,3.369107221459936e-06,0.0040693522215402575,0.00030875067961202063,0.0001293805761305566,0.0009052386833746957
2022-08-01,8.79424101467191e-06,3.6304532603891867e-07,1.3985112850413724e-07,0.0005663392682226038,3.899782026469822e-06,3.1936432936235534e-05,2.305245758855066e-05,0.0014538798359702261,3.809771603714267e-05,9.549041620942407e-05,0.00023073284209748098,1.8166406737975707e-07,0.00015208320070851485,1.7124117916943365e-05,0.0004357455055739784,0.00029747701878026915,0.00017245216415737578,6.956995733082693e-05,0.00010037548265755752,6.588369112484402e-05,1.2260376371916793e-05,0.0008019634824905053,1.3718666069806496e-05,1.2777744295683743e-06,0.0005836095461769553
2022-08-02,4.381589987247866e-05,8.916910537691877e-06,9.258013835800417e-07,0.0004573912892716851,0.0001511883788390689,3.547381865382015e-05,0.0004174206611471228,0.00011218956200771346,8.706239073929934e-05,0.00013319089095701047,2.1146276556030874e-05,0.00012260843852066443,0.0006943992340704745,0.004866201808237935,5.504734659865163e-06,0.0036014661624639522,0.0005019887400246866,0.00012386257400380594,0.0002467413290584163,0.0001669068549558828,3.259014721814663e-05,4.449489189866196e-05,1.1142203228487104e-06,0.00020499892611273147,0.0006555915219735148
2022-08-03,0.0002414408382976865,0.0007219133350998189,0.0002131246543791819,0.0002440513138702243,0.00011687248298815446,5.930569527313959e-06,1.880129546635721e-05,0.0010315914668078882,0.0014088261643068812,0.000753827308332178,0.0003847980683426713,0.0005018880746456383,0.0034787068514431137,0.033849031770985305,0.0008487641327815931,1.2205746243138754e-05,1.4685754896482995e-06,0.00022531785509654777,0.00010900750341256932,1.0201084267622293e-05,9.237461460815734e-05,0.00041742733206410354,0.0002744620047798172,0.001627046412830848,0.00014785302741571993
2022-08-04,4.568822568539514e-07,2.176673828723091e-05,4.452972031205562e-06,1.1244093343636356e-07,2.471925441642146e-06,0.00026911397485222203,6.528225491124046e-05,0.0007604658094295067,3.717139871095533e-06,1.7381214281382435e-05,0.00028560615269976705,1.6119840651105648e-05,6.733486972416449e-05,0.009103348540807197,0.001428235023214161,1.765543312159494e-05,7.447235226250902e-06,1.0778366656676301e-05,0.00012240202209157875,2.38407135378825e-06,0.0002613918818083856,2.5243887855887038e-06,0.0014830009374718494,6.8718313327543e-05,0.003322345145190989
2022-08-05,2.8616257817862576e-06,6.728226790673369e-05,5.8192727980183724e-05,0.0005803953348599803,0.00018552819218671887,0.000127911156463562,0.0002812570098700967,1.955007244642285e-08,1.932472408338722e-06,6.825127862073519e-06,0.00013998640432363069,0.004706414393909248,3.980999003124884e-06,0.0020816275033961966,0.0003850319086320496,8.995464638266598e-05,1.6205560108258664e-05,5.11094924528396e-05,0.0008887031043959948,7.716697905189642e-06,1.572935620914662e-05,2.3409153168860123e-07,6.417359932777413e-05,0.00019256632106335017,0.00024080146756408835
2022-08-08,1.349289761691469e-06,1.0479688812235763e-05,0.00011091282540900616,0.0002564026092131648,1.5787118005285305e-05,7.11382310911303e-05,0.0014045749766605166,0.0007602560845358754,8.451814914294444e-06,8.458197193463969e-05,0.00423209026839211,6.0668843759726776e-05,0.00020950758378214732,0.002707588081784058,2.6896746465817863e-05,5.119868212861058e-06,3.5976100893596635e-05,3.5225065302622386e-07,0.00015019301642548715,7.918647501622778e-05,2.8435152046054205e-05,1.4390373368101176e-05,6.568137687131075e-05,0.000528616828335985,0.0004900670456070995
2022-08-09,1.5831414486019073e-05,0.00012958005725764295,0.00018861141763790938,1.5163485946714233e-05,2.0292916236729487e-05,9.332217257621485e-06,2.775957954153476e-05,1.4997119048678346e-06,9.201625661904943e-08,4.953907738397306e-05,0.0016439433178122782,0.0006108586275458749,0.0031439134639354304,0.012427272815721405,0.0003030390980506904,1.400381752563082e-06,0.0001210874107273389,2.5362741415242807e-05,8.041189156522963e-05,3.0076726749556247e-05,1.3819268861200613e-08,5.491417314955841e-06,9.65422159348546e-05,8.140104218639025e-05,0.0021459982600971436
2022-08-10,0.0004320738912977052,0.0007578122206124614,0.0007924513498162761,4.294568359898812e-05,8.888939832248689e-05,6.325783638417073e-06,1.1151158232742458e-06,0.00013865602573255334,0.0006686025268433589,0.0005764701249856599,0.003304693732435514,0.0014568008811239636,0.005057248631315714,0.005053674756059236,5.1816925413622374e-05,0.0006199277249749393,1.1254914305644722e-05,0.000493284229648726,0.0006632271449426231,0.00022731137301309744,8.266134862897217e-06,8.852555744964907e-05,4.379378660004231e-06,0.001520727460495286,0.0013017509874171434
2022-08-11,0.0,3.2400773175924274e-05,1.387454531072219e-05,0.0005562653941263891,9.396509256588703e-05,6.978615424038386e-06,0.0002215932981565629,0.0006775960060719334,1.9724518488586778e-05,5.518116152546238e-05,7.399157544416986e-05,0.0007075576203826134,0.0010574446275747867,0.012988301727711295,0.001143905899862245,0.0002907695821773319,7.048563457108479e-06,0.0001387770809455516,0.00021531135632369756,5.744811536659827e-06,0.0004368156022042602,5.090178359727148e-05,9.211994829646413e-05,0.0020906187189150115,8.899198960609603e-05
2022-08-12,0.0002818110531302794,0.0003718563877355821,0.00040872428953399255,0.00010180309735819639,0.00013302606645165487,8.3831911578193e-05,0.0006984708661049517,0.00029547233188127964,0.0004493898340079973,0.00028540243651905856,0.0017522989605202757,0.002087600144959973,0.0016821683850378984,0.0055387122143312475,5.696346299045981e-05,0.00021120878092218643,0.00015600358105791648,0.0002429731552601631,0.00026989053898487155,0.00029083272407492993,0.00012253430860517434,9.332072695974084e-05,0.0003355517656009564,0.0010521072374480441,0.0007422737425283168
2022-08-15,1.6912676603611066e-05,6.477806425944161e-05,1.2513300068745566e-05,7.502019169389448e-07,4.913383132439577e-07,0.00016771617780959899,0.0006704532438496047,0.0008069713306349265,3.986397776777797e-05,2.8405875318374833e-05,0.0002929910339662804,0.0009298778049491511,1.1936497699918417e-05,0.00026318983122119674,0.00038772705655499624,2.053652470284647e-05,7.472930680634336e-05,7.898734956854845e-08,7.281724573973174e-06,1.618028285424361e-05,2.273114278208554e-05,0.00016393230608201584,8.236857043933872e-06,0.0004789916902376271,3.1812090723609e-06
2022-08-16,3.8284011748428205e-06,5.496585630150697e-06,1.5841978090191627e-07,1.7213812817395245e-05,1.491270937543748e-05,3.0682075266839737e-06,3.4881901532295255e-05,0.0005180078965593686,8.545743588352991e-07,6.724347001809006e-06,6.515006758240428e-05,8.013876729386481e-05,0.0007939026583039222,0.00030028783379413675,5.485224921356008e-06,6.368558170599553e-05,2.3974594600140613e-05,5.3095578074467674e-05,9.041472012032758e-05,7.008402159483964e-06,7.870532137001603e-05,8.426124586987046e-05,0.0024795700206805393,3.155645977220714e-05,6.482479712836839e-05
2022-08-17,5.074078608528841e-05,0.00013159179762642966,0.00028763005723286497,0.00011007834417576429,8.936499832847887e-05,4.211161082121026e-05,0.00030214361983760686,0.00012782419712496456,7.650126030605897e-05,6.967220004310404e-06,0.0008548804548193068,7.068737378466253e-05,0.0030127861563569993,0.0031718558110127412,6.894031247559313e-05,6.532669905451306e-05,1.0519833938304643e-05,2.53917190570854e-05,7.13651988838715e-05,3.607730472022694e-05,3.5211503294284087e-09,2.1275884946545414e-05,1.1568991094776581e-06,0.00030120405398950683,0.0003782791595848924
2022-08-18,8.423168004332113e-06,5.768905306989063e-06,4.365614436512189e-05,2.1929116378581883e-06,6.6098691995074775e-06,6.863585137648431e-06,0.00013394624121885025,0.0008725250406959324,5.2635496406004805e-06,1.5643795698464704e-05,0.0005573396576017518,1.3787147035833308e-05,0.00012312140200628177,0.0005441537483360746,0.0007032452142852812,5.215004368466035e-05,2.5860312044211674e-05,1.2586082435577926e-06,6.052222324801376e-05,4.4079872493499936e-05,2.3475835204571015e-05,1.2567308767141558e-05,1.0436761390730071e-05,1.3008908222947275e-06,0.00047706424394764276
2022-08-19,0.00018303703564072842,0.00038767783955306147,0.00047088011806036754,0.0002635226651550009,0.00014246418948797045,5.398653447230387e-05,0.0007583226601595001,4.093974054653091e-06,0.00023156509451530765,0.00019462581825709725,0.002547462686224007,0.0004282629365728327,0.0037185630354214095,0.014306972643927532,6.34555565128087e-08,7.933328699824244e-05,2.391020946605888e-06,0.00040422127312968507,0.0006278208986751196,0.00011225451849956745,0.00022848962445936097,7.127760290163907e-08,0.00022054078684452915,0.0004343106488681348,0.002091540943912503
2022-08-22,0.0004427815915870431,0.0007118313975958888,0.0004333108994691204,1.133956985580563e-05,4.546754388533364e-05,4.4346321344832205e-05,8.139754561121342e-06,6.950190476587547e-05,0.0005428315270211687,0.0008877321239016688,0.0021842526801833006,0.0005302484054377317,0.0005984482369583093,0.0012671993927262193,3.5704105458788235e-06,0.00039312288952591683,0.0003116544059379083,0.0004960204676663903,0.00027756252109526023,0.00048601461645882485,1.2352087353679398e-05,7.155976885829107e-06,0.0003255231323869918,0.0012662876328306677,0.0010856793486063987
2022-08-23,5.867207294271788e-06,6.840747853814944e-07,2.639739986468159e-06,3.0456344930422665e-05,1.1701481344903285e-06,4.8532835867186354e-05,4.670064760634563e-05,0.0008055884420343722,4.124753761899466e-06,2.2349719754385418e-05,7.38366610767872e-05,0.0004976386362953991,3.0454885437838253e-05,1.653165618697873e-05,0.001255002831239239,0.0007853774002883267,3.3339191914306568e-06,1.683515813070018e-05,9.81230049063936e-05,0.00016701691664387498,7.65605500884635e-05,0.0003792697071224112,1.801751555251419e-05,8.75877039923476e-05,1.4265989550467588e-05
2022-08-24,1.0214395471524966e-05,8.368362580932748e-06,5.801568960273906e-05,5.395629872764632e-05,8.866755799812661e-06,8.67055434853826e-06,3.218073580780717e-07,0.00024418171342653107,3.212295423009391e-06,5.541669893929611e-06,5.68046207369214e-06,4.699246564858291e-06,0.0006615830993568545,1.7689198490728817e-05,0.00014924781581527986,0.00024294267732433616,1.852435771545569e-06,2.7794494223557677e-05,5.861426820691178e-06,3.25697021311886e-05,1.099576665800173e-05,1.8584076486469787e-05,5.2024954324962494e-05,0.00017967858746530758,6.716253433994398e-06
2022-08-25,0.0001965312922898867,0.0003072040369818366,0.00023778467023919517,0.00019154524628365923,0.00010507169804757348,9.352014501860654e-06,3.199198146829336e-05,0.0003972362566446389,0.0002194112829421848,0.00012175289680526218,0.0015475702695861657,1.1983152788025948e-05,0.0008041828986864123,2.371864233791488e-06,5.874824205477502e-05,0.0005769203956233315,0.0001277616490422815,0.00023608929755570746,0.000550850772030674,0.0002187166558965605,8.681485066962011e-05,6.776695390182689e-07,4.416711608115369e-05,8.062957264276275e-05,0.0021970641706906342
2022-08-26,0.00118579369214801,0.001751545383774468,0.0011160743459732712,5.6392742506847915e-05,3.614420433805813e-05,0.00014950327542346598,0.0004447606782268674,7.281303027840613e-05,0.001476729556148757,0.0015485131175624449,0.009373818164254977,0.0007465473663919024,0.004405650105492072,0.004498815520054234,0.0001383121627207831,0.0012689976617146325,0.0002982365943053528,0.0009227115924749257,0.0011073252921759318,0.0006504242105297777,0.00029791946170204504,0.0005608637479173626,0.0010196070563789352,0.0008576437293921974,0.004061430559449514
2022-08-29,4.4010176980080826e-05,9.810286100704168e-05,8.55571231179644e-05,6.902249322263674e-05,5.4863791099892334e-05,3.819815070465146e-07,1.6324765446943597e-05,0.0013511820213142618,0.00019002053013016362,0.00011503592803789696,0.0008199755419703315,0.0001303134370489316,0.00027929402869835194,3.6137687378796586e-05,0.00022430019918748636,5.326594858557338e-07,1.1349767373902555e-05,5.102258190601386e-05,5.9762311512761045e-06,8.162508039579104e-05,6.023888794557305e-05,1.7854377601200906e-05,9.368338972828128e-05,2.251706932612453e-05,0.0008967659701305539
2022-08-30,0.00012185042963128119,0.00012541602607586116,0.00019857065068436543,6.160690537645862e-06,1.60847878889819e-06,7.014994059532851e-05,0.0003713628178275756,0.0017456411899631377,0.00023789678166999886,7.322953328669505e-05,0.0004536789003749406,0.0006408993110054783,2.7411953126341357e-05,0.00010706628290271277,0.0011888692756200038,0.0006533745256553071,0.00011433398573019059,2.9057798567888458e-05,3.0589510961441516e-08,0.00019378698980732268,1.2270614291233084e-05,0.0001148043257723673,9.087351296216903e-06,9.479448524013418e-05,0.0003122739069768069
2022-08-31,5.8340589075276934e-05,3.399458592786142e-05,3.7029409592648265e-05,9.229390697206596e-05,0.00011151167558758225,6.0144827193122056e-05,0.0005134951456418012,0.0010093378445511158,0.00011431841797365257,3.272115723935515e-05,0.0005990729346481158,5.707301566201557e-05,5.127284943414936e-07,1.1813903407996752e-05,8.372696145312614e-05,0.00014401328716641607,2.728060530214454e-05,5.6792785450603166e-05,3.5538587850991874e-05,2.2274629237392264e-05,4.533595203604421e-05,0.0002594765225611756,2.790573782377731e-07,9.721010365304988e-06,0.0005806917857958806
2022-09-01,9.815360317572095e-06,1.8864332105386238e-07,0.00012009559521781733,0.00034143164162400626,3.645842601141316e-05,7.795165551592694e-05,0.00014728535806892635,0.0008993883475793514,2.2049800120667186e-05,1.6816215092809005e-05,0.0063601093932089256,3.1451909144851776e-05,1.4651617922488794e-05,0.0003684515493773392,0.0006202019656366343,0.0001529140131648716,3.5202681509568965e-05,9.1283713100283e-06,4.671850877135025e-05,3.33501295153596e-06,0.0005997452149545951,0.00015003670917934796,0.00020896010457521126,1.6055454710885787e-05,0.0009232556871483921
2022-09-02,0.00011237065422660888,0.0002024610936179046,6.082786144280928e-05,3.182120174532312e-05,5.448617066353112e-07,7.684580174511245e-05,0.00013300514903367527,4.546255828694199e-05,0.0001878169710196516,0.0002824766836372649,0.00044215229675226644,0.0006449348299387567,0.0007539925805708735,1.70462505903843e-05,0.000330250801506438,7.857090757732018e-05,9.226685117639009e-05,6.200343586423865e-05,4.91525947149603e-05,0.0001973927338189564,0.00025122509666076185,0.00032111032338167224,0.00012246506587286244,0.00014136295145507862,0.000661182360480179
2022-09-06,1.4290118409037147e-05,5.196121590963574e-05,9.866030791196979e-05,0.0006290336668593561,0.00018646137390072537,3.429950890796261e-05,3.2835907020620805e-06,1.96103363854818e-08,6.804645614562159e-05,0.00012176466660859047,0.00018025480414439376,0.00023902475923394146,0.0001536313421725821,0.0015010039265044984,8.644580744757814e-05,8.845383773898862e-07,3.5692403391626896e-06,5.9295433019094135e-06,6.962642877145207e-08,8.087062953525821e-05,7.290888917495233e-06,0.00012583840524724862,2.4744681081870114e-05,0.00010064223576523015,0.0003657598408490947
2022-09-07,0.00031703416267401385,0.0004000002412875583,0.00046338259673655045,0.00024623162317469167,0.0001839527854182144,0.00010235947782923079,0.0007524926296414531,0.0029892548741297627,8.485085713336486e-05,0.00035838301775964303,0.0003467204997908987,0.0011060650589235707,0.0011453741925187084,0.006979082322913543,0.00013644663221819967,1.2237443205028702e-06,3.1731350873735053e-05,0.0003848292162520257,0.00035390978433345025,0.00037384527360575907,2.9585703977074323e-05,0.00022504136399912095,0.0006434703345214023,0.0005448726691191814,0.00012639273858259669
2022-09-08,4.2446635440424935e-05,2.6739075775269986e-05,6.903051666945515e-05,0.00010631250664666262,5.3337412289749115e-06,3.624496206939881e-05,3.10884228433768e-06,4.797595637663709e-05,9.340212619974522e-05,2.7717092221770526e-06,0.0003970262052098955,0.0003766932323944671,0.0008543121113436684,0.004675458232299012,1.8771695746838706e-05,0.0001583240179888894,1.3618555803365233e-06,0.00030553174628325037,0.0005303210318785341,7.546870270354561e-06,6.420948942836351e-05,1.7084974787629196e-06,2.5709019406069495e-05,1.0238515032416195e-05,0.001524648748582083
2022-09-09,0.00023764515520344084,0.00046770721207547853,0.00039548725464169025,4.922020881822088e-06,5.333741228975284e-06,2.7771282170209116e-05,0.0002851150621861105,0.0018711688827062194,0.00034836597032972494,0.0005160653368962992,0.0007830149066165189,0.0012523985094498218,0.0018952824542039365,0.010259300371921683,0.0006060612374388431,0.0011580789644953197,1.998139158481129e-05,8.213336912717588e-05,2.2987862781090396e-05,0.00011682384956594303,3.7367236526053854e-06,0.0002285507905949452,9.004005724658802e-06,0.0006277621992949736,0.0010077388203481646
2022-09-12,0.00011428607487703145,0.00013961574683302858,0.00014497135592217143,6.807683808648762e-05,4.9152094339931264e-06,2.5556929563625713e-05,0.0022953682046867887,0.00031345185135444746,0.001427712269096037,6.801349980005243e-05,6.671955604753763e-05,0.00024627516737120333,0.0005724917241551245,0.00042276484793199036,0.00033108183464044833,0.00023226164111869935,4.73284465720275e-05,6.586975770843394e-05,0.00013835256284750225,9.331190189421696e-05,1.785409251416831e-07,6.580706358839719e-05,8.007458556204387e-05,0.00010921267520608729,9.071444201924598e-05
2022-09-13,0.001976355170562953,0.0031806968775386305,0.0015925135352659622,5.403511808464583e-06,5.2400935798310444e-05,0.00017152430805423386,0.00035681166172417026,2.4868761722969066e-05,0.003656817645169108,0.003197638715542655,0.009903727990240984,0.0016982184044390196,0.004938701085308671,0.008572593983108157,0.00065242773405374,0.0018453268352564736,0.0005057911941383178,0.0014402907356165146,0.0012508002063582495,0.0015207764033802116,0.0006950982886968888,0.0004373105268584381,0.00043505076805858725,0.0016477790397435878,0.008875904784285064
2022-09-14,1.4505034357851712e-05,6.244289530147493e-05,1.5117052903303513e-05,1.1768686236700941e-05,2.245842371915852e-05,1.4861291422648393e-05,9.004738954402766e-05,9.898205173700401e-05,9.043969895213007e-05,8.322670010255177e-07,5.2155655590979526e-08,0.0012422716298063749,0.0007347833304204725,0.002009479026895803,0.000775887656564839,3.396661698402194e-06,0.0003124737438659809,9.01758369597536e-06,5.393937230048388e-06,0.0001312991674305577,0.0004174189014800795,5.690709585933659e-06,4.93302305672758e-06,4.355376243703064e-05,2.956735175370469e-05
2022-09-15,0.0001303780053011392,0.00028203956978824256,5.3234576693239406e-05,4.201354798133052e-07,2.335063211952727e-05,0.0003555412591683683,0.00043138496959193044,0.0017383221006531033,0.0003652405097822549,0.0007559052368318052,0.00023331417660268333,1.4139068896364992e-05,0.000471132815153644,0.0003555144414731219,0.0006815545014857185,0.00013845455644848225,5.363278489921824e-05,1.0909817318383845e-05,0.000223745757373782,0.00034801483231648066,6.48935274410018e-06,6.014302373526661e-05,0.00011675013451038322,0.00024016998652643073,0.00010511211045808072
2022-09-16,5.865012150497378e-05,3.76228169374239e-05,0.0002143711442658332,7.006585817253438e-05,5.4370945800256586e-06,3.062258415052231e-05,0.00040860929030111777,4.01946701152692e-06,0.0001214588370838194,6.819987774272669e-06,0.00042405652302352604,1.7363863833772107e-06,0.002382658324624317,0.001825248990767844,0.00046508320498348915,0.00027846973234344727,2.8596831326917376e-06,8.160522325419253e-05,4.522484421746555e-05,1.2282206075519553e-08,0.00022952056583512443,3.7129682928883986e-05,4.411632113894151e-06,0.0005295771566721468,3.836225830227947e-06
2022-09-19,5.9678279820046264e-05,6.017720665946127e-05,7.244737907753047e-05,5.438473525969944e-06,2.8209780719539043e-06,5.925778264687804e-07,0.0,4.595215083112802e-06,0.0006137457918538603,8.088059612050231e-07,0.00019168940973942602,0.0003489624868114906,4.477121620610819e-06,0.0032002041737724204,3.5142310004996814e-07,0.00021324531697189655,2.881715134784315e-05,0.0001271921340408358,8.431392795799185e-05,2.075890768377402e-06,6.25222699990381e-05,4.407542320827352e-06,7.264367292729192e-05,7.162265305684647e-05,1.150848596397922e-05
2022-09-20,0.0001332835239164263,6.404717310654046e-05,0.00018826523427289353,0.00010040748555481816,0.00010048314785852023,3.27519513095073e-05,0.00021193364534987687,0.00014207353875689038,0.00024160887077357391,7.227989845630128e-05,0.00024067228110675546,1.2114701669328735e-06,0.0006261099449969902,0.0008334623156682501,4.871663234602154e-05,0.0005236444331479666,9.409466372805613e-05,0.00022028683376326547,0.00039665268991424216,0.0006046818209953926,6.255741969820444e-05,1.265458832127645e-05,3.391493100753583e-05,0.00021799230700952682,0.0003999196633808325
2022-09-21,0.0003096820478819489,0.0003264668843977554,0.00023696243564848778,0.00027603931460441853,1.412783813383314e-05,2.1457539217526683e-05,0.00034008612468094566,6.133733198350709e-05,0.0004192641289656498,0.0002114427828163485,4.135080551535348e-05,0.0006771232818497138,0.0007237727279943202,1.9584905627828637e-05,0.00021799526168948653,0.001191907818477581,8.169789258867312e-07,0.00043970160211809364,0.0008560989442311271,0.0002536601102029521,0.00010603304287205757,0.00016786816493638765,8.269428860113209e-05,0.0008439292058426188,0.00010578586540763976
2022-09-22,7.115259364648715e-05,0.000153368978002527,0.0005191644822173066,0.0006697982535294807,0.0002007768672033766,3.3390390676473096e-07,2.754900933987177e-06,1.7754464311044775e-05,4.090165903188071e-05,7.156474021779409e-05,0.0029409689723578192,0.0017171549575610429,0.0019212704361441508,0.005186541218660774,1.2677118683604767e-05,6.683224076186025e-05,1.9928526151845477e-05,0.00028801139958304706,0.0001309694983124573,0.00016349522402642533,0.0003099299886140578,1.2463815711311994e-05,0.00010593425182692767,0.0005085539359548344,0.004789183300412374
2022-09-23,0.0002855049794142378,0.00026947797479258715,0.0005805060022451364,1.6615594106743852e-05,8.168835418098608e-06,0.0003037287847047638,0.001696662517446323,0.0029564646387979366,0.00023224456973878254,0.0001633142046694004,1.2879947419540107e-05,0.002212446776494293,0.0004165172621378088,0.0002884843431676725,0.005104966212619743,0.0014212658283911507,0.00046559363681055273,0.0002551902877013617,0.00035301896020596734,0.00017904561555178572,1.052537487096679e-05,2.149432222494253e-05,0.0006391367177031573,0.0006960362584713908,0.0005020946776777794
2022-09-26,9.883889071878012e-05,1.7191222248701022e-05,0.00019006087784622467,0.0003723071137407438,0.0003068629052572319,0.0001369230971303658,0.0006590713877107066,0.0010886007501705723,5.096814943936549e-06,3.910188339363254e-06,0.0005419300211588758,6.085116319590339e-06,0.00011299655788042624,4.151591385433212e-05,0.0006176377294243103,9.826413784276011e-05,0.0001744585913803186,0.0002530273709613601,0.00047381134443863834,0.0008091162951065851,3.766289599716452e-05,9.188319383599701e-07,9.148837128171e-05,0.0001950615424514038,0.0006115402623168088
2022-09-27,6.5348828586017154e-06,1.6078614133931913e-07,1.1594283527938914e-05,0.0007120477988000161,0.00022995467252412343,4.193254210643406e-06,1.398919633462122e-06,0.00036556683825940455,4.283764400973246e-05,1.9266631947783665e-05,0.00022547624577580393,0.0006149277768478221,0.00042537921000735144,0.00015098813516883854,0.00012405162229188024,1.2268611584933249e-06,0.0003839514615606134,1.8173091392983026e-05,7.816869560902656e-05,0.00017972742743968686,2.113115410008536e-05,0.0007767337705015846,7.536742018562331e-06,0.0005478762723828278,0.00016995681920703405
2022-09-28,0.0003796769576225844,0.0003879540300694776,0.0009695733482128891,0.001084628849314301,0.00039643408159682666,0.00042327128187396825,0.0010256706336798551,0.0016980070876468798,0.00016211573285906475,0.00038102361912812656,0.0006598878035695307,0.00029123682151416605,0.0020731777011167986,0.004274639520735408,0.0018792737055845622,0.0010385153509127527,4.22867787019043e-07,0.0003812473654191601,0.0004006268679482372,0.00042158863782095103,7.348124769452179e-05,0.0,0.0002676567876352084,0.0013226110451360993,0.0003083948728988477
2022-09-29,0.00044563986723958847,0.0008556332698940264,0.0005141465625370977,2.692948323421723e-05,5.5781805455007155e-05,3.761550545136753e-08,2.111461134238368e-05,2.8913951214254603e-05,0.0025367779955872707,0.00022259756282721715,0.0017105296210406164,0.004974524320815656,0.0031719773447198172,0.006912696154712874,0.0,0.0001243076008328852,0.0006685473913971624,0.0001599745512351071,0.0002921033677527841,0.0008894358583310923,0.00012234463153294978,0.0006333401751046478,4.201250810852988e-05,0.00039254609224720653,0.0040601979285720124
2022-09-30,0.00024287000231896697,0.0002924707992281694,5.343715511365552e-05,0.00016886882769595702,6.425280249916042e-06,4.175789924507438e-09,5.5595699276129316e-05,0.000509320746145612,0.0009302278965684863,0.0003825349216788435,4.423242025456427e-05,0.00012315331675794431,3.4359777988743755e-06,0.0016276373293005579,6.433719005576625e-05,0.0001216829225868002,8.135987809748218e-05,8.42805322689074e-05,0.00024839087756004793,0.00012461935323319732,5.0929154348590895e-05,0.000369410780290867,0.0003790874006212933,0.0010588572545360258,0.00014970568879557226
2022-10-03,0.0006790629135892191,0.0005377448515700304,0.0006839601700497468,0.0002485212274645136,0.00033600606623427297,0.0005769126466034029,0.0076540581235849895,0.0015368789228513491,0.0009174327083601905,0.0010961535522799942,0.0009159630548475023,0.008115045706469832,2.0211234741801985e-05,0.0005011640231276596,0.0030220239181394546,0.0018193304268568126,0.0011714171333837252,0.0007102753601733948,0.0009266635400718483,0.0003125890392968031,9.60234068658459e-07,0.00031479945955890655,0.0004659207674698458,0.0008556134214967226,0.00180516840424689
2022-10-04,0.0009312394124517088,0.0009583073912099084,0.0015109540811936606,7.82024818467841e-06,2.120629253040957e-05,0.00020239172584624352,0.00018281090635998605,0.0011970566607841463,0.0006401079386381179,0.0011057845381498331,0.0026035898335991193,0.0008196302956820642,0.005400165699731082,0.014860168915780823,0.0017705088433396124,0.0022936025535767964,0.00024994062092242343,0.0013342946634167115,0.0020905094416639883,0.0004007464443454228,0.00021665959583879802,0.00015120989634318337,0.00016626925503948202,0.0018850681669899286,0.0007137460697709833
2022-10-05,5.433667922236042e-06,2.828758239251083e-07,5.4968924324798416e-05,9.23061234634638e-05,5.760964914844022e-05,3.084313309748859e-05,0.00037235879484773536,0.0005449995888701164,4.206695922046799e-06,1.6509347763225161e-06,1.014356286099415e-05,0.0012397570871530608,0.0003443997185058668,0.00043059200199006327,0.00041840692557135867,4.876380227151582e-05,7.927612954708315e-05,6.0226899599475366e-05,0.00015434645171568,0.0003910031130185305,9.51183493921923e-06,4.818908144361566e-05,9.912865858439759e-05,4.005886309665006e-05,3.4685224364578517e-07
2022-10-06,0.00010752156789798083,6.247024686514031e-05,3.1643561316604344e-05,3.1069285602383116e-05,5.369176788728812e-06,1.2699632358491663e-06,6.914610386313098e-06,0.00020995847688904133,4.418811004986393e-05,9.443866269426233e-05,3.5984707525325043e-05,0.00012524893658041324,1.0506748751276869e-05,0.00016383415912165058,0.0003105111422706304,5.796314966111083e-06,5.2288145555753016e-05,0.00019943925984335428,0.0004240623720815897,0.0007955692387910746,0.00038303433880101435,0.00045272976958741053,8.784837601488251e-05,5.7278608731325624e-05,1.757307822620476e-06
2022-10-07,0.0008003512864640775,0.0015092748495877922,0.0008914211329938618,9.516584589522443e-05,0.00010013300269106238,0.00012151504205083011,0.0008277903140176409,0.0008121429721194701,0.0013995063585874414,0.0027239578136917957,0.007002264827801763,0.004268153562523598,0.0046212554162270445,0.009634515324071778,6.0734767533173985e-05,5.0007157895808107e-05,0.00011722000143035522,0.0005755013319869532,0.00040708568903013114,0.0005936492293651306,0.00011273688046241955,0.00031072302088312124,0.0005749888223642185,0.0008532766170261348,0.02229013180342834
2022-10-10,5.874271228073146e-05,0.00010093094624586894,3.125352849212126e-05,0.000245498140227895,8.141785836179594e-05,0.00023464734980211652,0.0005022719365614063,0.0003144544241041331,5.536832595703367e-06,0.00046367660103889476,0.0011695564168112485,2.432887520400553e-07,0.0011104118537869296,3.5623044688732227e-07,0.00043064296798882133,3.9543839192959905e-05,0.00021954291772997113,2.063465321051299e-05,8.808323631960199e-05,8.970928178104773e-05,1.71632843834063e-06,1.691374619624267e-05,3.47426051739072e-05,0.00043261676967750894,0.00011747890332716679
2022-10-11,4.03630867082275e-05,0.0001913632377201639,8.886598857458458e-08,1.950142088730887e-05,4.289208281904494e-06,4.244474848556936e-06,0.0005255663251406405,0.000778400010918178,0.00010625369788546268,0.00028534457893721787,5.21833772101197e-05,0.0008644697150836935,0.0003264729492867848,0.002069242791684158,6.431931082227455e-05,3.63182866352688e-05,6.79333227329817e-06,0.0001629183513776866,0.0008575835654091525,0.00010234935023756808,0.00020619542607197647,1.436857817454495e-05,0.0006540724162587622,0.0004789784763788044,9.725110027882314e-06
2022-10-12,1.0917272357298333e-05,1.1742202933815827e-07,7.54266471719597e-06,2.396166086390346e-05,1.405066758980089e-06,2.8462989742276373e-05,2.6045784172743977e-05,0.00013212065947382231,2.130629398567946e-05,2.27207470508017e-06,5.5510932806426884e-05,1.1643183978496864e-05,0.00017154483618326207,8.986461755146782e-06,6.4319310822275e-05,1.936843549293361e-06,0.0011387657942771557,5.328280561046717e-06,0.0002577105507899038,0.0001104206093603987,6.053812914899314e-08,2.587697107455688e-06,0.00012929223669743908,1.1050745014219409e-05,1.4517191818885267e-05
2022-10-13,0.0006785477831665096,0.0005373951213136263,0.0005978274632192173,9.240721541620306e-05,3.1607779031658883e-06,4.826929981779221e-05,0.0001307654950187246,0.0004914583572642989,0.0010929970790529474,0.0013629355059026976,0.0015382625866079938,0.0004166730795052631,4.9158959682560585e-06,9.82693070712539e-05,0.0016002409930370187,0.00040303375510938644,0.00045203036099940075,0.0016352931328690616,0.00292712400270099,0.00032736697838152586,0.00022523754356161218,0.00022487387947471585,7.100695885628931e-05,0.0011556087393125988,0.00034843922077860317
2022-10-14,0.0005314083954849502,0.0009313870175422913,0.0007368201153045722,6.86306592301427e-05,9.249175156800867e-05,0.00015718040075009975,0.0011506598595065612,0.0010851421868659367,0.0010739487766808203,0.0006025782125232895,0.004000080442659779,0.006155046716749691,0.003429639505276028,0.007295097365992229,0.0014446049317567496,0.0007507874547857431,0.001732390110280107,0.00028718902335745446,0.00027236971519373443,0.0006330396738268297,1.7530694322351163e-05,9.575878508423417e-05,0.00019836278500636606,0.0005254230293841143,0.002729047981330413
2022-10-17,0.0006437574940679063,0.0010554856898927405,0.0009856180476600102,2.3829946273260557e-05,2.2758776333071255e-05,8.24884714951434e-06,0.0003339209515060143,3.251506031824036e-07,0.0008240672737308171,0.0014818844439361783,0.00327273421642989,0.004584296236948537,0.004617580400855814,0.007074658380023495,0.00015324672244309027,0.00021143871799517099,0.0004033734914821637,0.000617124274151598,0.0016926787627691907,0.0013690676792535623,0.00016559435430332,0.0003206610147028225,5.1570316545491644e-05,0.0009022003440512369,0.0012583648342014565
2022-10-18,0.00013644506729042316,6.204099349307764e-05,0.00013880889138573462,5.485284217842482e-06,3.517862532037431e-05,4.616740184044141e-06,4.101895544249741e-05,0.00042442050756513234,8.771372244207732e-05,1.6607608913741588e-05,4.3871183012246254e-05,1.4608950231063066e-05,0.0002588117240637406,0.001912813294150761,7.564709293157749e-05,0.00022787863927011538,0.006945278653562919,0.00025329953045045886,0.0006449250342783287,0.00011719686394181426,1.2163622379473605e-05,6.490032534543404e-05,0.0004354010381515419,0.00013797581989450952,4.7663171428061775e-07
2022-10-19,5.0575663384101974e-05,1.3346374110571161e-05,0.0002938154191384058,0.000337592743622839,0.00019029027550351705,0.00018195112431887276,0.00016513802595384848,0.0003731606169057098,5.850387702035839e-07,7.234359645809492e-05,4.8924724788730614e-05,7.000157686208383e-05,0.0019324833265551501,0.0021795318072023256,0.0008461500678906452,2.185206209599117e-05,0.00034702770136001376,0.00027372765212749293,0.00039206975226766574,0.0006366117948145449,6.373213557841384e-05,8.514799823081096e-05,8.04804348511686e-06,2.6680267590127972e-05,0.0001436279536193147
2022-10-20,7.09077038775442e-05,2.6164593506978317e-05,0.0001642110550101561,0.0002972370899418878,7.624682925816436e-05,2.507356260944693e-06,8.765190274566818e-05,3.987425954816051e-06,1.070829029702868e-05,1.9501308838236456e-06,0.00013915839930044127,0.0047316493356646585,1.3551849277910677e-05,3.98184804987006e-05,8.970399210363223e-07,0.00044984124175139877,9.813275528410386e-05,0.0002618932794413945,1.067455928763641e-05,1.914310595155585e-05,6.487517228022468e-06,0.00016806713112796912,6.0703171735483205e-06,1.6394682875408285e-05,8.819819288515255e-05
2022-10-21,0.000576514622675951,0.0005371840741513808,0.0004613784569808279,0.0003307775841683947,7.941986512405856e-06,0.0003122500129862721,0.0011414310291432608,3.071095077626659e-05,0.0007128552247907341,0.0006233134743006604,0.0004866798594924452,0.001153244922110456,0.00031380845253697046,0.001843803858067878,0.0008105290440476844,0.0034689731463359817,0.0005221107262268598,0.000859465954561421,0.0026208828153550454,6.140318350410416e-05,0.000465244484436358,0.0001548290045118163,0.00040036694482431344,0.0011830231443550263,0.0003244433194786535
2022-10-24,0.00014792281644517808,0.00011970932708082313,1.8282070076990013e-05,6.887201727103935e-05,2.5243507271657073e-07,1.05551295355501e-05,2.038229921291129e-05,7.268566005652104e-06,0.00021592194090410953,0.0004395892429419888,0.0001126269841721955,0.00022463187391011613,0.00015929498758116386,2.27010337952418e-08,2.2140770620208425e-05,3.205432483495568e-05,3.9059454818206575e-05,0.00017608245330757446,1.5041025755169949e-06,1.6332567087441682e-08,0.00017862858312709748,3.752010223808032e-05,0.0003571734729688656,9.866050753868612e-06,4.170532261242475e-06
2022-10-25,0.0002509846180247048,0.00041921140792755253,0.0007239556356641197,0.0008234868274160127,0.00017655971998993818,5.177233825895542e-06,0.00010260748239562896,1.0645167594889158e-05,0.0003668363701149812,0.00018762170195026317,0.0026224572375908614,0.0026548474635032728,0.004226917724025879,0.015032762174893365,1.0610926616248044e-06,0.00033620728030295325,3.4375324949453225e-05,0.00014124555569790798,6.818643790491103e-06,0.0014850406742162316,2.497385274531747e-06,0.00013113723623602656,2.2307382552058514e-05,0.0006565221824102063,0.0021260888440712495
2022-10-26,5.719585999587195e-05,0.0004992410347656313,2.4275289078469245e-05,0.00020463566534192229,2.074953829690461e-05,4.023931165055887e-05,4.484169208491102e-05,0.001080872690620304,0.0003929181396709568,0.006447338659615137,0.0007789839543277436,9.863747233775265e-05,4.4673058075741325e-06,0.0002775691959729556,0.00018276667807313944,0.00011711271709902336,2.7286761724552364e-05,5.860145666177131e-06,0.00013055120403457688,3.79244090426689e-07,7.653682520384396e-05,4.9080624986545194e-05,5.791054533199309e-05,6.675847913063194e-06,0.0008245438565811255
2022-10-27,2.8666745784015543e-05,0.0003376089854810531,4.995768673914719e-08,0.00010849778965108346,2.145936024540976e-05,2.401644932908722e-06,0.0,7.864764506161504e-05,0.000957229170996537,0.0003981633163613968,0.00046138287451589826,4.004752754104588e-06,2.7881797623972114e-07,0.00033567702292170337,1.2993059938332008e-05,0.0055124237943394196,0.0004021820134504016,6.604249024350762e-05,1.552636444881861e-05,2.182949362278919e-06,3.371743267932344e-07,5.753716100977626e-07,8.462462665741883e-06,3.303653378890211e-06,0.000364799630158644
2022-10-28,0.000552820265526754,0.0009085387371974183,0.0005049644212618048,4.757855357193049e-05,4.2570073946408605e-06,0.00010533274263110356,0.0001805809084109556,0.00011938024470735753,0.005304854076412999,0.0015549398716393,0.0023748380898273988,0.00022871863695027617,0.0007063832335764236,3.06344013944198e-05,1.2104613922562292e-05,0.001113995400041114,0.0007317025562168248,0.0006039490005811477,0.00013943231399392671,0.0004745322866967886,0.00021748355412921664,0.0006255374972405532,0.000157980081016543,0.00020605054663975686,0.0031991427334541003
2022-10-31,5.255644807969109e-05,0.00013679203674667504,8.608228210326806e-07,5.1175563607723755e-05,2.9291225563598894e-05,6.715615971253128e-05,4.606738484397493e-05,0.0003194696343437817,0.00024118752672063086,0.00025546642975922943,0.0006082113209684845,1.847052567665008e-05,0.00024994205693931265,0.007090044138071274,7.002644845411961e-05,0.00017470006457659488,1.3882900313329092e-05,3.795833196519248e-05,2.520788198060201e-06,1.174983088148118e-06,2.6623987296697595e-05,1.6613044593044896e-05,1.5971900461578705e-06,3.083883576257786e-05,0.0010209015393254435
2022-11-01,1.9231364010006788e-05,0.00010548262574221811,1.8570471503631496e-06,8.653535867121373e-05,5.139553829209798e-05,0.00010305754428746171,0.0005813390852227773,0.00048334196858252926,0.00031323348357088234,0.00029606064873436935,1.157644824310564e-05,1.5125507386804425e-06,6.823754925427614e-08,0.0020892314672744856,9.25501166404763e-05,8.799204082921844e-05,4.6641279761541056e-06,6.998129413238892e-06,0.00031942068653363403,1.3094772993195055e-07,2.5718045596363314e-05,2.428579760029874e-06,2.030997286808377e-05,2.5820381745577085e-05,4.465325212174682e-05
2022-11-02,0.0006460099870537896,0.0012164947122059446,0.001138140480942827,1.892221200400144e-05,2.329589269843692e-05,4.895759202016154e-05,0.000319964382154708,0.00017013681436503917,0.0014454099477460426,0.0012966493061855459,0.0005863524755091596,0.003365263932871589,0.00245240532011404,0.0017321360993676886,0.0005951356608609612,0.000334514256555326,5.444199758242424e-05,0.00016132951415849826,8.557220513078309e-05,0.000776795438958713,0.00023985160311609175,0.00020989731906880202,4.4306144708915585e-05,0.0016186544018513519,0.00030329083973777466
2022-11-03,0.00010712348281587304,0.00038920232742845046,4.525237781901042e-05,2.9281514296929184e-05,1.2680160108548588e-05,1.4541237319671744e-05,0.0001386457297571164,0.00011494903177341727,0.0018775183624350105,0.0007256799988359184,0.00022999337528915338,2.352720670642161e-06,4.366336851635889e-05,0.007112317731666036,0.00033579508559007946,0.0004735798827479057,3.259290711328893e-05,0.00010319377835044558,3.2754543938688727e-06,1.8626657889509475e-06,2.8910616547110924e-06,4.717823321101261e-05,4.5525583881775284e-08,0.0006535469094131684,0.0006214898429177479
2022-11-04,0.00020421622469116982,0.0002546254944893282,0.0001798091947688735,0.00028707761647319644,3.92063640423184e-06,0.0009141300244731126,0.005040649529363163,0.0022128399237556773,3.8002456762379656e-06,0.0010746855125238024,0.00284281505733103,0.0013758225457783965,0.0007532268566909038,0.0027781408774685957,0.00014653632005717036,0.0014768218084732117,4.2487202920252977e-05,0.0003295135981377449,0.0007285173203935701,0.00018393479206429546,1.9731965326701293e-05,0.00032720325091034126,3.1507437548441156e-06,1.1017727253165219e-05,0.0011572219991180079
2022-11-07,9.063283950825928e-05,0.0001195595363945824,2.045864196064461e-05,0.00010054255980879496,1.3436715099062535e-05,1.5762970338657256e-05,3.280680557778172e-05,1.149415910533107e-05,1.5169682906719458e-05,0.0008322841658753522,0.00010385257610446232,0.00263959713826245,4.292683331206195e-05,0.001021255794169012,0.00028994274932252743,1.1087854734883144e-05,0.0002058136600837828,9.953382426865958e-05,2.77309484582802e-05,0.0,7.58454458835103e-05,0.00023123817092628895,0.00010907691249476529,7.22437846318622e-05,0.00020191267784305277
2022-11-08,2.8955276327546358e-05,5.272462498428482e-05,1.5183992511050758e-07,0.00011827681283837818,1.730408568033175e-05,0.0005214979194872501,0.0008017946534351199,0.0007660904576302465,1.7356851895473825e-05,1.917418306221496e-05,0.00043384889293907855,0.0008860656308571702,1.607377461904998e-05,0.013004680824880953,9.354116284155896e-07,2.7408842415848446e-05,0.00012483292755755853,3.3901096779387557e-05,3.7065219298916736e-07,9.343173266464703e-06,2.459683977606272e-05,5.147286132753462e-06,5.6834469531447e-06,2.799777483400372e-05,0.0001472040461982102
2022-11-09,0.00043336648636636415,0.0005450689516301907,0.0007750460332316318,1.0771843141412691e-05,6.621129653237752e-06,2.52998412882414e-05,0.00030309281758944784,0.001468740600229971,0.0011392772076501646,0.0003699382174027167,0.0033907943263222166,0.005530211282440736,0.004578082387356454,0.010056130165123666,0.0025117737500627035,0.00035175723815936,0.000333372322676344,0.00028830492355515094,0.00017145227848119155,0.00010625426900931149,6.444645157449627e-05,5.833035345274498e-06,0.000553449258842182,0.019920293797934575,0.004035584430173697
2022-11-10,0.0028619883084270293,0.005068426055439149,0.0035686397061225447,0.0014252179571974605,0.001085460317512054,0.0008994092772028868,0.000962364463464548,6.275261920676563e-05,0.007265245729322334,0.006250282704101858,0.0179325483070723,0.005087810296431187,0.018387831222689423,0.010414045006920726,0.0004843606224750955,0.0009106788671482915,0.00013123280037945087,0.0024259766513954686,0.001626874952838266,0.004983686289055924,0.0001356144901067942,0.0011463445079506753,0.0004206394202281406,0.0017537117320250088,0.017791665549566495
2022-11-11,9.27759373607619e-05,0.0003333617309710883,6.668256658031128e-05,1.3473373732963849e-05,7.189156362360604e-06,4.335693012518834e-05,1.0038666614007905e-06,0.0008522412933564389,0.0003642637032453785,0.00028407378985529524,0.0012945469560538755,0.0007374050088315998,0.006373858283323432,0.014600686361842571,0.0008206213845695814,0.00029690813242869054,0.0031801549540575575,6.58912656271958e-05,2.6481999231843357e-06,1.3271866685529848e-08,0.0009226988366371503,2.2161637847297942e-06,2.3847693220482766e-06,0.0024083084183272457,0.0030687363008775376
2022-11-14,7.298667827669299e-05,7.725699739223264e-05,0.00012646235965769732,6.024667647917883e-06,2.581817698489407e-05,4.775388484079504e-06,0.00020827256595328422,0.0011405252575755816,9.084557514084161e-05,0.000517883947018689,3.848809029133966e-06,0.0006734022316999494,0.001412143480304737,0.0058759505643943815,1.0371648733887356e-07,1.7647398302304398e-09,1.5454655186962855e-05,0.00020505895090146056,0.00010663762038516142,0.0006087215814426444,0.00024318460764128285,5.052474168903519e-09,0.000889685896032304,5.949255952431647e-05,0.00025286033480499616
2022-11-15,7.212809755101967e-05,0.00018888177610808514,0.00021659745093807062,0.0002576155209723107,0.00019156931386836725,1.2325001016657361e-05,0.00032208311115851265,0.00034087719408028766,0.00013923205740499353,3.0183451430541736e-06,0.0005067973617655092,0.00032432985418286663,0.0007224238854728434,0.00180532402536953,0.0001096467928389074,6.575058849307499e-05,0.00012573173108853476,5.105601828757153e-06,5.2852574085982475e-05,0.00011624630656073808,7.77285095612137e-06,1.21219635278531e-05,0.00401267552997551,0.00016801168143053765,0.0014361458686801003
2022-11-16,5.864584547412474e-05,0.00018888177610808232,0.0003151342347688227,0.00046797182573621684,7.216436857262481e-05,5.284215220321437e-06,4.9944419764846886e-05,0.0002774461506210698,6.99882832134056e-05,3.3186545148559857e-06,0.0021550712605242356,0.0015476395291705869,0.00279992502306008,0.01653242492729431,0.00042515320105942524,8.636632741440602e-05,4.682888750426879e-06,2.3116668046947998e-05,1.8312570008005467e-06,8.342312539784854e-05,3.829030676842722e-05,7.845985909817812e-05,5.131807690527338e-05,0.0002712082270781062,0.00242542876862771
2022-11-17,9.39067350847971e-06,4.881511079000666e-06,8.693871194494842e-05,0.00011252969301976552,2.885673268159006e-05,5.3201851922491944e-05,0.0005317704272408327,0.0007144018608529626,0.00016609736537207668,4.279269991080632e-08,0.00021765747624321482,0.0004107121608666553,0.00044348277685292436,6.716179143075042e-07,4.69908953385759e-06,7.319686403596343e-05,0.00019344549181370295,2.9175796782896505e-05,1.9068960795101012e-05,4.6868519818949894e-05,6.461845114527215e-05,3.7903754914106134e-05,1.1375409182872805e-05,0.0007273959366437868,0.0002680262100171751
2022-11-18,2.052099888154236e-05,1.2350287485529762e-09,4.151911465829322e-05,4.7629954664885624e-05,8.910411001494487e-09,4.78519083843653e-05,4.309002289119313e-06,0.00025446824945874483,1.4250060590810361e-05,3.6292350558357692e-06,0.0002973132055534895,0.0002690521787783843,0.00023107380992211303,0.005640278781896568,6.297009913724681e-05,1.837668287272758e-05,7.276130609051543e-05,6.777701766088718e-05,9.527036213634469e-05,0.0001585918635760013,5.828002222126513e-05,0.0001438944581345975,0.000223660906559022,1.4592640882426472e-05,2.0030268582604094e-05
2022-11-21,1.3269440083229044e-05,0.00010692750876370002,2.7448130381694982e-05,1.7692851405520145e-05,2.2900691408566986e-06,3.142314607495122e-05,6.763858761377065e-06,0.0,0.0004804405302569685,1.1798454601732002e-05,3.586156865684722e-05,0.005015758805881649,0.0014370655358546711,0.008696955245310533,0.00018564026475691753,1.0191562508862379e-05,7.401934679317126e-05,9.641204312842714e-06,3.504452820698651e-05,2.7555652142910165e-05,2.6292832319904457e-05,0.00015914577564608672,3.72703033782031e-05,0.0037283474269449316,0.00023112077876735336
2022-11-22,0.00017868522322241176,0.00020449259835813048,0.00011264368820036434,0.00019858097788428485,7.846664545451968e-05,1.376012732128808e-06,0.00014179951911620278,0.00018682406174680682,0.00021183863821376474,0.0001497238388917538,0.0021157656271088903,0.00014590382102065447,9.734960919674501e-06,0.0026074146631428928,0.0009504180149028139,0.00047031878512700064,8.99162353237407e-06,0.00010191431547581129,0.0002204005080790508,2.9740603966430457e-05,2.3220755900254213e-05,7.313687399737398e-05,1.2719542053933062e-05,0.00019991797779596158,0.0014274214005352993
2022-11-23,3.946125533297126e-05,9.973414417730825e-05,6.734810908097392e-06,0.00029899072380990086,9.976385023304143e-05,3.859519746720932e-05,0.000375140909450732,0.0013999649671146105,3.491497094191995e-05,0.00010718976379994901,0.0008732202256183626,0.005671525147819015,0.0007953745790981348,0.00240302048274994,0.00011867458793020907,2.0568457727703053e-06,1.068548475351001e-05,1.7448104781239657e-05,0.00011250914496400989,6.561541698770926e-07,1.152738310039498e-06,3.2299792434052605e-05,2.3048841418408903e-05,0.0007493169442834443,0.00023003220188720026
2022-11-25,5.005606609735951e-08,4.3563470479835025e-05,4.425457667632439e-06,1.152861649598975e-05,1.0428152757214953e-06,7.363396275826356e-07,2.0734538896407467e-05,4.486342748284045e-05,0.0003915638607342616,1.3226792392474959e-07,0.0002306751131280285,3.4506759316554225e-06,7.831706515865233e-05,0.0008246384236371728,1.3646558684612891e-05,2.665323739171036e-05,2.4559847599604872e-05,1.1078956211446329e-05,3.6227566500610185e-06,4.018011540424287e-05,1.6867719591567722e-06,3.3936998626834407e-06,1.811002934252488e-05,1.0219853778668054e-08,0.00027654639398908335
2022-11-28,0.00025875524362934754,0.00021849769451955613,0.0004144826453486539,7.919925290207987e-06,5.276639704338166e-05,6.29625374807512e-05,0.0005570967043529473,1.429183905451799e-06,0.000708373274039738,0.000548708364884791,0.0007620782888298888,1.0761857766882185e-07,0.000809776207336221,0.0016641322734154804,0.0007735896141001709,0.00021112392076233315,2.674936472687007e-07,0.000299952480069948,0.0003109243062417325,0.0007362585440452643,2.5737171597356867e-07,6.69819639892972e-07,8.238187121688966e-06,0.0010687693874639366,0.0006913849038244831
2022-11-29,2.9544922527034817e-06,5.7737975303308146e-05,8.470855940757184e-06,0.00013913432767990582,2.4658935250495538e-05,2.428776203342988e-05,0.00023889470730118105,0.00046635548732489214,0.0004569029053423289,3.519578820880596e-05,0.00014279444148837322,0.00013205492290168294,2.9647857752797855e-05,0.00019643984734202748,0.00022488549869744158,0.00014559633187287728,3.3858084430666755e-06,3.481013423868679e-05,0.00026620654624274435,0.0002686983130716204,4.9238168037113174e-05,5.881127656621871e-05,1.2418651044342855e-05,0.00011036457745778938,7.4465965086132845e-06
2022-11-30,0.0009619171746575576,0.001987145998172803,0.0007315756645990859,5.3696573591648254e-05,0.00014731011284544048,0.00016131339462959618,0.0018937977387305618,0.0007442215810626139,0.0022515109798359576,0.003575990327973522,0.006266602380557048,0.005461582932559148,0.005504178248933582,0.003480943919873565,2.4496420009138773e-05,2.994031187089307e-05,7.166687041518599e-05,0.00028704848983751027,0.000139070559193065,0.0005116493928414961,0.00011638741954456575,0.000624030934610007,1.297297472684501e-05,0.0010910901301247698,0.0031546461559081385
2022-12-01,5.422739802210204e-07,1.5045148027639143e-06,4.7975773369741594e-06,0.0009888642510995842,0.0001546134348173123,0.00033188978157670183,0.0007057075867272474,9.781738244680067e-06,3.572052309933232e-06,3.1164886063833e-06,0.0001549878422518312,0.0,0.0001241813603390647,0.00010221121234599661,1.0868710259877019e-05,9.305097378056629e-06,9.588362869905465e-06,3.364310787924657e-05,0.00019990895555092408,4.663125777552087e-06,1.7213356331447133e-05,3.6386110103462877e-07,3.8606990385556635e-05,5.372485139038608e-05,3.7404843100893112e-06
2022-12-02,1.332303036827095e-06,1.593393523684013e-05,3.3792302903570544e-05,0.00015617538285540972,3.6603079586122186e-05,1.198314338724098e-05,0.00021514848610894625,7.562625862440661e-05,1.1405751405131906e-05,1.6763643428798455e-06,0.00023197492409779882,6.747939447466513e-07,4.6739942081024615e-05,0.0026685137587720226,3.5539828856332784e-05,3.4790045964740354e-06,0.0006551213777569843,2.228246709021437e-05,6.334061907174446e-05,8.77670728446236e-06,6.125906792167061e-07,8.228807872389876e-05,9.579041184614151e-07,7.197853663293941e-05,0.001075736734067886
2022-12-05,0.0003295324853214556,0.0002864771907810191,0.0007802342634326737,0.00019897412534551244,7.285945200351471e-05,0.00029956012439686774,0.001660051570535199,0.0009501981216569153,6.424277147229891e-05,0.0003640992319337109,0.00025241274197940243,0.004330325528051126,0.003172651853717833,0.0012716951041552766,0.0009075046763861223,0.00023077271999874375,0.0001269607367309455,0.0006291321246060611,0.0008089310256111257,0.00033956072847241817,3.1252140798214626e-07,0.00010289771595597348,0.00010608013872501969,0.0012841488709426474,0.00033506170603012076
2022-12-06,0.00021081976980319713,0.0004383995431228804,0.00023807442838929809,0.00016378584930287535,9.22562867063807e-06,7.472757283695096e-06,0.0,0.001403404292584878,0.0006603583630471776,0.00042077019343253306,0.0014614532269126156,0.00021082328143994338,0.0016834656442333723,0.0066027352496635236,0.0007136700549573818,0.00034501656607445225,0.00018732998727456326,7.896641925584943e-05,2.8003907084021442e-06,8.949256281747473e-05,0.00022813270383231053,1.622720923111785e-06,0.00013626622472779346,0.0014963775383559782,0.0021689370099516594
2022-12-07,2.899300182645411e-06,1.6736400898900862e-05,8.689477697991956e-06,0.0005423922402629268,0.00012227126797949094,8.097288628705233e-05,0.0005387900444915424,0.0006012396340055926,0.00019267264581612954,9.390668418493333e-06,6.864002155935233e-05,0.0010674120148532014,6.130072880427622e-05,0.000755739297164032,5.5084861336421216e-06,9.107105722140113e-06,3.366181777454778e-05,1.6316149196432706e-05,4.6859742596313737e-07,3.971307872684195e-06,3.6694846355048373e-05,4.1092328549087925e-05,2.722170496201662e-05,2.3044269057217267e-06,3.4287240887517333e-06
2022-12-08,6.089152558624136e-05,0.00013841727879588793,5.2051755768422786e-05,7.532300017887806e-06,1.0149210971108693e-05,7.078572490547391e-07,0.0001895325624351934,0.00022136794769654291,0.00014543684373736465,0.00015185828193937996,0.003974599109730161,1.1925881414331526e-05,0.0005432216903249442,0.0013600079246572435,2.0018189152327333e-05,7.118043328101013e-05,7.480630181026886e-05,7.517228336755419e-07,0.00010899315560616086,4.9026087987990064e-05,2.869337328821651e-08,5.130432096513971e-05,2.393241920444893e-06,1.8760970428658072e-05,2.2032402913895273e-05
2022-12-09,5.621990244128055e-05,4.0920056344917353e-05,0.00015257164751115816,0.0006947925696771953,5.631468514168158e-05,1.251669660880099e-05,0.0002678785534267819,4.972903579619196e-06,1.1839144418659092e-05,6.457054519205692e-05,9.669417006001779e-05,0.0010133641561384551,0.0002134924878160318,0.0038328709736387126,0.0006056570175404833,0.00025105377939453193,1.3804155715391235e-05,6.776038220583287e-06,2.95200818677301e-05,3.468262262451076e-06,6.844872535054123e-05,7.006901236971393e-06,0.0005569249710591345,7.971071039715006e-05,0.0007311835859194857
2022-12-12,0.00020489758287349524,0.00015557755566695204,0.0001366169385752,1.0193234777069377e-05,1.6565324509160216e-06,6.880440104281262e-05,2.1613449531806007e-05,0.000601134611868483,0.00026429088718749955,0.0008111007819704196,0.0009564778729470141,0.004195553629043464,0.0003560194650365363,0.0032481621487433624,0.0006711998246536899,0.0006284715804765395,3.192484391192275e-05,0.00017513685003007917,0.0002369298375921804,5.868280320655063e-05,0.0001410988118737631,0.00010440958916842738,0.0003414358423802608,0.00018535207332991284,0.0008924816080302943
2022-12-13,5.6872772783117636e-05,0.0001143381804364954,6.804030173597305e-05,9.233883405710536e-05,7.569469473074643e-05,0.00028685823385135416,0.0002922209909567486,0.0004956112836262762,4.569534277690158e-05,0.0002997769014371198,0.0009099151725387797,0.0017470963197436294,3.209402851576835e-07,0.009268506748865939,0.0003533165090092637,0.0001075859026386811,0.0001593321385649359,6.599862357689555e-06,9.396394140538141e-07,0.0003359874311166559,5.889255602632328e-05,2.2791165991819775e-06,1.286660580579611e-05,1.78468004939704e-07,0.0001896692724453165
2022-12-14,4.114268059913694e-05,5.5377414848683314e-05,4.332785550510648e-05,1.816729274114072e-05,8.303565856917409e-07,5.934027259192445e-06,5.3328362434286584e-05,0.0005071545787965077,0.00024518092895758746,1.3617436448295878e-06,0.0004959068607435547,0.0006823908266094586,0.0001051374410094455,0.0014468164936231563,3.780704104140167e-05,1.847421221710209e-05,0.00010601578364681128,0.0001593187392013045,2.509415157550817e-05,4.6707257090317546e-05,9.389789895159504e-06,1.5473387983448397e-05,3.108335767267356e-05,3.392862516939116e-05,0.0014978195894108002
2022-12-15,0.000613332443600335,0.0011664305006810856,0.0006425125306455205,1.516316554389709e-05,7.066907990234192e-07,0.0002720718417916247,0.001204201636683517,0.000328568746708048,0.0023027758562734575,0.0010522686302901544,0.0017396439802342385,3.06152205878885e-05,0.0025194251550739203,0.003198861768475216,3.6844219776015415e-05,0.0002697945323353861,0.00017632042852706216,0.0003930730799398986,0.0006311964165902249,0.00018126144844988798,0.00016150349728806705,0.00012959196449953387,8.049067773239977e-05,0.0015721136283221848,0.0012558905368710734
2022-12-16,0.00014105459981027919,9.1783348309405e-05,5.601965327946863e-05,0.00012618010430194549,1.8495990155139556e-05,7.518657908544596e-05,3.723346435731222e-05,0.00036394209354997643,0.00021568644205468863,0.0003062835549013438,0.0005167162352675397,0.0023364467177351554,1.4478104690085115e-06,0.001369850733617282,0.00015301022588611588,7.905325686884457e-05,3.9018427658820525e-05,5.9064279696298514e-05,3.900644285599696e-05,0.0006850581864306823,0.00010623367641219666,1.974628822654346e-05,0.0003282878923899203,2.0622261688916908e-05,0.00028824390832386397
2022-12-19,7.251903595872248e-05,0.00020031062884632008,0.00018568929537473254,0.0002872595290120161,0.00010276611024050315,7.962601794122433e-06,0.00013847664577422192,0.00031923448457592745,0.0002571962196931591,0.0003055524357198028,0.0003730879173860765,5.756187310889072e-06,0.0010092054021041649,0.0015884054252907338,1.4332832171333265e-08,3.419688201041048e-06,0.0,7.240435320036252e-06,3.525827492616247e-05,0.00016400318202032058,1.1712298541736297e-06,7.082894980787592e-08,1.2266952780532865e-07,0.002392417846290379,0.00015915499364061662
2022-12-20,1.870109637678873e-06,6.063711363545953e-07,2.7841744751514e-05,0.0003209946362362904,0.00014002578721875714,0.0002708756040458062,0.0026237146753196406,5.142776828511149e-06,2.7990901206298827e-07,3.1347754268297116e-05,0.00010923849474251331,0.007050094079266494,2.41218506266616e-06,3.2522024108837707e-05,0.00022436324335187386,0.00014869907989509514,8.115390685014045e-05,1.749265204242358e-05,2.3351338153130033e-05,6.412864649456208e-06,1.1712298541737978e-06,1.592110364879546e-07,7.596015563381002e-05,0.0002059830735890119,5.03632719021813e-05
2022-12-21,0.00022027580212245402,0.0002074163506383431,0.00029194663174581626,6.302124989890235e-06,4.649934521771274e-05,2.7469293047178616e-06,5.217896587253208e-05,0.0007511481792864693,0.0005536941837703753,0.00011702754473929946,0.0006519708552251719,2.7903999050220084e-06,0.0002771081293421088,2.6358733136553633e-05,0.0003541396656057835,0.0007639832604125526,9.49214119262362e-06,0.00023670647810826716,0.00012510819155829038,7.288206919583752e-05,0.0001294329906404585,8.336274468188618e-05,6.105769791959033e-05,1.3221659603324697e-06,0.0015708910484525443
2022-12-22,0.00020645815094944592,0.0006135279164226866,0.00017323723826381465,3.7154521471508964e-08,7.797081982129581e-08,0.00014784079874849586,0.00030164245607551267,2.8127094863138287e-05,0.000578886082451133,0.0006687516341487357,0.005332269751139704,0.008653300720858117,0.0011918856976764452,0.0002579247019343478,0.0005434713358326808,0.00030573122511695476,0.0002983030091720438,7.827227913047286e-05,0.00013029507047629152,1.772504883346494e-05,1.3431197254930842e-05,5.299144223824703e-06,0.0001387408739378159,8.295865991374033e-06,0.0033753221744107303
2022-12-23,3.289782939556516e-05,5.046936379603188e-06,2.0616640230921403e-05,0.00021812302529774401,9.472263242521587e-06,8.963048242269324e-06,5.401646639307663e-05,0.0005591960082414596,7.850577740636493e-06,5.127996064596694e-06,7.583545820136302e-05,0.00031352635635568775,0.00040554770350106044,0.0006597904561574902,0.0009850565333369555,9.527882300055555e-05,6.872953701501225e-05,3.1498971596558175e-05,2.240891048139889e-05,7.853202932431549e-05,6.444658559766546e-06,7.960519446234898e-06,4.076835607538244e-06,0.0002353979709170304,0.0001057196141396685
2022-12-27,1.5612912968569643e-05,0.00020275265883511426,4.5316606525896366e-05,0.0003988398559664834,0.0001683141062638258,7.047060701763548e-05,0.0001399272158446396,9.149633489008775e-06,0.00019531458972537965,5.537917491017906e-05,0.005480014551971857,0.01467447757646863,0.0015352190324530207,0.006956579434819664,0.00011290476574520097,0.00018333705550444994,2.081570277098929e-05,8.690991448318402e-08,1.2234977788257076e-05,1.313961106519126e-07,7.926580645177187e-08,7.528920543202373e-05,7.744086013119734e-08,0.0003538199750131433,0.00038274660711219005
2022-12-28,0.00015639763732819737,0.0001766378706565617,0.00024496024030488977,3.492065250028957e-05,9.78386437609342e-06,2.0394156943923743e-05,0.0005446011059354966,0.00018926393117681877,0.0009713150426908865,0.00010625615668215478,3.6452529583558676e-05,0.0010597148198442648,2.2205546588407414e-05,1.355859313614664e-05,0.0005127185542332693,0.00024289239255647504,2.2157883312375397e-05,1.2545449949084296e-05,2.9707411591515423e-05,0.0002956503238295322,1.8914621502060366e-05,0.00016927594828225083,0.00031253126075546584,0.0006657345723654783,0.00012377375218962307
2022-12-29,0.00031827738343655107,0.0005799874889673811,0.0006258607633840929,0.00012739999780246342,5.032637510904625e-05,3.116586487898083e-05,0.0002884740144714662,5.320038629889712e-07,0.000780117266448826,0.0007428399215660407,0.0015682766894086473,0.0060413936878864535,0.002533238587497818,0.004472903751421331,0.00010833270175130528,1.1693570229404844e-05,6.232557277473893e-05,0.00019048429553524535,3.2732351585517486e-05,0.0004690725756109197,2.581997356127502e-05,1.7116670927071397e-05,3.682413670325869e-05,0.0012345615851990018,0.0012480865108661227
2022-12-30,6.9573790741194306e-06,3.610343009903546e-07,7.875731347163494e-06,0.00012514209274580424,4.0133288171532233e-05,2.178796502038086e-05,5.1678789789347575e-06,0.0005195599688815624,6.080659706295017e-06,2.4500803778142066e-05,5.672661964727667e-07,0.00012325795296133787,5.032191719444407e-06,0.0003023009283892662,3.978632497093349e-05,7.118077712379695e-06,1.3235579629455008e-06,6.905787350068459e-06,4.3350328706451953e-05,5.253781112433758e-05,2.6399376339047683e-05,4.5875184661753496e-05,6.429900652438709e-06,1.18824939077622e-05,5.955388538494212e-07
2023-01-03,1.779632780137664e-05,4.600761319338534e-05,3.0482989781884668e-05,0.00035736966493976635,4.761700524779443e-05,6.948584292262528e-05,1.8534513722524037e-06,0.0012863650005899598,0.0014533118203888648,1.0024546308832151e-06,0.00042733918980503486,0.01705374606453331,0.000639332248099186,0.002693947937190574,0.0012765152295502555,8.080764219326338e-06,0.00034556298492356447,1.2267040425431462e-05,5.7411356774082414e-05,9.394294294655491e-07,7.533808751991187e-05,4.385680252888208e-09,0.00016089801660754347,0.0005650836109006035,0.00013565259176906677
2023-01-04,5.914293067220693e-05,2.2588250485688602e-05,0.0001532648525024347,0.0001851511569960722,5.222718661525517e-05,8.775736191982041e-05,5.303748100499153e-05,0.0025643930206969844,0.00010529846491649053,0.0020006771884019587,0.0008920612116050749,0.0024978845562337966,0.0017996991730848913,0.013255859402016755,1.4052638378802045e-08,0.00010667235894717355,4.662777605411067e-06,0.00025276041719714054,8.615370569625322e-05,0.0005016585735565285,0.00011726183699453817,1.887633411810373e-05,1.240030044647065e-06,0.001107023263437365,9.894970890989977e-05
2023-01-05,0.00013177024106923092,0.00024895229149923045,0.00011591941172158193,1.7404814210183892e-05,5.601857039973598e-07,0.00015699164967549704,0.0005339052168813419,5.5312184724357435e-05,0.00011366306007411617,0.0009051506755481611,0.0011133107842733192,0.0008684264968802572,0.0005858813131108856,0.013740432424943556,0.00032704056112277033,2.0109320739479847e-05,1.429384229259746e-06,5.601192722100777e-05,4.9122506980269295e-08,0.0007427979006904669,5.492421571735904e-05,0.0001560737032010459,1.1657080282790868e-05,4.2586210126324463e-07,0.0013468862372355203
2023-01-06,0.0005140735476651714,0.0007413262492931436,0.0004931421818795333,0.00033231128693636476,0.00026392006339488,0.0003435337625941791,0.0005990731564172615,5.953550346494119e-07,0.001305624111768341,0.0001372732728230279,0.0016643724249047588,0.0005930274530602224,0.00012588522354507512,6.536885449479372e-05,0.0003531056084276612,0.0012309803634939823,6.497236305001787e-05,0.0004841766175137546,0.00035928578710419615,0.00070455343746429,6.523759431967808e-05,0.0005538339828415767,0.0005858271193056369,0.0004633111508403613,0.0006664138870380038
2023-01-09,3.214713885345514e-07,4.164031315668022e-05,2.8493811731347633e-06,2.8197421816320413e-05,1.561460040322803e-05,5.029259550102699e-06,6.798982693440778e-05,0.0002581284438115495,1.6649459260077836e-05,9.388296319416658e-05,0.0025460603755957842,0.0033240505117234503,0.0020143361763079377,0.019687145319208912,1.2578772309781095e-05,8.175703430904069e-05,0.0009347875810991261,1.3549342188167838e-05,1.714618646452513e-05,1.2635063943740769e-07,0.0006890776498969133,0.00015102793373680576,0.00015740137313275293,8.117210185177157e-05,0.002501040420073768
2023-01-10,4.883696774299725e-05,7.104120857866359e-05,0.00021541680841074404,0.0002784985477517326,1.1555123195963844e-05,1.3463795326522544e-05,2.116901351505506e-07,9.21735940168643e-08,1.9772436074636897e-05,5.758194879540148e-05,0.0003175828281018861,5.94599522575788e-05,0.0005947613656265514,0.014851901237416074,5.013742649061823e-05,0.00024493363559779604,5.132267565169478e-05,3.200924014225861e-05,7.94603833940729e-05,5.056116818990967e-06,5.7344915388284816e-06,9.74851108786097e-07,3.857283296577215e-07,6.891285951301666e-05,0.00014338858254880237
2023-01-11,0.00015796825154973534,0.00029418892058701566,0.00015344987293566242,0.0002598779602312955,7.263012834429658e-05,4.7201006426442195e-07,6.918899184082069e-05,0.0010306866743696127,0.00043649633142834855,0.0008874444155677373,3.3248548321997796e-05,0.0013038746514725586,0.0011119637728427667,0.00016565784349866386,9.413463419398648e-06,7.704785064124423e-07,2.3556479927789048e-06,8.585475763514992e-05,5.4817740450886884e-05,0.0012385707030436854,2.55978650988383e-06,6.610990415740636e-05,7.619161867638552e-05,6.44103419526382e-05,0.0002170578316677059
2023-01-12,1.3207941986714618e-05,2.9054811156108208e-05,0.000277508021405118,0.0003798945593620567,0.00012659454726743474,0.00013228687647462732,0.0002309536128288436,6.716673911573014e-05,3.5921316564836925e-07,0.00013350427649069492,0.000984435726764508,7.592575233299076e-06,0.00043196367093911335,0.0067858500610788325,0.0003564966336783272,0.00029451306435414874,7.426862423858315e-06,3.819780893535111e-06,1.0060387909262965e-06,0.00015847519846876837,2.544960731063416e-05,3.2010775341658105e-05,8.233674063739213e-05,0.0012594276353445836,0.0006191829582320829
2023-01-13,1.4992245431739752e-05,4.701669181479855e-05,4.281815339153601e-05,8.867816715804649e-05,1.0584111798927284e-05,0.00014233286225522434,0.00041445318176619006,0.00043143488756337855,0.00010136831119428552,9.086491963968755e-06,0.0005395259890992462,8.897141006742422e-05,0.00019572466979292694,0.0024841395655970564,2.09173322283545e-06,0.00017431571475450116,0.0006828963833561941,5.6294059793170395e-05,0.0006210834475417337,3.8661767897216206e-05,1.0766119457499704e-05,5.065483599761616e-05,1.0950464353400371e-05,1.694228084198887e-05,7.957100155017213e-06
2023-01-17,3.3623561143132735e-06,4.107745192557485e-06,1.5131360599863728e-06,4.2048562965079144e-05,1.316218887809584e-05,4.312012117810416e-05,0.0002083448738100899,0.0001321762194477767,7.60070073711705e-05,2.181472152012454e-05,0.00215510604943973,0.005131782735237421,0.0008269777300121214,0.006392059530813843,4.452369220914976e-06,7.307346527927108e-05,3.543925890154585e-05,4.443978622611379e-05,0.00024254641559785185,8.015797235543751e-06,3.829714494460823e-05,8.530073557590338e-06,3.6909094858171484e-05,2.6190722242840192e-05,6.848342379476686e-05
2023-01-18,0.00025325635570246514,0.00017122019530235304,0.00026561099599096944,0.0005732420249252893,0.00013577259726146206,8.270707867781003e-06,0.0004077758140277956,0.0003700025446163463,2.8992444864684054e-05,0.0003636519425776505,0.00034336995153103154,0.00043369446307537875,0.0008921723794386241,0.005678991104225283,0.00034130759314301474,0.00018265253280026113,0.0001758194000426754,0.0003553276821067433,0.0009304486959349626,0.00021595359555695438,0.0002310389262093254,0.0007373168561679688,0.0006265929338299628,7.649197621870837e-05,0.0002225232837148571
2023-01-19,5.338395748697013e-05,9.748284088861605e-05,9.257986269176053e-05,3.942892008685724e-05,4.275630511399157e-06,0.0002478713752185109,0.0003210951732862522,0.00023770799204600075,1.9682034373020242e-07,0.0002752531922927584,0.0012855171778374279,0.00015827534596853516,0.001075780689518227,0.0002515087787175889,0.00015262591635322711,0.0005572076089023225,1.9816558900179048e-05,0.00013718807789811808,0.00017999251923320824,3.050960056748886e-05,1.8377233963133947e-06,0.0004568850436904437,0.00020662097046974254,1.6297111849572224e-07,0.0016649882818142992
2023-01-20,0.00034068623038869807,0.0007289533471896989,0.00026718732371807194,0.00026713099172249636,2.738217754048884e-05,1.1162150175602242e-05,7.445133167598383e-06,0.00018246901215360998,0.0003624477873706221,0.0012333753349889486,0.0038556298009260062,0.0023018188131021544,0.0023022911677640892,0.01207424877837056,9.771790514402607e-05,0.00025553972105167095,8.093350033815611e-05,0.0002458930481092836,5.982053690492327e-06,0.00013960330734366077,2.1817555806976467e-05,1.4854649938888311e-05,0.00014986385054749357,0.001887974907381371,0.0011738073536875706
2023-01-23,0.00014225645517203329,0.0004828166300959172,0.00015127800931525953,2.227181436833469e-05,8.402709431636653e-06,3.5896524045179334e-06,0.00040740175962797033,4.887393483197952e-07,0.0005395881233118395,9.557584114758875e-05,0.005352164764227932,0.005561228695642945,0.0017958159346878782,0.00020733359924875292,1.7564764596058063e-06,0.00014167356651996946,2.044933816244351e-05,0.00013297909234253583,0.00025865673925976285,2.071346935030771e-05,6.511559632877103e-06,0.0001827929329340115,0.00021998192542844222,0.0004465533505632658,0.007777135133688388
2023-01-24,1.153133748747758e-06,4.178023050794581e-06,4.569680474974139e-06,0.00020385775323507194,2.7541804505734925e-05,1.3046429051538343e-05,6.899754705422325e-05,0.00032631754627513733,0.00010025272818748885,4.966047851857737e-06,1.402019061045248e-05,9.475754190191896e-07,0.0002522316290138176,0.00192147101515353,1.4982071332424337e-05,0.0003703199371455191,0.00031882223646674296,3.126935743535343e-07,7.326609247113408e-05,6.220587761918721e-06,0.0,2.9637779221635026e-05,7.077551833353438e-06,8.578176281904655e-06,0.0005857732811411811
2023-01-25,1.4043523840308783e-07,4.936485034636444e-06,7.718472484225315e-06,5.867296492541199e-06,2.0353136817035056e-07,2.109926655785818e-05,9.224493418111321e-05,1.6985821765783206e-05,2.2202434541809557e-05,3.511416606678294e-05,9.036955039530266e-06,1.4030986687270853e-05,6.399614631827567e-07,0.0002264799384247467,1.2349795293082557e-08,1.034761406810765e-05,0.00011912579927991624,6.0760297694574145e-05,2.330367678773855e-05,2.0515587248823024e-07,5.047444160262311e-05,4.975055183689181e-07,2.2711794683806966e-05,0.00039214273199125553,7.881441763827655e-06
2023-01-26,0.00011947770255664868,0.00037285889594096606,3.485524925930233e-05,2.174174501568985e-05,1.3032879131817576e-07,8.274658521087073e-05,8.279890118908457e-07,3.527059840365068e-05,0.00021594286188002,0.0009151503932316077,0.0005995998488194373,0.010829526152597373,0.00040235841581562543,2.4166205134444237e-05,0.0009663966613294023,0.00019990863416875941,0.00015285958179818635,2.7617646988555938e-05,3.798215313991203e-05,0.00012417206572285208,1.3426437364546223e-05,1.6242077437648644e-05,8.350235475609595e-07,0.00021047380305344327,1.1100767449741234e-05
2023-01-27,5.267008549572998e-06,9.811814917956596e-05,2.910590865157197e-05,6.387719409417564e-06,8.36221650120805e-06,1.9431288743153245e-06,0.00020157194543851757,0.0004148035664823812,0.00018472429738268498,4.15998163185519e-07,0.0007859448629963128,0.010891352049537758,0.0029069191612160422,0.021389615182851453,0.0004160651466836218,8.445618781208033e-05,2.0844684427422771e-07,0.0,5.884702804850795e-06,0.00012389917562236172,1.5331155065307467e-05,1.6954041243702868e-05,5.830011193772264e-05,2.1303934599474733e-06,1.0163802959782629e-05
2023-01-30,0.00015942532888665168,0.000417212659231849,0.00019665499668036044,1.3405333063189106e-05,1.450178770402437e-05,6.604976747058453e-06,8.518479988181104e-07,0.00041410466633620837,0.00041136443222754087,0.000493118822461621,0.0037074023679509707,0.004259615438748553,0.002271887840065456,0.007870589337142927,0.0005371084581699926,0.00013359234347635462,4.6292684055779555e-06,2.477823429621336e-05,7.253263363552587e-05,0.00016412756012594847,0.0014239878601407234,9.767012037946979e-06,6.492358161154197e-05,0.00032263895174076095,0.0015928614686259621
2023-01-31,0.00021305493861615573,0.00022125528266199386,0.0005757895040476751,6.34065175093815e-05,5.113644158619068e-05,1.3174115989840548e-05,6.112006918092555e-05,0.0003152851135157937,8.064584792200468e-05,0.00043243055629583793,0.0003756260843839827,0.0014904725766081153,0.0013111714360281913,0.0016386344976546785,7.785255994914017e-05,0.0012855789685353755,3.341098458956044e-05,0.00018206213181781272,3.5375321946251253e-05,0.0004305436045707356,7.616631381767618e-05,9.348505357128172e-05,0.0001446577908544349,6.939538325126453e-05,0.001338792231721642
2023-02-01,0.00011176033132364124,0.00044765517167654585,0.00024328185145507466,0.00014279263234570784,0.00010201460891184421,0.00015670369207080844,0.0001296649278943141,0.0008226617962972636,6.193083820726245e-05,0.00038960463069120655,0.004829453943463479,0.0021341825065341003,0.0018604836216623635,0.013552236026174863,0.000395143855092788,0.00012012059422703727,4.763353286281541e-06,0.0,7.00781838237486e-06,3.758674387331891e-05,8.348240743806899e-05,3.2182378931806714e-05,3.074785940772808e-05,6.825230449640977e-05,0.014142162474885091
2023-02-02,0.0002088600622776306,0.0012433530216995317,0.00038029243528038065,1.672639216733496e-06,2.051015339291744e-06,0.000439752811398732,0.0005460994907969331,0.0001391776549963856,0.0013244011582306408,0.0020993189389972213,0.0012904151172745395,0.0013777045221316346,0.003994663633470587,0.04623068130901894,0.0005319219714252692,0.0003522856991891673,0.00012115098826169297,7.462734225263043e-06,2.1781728285918477e-05,0.0005039424352293206,1.4080147708393728e-05,5.1104404164275334e-05,5.3062280481465196e-05,0.001178201104277896,0.0018016937264950664
2023-02-03,0.00011418670501391362,0.00032156654925766676,4.5276641908899344e-05,0.00022706839091163613,0.00013050180435102666,0.0006388001683356585,0.0022533778698938535,0.0010982837409158725,0.000581148337434713,0.0005713966434841895,0.0008096141557891936,8.175153496092998e-05,0.0012787058355585943,0.007668427250238985,4.875687498670397e-06,0.00013480596164578928,1.7018741541115136e-05,3.6526915036755257e-06,0.00023579317740210688,0.00035955025648452636,3.1738797024381695e-05,9.545864222793202e-06,0.00017924156472873674,0.0004986441127868152,0.0006482169824147843
2023-02-06,3.757991647885338e-05,7.216764362196526e-05,0.0002123857623686494,5.5220553004755645e-05,5.958536131849627e-05,4.2984036450388515e-06,1.9227444559801434e-05,0.0002868445525111933,0.00032729926784969086,3.763321983802067e-05,2.719152154888478e-07,0.0006174838407981641,0.00020557771116940472,2.874390977513033e-07,2.06769022068643e-05,0.00021503974313802633,0.00046619336680370145,7.469917993645885e-08,3.440759256804951e-05,5.3496251819388046e-05,5.81053018026272e-05,7.260277502300834e-05,5.321650673349443e-05,5.8007990557538774e-05,0.0008061746107990608
2023-02-07,0.0001688381867455522,0.0004205361667061106,5.461052878635711e-05,6.493831180990717e-05,1.0808136572457813e-05,8.464043720009422e-07,2.3958980933213163e-05,0.0011506979610570443,0.0003633481028742876,0.0016944025714921225,0.0025123810557299664,0.00010963725099602489,0.0003016210294183973,0.001886033252251287,0.001022175502429705,4.934846594444623e-05,2.698935118956148e-06,0.0001303228195040593,0.00014679683577466192,4.812245433493167e-06,5.982716790758194e-08,9.618627308088965e-05,4.537490957710649e-06,0.00025255471675311015,0.000691704481575921
2023-02-08,0.00012088815316240757,0.0003218719253334033,0.00021701034366870917,2.2542842337459785e-05,1.0113856197084372e-06,6.093713209946042e-06,2.395898093321392e-05,0.00018187107942827283,0.00031720618075613093,9.650917025315446e-06,2.079931315586404e-06,0.000506602727691708,0.000857024727822588,0.0007904425985703011,8.06765208510374e-05,1.0044749923006649e-05,7.92193014781495e-06,3.5565778732356345e-05,4.978272419834502e-05,2.2402362675886254e-05,1.6500292170238642e-06,0.00010835878875704775,2.921729910863797e-05,1.8032759250568757e-06,0.00020456778555828222
2023-02-09,7.581269283169457e-05,7.880349406563459e-05,0.00021265889232647623,9.060521747075477e-05,7.12667983579494e-05,6.310534804091221e-05,0.00021776160478923125,0.00012382182216456771,4.810050629561846e-05,0.00013755932702652152,3.5129354789654987e-05,0.0008712478396303043,0.0009095002803858786,0.02319659506584723,7.40034328367905e-05,0.00010944485084782178,8.769194476481808e-07,0.00012566043273419251,0.00024605143438394164,0.00012060792758891135,0.00018495667125149667,0.00012165617508087509,8.516350403744656e-05,0.00016345555691700485,0.00031081823463978875
2023-02-10,5.433794085327742e-06,4.3362919207884094e-05,3.99546955289029e-06,0.0001266180200344053,4.939396193420936e-05,3.6304650756729027e-06,8.813791625250539e-06,0.0008012237953590136,6.016536293016792e-06,3.897374815192458e-06,0.0024188547197551997,0.0026644524664452113,0.0011493125413421796,0.0018948477015934728,0.0014759803545858522,3.167617515244305e-05,0.0005102819331117109,1.0850617563452241e-05,1.940888586167354e-05,1.1915229859559718e-05,2.149051397010142e-05,7.726497486694272e-05,0.00023796007226325252,0.0004435720672081315,0.0004414154505682707
2023-02-13,0.00013620461003422624,0.00025245997764510985,0.00014306826189648393,7.021388625354883e-05,1.3727073864147736e-05,2.5898916407281892e-05,3.9132393730823965e-06,2.8192481919269102e-05,0.0003471592884198172,0.0009464528086618425,0.0005903248847653297,0.00013210051269582,0.0002879400463948617,0.000147860422082031,6.51623503455535e-06,3.7488793197126256e-06,5.6087706470652905e-06,0.00013097533596245564,0.00011641835894032226,7.838689836101999e-05,1.3644738762683569e-05,0.00016916546309492226,0.0002287041029858623,1.3751721495019527e-05,0.00040192158007953195
2023-02-14,2.118836576424771e-07,5.420044428803752e-05,2.1845340727532628e-07,5.311878871148753e-06,6.245938820561617e-06,5.676944140330693e-07,1.5747049598193394e-05,2.073205663978616e-06,1.7923659079259506e-05,9.785078755966162e-06,0.002795575929219493,0.005238576914943467,0.0006151825438503134,0.0020772249192890927,1.1109764924073542e-07,0.00023687808733278984,6.553206181650192e-07,2.952159848900329e-05,1.943979824243444e-05,6.34358213054251e-05,1.9118964321603542e-05,3.1989908098236894e-05,8.309838225347173e-06,0.0,0.0011128950589879415
2023-02-15,1.0512666974995506e-05,5.8241162075498896e-05,0.00010157328751415812,8.777432703633175e-05,1.4494618981191017e-05,0.00010029315147814525,0.00013218847671535788,3.014691310982774e-05,0.00019064155048600335,6.440395087063685e-05,8.193916330460518e-05,0.0005554128316350087,0.0032639730042670297,0.025913310846396725,0.00029392849605989487,0.00030992934762210414,4.947494689049289e-06,1.1855310608805296e-06,1.748247653967559e-05,1.5921021687437533e-05,0.0002760402433471889,5.290938694788948e-06,5.4697675360799486e-05,0.0002122568308670022,8.098250935205233e-05
2023-02-16,0.00019223187291775797,0.0003588068863412144,9.23706941121612e-05,0.00020361527596272276,6.45426307004736e-05,6.716993061931714e-07,6.335050551121786e-06,6.876989963217169e-05,0.00010991543333469273,0.0007281088300221211,0.001159200834344203,0.003437622680776124,0.0007928535031933017,0.0030912152160455348,9.764213031296468e-05,7.751329583454203e-05,0.000378659694601452,0.00010239245901330696,0.00019222621016241906,9.569151671060158e-05,5.0630968351358234e-05,0.0001738155675691374,0.0002501630815274013,0.0010057211015730824,0.0038118906004355256
2023-02-17,6.256585527563095e-06,5.0139871678867056e-05,7.551875739772066e-06,6.000715819249343e-05,1.5456179661772285e-05,8.894346341263987e-06,7.279588550190124e-05,0.00044573659767311463,5.7383398244310185e-05,0.00024726509585025935,0.0008010867042885528,0.0009340162053468247,1.4553965412538985e-05,3.556652095469489e-05,0.00131493298587939,2.6402461276856876e-05,8.558805664521107e-05,7.546190882281347e-08,8.743542234213894e-06,1.5347662080873284e-05,0.00042692092740955265,0.0004289674088964445,0.00022288383204176207,3.341715014304406e-05,0.00039710657481074055
2023-02-21,0.0004106677601875986,0.0005740710108407844,0.0008974830023471084,0.0003852801767498252,0.00020455718924771156,1.4017570898254008e-05,8.96396156130506e-06,2.4363888373855104e-05,0.0007312913577834139,0.0004455399534515309,0.0012160853674207013,0.0029103034141848526,0.003950340870848137,0.0024203100384152768,2.48345379413028e-05,0.0008403402557917555,5.5607530074550874e-05,0.0004337085040490863,0.0003429892323637536,0.00041118476515772953,0.0002253958309330441,5.102870154649616e-07,3.671317700568709e-05,0.0009119595021929943,0.000496609176719485
2023-02-22,1.901630000276737e-06,5.59202801910714e-07,7.384006642590315e-06,8.322121586822119e-05,8.061773242186555e-06,3.183641705812828e-05,0.0002583302791089486,0.0007235744284630919,8.365042174630088e-06,2.117355800167173e-05,2.2861906591741508e-05,0.0003072320452199109,0.0005821486434678075,0.00020858383623995267,4.466742070504843e-05,0.00013887520562150192,5.029984031682497e-07,1.2603168584154176e-06,5.9178513883292935e-05,8.248902787920719e-05,1.9416218751536764e-06,1.7707490786601855e-05,0.00044927998460795346,1.619372357534969e-05,4.3525250870524266e-06
2023-02-23,2.8147691246486964e-05,7.562646282303284e-05,5.047512534029777e-05,9.456443271063415e-05,6.104233210662821e-05,2.8152771409945863e-07,3.714324486527221e-05,0.0004946198450670838,1.079233494262607e-05,0.00016585416853571056,0.017217600119915744,3.607272390010184e-05,0.00023297829195054716,0.0003649517459351057,0.00022425968124888698,6.35985773021387e-08,8.818147655756758e-07,7.094125060957274e-07,6.36689565327465e-05,5.592918874505695e-05,1.0040722594075361e-07,1.0290767310244836e-05,0.0002255378738725026,2.417019829663853e-07,0.0016135579741552075
2023-02-24,0.00011534854549845703,0.0002851372070469439,8.826998853851055e-05,0.00017125017970130913,5.669528890877415e-05,5.213825215438936e-05,0.000778093077385847,0.00011638647447105006,0.0003301265022684252,0.000485108421421727,0.00025929077968919745,0.0006770288152999928,0.0009762241523928013,0.004215059630881721,1.6857239997312939e-06,5.6382224926864626e-05,7.571261217603667e-06,7.084089168315294e-07,8.06539449233951e-05,0.00031305684392701543,0.0001259125671905524,3.2001767733646724e-05,7.13281988807673e-06,0.00020040443435442325,0.0004424620069380514
2023-02-27,1.1561069232224493e-05,5.0920401220649844e-05,1.234454511160588e-05,7.668376497570688e-06,8.032561189917021e-08,1.530898970699067e-05,7.084023942404983e-05,0.00016252568954285763,6.746519298647408e-05,1.417290620896804e-05,8.446944335467824e-05,0.0028263303164329646,9.676680188434093e-05,7.847601591657738e-05,8.694609044123724e-06,0.0002561225137181305,3.594504298326969e-06,7.877350554869932e-08,7.551660912624407e-05,2.2962100533902925e-06,4.7629810605048396e-06,7.426946872274564e-07,5.264941992372406e-05,2.232882423025337e-06,7.517254698877051e-05
2023-02-28,1.3711456108097456e-05,1.6742930153990922e-06,2.8419247670590363e-09,2.0547575805179692e-05,1.4264396355542805e-07,2.0662678019384333e-05,0.00023114296027975558,0.000206973324249381,1.193063032619e-05,8.776086099687415e-06,0.0001488720322750363,8.630838156992052e-05,0.0004160986223813105,0.009007766699404632,0.00020945163890189494,3.2161768455064177e-06,2.2006359129753434e-05,3.848991022014942e-06,6.949008967977836e-05,1.95667711960035e-06,0.00023548143744092298,0.00013042997397747462,2.3684402876811832e-05,7.051675935250385e-05,5.831904612259016e-06
2023-03-01,1.477007505908765e-05,6.514905527921738e-05,1.6242312258483276e-06,0.0001166588985693184,3.910886985447001e-05,3.312642027544863e-05,1.3216907964561877e-05,0.00016165979738242244,0.00020587356595168273,0.0001615361382202964,0.0005091704818353641,0.0002072186089412437,0.0005519898062655723,6.106336624274556e-06,0.0003811721338666663,0.0013961021771836677,2.175983904404484e-08,1.1324268055503667e-05,3.1319648052724754e-05,0.0001607590235014375,2.0360287323654315e-05,5.280397658622121e-07,0.00019680860959018853,0.00011664298874281599,1.3670358704883953e-05
2023-03-02,6.001666223212636e-05,6.793196568368403e-05,5.690479363058531e-06,7.933508121309847e-05,7.356488670478353e-07,3.4308567050973363e-07,6.736314178945896e-06,1.1378669041228516e-05,1.6978417471500114e-05,0.0003787822901619732,0.0007170154227084393,0.0036388225966388636,0.00015195175065901847,0.00022839710436513134,7.656354206304071e-05,0.00019646081263411852,6.98198652136998e-05,2.291291040509536e-05,0.00010892714455091443,0.00013522804149154063,6.190849961306022e-07,0.0002674968332107596,6.2208438895967865e-06,1.4813670614753533e-05,0.0007339603520005809
2023-03-03,0.0002531493634040126,0.0004187208053770955,0.00019123699324215517,0.0005729851256439226,0.00012705056967897557,0.00011376357852368572,0.0002554823120620331,0.0005100116202767156,0.0011894662583154627,0.00027255511686115233,0.0005956430691452603,0.0012571370900121828,0.0010334498730087975,0.00015966114455279504,0.00018221796703527326,0.00015216073823511798,7.719075223520505e-07,0.0002459403667220194,0.0003310036108727448,0.00022702533508570436,0.0001049739496840263,5.275110472790231e-05,1.4624614796577064e-06,0.000492588048821491,0.00017786896671556917
2023-03-06,4.796019792021084e-07,1.2861955237309524e-06,0.00021695299988804773,6.0582619968955456e-05,7.48235673989034e-06,2.5569139797732285e-05,0.00014005383798954276,8.059689534233726e-05,0.000337440979909998,3.8068174344159425e-05,0.00020062511200707143,0.00041320899356783893,0.0004401487749054161,0.000747640963472282,2.1031311074602545e-07,2.7278518091863277e-05,2.2653571778506725e-05,6.939407816950816e-07,3.4389977921464366e-05,1.5356388802208223e-05,9.897713341995759e-05,1.819763534402712e-05,2.0231414789178093e-08,2.2630124943855865e-05,1.9587596371530654e-05
2023-03-07,0.00023862880590744265,0.00015232411058779642,0.00013627552026481904,3.737775753757617e-05,8.049232829571878e-06,0.00031099563714241484,0.002123034742959375,0.001457060487434307,0.00021324170867695184,0.00011332868372696358,0.00012516279451690496,0.0010227223616629019,0.00028219150937554966,0.0001993363832256165,0.00030852003895733,0.000983146133463031,9.919641977703156e-06,0.0006842504232877925,0.0008909591192292943,0.0005571920952161676,9.014131410105557e-05,0.00040317109186728333,0.00010007600116025688,0.0002567313822135836,0.00013542579876302697
2023-03-08,2.6596869063046276e-06,2.4821021174630143e-05,2.328133255888761e-07,9.64937504807968e-07,2.597437598335143e-06,2.2521006781233598e-07,7.364536515634468e-06,0.00012355084010631245,6.95989924179712e-05,3.140188270364319e-06,0.0014159528033309116,0.0009542889345022353,1.649201245182417e-06,0.00032165746090299073,0.00010633015286546031,0.00010873134633892364,3.0742855393410486e-06,1.3778059387997706e-05,3.519939008916112e-05,0.000130070749954731,5.417404302343983e-05,2.115141368083807e-08,6.8769762781806e-05,5.8562062622732045e-06,0.001515931424863133
2023-03-09,0.0003467829173775488,0.0003054748848501118,0.0007956639242649284,6.014348155779461e-06,9.004401037522654e-07,9.606210419362263e-05,4.715860490683332e-06,0.00016639822018949283,0.00022581523233251673,2.9748891527765458e-05,0.0009793024030910495,0.0026191506175835765,0.0018084697665955616,0.0066096709245412905,0.00020264605202635212,0.0010046916120636945,5.838770948692223e-05,0.001719421456236478,0.003097705158444495,0.0005373136058102858,0.00012788351497510146,5.428888129254587e-05,4.565589267520948e-05,0.0010458872886952185,0.00025030150274099914
2023-03-10,0.00021125353247630288,0.0002000234279810892,0.0008557791212000284,0.0011495503600702434,0.0002026815391498939,0.000455125358236611,0.0005071982551009766,0.0001821286453266388,0.00019532073084385141,0.0002218099249177986,0.00041217635751151284,9.016105902628438e-06,0.001200679387664282,0.00696123754569789,0.00016552963715241523,0.003556571845375503,5.414580820831154e-07,0.0003368843916356329,0.0006289034850167028,0.0011359381984250311,5.969541612002918e-06,2.051334699054426e-05,2.129746806209155e-06,0.0007341791564322702,0.00026624795792433404
2023-03-13,2.034543529077433e-06,5.459319092083779e-05,0.00026974732992381703,5.154128025434018e-06,7.095932613670647e-07,0.000514784456430003,0.0034443944938034564,0.0008153272758463025,0.00017367927319667862,0.00045004678616504957,1.8973151662573266e-09,3.574084901655162e-05,0.0006918428469195118,0.0103744659208955,0.0004219468118172247,0.00010460848045883136,1.4753507102229424e-05,0.0016223226866921548,0.0003283495579151994,0.00016983275083915365,9.060337986935152e-05,4.7622061292476146e-05,8.50455728772759e-06,0.00010858937546755944,6.424888179439679e-05
2023-03-14,0.00026879828917303214,0.0005161880913673882,0.00033680340211865266,0.0002748446854519608,8.985797024131267e-06,3.373167896190156e-05,3.041755650501205e-05,0.0013106603814354999,0.00019574328342191526,0.0007126803990505115,0.002177188276467379,0.0024103958254911304,0.0004468116033359306,0.0032660173396736715,9.671095740249332e-05,1.8556114704081848e-05,1.03763999293111e-05,0.00040128604285679504,0.0006427230811059579,9.22244246605524e-05,3.139516878958955e-05,0.00015136085636074687,2.8090235638566765e-05,6.681200180324132e-05,0.00412497258541332
2023-03-15,3.936166267455505e-05,2.7377265685145497e-05,0.0002763212944636783,0.00036582191355761536,9.070561075200193e-05,6.0432564046792556e-05,3.0417556505011348e-05,0.0022415636782273205,6.853759438021934e-06,0.0003123586246684973,4.669914493813298e-05,0.00023876941510074412,6.258957384869342e-05,0.0008200383969927215,0.0030465664020510636,0.0014424075284197556,0.0001363893234041396,0.000729630322871004,0.002342226096939569,5.275580756331777e-07,7.781700625744614e-06,0.00019764943949272188,0.00012297943689496178,7.777589114063513e-06,0.0006340634019651866
2023-03-16,0.0003025147455667184,0.0006770145509024045,0.00018384542913897127,6.167798808748797e-05,2.214338181232018e-06,4.0725434244148085e-06,1.6064204821561242e-05,2.496882790797431e-07,0.00034304628169174,0.0015789735046886696,0.0027853137215141273,0.0004075691616140369,0.0009162843547877387,0.0025067174976407566,0.00011663210019109424,4.4248886895492154e-05,2.1874404468497928e-08,0.00035803704406233496,0.0003696992968827447,4.7586267070804004e-06,4.306676120064333e-06,5.544304399038257e-05,3.245272436683828e-05,0.00016131414896569278,0.005525089125293768
2023-03-17,0.00013833690817680825,2.2444154061397866e-05,0.0007487171304335499,0.0002219369353283258,2.5130122749497383e-05,0.0008239355026673054,0.001226542614490594,0.0005484718033197275,2.990862500026883e-05,0.00013517690684191917,5.1529088636977445e-05,0.00048238289461060516,0.00020661231596426328,0.010191772285525898,0.00025135771806227323,0.0002911227626220137,0.00024636556937562647,0.0010697170097044282,0.0014833379050225662,0.0005267050682043872,0.00011599083094932971,7.827098045553278e-08,6.507518200430859e-05,0.0001351979770096711,0.000162683099790312
2023-03-20,9.158192255544388e-05,1.2551158968302203e-05,0.0001659411075290088,7.80810970066468e-05,8.806216147364528e-06,1.4500500267078487e-07,8.434558670726857e-06,0.00036406079627386887,0.00023608595193252196,0.0006814363298907496,4.596189842170394e-05,0.0002948947982929328,0.0001431311369237245,4.543616005662103e-06,0.00039291316212822604,0.0005929785747849524,0.0004360096585577518,0.0001224386852941103,0.00011058749247361963,0.00012897554087272788,9.722630545842951e-05,0.00023331849105163026,0.00011455033221925682,0.00011848058109486697,0.00011200379280422211
2023-03-21,0.00017017125965838352,0.00020111124153484607,0.000334195388141695,7.446557591856116e-05,2.3212267218079885e-05,0.0003631130166126402,5.294408323309893e-05,0.0005663838242790685,0.00014097988183642848,3.223292837547473e-05,0.0001317516803311927,0.005668920518325535,0.0029143383894671884,0.012397639251918086,0.0011583624067802254,0.0004288691649229605,3.912189283190766e-06,0.0006264551832308912,0.0007005222035930213,1.9611126426866062e-05,0.0,5.2725025269792356e-05,1.1644434658423345e-05,0.0005917005823998486,8.338442926558486e-05
2023-03-22,0.0002956126093115854,0.0001874516879715806,0.0008277712924724537,0.00017543473668000858,3.371024128067471e-05,0.00028484603153326927,0.0007235459518633574,3.8278312184047475e-05,8.363888878509293e-05,2.977989642975488e-05,0.0001043524723027557,0.001094626930295734,0.002454868738100384,0.007237887293686758,0.0004622846058551535,0.000499279676947979,0.00015425688325119863,0.0005487916327758557,0.0006839744505906574,0.0014495182720347143,0.00034696401159144477,3.901892158815594e-07,4.1344177675635315e-05,0.0002935633532363478,0.00029083247444148993
2023-03-23,7.288765355934306e-06,0.0001389655811403334,1.9788204382662007e-05,0.0,8.092501425318018e-06,0.00015525718371701074,7.215887780001644e-05,0.00010229827768899796,4.8241756666372565e-05,0.0003814061786517309,0.0007262761539491671,3.116014780329377e-05,0.00023987291817389008,0.02293165112265909,0.000194616178201825,5.387969627993621e-06,4.557704202892648e-06,4.555023616060392e-05,7.1660062349641e-06,3.9631851401045837e-05,2.8038416100818714e-07,1.932456138094633e-06,6.506863267464944e-05,9.510246727907573e-05,0.0007449454027200487
2023-03-24,4.277775872514309e-05,1.3496698129757223e-05,8.108434421368339e-05,1.7812762980999196e-05,9.673981223139258e-06,0.00012805495413959118,7.972693881012135e-06,2.4211071157969323e-07,6.840995786023167e-05,0.00010869731218465381,0.00023311166868222668,8.95085252405117e-05,3.4359777988743755e-06,0.0005205086530304336,1.489335051186065e-05,0.00012400259263711891,0.00019856462508162508,4.1638070377273004e-07,0.00023510007701142092,0.0006411696784864196,0.0001001437451698296,0.00040692175837023865,6.63083462304136e-05,0.00033967729984176083,0.0005526800341790288
2023-03-27,3.489786798442075e-06,4.7264753334605505e-05,0.00012225987457079542,0.0005650638599022766,0.00014492429127648145,8.64868704949211e-05,0.0,0.002601634324430985,0.00015300100341403118,0.00022639888702346336,8.656774455757587e-05,5.366477850668544e-05,6.316741406060151e-07,0.0065931534132335256,0.00044470594639698676,2.0718309111377385e-05,5.88707233171186e-06,0.0001898919926484096,0.0007984983760836418,1.3069634678527185e-06,1.805516431833469e-05,2.768855972455146e-05,0.00027474850507163296,0.0002636251545876933,0.00018974653073845847
2023-03-28,5.050277276979684e-06,2.8365600628662614e-05,2.074616019446126e-06,3.309179199239314e-06,2.7743487943073082e-06,6.65161695401194e-05,9.697764628856528e-05,3.863927415037188e-05,1.590670049011167e-05,1.7386258965403513e-05,2.089412032299466e-05,0.00018915799212340705,0.00023135659662800264,6.341085655794823e-05,0.00023543090985432295,9.721109159106447e-05,1.7039371048171694e-05,1.0128194096871762e-07,9.184412056904647e-06,5.84227969533864e-06,9.410877457739811e-05,7.869736797268402e-06,1.5147085755245921e-05,7.058892619679876e-05,0.000460005294074039
2023-03-29,0.00020823522786052364,0.0003265144863184224,0.00012754956961952277,4.0436769667548245e-06,2.134424462808832e-05,2.4731877494453386e-05,2.1765713247230277e-07,3.8639274150372204e-05,0.0003840598253763812,0.0003611009559503767,0.0004623023569734397,0.0005996436390039706,0.0013655501932162935,0.0012406331670710082,0.0001895962647398232,0.0001642780318704665,3.382976271020759e-05,0.0002113747875855744,4.061503115772918e-06,0.00048051578309152233,9.537575003696048e-05,9.42317410379029e-06,1.8559775951482037e-05,0.00045751658826114286,0.0002576245319445667
2023-03-30,3.4083987322279284e-05,8.87522356749346e-05,1.8746116205903653e-06,2.107408125424773e-05,1.9093787390717047e-06,8.098135558540673e-05,0.0005314462530634349,0.00032667484698223586,9.68493089938197e-05,0.00015726814486198985,0.00021545229531366614,5.1767790037103874e-05,8.148829032229807e-06,0.00031018474130466617,1.9236814947942676e-05,4.736395256882151e-05,4.546357896007826e-06,4.834669428715516e-06,9.147411687268115e-06,0.00016898476820328447,6.123322605705076e-07,1.8922152348263402e-05,9.869461155705e-05,0.00015920049965789673,0.0003406607137408681
2023-03-31,0.00019589660637527105,0.000272049470380107,0.00033175904631863203,0.00022109692327233066,8.065724149859441e-05,2.730979331451249e-05,6.676091706413784e-05,0.000289035975189093,0.00024097271781345583,0.00022056105859843552,0.00020409100434823078,0.003660753683727956,0.002228311800351422,0.0026815901555321446,4.7685797242652654e-05,0.0003598309469432796,9.053692456756585e-07,0.00011981841481622732,0.00014504440649124785,0.000448440822810901,0.00010364844100715748,7.013192779364536e-05,0.00014751265436949753,0.00041951324888291107,1.7617931511787886e-06
2023-04-03,1.4464408015799264e-05,5.922083588249395e-06,2.0086519146604332e-07,2.20191187451328e-05,3.6263762320430375e-05,5.153204698512016e-05,7.3778781317905245e-06,0.003141108824387483,5.886135415043846e-05,1.3823741879395483e-05,4.550028764390804e-05,0.003984031538818391,0.0003617461871850034,0.003647361889271063,0.0019605917785471554,2.0167530685019927e-05,0.0008386365352506968,3.4760160889195082e-06,1.3262793054263275e-06,6.367741638140193e-05,0.00014077733245309172,3.024536505013805e-05,7.012719591554826e-05,1.3705188520113106e-05,0.00022215856508215752
2023-04-04,3.0952533406135225e-05,1.1416727702153275e-05,0.00031302594664699574,2.459461798358542e-05,1.6192969763619973e-06,0.00034111673040541457,0.0016340187019704933,0.0,1.0595432059139498e-05,3.0402771474203105e-08,0.0003414517204860484,0.00012786489022476534,2.8300721868799772e-05,0.00028778861507441195,0.00033489354627082963,0.003085254835220455,1.5506405539375705e-05,8.75603874849062e-05,0.000181121830360689,1.7849619776965147e-06,0.00010818942656288349,2.308043359709702e-05,9.736723504701999e-05,3.6346977903926577e-06,5.142920411063099e-05
2023-04-05,6.8731640423954715e-06,9.843568988384965e-05,9.716447223636554e-05,0.00010816690768552247,1.0661956544630818e-05,6.371923501650935e-07,1.7078616951453158e-06,1.823277349013934e-07,0.00012891858757469894,9.877310572881008e-05,0.0004433425449404716,0.0013949437182517008,0.0013109984254296748,0.0008148512373452875,0.00022334254875319774,0.00033092868338402024,8.781877587551958e-06,1.5735409239086099e-06,2.2200800486170374e-06,2.875803414608241e-05,0.0019311046454548095,4.668824866788285e-05,0.0002701707547100936,1.1621352211718063e-05,0.001234544063585236
2023-04-06,1.5157608641937304e-05,4.5152331543656425e-05,2.238486508219238e-06,6.674001162986258e-06,8.20329315102518e-07,5.1260736683907385e-05,4.761244804701367e-06,8.108730580399472e-08,3.0039044048824607e-05,0.0006356642384711178,3.3484858027282085e-05,6.163463378092797e-06,0.0002458105694727115,0.00011664646028199528,0.00023401011944745932,0.00042560119957367915,1.35080886689468e-07,1.4124083070681905e-05,1.204963378806781e-06,4.6514566663904645e-05,7.73725966629008e-06,4.0025963548704845e-05,5.657102344481275e-05,3.6030283372621526e-07,9.462925981720569e-07
2023-04-10,1.0523275228137994e-06,3.206518644431578e-07,0.0001132040416296758,0.00026425313195324205,2.1466934634432813e-05,5.516629348882455e-05,1.9094930763538583e-07,5.1006264517559867e-05,0.0002592549072419139,5.7879397322117345e-05,0.00039395903046636146,8.859259639931807e-06,1.076635016657264e-06,0.005411278638058308,6.352011400631688e-05,0.000897170232492626,0.0001778127472910747,4.778565335956869e-06,1.0820077864637887e-05,2.1172606294236665e-05,2.538496244248916e-05,6.908669112109436e-05,3.7049595549026624e-06,7.001451870076841e-05,0.0010260846335472394
2023-04-11,7.215642099861635e-08,4.1452168102978405e-05,6.205796539512499e-05,4.2353601611939264e-06,7.472229785177165e-08,3.9698383125470726e-05,4.856341708151088e-05,0.00034612713454050694,5.806639922382665e-05,0.0005257544225722612,0.00022434252986293333,0.00015083088101417973,3.856003042237474e-05,0.0035501845790192983,8.857454022735167e-05,0.0005406070135195583,0.000327593752449473,7.561399391723806e-05,2.4148129250492226e-05,1.780722062008455e-05,9.263441532161992e-08,3.957720889103704e-06,8.57104784794664e-06,1.5025282614568101e-05,0.00023418087007630775
2023-04-12,1.6682737834452794e-05,7.873338006870903e-05,5.42566378181645e-05,1.0577507748689652e-06,4.397752833434542e-06,2.374851970049602e-05,0.0002817493168003599,0.0003593026351713107,1.9032551114015236e-05,5.433549212050735e-06,0.0006310487991826205,0.0011582200779773385,0.0008592989565476871,0.0011596713759579559,4.812077842254362e-07,2.056516312309685e-07,2.8384448134386984e-07,4.695282997860839e-06,2.4215604440274444e-08,2.3271024029834944e-05,4.549293592317578e-06,7.3860216162004086e-06,2.3778128558516997e-05,0.0006253103521321363,0.00033287023446767203
2023-04-13,0.00017411855070780392,0.00037608855418533706,0.00017328324483974138,6.224478610280282e-05,3.0023630793606e-06,0.0001802346683099888,0.00017276773273003926,7.631881181589186e-05,0.001124588393031492,0.0004907191631495004,1.4604188814047587e-06,0.0008559450867122619,0.0015462833892909195,0.0002634006457388661,3.8703080764362095e-05,2.800824120587305e-05,6.794802660716739e-05,8.004012225279898e-05,1.4484852250859007e-05,9.161111435755838e-06,0.00017613749737238886,2.137067897091892e-05,1.007970343940047e-06,0.00085146461181235,6.774649305433079e-06
2023-04-14,5.982278018140775e-06,3.539804979433883e-06,8.762136307985858e-05,8.442984282138616e-05,1.0795227650632897e-05,0.0003193017764050471,0.00033411999130527985,1.624709921171934e-05,4.478602007213026e-06,0.00016507051515690486,0.00012290308262534618,2.3551966345422036e-05,9.012331605373936e-05,0.0001911912642744257,3.370951442520133e-06,8.147942955610555e-05,7.171316194034125e-05,9.56457817253329e-05,0.005299065627249958,0.00024468698878888403,2.646552667428233e-06,2.5870946313403992e-05,4.595804502715768e-05,8.770962874821751e-05,1.3681365798323313e-05
2023-04-17,1.2830089805568607e-05,7.17189469158806e-07,0.00016328826446498028,0.00014321154346617378,4.004172233440625e-05,1.9924642369596234e-05,0.00015672553519837325,0.00030595349573981533,1.467590965275276e-08,8.562493814967896e-05,8.239979457417938e-05,0.00012026712160816037,2.1433865148232198e-05,0.0010129692350268837,0.00014109449272866004,4.830481825956937e-05,1.1394537072650372e-05,0.00013203763648837285,6.237704456112538e-05,0.0004244225827171081,1.0519076139864874e-06,1.096359658109385e-07,4.871738612242483e-05,1.596899981802776e-05,0.00042862558341443105
2023-04-18,4.250901584734725e-07,3.935238663936011e-09,1.8147217881006976e-05,1.2653280723666242e-05,1.0932489286151593e-05,1.500221894691083e-05,3.1712000048825165e-05,2.414613632116107e-06,5.590036984358654e-05,2.220420732933886e-06,0.000591920520928082,0.00021618857506469793,4.223285328272123e-06,4.6455636979077315e-05,1.549691901067836e-05,3.159436612336463e-08,0.0005642330347634814,9.014740703565781e-06,0.0001246650126947056,5.266238082853497e-06,0.0008140262052242304,1.120740968789279e-06,4.860438043089786e-06,3.920604446174056e-05,1.0039889196011505e-06
2023-04-19,2.8505138415865245e-08,2.212640713944651e-07,1.6669124190863973e-06,9.21940130389054e-07,2.463607585026115e-05,2.2943849414305508e-05,1.1900864911664258e-05,0.0004171768780982449,4.821972597304383e-05,7.701366540429619e-08,9.018610302788565e-05,0.0004157464369686788,5.954854076085246e-07,0.0018345067145419485,1.2058845064899492e-05,5.979394008009006e-06,0.00015733040697903835,5.735623260581505e-06,1.6228045882475978e-06,3.490428032634843e-05,8.828464403756527e-05,3.937332844092218e-08,1.1392846446742533e-06,0.00047680626453618243,3.170496226157663e-06
2023-04-20,2.9944668460625926e-05,5.858146938230139e-05,2.6775236910558666e-05,7.247343384119789e-05,1.4219380539234996e-05,1.5449023293077398e-05,6.688354610407297e-06,0.000616876060140684,3.437890772777823e-05,6.635252733148606e-05,0.0009033522431082021,0.010514526505945277,0.001487035991424343,0.003980503449092767,7.835069937665368e-05,0.00011343929272709645,8.559665792135326e-05,8.969082552086e-06,8.45310285209002e-06,9.814816830902341e-05,4.1467859763856715e-05,1.3390732778163873e-05,4.0693762552049715e-05,4.7746294626285926e-05,3.5658450751512898e-06
2023-04-21,6.032029415218418e-07,1.087511011052425e-06,1.6796700639765556e-06,3.1759183390687956e-05,4.13014776886292e-07,9.874152261423118e-05,6.780022555556044e-05,8.069802179760165e-05,9.661316670579827e-05,1.497646501721823e-06,3.0623598677749913e-07,0.0001623415676948778,4.0938176146290737e-05,0.0005967354523047078,3.441413908966981e-05,1.3142393435847565e-05,0.00027372309238231,1.2999701802513239e-05,3.6843500310789413e-06,1.4765133848878797e-08,2.9765309001620156e-05,0.001157267256795568,2.521510413678964e-05,0.00023041309491844483,0.0003541875437664826
2023-04-24,1.087237087278971e-06,4.354176094831436e-06,4.5692679474897826e-07,9.269573912086275e-05,1.9306256950959297e-05,9.209562003481492e-06,1.885457781481232e-05,0.00022897672257200409,3.5230593761513286e-06,0.00019772039618606307,8.085401659362989e-06,0.0002385341386680412,0.00018620594218350295,0.005690865757947625,0.0002304799830979471,0.00020289215330119434,1.1448593212572047e-05,5.813970779644887e-06,1.8251750507681562e-06,1.4218230029809504e-05,3.680542287842724e-05,3.2124286483509098e-06,4.577087651933896e-05,1.2192653612706848e-06,9.550785418190989e-05
2023-04-25,0.00025604309522104244,0.00036266961884624116,0.0006247198113216211,0.00021308690172050157,1.913701400260491e-05,2.5739656558070605e-05,1.5265504761352145e-05,0.0005673593940499616,8.987896231808327e-05,0.0005195522644581256,0.000904091969969657,0.00013532912880733278,0.0010982608074969209,0.0002104279136093316,0.0003592682027037736,0.0004716442590250007,0.00012467772984653974,0.00030099601884343277,0.0004832725252207876,9.840015258418347e-05,8.32186583326174e-05,6.547961284737086e-08,6.116066048458158e-05,0.0002854590147137809,0.0019364775301153447
2023-04-26,1.8015763378596368e-05,3.655629667468488e-05,9.402189774621141e-05,0.00011482358236068788,1.9137014002605007e-05,2.9726732357712776e-05,4.8774462797684436e-05,0.0011555497483663655,3.728687036326281e-09,0.004890407251924388,0.0007226853840505878,0.0019381701573760782,0.0003764247190156787,0.0009204295414988087,0.00018056458782399838,0.0001259592551672984,0.0008876239950112482,9.14678583612166e-05,0.00031978924217968056,9.305543826532579e-05,0.00024397168335747103,0.00013551958086302068,1.9044060523405534e-05,0.0002069934656979637,0.0006358649553787631
2023-04-27,0.0003885848077042437,0.0007197387230908916,0.0001761637949271903,9.943961153105168e-05,1.3399642670848178e-05,2.9266941492007446e-09,6.888788147687319e-06,4.707751289227891e-05,0.0007839709409998189,0.000993846259887849,9.933438347491131e-05,0.0016836840504818199,0.0001832379403681591,2.6856184040275795e-05,1.2853989461207741e-05,7.466017662711031e-05,5.322294040936078e-05,0.000255700181049709,0.0001787305195034117,0.0005001995170505502,5.448525351773193e-06,0.00014768715189026225,9.669629622589292e-06,0.001141612523801894,0.0002994099021863612
2023-04-28,7.223050865021959e-05,4.726171206058063e-05,7.592905095364691e-05,0.0002560627419409098,6.0256890605990174e-05,7.323296160559441e-08,2.2983477548810893e-05,0.0006429182421868141,5.643960209133454e-05,6.304415368566469e-05,0.00036203651679584325,0.0006448677629778997,3.7742358531714976e-05,4.955628581892464e-05,0.0002367978449438894,0.00042605417426008546,1.4006048259937615e-06,0.00013988674013104793,7.474616409997001e-05,0.00014882113810503174,1.8363582393549514e-05,3.3071143777192357e-07,7.3549797334486614e-06,0.0006447900885147653,0.00047664558284767354
2023-05-01,1.0202661639610637e-06,1.3168795791264724e-06,3.257678247057314e-07,0.000856059945981633,0.00026469020165554186,2.0263216391306114e-05,2.2983477548811323e-05,0.00020090247955990487,2.8138633304994995e-07,3.078079568013745e-05,0.0016799850772626645,0.0002312972483241068,2.5237197077462753e-05,0.004937663883865206,0.00012861729836186826,4.9241133638570735e-05,0.00011374832307581012,7.38165559820202e-06,0.0004488377798185771,5.581759443582584e-05,3.7346432470905453e-07,1.4739933981146448e-06,1.6795852115418737e-05,8.02688586820589e-06,1.2775057360949685e-05
2023-05-02,0.00012776214660872274,7.673395315335149e-05,0.0004305663795583678,0.0006058714534001785,0.00014371890347160545,0.00036529995332244147,0.00039588635710269656,0.002918759014145595,3.857542837801531e-05,2.411541752975411e-07,0.0006007808577941505,8.905673064370444e-05,0.0005656649437040359,0.0005410952070092222,0.0019764232788827495,9.61496137036998e-05,0.0005156796066716196,0.0005259391269025631,0.0002650029512261565,0.00029164714123235705,7.573928192736158e-05,8.007933622755411e-07,7.334588453689279e-06,0.00025208813350552773,6.002026557169186e-06
2023-05-03,4.743695712063809e-05,4.310556696913001e-05,1.3412909103786999e-05,3.0983836348778344e-05,2.717475960008744e-06,7.128982814226294e-05,1.1698213304794123e-05,0.001974033792847889,4.2094434802181924e-05,1.0973376482672091e-05,0.0002122444277067202,3.495570192603858e-06,1.6156951390321185e-05,0.003217488299798341,0.0003632940943142972,5.175649513540933e-06,0.00016292263596032048,0.00013249058434715497,0.00045756341311642884,1.5562055633285536e-05,0.00017358089675605594,1.6359389009453533e-06,1.3771296362737916e-05,6.662520991923266e-06,0.009357630643269025
2023-05-04,5.052644878495938e-05,1.2503222731086855e-05,0.00012684685324987753,9.855540358302161e-05,7.557731791783322e-06,4.911679562766972e-05,0.0004636897657752823,4.15478271476215e-05,9.926399398671743e-05,1.0973376482671918e-05,7.516820381727657e-05,1.3444991511880981e-05,0.0007730225331543272,0.0002232766336466663,0.00012550909904549272,0.0006098351737832832,6.346746658073806e-06,0.00016671141177195456,0.00018968799307223327,6.79241549743247e-05,2.0735287670541658e-05,2.133908588188767e-05,7.811629573658135e-06,0.0011829511616089836,0.003521345470240687
2023-05-05,0.00033647870955199157,0.00044233038583529324,0.0005517618592679273,1.109756926449015e-05,1.5633869557254785e-05,0.00024874563808139586,0.00024261235036827979,0.0014188084278269728,0.0021030777998206477,0.00028939558107206245,0.0015810192712036944,0.00286283750941569,0.002036966295523291,0.02831558813088901,0.0007171452833056399,0.0004902245494452465,6.330243240546675e-05,0.0005964405694100295,0.00037428625776154663,0.0002730168642250147,1.1467711430427102e-05,1.1145830110133986e-05,7.400534397912587e-05,0.0009620721487750953,0.0013406567807244057
2023-05-08,7.09813167588338e-08,6.122726355527866e-06,5.269369816589201e-06,0.00019920353097698494,5.2014472904709526e-05,1.503452509881902e-06,1.1559422506204489e-05,0.0003735175747553834,1.6278419931507565e-07,4.1716603305598186e-05,0.0002653333021177893,0.00010244395162118965,0.0001307526311646494,5.7926627177384075e-06,0.0,1.948023258336585e-06,0.00010210710643391937,2.3878260283878803e-06,5.809829087436832e-06,3.3645264940241614e-05,5.183893531770958e-06,2.199444506306859e-05,3.893645529511688e-05,0.0005798929808441138,0.003166042312331106
2023-05-09,1.931682689946339e-05,4.0364419199544064e-05,8.953589320264406e-06,1.2844617734165389e-05,1.3770742084706153e-07,4.986017111689483e-05,1.8131710529288667e-07,8.926324208841116e-05,0.00010042278290522873,2.8731319906565407e-05,0.00040388659265054117,0.00023984414635781401,0.00012781515438213022,0.0012725485653711335,1.3974844175583974e-07,3.685388412551292e-05,5.721415309970445e-06,1.3786195452685974e-05,2.3297235018006894e-05,1.8071166162619166e-05,6.073679469584209e-05,0.00010590073339095899,2.893391923726213e-06,5.931705977917228e-05,4.425985197246255e-08
2023-05-10,2.1729771237959782e-05,0.00011713189113594153,2.55872902797827e-05,9.326231224743547e-05,6.177652187213367e-05,2.043367444503732e-06,5.28026809955543e-05,5.515999469102635e-05,0.0001074777013465843,0.0002940696046571174,0.00011947123833086188,1.3052241717663244e-05,0.00019653027532811956,0.001565437151872668,0.0001300263289162266,2.2500579816804353e-06,6.015603017008154e-06,3.1304440141867496e-05,2.6338764704365123e-07,9.157114436397064e-05,1.3828473831482228e-05,4.325749142294526e-06,7.923763313570066e-06,0.00010465744786127348,0.00041652167726136656
2023-05-11,3.046319010553115e-06,1.0595974358495963e-05,5.948295084781357e-05,0.0001105971337680216,1.4906653894150582e-05,7.430094421805071e-05,0.0023804745305030803,0.00031909407370415765,1.19632123196064e-06,4.997393609270034e-05,0.00011417422787055277,0.0004320754680819777,3.2505634414149052e-06,0.0013870499634269081,0.00014507283229757962,0.00022021274827818753,2.9632720393196753e-05,2.433509327685609e-06,9.958871649026835e-06,0.00012168013022338974,1.6739448666892156e-05,5.447979696553011e-06,1.3910322354330214e-05,0.008345417335933471,6.793903145641229e-07
2023-05-12,1.7195071305225724e-06,1.2912926479180297e-05,4.098815911125811e-06,7.063583552688695e-05,3.802512191847103e-05,2.9293832038858512e-06,6.627866788573217e-05,0.00035465748556968264,2.9509597774456553e-05,1.3564166435508365e-05,6.993883808974548e-05,0.0005815137564990777,0.0009508554756163023,0.0026175972255983284,2.3392005141299018e-06,5.4558048669479595e-06,4.9221646200570925e-08,1.6539865638331915e-05,0.00020841062927060198,1.4884166196004912e-08,1.7034255985284105e-06,0.00010237122602145126,1.0662508643763958e-07,1.2058950712974875e-05,0.00036600823848656147
2023-05-15,1.1863060855087044e-05,2.9165537343333663e-05,0.00014743724729820033,0.00010839708954314307,2.8822554141077456e-05,4.575204636541628e-06,1.3151311509165542e-05,0.0002164792774405311,8.417741790336381e-06,2.5111837780339207e-06,0.0004579388314677433,9.507927284278998e-05,0.0005450017278200662,0.0033753532683786,2.5819811836803425e-05,6.917165227778421e-05,6.268038924399273e-06,6.589276853061907e-05,7.040636243748334e-05,2.9172522129403598e-06,5.897763832132081e-05,1.0251266158080644e-07,6.091391206679849e-05,8.860813926671416e-05,0.0004935599208539727
2023-05-16,4.495840382900196e-05,1.2803020591260656e-06,0.00021588769224767452,9.052654904285417e-06,2.5247561873469058e-05,0.0001582103185560023,0.00017447953179891112,5.140378951783621e-05,0.0,5.388732593460195e-05,7.992189279655664e-05,1.0432759956058302e-06,0.0006219509185657505,0.002374060671388767,0.0006194632644761351,0.0003820912544533704,8.67662181787549e-05,8.783649517144626e-05,4.558843304039267e-05,0.0006427428850048116,1.734056953051122e-06,2.9989124675502968e-06,0.00019385403519929457,0.00041834038588514145,0.0016839156658895566
2023-05-17,0.00014558379101521242,0.00014475542446338698,0.00048596375160710875,8.529637792119676e-06,8.713401078523778e-09,1.2026296658363983e-05,2.1014036268010008e-07,0.0010502797926879531,1.2936001833019016e-05,8.849299177263965e-05,0.0010562072780867136,0.001860622460218068,0.0006349544673120496,0.0028257178668273956,0.0003626522273650296,0.0005463113464848416,0.0004472932053603573,0.0003955653995346097,0.0009171392036669005,0.00018053746474880496,4.83547874113129e-06,1.8036976402393418e-05,2.7903726369635807e-06,0.00037961152461357537,0.0004894001968290536
2023-05-18,9.191072737090197e-05,0.00033866897712518814,3.668965199426179e-05,5.529844525933828e-05,1.7695978763014768e-05,0.00017050599494279,0.0001436940462582014,7.580287658785575e-05,0.00018424606770592723,0.00020426871872689827,0.002353157340256933,0.00029851842810486233,0.0001932028393822801,0.0001654026491792818,5.2394588003310966e-05,0.00015072871827232309,1.1527966150587192e-05,5.413367102982766e-05,5.708206532703365e-05,2.3340438058925502e-05,1.0323061771417751e-05,0.0002748926164265067,0.0001661644880601254,0.00011268068253866812,0.0015601482934220615
2023-05-19,2.1195821678242514e-06,5.088956101371683e-06,3.7379276872123395e-05,5.035786087111041e-05,1.4861599785022447e-06,9.702558607460733e-05,0.0001909589404618965,4.789607368523772e-06,3.945346804334866e-07,3.19380761818128e-07,0.00017305617631553738,0.0003314677561695979,0.00011651604059278318,0.0035383910240861178,5.911895548713809e-05,7.805052090250839e-08,7.664027669719975e-06,1.8365438429560195e-05,5.27461874231798e-06,2.610044139147096e-06,7.34092050910553e-06,1.753294023055185e-05,0.00010716987422188042,0.0006780890951904675,0.0003897993587669483
2023-05-22,1.647498181273405e-07,1.1238102636849108e-05,0.00014723963589713138,1.2726608749383563e-05,1.407562266559176e-07,5.495477627105653e-06,7.620751543701842e-05,2.447848368755035e-08,3.0206579144796978e-05,7.88832777562929e-05,7.944927858506754e-06,0.0022396176598717863,0.0022501526820845803,0.005305172148428878,1.7241501030727913e-05,5.876368401988891e-06,2.559075648421011e-07,3.381478903183364e-06,6.883571125652312e-05,3.6918617384825346e-05,2.9199994515219427e-05,0.0007037834188354976,7.822430787328176e-05,2.633639852925164e-05,0.00041582112432565933
2023-05-23,0.00012738249031627184,0.00016274583846574432,2.230985014948984e-05,8.262950804193035e-06,4.252380820354465e-06,1.440026035628276e-06,5.49209222511593e-05,0.00022229224469360847,0.00023319747482014938,0.00034610179451837787,0.0002489110425610708,0.0002738875870977426,0.0004806692786833011,0.0010751738462267007,0.0001136475970046112,5.271326229027211e-05,2.12234939145214e-05,0.00013696541316431357,0.00010998195988958735,8.911652636475216e-05,1.4641359820366981e-07,0.0001177719513618161,3.5576109766023197e-06,0.0004849865602911536,1.2332539754731366e-06
2023-05-24,5.287049931783484e-05,2.6449566696040812e-05,0.00011348297196685579,2.461332807150941e-05,1.5528409404948522e-05,6.562905438738729e-05,0.00026913564450494013,0.00014652275213656815,2.6587474214674568e-06,2.0094246391834488e-05,2.400974208109378e-05,0.0002424202407289051,3.676806182106204e-05,0.00015876414493526319,1.898121564085467e-05,0.00020311497178856822,3.953813083199104e-08,0.00017151963760280017,8.452349649987052e-05,0.0004708317477707077,9.159071561145071e-07,6.893752427972962e-05,2.1118113935108886e-05,7.031228469790368e-05,1.9219094999407457e-06
2023-05-25,7.435238456429513e-05,0.0005779967580785561,6.139008015306124e-05,6.199789769397336e-06,1.0862390182930022e-05,9.340408815216144e-05,0.00020389329501625404,0.0005857212892287523,4.449110995897328e-05,0.0014240752523572418,0.047562262657387895,7.305690525579067e-05,0.0007701190192157946,0.0006688839881017843,0.0003211805423717806,1.7803785879658413e-06,0.00048787517985307907,9.850333336621997e-08,5.930206529508106e-06,1.6266251515337256e-08,0.00020927547126700516,4.153411865388264e-05,0.0001001460610837205,0.00011016590090907888,0.011188578091655348
2023-05-26,0.00016557478070720294,0.0006365364990828904,0.00012778067616918813,6.472151086316154e-05,1.7938726586154673e-05,1.5901003605041906e-05,0.0006062619667738835,0.00012138226714073699,0.0001961759380510521,0.00044774392411945507,0.0006308462431515313,0.0021237134415880107,0.0003454362896358987,7.722868312427822e-07,1.5426495732757603e-05,7.447865316229785e-05,0.00015904352551878982,6.609693500876841e-05,8.681602157214849e-05,0.000130281492535172,1.5111688835307362e-07,4.7102429231941065e-09,3.1587038726688706e-06,2.8908942089983557e-06,0.0029180650960364445
2023-05-30,1.4504097862514532e-07,2.047342366573166e-05,1.3666200196814244e-05,9.882965072131639e-05,5.603886631765577e-05,3.808706391061505e-05,1.4053722223249664e-05,0.0015479689777207707,0.00011242530888394668,2.5598191499437738e-05,0.0008687447443091694,0.0016426816108557963,0.00032384817293320504,0.0051854548286290976,0.00010684080149885734,8.120240666371011e-05,1.1466846193664944e-06,9.705293692376649e-08,1.4363598921768967e-05,1.4258723900708808e-05,1.676732413230533e-08,0.0002367194576852069,6.059700926362079e-06,2.8489367816691273e-05,0.00019465518901330497
2023-05-31,3.092150179883383e-05,3.251602450398522e-05,9.813744604944543e-05,7.533421869033496e-05,1.0610061277803603e-05,2.362426922474868e-06,0.0002087782786330398,0.0007382945339878839,7.957674975228098e-08,7.311369000006615e-05,0.0034155195607697706,0.0001870365941448798,0.00028685646296564883,0.0002788288376142526,0.0003143359135686718,0.00039876914039240077,4.665228971202174e-06,0.00011338711279549147,0.00016416185447942378,2.5126291473775854e-05,1.9890231720435037e-05,2.2663020653263316e-05,3.05840715120505e-05,2.537363862670321e-06,0.0033650075402035353
2023-06-01,8.941995933939649e-05,0.00013192349506800308,0.00011579408154584554,1.533118653202799e-05,9.378871392099178e-06,6.189131555924961e-05,0.00024370255657696745,0.0009719671073130985,0.00025266847874189156,0.00016074249267306496,0.0024904885460921245,0.0003045366808822584,0.00023092961795768277,0.0004746578627370399,0.0001519703145570443,0.0002562304229062197,0.0001604544904391844,0.00011338711279549043,0.00018728779351011123,1.562214560572654e-08,1.128476026368723e-05,0.00010390443317100086,1.34698266065403e-05,5.0933556884573586e-05,0.00011241529702560181
2023-06-02,0.00020613722651245239,5.582942218428552e-05,0.0012690151016837418,0.0001213994398122623,7.284531896990519e-06,0.00022073863291063354,0.00014198688109712279,0.0006379610139256238,2.2695961708963928e-05,7.129229179565027e-05,0.0001254767735769104,0.0009368547343786125,0.00015201304671225458,0.00023404435994976442,0.0008989183448023462,0.006504362827662932,0.00011367433523993146,0.00046537480262930184,0.0004321541595551039,0.0005798240321606401,0.00024341949707649483,0.00031069734240183147,9.06231757140033e-05,0.0005909695770124927,0.00018408572485585043
2023-06-05,3.6790678941334e-06,4.964116939015364e-07,0.0001821356990633078,3.477929866454147e-06,4.602796325963194e-06,3.602839425027001e-05,5.326511747714534e-06,3.505920637099499e-06,5.7759909253749286e-05,2.587944082473675e-06,1.5796670696248772e-05,0.0002845513065726306,0.00011059482473995793,0.008992749779310315,4.429328926902575e-05,0.00034322809552992967,1.935173172503303e-07,2.700074578744242e-05,9.747364954517705e-05,4.87053070774456e-05,7.333175049257827e-05,1.5731882461100266e-05,4.307938797143723e-05,6.404318796949229e-06,3.5253443276959553e-07
2023-06-06,4.731568185036901e-06,2.8592213392286144e-08,0.0006759120196814602,3.453124915149278e-05,3.838408095587317e-06,1.204368592589759e-06,2.134542150855927e-07,1.410191653270258e-05,4.253820547901745e-06,4.5562125622084514e-05,0.00017653249356261973,0.0002842579112951454,0.00021413212435801557,0.016613815458917717,6.449808979259155e-05,0.0003514482646638796,7.44433471245723e-05,0.0001559124622394662,3.2245883331371125e-06,9.097551322839163e-05,7.822586791733919e-07,9.970837999546732e-05,1.7833776400688285e-08,0.00016044857727791047,0.0027085240767502575
2023-06-07,1.1998917652940285e-05,0.00029278691242592373,0.0003436419404912484,0.00022365087816907992,8.07830965442931e-05,0.00014600499723500397,4.2087434485402245e-05,0.0002050418460150764,6.062771261506977e-05,0.0009831121276154327,0.0009531405030962528,0.00021383425437513192,0.00010253806101798712,0.0009903662426274523,0.000683915122286248,0.001473320679887089,4.5964621659182555e-05,1.542272217967215e-05,9.296929637043371e-05,0.00033158644070479783,4.6100233204425965e-06,4.592161919262353e-06,2.1543159633184084e-06,1.5197890645403895e-05,0.002797541447548601
2023-06-08,3.6367565674957646e-05,0.0001522014495333603,1.4028848631549209e-05,0.00013523857413123489,4.4289840586833845e-05,0.0001722586182399364,0.0013009504223511635,0.00038048260007917463,0.00023551867564825787,3.360327879599754e-05,0.000742246189992654,0.0020072281044523845,0.00010253806101798483,0.0009197771171134031,1.8240861491221477e-05,2.1908887718194883e-05,2.73240097308196e-05,8.188088158003181e-07,8.072804799882938e-08,3.885474896095879e-05,0.00011917112267838644,0.00012684610874218568,0.00020629428033089802,1.1707271316485858e-08,0.0007268839455962588
2023-06-09,3.2137691216901677e-06,1.4557120431435877e-05,6.605944907435599e-05,1.8843523914465434e-06,6.859848225488631e-06,7.226043541200501e-06,1.8120994394051758e-06,7.033789996098407e-05,4.654835642308696e-06,2.202486245818448e-05,4.527387506393204e-05,0.0015853622557631508,1.5928828995624145e-05,0.0008971446476262097,3.044381827837148e-05,6.1049989224471e-06,1.0198231136805507e-05,9.105795065382739e-08,3.951766514148546e-06,3.351104986917652e-05,2.4367596769989195e-06,6.708449595302566e-07,3.6332187752536626e-05,4.231950926990176e-05,0.0009903488887097577
2023-06-12,8.155707372339588e-05,0.00028075812127065913,1.7245641686428374e-05,8.64007922309008e-06,1.0109217675856943e-05,7.730813784717365e-07,7.341548849223898e-05,0.0019085007615456812,0.00024079854372139448,0.00023609409505255167,0.0003311761019312867,0.0004828782794353478,0.00032224762195420955,0.0027457837184738897,9.28680320665252e-05,0.0001473093499465747,3.737459029630777e-05,9.105795065379327e-08,5.077940731083561e-09,5.8446019182942363e-08,4.731321392798125e-07,6.205245843412442e-05,4.3243813064110165e-05,0.00017098529827423367,0.0011296784898685102
2023-06-13,4.31825107149755e-05,5.859392240765407e-05,0.00012993343968055427,9.86029106630384e-05,2.0177408940302892e-05,5.4683556885092515e-05,0.00024081908705226627,0.0009643063719157277,6.837850464754519e-06,5.3666262350106e-05,0.001464109946971242,0.0012198964705463467,0.0005321473412575135,0.0012777653237095962,2.2151456031782986e-05,0.000973566613700802,0.00027038721876398634,3.620101124267961e-05,5.1957768289314144e-05,4.0810150960209994e-05,2.7454063385705672e-05,5.809017969725016e-06,6.017018540983614e-05,5.766921645200628e-05,0.0013496488246291679
2023-06-14,1.4164420315221425e-06,5.2435818982757366e-05,0.00011679066292783044,6.354411271591836e-05,9.550174813918234e-06,3.066660198799663e-07,0.0001107542387654122,2.5011810973489383e-05,1.2146967200400066e-05,8.24895289048972e-05,0.00221104467533277,5.5488296812275395e-05,2.4797079171632632e-05,0.0007965877283853314,0.00010627185403986021,7.525468703086984e-05,1.582052160883224e-07,1.5263187004838036e-05,1.3979523911189088e-05,1.3822030454767374e-05,2.5892182978386737e-05,8.708337515275919e-05,0.0001011795587629146,0.00022589280151107702,0.000494418128878668
2023-06-15,0.00015181380115912563,0.00014031235558837653,6.717696887847771e-05,9.139060341995486e-05,7.496286221995297e-05,4.9083789151412014e-05,1.8669832474598072e-06,0.0006366973308049414,0.00012401812769445269,0.0009858701632355566,6.452180976993336e-05,1.2054396590194326e-05,0.00011253844543688176,4.1893077559692034e-05,0.00011938565357687297,0.0003139879848929557,5.6024854909185576e-05,0.00017324345383904635,0.00012644404926605833,2.759472380590206e-05,0.0001780074519104802,0.0001895853496106859,2.9889842175610074e-05,2.794300383030341e-05,0.0006035372099034514
2023-06-16,1.1640661465154313e-05,3.985118373190705e-05,6.455837586027982e-05,1.5141050224869168e-05,3.1074978417459493e-06,2.3728375850298234e-06,0.00011836387910963683,0.00021654108487982227,3.4540211568192915e-05,0.0002793838853959213,8.350152486611968e-07,0.000322910612322231,2.6803794398968506e-05,0.0005953765574519562,2.1997542401637265e-06,9.48171959280441e-05,4.952547674819373e-05,4.336208368818693e-06,1.4097963946499397e-06,5.106360136425908e-07,9.298391672522924e-06,5.3519346804279495e-05,0.0001972941726873244,0.0003092068224016868,0.00115987646124661
2023-06-20,2.7057630787665484e-05,2.0524109303673443e-06,1.9059776004181474e-05,4.755992152405703e-05,1.306970088425937e-05,0.00010825738761673078,0.0017946756218244462,4.49521642473939e-05,2.366730426385589e-07,0.00015828849009683798,0.0006658920080061596,0.0027053216278508066,1.274992189291381e-06,0.0007089247553949737,0.0005123934053877593,0.0002869843342619734,2.9655810701095012e-06,5.634789336405023e-05,2.6096432509174243e-05,0.0001408269448951596,3.709065452565721e-07,8.59525328510303e-05,7.827949354496525e-05,0.00030073942412338437,9.260434747399098e-05
2023-06-21,2.6387979503419936e-05,0.00018827619544071805,5.407147876498573e-06,5.841865235733614e-06,1.234412006110829e-06,2.0951691890371977e-06,0.0003981285729391576,0.00030172407398976257,3.239074887329929e-05,0.0001787855231667279,0.0003087221172040735,0.003154689681289372,0.0013556824120150655,0.00030753461742689394,6.21119066363336e-05,1.8699978627506147e-06,0.0002746626940368268,1.4552229805240036e-06,2.1735789255678394e-06,3.657308439301982e-05,2.3237320242989632e-06,7.399824277371004e-05,3.779486192310623e-06,0.0001548741570035704,0.003487439839731548
2023-06-22,1.2983288405792432e-05,0.00013758703155514906,5.542659961703141e-05,0.0001474703496546095,2.7044233254865513e-05,9.933073748445606e-05,0.00022460896195591673,0.0015615116037486277,0.00026863551497541743,0.0003337749417733123,2.157518684481425e-07,0.0003862983204520159,5.494614608531964e-08,0.00011139934397473816,0.00018257357331502325,0.00029904584216314516,3.154119904873512e-05,6.203956360236822e-05,0.00037792065616056215,0.000207890887652381,0.00011154708763734358,1.1607123931955926e-05,6.917271243745344e-05,2.868389068711011e-06,0.00016019269944456311
2023-06-23,5.7588237587496164e-05,9.925237754718625e-05,0.0002301093593842798,9.841274957233423e-05,7.7790597451913e-06,7.581497552536746e-06,5.916872461045292e-06,2.5625778228295147e-06,2.9334306235792066e-06,0.00019326836560385944,0.00036664992368897907,0.0009448561528900059,0.00015621677954976936,0.004480725557349899,5.2021120133523133e-05,0.00015114081281511168,7.781185201414208e-05,1.8205518704781316e-05,2.749678829451949e-05,0.00019267808936763986,7.152990927607351e-07,9.972921058709913e-05,3.4729911044142283e-06,1.9510070811979843e-05,3.909403107178932e-05
2023-06-26,1.6762372230713107e-05,0.0001821545513994789,9.922579270458139e-07,1.1318519314032285e-06,1.2403761592906185e-06,3.0209685833884074e-06,0.00023806681699781502,2.4542981006513148e-05,5.7478177425323654e-05,0.0003743772718402143,0.0014498977382738682,0.003908010505283667,3.262195061321994e-05,5.801688525218798e-05,0.00031713093079517227,0.00011341008253233166,0.00020689077256945494,4.58168391795564e-06,5.980736048565606e-06,0.0005209943032562118,0.0001263923943565258,1.0203992821110606e-06,6.974506029383832e-06,4.606724205035068e-05,0.0005284207335863795
2023-06-27,0.00011888842969595649,0.00029064141597275853,0.0002055399839749504,6.831567838203828e-06,1.2403761592907132e-06,2.119790799518862e-05,1.459576508281063e-05,0.0005317619542144266,0.00022340386958238627,0.0003241699927658042,0.0009094442677594429,0.001391006428572402,0.0011107910968762731,0.014582112097486024,5.2126050506502886e-06,0.0002452581723930585,5.971604968555064e-07,6.283651588220264e-05,5.160145981469014e-09,0.00014992914419854818,4.326717692556754e-06,8.917041933320277e-05,1.3091446896646202e-05,1.6406336601930284e-05,0.0006988440209784117
2023-06-28,2.542089129488586e-07,3.800066972012741e-06,2.3973680158177822e-05,1.8114303417554868e-05,1.8962734214714375e-05,5.336451234320443e-06,4.482780458157587e-05,0.00038835333038601165,3.9787202429614314e-05,1.4581494559989244e-05,0.0003345619743216409,0.0005671006471374146,0.0003864308398723264,0.000149572111590193,0.00010169698272589496,2.3916307409837436e-05,5.9776537908491646e-05,5.916563150830596e-06,1.9288132026301373e-05,2.0882529225788844e-06,4.0922467413117695e-06,3.9914400967712905e-08,2.9403855104521154e-05,6.686737646218847e-06,3.979760744711316e-06
2023-06-29,1.547444515782648e-05,4.017814923424639e-06,0.0001308696916737982,0.00033173314142057904,5.790983235901698e-05,1.1499118570894866e-06,3.334877650612129e-05,4.9183244696056955e-05,3.221441533398617e-06,5.688017679880972e-06,5.184856972222366e-05,2.4061506151602526e-05,7.861932615564694e-05,0.0005507491782366921,0.0001316290641392674,9.50846044655986e-05,0.0002942598220613093,0.00029593543477767983,0.0011783477300841582,0.00012339794586665345,4.859836636853985e-05,1.6608372236393443e-05,4.600651552713563e-05,1.8225115892126725e-06,9.34199461464349e-05
2023-06-30,0.00013762825457760955,0.00023416684346220514,2.2694981793735476e-05,0.00013749802372451208,5.376405089631535e-05,4.410582551802278e-05,6.676789004896696e-05,8.700031730462299e-05,0.0005216614966657809,0.0002641608813859191,0.0012682940542899277,0.0002704871499411521,6.337688055656723e-05,0.00014942700151387466,4.13034465730857e-05,5.4515625721492885e-05,4.10437448450831e-05,7.464633539627312e-05,0.00019367314192893792,3.0471169073613488e-05,7.423263629987e-05,0.00024570729762331386,0.00034679835633198746,1.3713097804704337e-05,0.000562576013338126
2023-07-03,1.322410003488941e-06,5.532910022509409e-06,4.109017790841952e-06,3.2321647363343945e-05,7.871297528773445e-06,1.2571965790876778e-06,3.280974800437431e-05,6.354810576869006e-06,6.107794692517869e-05,5.6494803732183155e-05,6.867177070230562e-06,0.0044462693202566616,0.0004822054988175463,0.012266605078665407,5.466796096482902e-06,2.692120764944259e-05,2.2727127484607964e-05,3.1595798359168954e-05,6.419899139188015e-05,9.536679812840425e-05,0.0001741555820497513,2.4962342863964595e-05,4.184111960468086e-05,0.00018420698882035472,0.00027650914408640555
2023-07-05,2.214818919237762e-06,7.365450181709744e-10,0.00010030645192008748,9.115841002138594e-05,5.168351580359969e-05,1.2505259575196403e-05,8.976045921350524e-05,0.00037529554279294594,3.467708710263324e-05,2.2383310000896543e-07,5.1335638481152376e-06,8.951477911845456e-05,1.261947525067424e-05,0.0003986134488285812,3.076192091311306e-05,0.00010321415888379893,1.513550773481255e-07,4.27342227941791e-06,4.4673350599263506e-05,5.058057281735672e-06,1.0964608409305626e-05,2.912564733485731e-06,3.2398512460294534e-07,6.203515487530182e-05,0.00026495799112391896
2023-07-06,6.180352232759566e-05,5.84425589891486e-05,0.0002650380249684077,0.0002028893213005271,0.00010346511322420185,8.908134213900871e-06,0.00032683121499202335,8.667492713507367e-06,6.278519805138715e-06,8.435542853979023e-05,2.5705712224887762e-05,0.000451659560453238,0.0015215595026428753,1.021385363146284e-05,0.0005176082548199849,0.0003066471041446097,5.871339826046034e-06,7.41225458004949e-05,9.87220488924764e-05,5.9527279662754923e-05,5.564331467984808e-05,2.7005773150796944e-06,4.025599988843919e-05,0.00013836258230382354,1.708242788730652e-05
2023-07-07,6.390685933243814e-06,1.1061338980405502e-05,0.00011033313568749492,3.645478171696141e-05,8.966961886533149e-07,5.584580097231874e-05,0.0002776590006472239,0.00046849774893975533,3.491320783347897e-05,0.00014252651123274757,8.940670960803926e-05,5.866509442721601e-05,0.00012697588667941683,6.252430118213025e-05,0.00045226968074014924,0.000358718768469887,4.054331426482016e-05,2.2191132730819105e-06,6.177202865397157e-05,5.137724111157936e-06,0.0002145993345254548,0.000449940355783892,0.0005433910188020504,1.2715790888023886e-06,7.48319399593837e-06
2023-07-10,6.390685933244176e-06,1.0732606595976659e-07,0.0002877452539117059,1.7197155382131546e-06,2.70150460505641e-05,6.136978811370249e-07,8.002284916062638e-06,2.2266580588549994e-05,0.00011913847081354662,0.00025962133841604527,5.818916432523819e-05,0.00031399048369254684,0.0013554690008706605,0.0009697689045440891,6.0339882389620924e-05,0.00021600172268276677,1.3206729867097414e-05,1.985465359842178e-05,3.1316342871748554e-05,1.8406668105401043e-05,2.6613745643302485e-06,1.6263518602243678e-07,8.127213791056486e-05,3.7340073944268865e-05,1.3078014607123515e-05
2023-07-11,4.0300881699722426e-05,2.4290689099968608e-05,0.00010446179173197344,2.6291016069487547e-05,2.211003561416892e-05,1.3992146381992913e-05,3.5531041049731443e-06,0.0005053326373105709,7.919247895567314e-06,3.7126626044412173e-06,2.8302232130978896e-05,4.455485879173743e-07,0.0013220305704810338,0.008701527868142362,0.0004729224034048456,0.0002594309177010885,0.00016270676898206694,0.00013890251836730627,0.00024080481931928433,0.00020077002849622978,3.0603504251619143e-05,2.7601410791575417e-05,2.2083035950634725e-06,0.00024505793380223115,0.00040395037170324347
2023-07-12,6.422110040051338e-05,0.0001575241920566795,0.0001176608247049087,0.00012253047130026393,7.709428881427777e-05,0.00018091743561080364,0.001921617831358122,0.00015509935185631564,8.002291477029275e-05,0.00019955807411773288,0.0012036392933660863,6.595640285997081e-05,8.276878958011291e-05,0.0013362435407450058,8.484543279690906e-05,8.772878034142231e-06,8.704109669540832e-05,4.125710618737068e-05,2.439926571097346e-05,2.8934817990423603e-05,1.206419732696444e-05,2.6899231971921938e-05,6.343273753513046e-06,5.399633190747823e-05,0.000833150761234459
2023-07-13,6.249532006314342e-05,0.00028345159801625836,6.473619066301711e-05,0.00010937467491599177,4.959994023692111e-05,5.104311416292967e-07,0.0007865505690377478,0.00031740266948837164,1.639519206526663e-05,0.00025800508488242613,0.0021327449661030684,0.0004620801559525949,0.0019613308497617183,0.0479886584914151,1.4575665103572994e-05,7.871347420713285e-05,9.067674919629033e-05,1.2155300883707404e-05,2.3506581058029374e-05,4.087584175038717e-05,2.122686553240532e-05,4.513396723205512e-07,3.4651731735979674e-05,1.2554726779845873e-05,0.00013518706518100842
2023-07-14,3.8807355137735283e-07,4.448533706599769e-08,9.642393076156832e-05,3.4880945115299226e-05,6.063832215518532e-05,1.0187181432683441e-05,1.2289910787624255e-05,0.0005629646809704548,6.1932722225937e-07,5.626663486929505e-05,0.00012344655848565078,0.00015487233810266687,0.0004661022882621405,0.0002534615641046141,0.0007167239758086778,8.805720769952797e-07,1.978793621808221e-05,4.479532683255959e-05,3.63287571728126e-05,3.8882721135833605e-06,4.425696078608043e-05,5.413613272110738e-05,1.1783400329612171e-05,0.0004268652033614792,2.977514261200488e-08
2023-07-17,1.2014132148849384e-05,8.640075444796829e-05,0.00011334949759343148,2.434605585994914e-07,2.801750214801529e-06,5.130858744565071e-07,9.405272276338561e-06,0.00017632687690426945,0.0002943803478888205,2.0117794813114574e-06,0.0004658006380713861,0.000991263701041803,0.0005105957720758071,5.1822018279082684e-06,3.866646081149365e-06,5.144215164424217e-05,0.0001468049772092275,9.194905825479122e-05,0.0005672808888294238,4.2548536736172285e-05,2.5167302636003617e-05,5.026040360783064e-05,1.5074120203035441e-06,0.0012348072258980217,0.0004129015406359296
2023-07-18,5.480655329449071e-05,6.638298323759947e-05,0.00015057258084302696,2.0510578869984524e-05,6.277242855631378e-06,0.00012975834197235996,7.634295193375675e-05,0.0004208661967435285,1.7986917417952784e-06,0.0015231919630338906,0.00048356172979732807,0.00010285826671715879,1.3080282385368053e-05,8.348282200834516e-05,0.00010074168405008446,0.0005936446132441747,0.000950731221466631,0.00012577321920542316,3.3263031036957187e-06,3.0337434925765356e-05,3.940979007246666e-09,3.5255222106683944e-06,3.2758095465616385e-06,2.0682942266010548e-05,1.0900464394766607e-05
2023-07-19,4.933895320362742e-06,5.4536429458738625e-08,1.78615610784547e-05,0.00012618154406268122,3.178055417667069e-05,2.6680972822382644e-08,2.2784442744389007e-05,1.584667902591295e-05,4.9659115557849754e-05,0.00015235477217138572,7.776936863119494e-05,5.0636897411246485e-05,0.00024712338067488904,0.0026827403966004316,3.397427656663013e-05,8.35257974758814e-07,8.532482883761714e-05,1.8320795266604283e-05,1.4685845719822287e-05,0.0001258370869517621,4.055694997237493e-06,4.637608329045457e-05,1.0461539402235275e-07,0.00015881304135504574,0.00016386544789022016
2023-07-20,4.43088367073393e-05,0.0005438969715245772,7.705614986255236e-05,0.00014922881249137,4.556612880501974e-05,2.5768329704534387e-05,0.0003366910020924001,2.813537947923927e-05,0.0001029958500877005,0.0005472342030648001,0.0011311608530909956,0.010494499420447868,0.0034516593923470985,0.007081491692153639,0.00013633849441181553,4.016854131166131e-05,9.834999444353106e-05,5.44044357281228e-05,0.0001498799288094368,1.0619431435455452e-05,0.0034757857923285247,6.521898801517495e-05,0.0003359133630168788,9.180752388974343e-05,0.0029745813132601227
2023-07-21,0.0,9.023886319573163e-06,1.0133843665674459e-05,8.699763640049123e-08,3.102125598857612e-06,9.420225074286189e-06,2.3638217536566553e-05,0.0001882044212198498,3.8202728205140574e-05,8.058802832340274e-05,0.0007270677382434815,0.00012133462305531096,1.2624894280801043e-05,1.8963777979791437e-05,7.773615171611464e-05,0.00017591195426628782,7.533896550463792e-06,1.1542959811407037e-05,5.951651215799854e-05,2.1642769630432885e-05,0.0001143179617905773,0.00024394347504523694,3.176120983665597e-05,0.00012518920133809417,4.005760232812062e-05
2023-07-24,1.9867547826197635e-05,2.547710512326987e-06,6.07817622883008e-06,1.3277272661481108e-05,1.4517085686410154e-06,1.8409806821453e-05,0.00011428710824412347,0.0005925631059131457,1.7736492885272375e-05,1.5133568025804235e-05,4.644676258885969e-05,0.0011679911224638988,0.00011899320863558628,0.0003893996340210345,0.0002561322789988959,4.4269298888969075e-05,2.003105895432113e-05,9.209642905990663e-05,0.00037996126074907305,6.732355408356548e-05,2.7205745392079773e-05,1.0232878979047541e-05,3.428018013786631e-05,4.4557763465314684e-05,9.419469588255997e-06
2023-07-25,7.433023822544724e-06,4.5630158280336444e-05,1.054063908317597e-08,3.520763542893064e-06,2.4888202665352196e-06,3.08293316631141e-05,0.00016649890200242892,4.39139420143047e-05,2.0278398785657828e-05,0.0002844748411076601,0.0005586500572359902,0.00020018080603173015,8.745996645572088e-06,0.00014176953474318807,2.7452310230646535e-05,0.00010645999785825668,3.3849809122624215e-05,4.2016584770347236e-05,5.6194887318239464e-05,5.128197975043716e-05,5.818529413410373e-05,5.492089818984986e-06,6.660777710556168e-07,0.00012687921250971804,0.00045698948032208157
2023-07-26,2.365132892905584e-08,1.1103010300025969e-05,6.193166955835838e-05,9.758394195478596e-07,2.1466620669858243e-05,2.3690129567074817e-05,0.00016228166279694245,4.97197105745326e-05,2.056574172095711e-05,0.0014718159656527034,2.481865439901633e-05,1.2333171722938263e-05,0.00044696317766441013,0.00043975024609696657,1.2135765095055498e-07,0.00020661676990705032,8.731638242400858e-06,3.504653840379378e-05,3.5712815036939855e-05,2.0344098363375466e-05,3.657926425130996e-06,1.0821038992966615e-06,1.2777691824661122e-05,7.195148580826235e-06,0.0006806692576566879
2023-07-27,4.4250189540456875e-05,5.6969566833047255e-06,0.00016934549106866238,0.00038590524293159587,0.0001507504890363123,0.0002508015551354059,0.0012633380698746659,0.00011746787291423915,4.359964306316979e-05,0.0004449129757709553,9.620297692828585e-05,0.0011042322122677424,0.0008785004902856917,0.005388505072718193,4.102945026968281e-05,6.023847868331037e-09,8.559525115529217e-05,0.0001620121356552029,0.00012300215242922694,0.0004810409976523605,3.136458360420047e-05,0.00014301919440285623,1.3231155025500928e-05,3.411180691190563e-05,8.340261275600594e-05
2023-07-28,9.492019895227447e-05,0.0003258275477442575,0.00016539472386258074,2.6242628469677697e-05,4.26369558346211e-05,6.319785051658489e-05,8.936112543169128e-05,8.459095598361194e-05,0.00018003451639555428,0.0005229295796049099,0.0003366898354219413,0.0016896268281883292,0.0028496303321273956,0.00048782601010041623,9.200084953108525e-06,6.744371290832284e-05,6.433618172997849e-07,3.963299005984145e-06,3.2358083891615853e-05,6.82121058782413e-07,2.0592405430807428e-05,0.000777107255042688,2.2101286531000326e-05,8.064456689029374e-05,0.00027566235609772886
2023-07-31,3.6181393694739866e-06,2.7192825216266e-07,0.00013317757054037187,5.768131625526591e-06,7.75983871469771e-06,7.240335067874906e-06,0.0002703130077391156,0.00022112249870699926,9.991246288028911e-06,5.280727408369512e-05,2.018162586082705e-07,1.3754720884344186e-05,0.0004089714009869349,0.0015860529828031057,0.0003537614652042179,0.0003253320020451884,3.451262906964612e-05,1.3589442765373747e-05,4.448273474688035e-05,4.18811015910129e-05,0.0016522347815809786,4.946157032255516e-07,9.780722806263482e-08,0.00099489210484646,0.00016046116429942742
2023-08-01,8.212312709629418e-06,5.393793032213237e-06,2.1067887278579138e-05,0.0002729996408892821,0.00010029520078035384,0.00010855070487472163,0.00031634655760235335,8.260695992922954e-06,1.836166934011244e-05,1.56139266898756e-06,2.2678149533124685e-05,0.0005793275347596963,0.0004008284217690657,0.002142154154505319,2.2069387699177024e-05,0.007198442566656828,0.00011967637766494966,0.0,2.4505547941667798e-05,2.7007123826416563e-06,6.537199558918323e-05,1.0252987699838183e-07,2.2115845018810832e-05,2.4764163350360215e-06,0.0007610938930271822
2023-08-02,0.00019623232167517273,0.0004923264473575117,0.0001874989679223693,0.00011570095124752127,3.754000249209754e-05,2.2819670897386483e-05,0.0006014477127611176,0.0004199874755047972,0.00024370512200464964,0.0007093940251385508,0.0024322744112257985,0.0007301534700453117,0.0032984463361110674,0.0016251538671111178,0.0001736937545825507,1.4051094016617433e-05,3.654660937739042e-05,7.272051611285167e-05,0.00012971973558549208,3.333108425823602e-05,3.625528367415816e-05,4.724727101346416e-06,4.77638642633593e-07,0.0009699313095217596,0.005290422312561759
2023-08-03,8.237249255925423e-06,2.5720361833900195e-06,7.968402480441359e-06,0.0005448366138474216,8.141828758315232e-05,1.1169159061606235e-07,3.060917997877714e-05,0.0005270544796742666,5.400478249865535e-05,6.59695599824787e-06,3.070875727934493e-05,0.00041191146104006533,0.00011592163886403897,1.2477842821328622e-05,0.00010147564339799574,0.0004627469630426546,2.0385372534059875e-06,3.257169569252139e-07,3.7148005735552255e-05,0.00011947470387635288,1.837980226937414e-05,6.838292828112799e-06,6.3119651652374e-08,8.89290609405248e-05,0.0011669501721411157
2023-08-04,2.0547420303211412e-05,2.2022957513441714e-05,4.0263683186125545e-06,0.0003082507153702403,0.00010703980836820479,1.3060102302535231e-05,1.9210884825232915e-06,7.828407980434497e-05,0.0024217527728183697,1.1716378195003393e-05,1.3688261898944834e-05,0.0004528346626617486,0.0003130000944712402,0.0014933198823963707,1.9087354716328264e-06,0.00032258800921291326,2.424220872064008e-05,1.6018621353342955e-05,4.465216004503995e-06,6.652482898379649e-05,8.875408112186936e-05,0.00012135426063321083,3.3564578098361186e-05,8.892906094052719e-05,0.0005439564328557389
2023-08-07,7.552539956501841e-05,7.108309194478266e-05,4.479368368181428e-07,9.781688183382544e-05,6.0427591478048525e-06,5.1892335766778864e-06,0.00044076941304112375,1.6520972373399292e-07,0.00030290885248833736,5.0172589726995156e-05,0.00026766565151949124,9.098843612134626e-05,2.5818202862596193e-05,0.0002428272316857316,1.322269813075979e-06,0.0003486062357504491,8.222030811100325e-05,0.00019427725298005162,2.238985208698099e-05,0.00015494775908414673,0.0005633179858863789,0.00011038442155232352,0.00018189709793611664,3.748620727616045e-05,7.244398280242164e-05
2023-08-08,1.8992515842261535e-05,7.290677598113403e-05,3.967345706093408e-05,0.00013332041207988265,1.574349052567918e-05,4.046575906662354e-05,0.00021678394621410963,1.0535536071086428e-05,2.806606567111319e-05,0.00015314657052753028,0.0002795162615174567,4.877577295010899e-05,2.8407415834173872e-05,0.0005716501283736113,2.4295931625786885e-05,1.9301414407518863e-05,4.7532041450174946e-07,8.24532297500299e-05,3.1689400296329274e-05,4.152593806780957e-05,2.13411690271304e-07,1.1723950175834168e-06,9.932536679349603e-07,0.00022084308751027016,0.0009689202784708625
2023-08-09,4.499498060660085e-05,0.00012222259154380427,6.164438278275731e-05,2.6604579385362788e-05,8.884384587925167e-07,2.2748734546542494e-05,2.3003445145730366e-05,0.00019446291154095782,8.090808557096946e-05,0.00013888727419672587,0.002341976287354375,0.0009325470236515695,0.0013497356837982545,0.0018434195626513216,0.00015625633458305773,3.341331387473159e-05,5.481078680676748e-05,5.5344113727103903e-05,0.00018221116009522402,1.4306076086495562e-08,4.035210053976732e-07,1.6229083459431683e-06,2.6145397226599615e-06,5.3122091761612005e-05,0.0006089630172454966
2023-08-10,1.288468011484276e-07,3.40892069583375e-06,1.977525074662594e-05,0.00027554954678643984,5.0268169374313925e-05,1.143136978682277e-06,2.077350252278354e-06,0.00014535749006056275,1.5258514899835414e-06,4.708946557545491e-06,1.5275450764352465e-05,0.0001669893656744322,5.1650288116835106e-05,0.00012831937269130813,1.2792672094193595e-08,6.242033116413863e-06,3.738049744637978e-05,7.416128955752471e-07,2.239959731906006e-06,1.4735730783955173e-05,2.7185516715554518e-05,2.4841645988389887e-05,2.4906988194613997e-07,0.0022707135581840673,4.7301008619012595e-06
2023-08-11,3.4026074248009086e-07,4.091013787035556e-05,2.001719218058953e-06,5.3089708436254505e-06,1.170285584252411e-05,0.0,2.0773502522787655e-06,4.5382943421086567e-07,1.1389325562143121e-07,3.5560507456614495e-05,0.0013569188410175058,0.00012154925746919719,2.8791227342675585e-05,0.0008384360700303787,0.00023236555349018113,2.421371188593843e-05,7.829827195695109e-05,4.02534349892932e-06,3.339887028093286e-05,2.4376383980560904e-06,9.429656062403548e-05,3.378462526908435e-05,3.420429668470905e-05,0.0009190271820673504,0.000596694295678985
2023-08-14,3.0304174894010305e-05,0.00012454200164258752,2.990909071266959e-06,4.859488664886573e-06,1.449259463714179e-07,9.273368078706888e-06,1.484996918587831e-05,3.532622616210511e-05,8.740982010003723e-05,8.825991115726533e-05,0.004696508063893539,0.00014355995110849356,1.575083403760066e-05,6.110488247015101e-06,1.794163078776165e-05,5.698545973938201e-06,7.712179288962114e-05,4.025343498928828e-06,4.283083229551309e-06,4.385424586994911e-05,5.5747532222017475e-06,6.18458988137001e-05,5.583096214277008e-05,5.578203230995053e-06,0.001614313332124866
2023-08-15,0.0001372954786140807,0.00011381533122380794,0.0001770325749155121,3.7379704774666337e-05,2.7579182114323467e-05,7.064983707537502e-06,5.837089182819507e-06,0.0002641855885118958,0.00012686470853207147,4.556882635995862e-05,1.8190255983684377e-05,0.0008278053273077919,0.00031077674135312366,0.00041521986721654324,0.00044084886379438284,0.0006513570628744886,0.00021162273186357746,0.0003435518407645107,0.0006649500191408739,0.00012765276239458376,8.334074161014215e-06,4.146887939711357e-05,2.640004114581645e-05,0.00039607987946148343,3.1831418118344764e-05
2023-08-16,5.4244996705077756e-05,0.00011331680109594576,0.00015129849467150963,6.169757531478256e-05,2.0335042052926487e-05,3.3556244392552306e-05,2.8472498718310994e-05,0.0003014651688478863,2.471594896288321e-05,5.911566314164252e-06,0.00010787228164136423,0.001030618477551838,0.0004973060302345334,5.179689244069998e-06,7.582403935159629e-05,0.00010742039704545729,1.2168116963169369e-05,2.1396898403609165e-06,1.8080310855686023e-05,0.00015416073096932224,1.014858454600452e-05,0.00010526354398594883,2.523117780880519e-07,6.705384045484039e-05,0.0014497358201601331
2023-08-17,5.85097173859066e-05,0.00012063517822732104,0.00014052434009100665,1.8248635454867544e-05,7.270842235091406e-06,2.3686938696552854e-06,0.00013468845229415007,7.243197740438483e-05,0.00021497328896991668,0.00012203673789561372,1.069651802488509e-05,0.0008229869611919501,0.0006025624661375497,0.0019821053852592543,0.00014153283629832702,5.76682365689639e-06,1.2082644518711885e-05,2.4887857471641404e-05,0.00010901849164565318,6.517734673687946e-05,8.748944838031861e-05,5.192091187107486e-05,0.0005139849471285442,2.4921589600584383e-05,0.0006754913419056572
2023-08-18,2.3160350153772013e-07,1.5765577827045013e-06,2.949003672268596e-05,1.2433053223270188e-05,1.4089002481782778e-05,2.927986052939288e-08,1.1288331797216807e-05,0.0001252216149381557,7.907771926495734e-06,1.59540033694002e-06,1.0791259646167833e-06,0.0002945090888086597,1.2062586527064278e-05,0.0010155807277539887,9.691215734681584e-05,2.49138006727736e-05,5.682794644539066e-05,8.659785953887297e-08,5.219940880458104e-06,9.689457474731613e-06,7.697330069516073e-05,7.96825188952232e-06,0.0002040642544368628,2.1661384192659882e-07,9.262350825498377e-05
2023-08-21,4.2059149416950246e-05,0.000255458331841068,2.141141556013801e-06,0.0001801073421650499,3.568291104252155e-05,7.4743712905082196e-06,0.0005385779083527469,8.347295747049392e-06,5.939772564959848e-05,0.00028624325689769565,0.006612225098348261,0.005000549304837472,0.000312350871861639,0.0007927404068232476,4.001004596633871e-05,1.4762610594012768e-05,1.006408909784732e-05,1.387330318222007e-06,1.1680678469657726e-05,8.541489976211297e-05,0.0009151784111615207,2.5610190332275227e-05,7.091528122913019e-06,8.670281956579554e-07,0.0006723299214017331
2023-08-22,7.35746917468123e-06,2.045018439358871e-06,8.92480968609175e-06,5.844302448170598e-05,9.533961002288377e-06,2.7165553070631227e-06,2.1814988928177173e-05,1.7155983223032198e-05,6.19947682080461e-05,3.2404458446448426e-06,0.0007866606745050173,6.764223493402861e-05,4.805734092000451e-06,2.5609350165076793e-05,5.983679953082327e-05,8.822877637729196e-05,1.0280525053119983e-05,8.974146688133949e-05,0.0004391806097685969,8.305039414669466e-06,6.366835781008061e-05,1.5633958858334362e-07,1.0108264906103805e-05,1.0995786851593255e-06,0.0005731129275438685
2023-08-23,0.00012268334921030472,0.0002447836337083774,0.00011247984370975408,0.00059904194745879,0.00019508870191359417,0.0001022794061600269,0.001440012295622025,0.00016409487051408843,0.00047138842262719663,0.00019547265043772275,0.0009743747185583817,0.00024384913363201548,0.000524448479357844,0.0014235832454881374,6.326555746323965e-06,0.00010855535587194085,1.290549545867353e-05,9.541258553162457e-05,4.543446526292615e-05,0.00024463202423988657,8.12744432218584e-05,8.665853609923796e-05,4.786212808116404e-05,2.1744040443761394e-07,0.0012291090676873936
2023-08-24,0.00019476937460119058,0.00046689224624408236,0.00019403117341169757,4.377125272153289e-05,1.1736289685273091e-05,5.0555540835208194e-08,6.574235582926427e-05,4.906582475113736e-07,0.0007032537821319899,0.00047232327088346537,9.937441087299438e-07,0.0008535789922613187,0.0013072368316375917,0.0029620101232729736,4.7509346064713116e-05,0.00018921616970493698,1.9836591570073232e-05,1.2538459579118974e-05,9.033924080999599e-07,1.4634981715861462e-05,1.1545078865713987e-05,2.156491101086853e-05,5.902757249056555e-05,0.0015947296258083368,0.0052236675482330635
2023-08-25,4.935002502054894e-05,5.9627445680993924e-05,1.8046808421965014e-05,1.0633779136958477e-05,3.269401267126996e-07,1.6747553036580826e-06,2.4628697338319733e-05,0.00020905284322796135,0.00015785297537859264,8.7676030017868e-05,0.000604026310801975,0.0013317685813639109,0.00015077726209363209,6.58129285468453e-05,9.285804587456077e-05,0.00014478751581849448,1.0440894030044313e-05,2.2262868542228177e-05,1.4965741657978805e-06,5.500958660070311e-07,0.00020266679899986524,4.269721484639774e-05,3.493059250436572e-05,0.00011521817967039566,1.945392894419494e-05
2023-08-28,3.995870377501778e-05,5.623117950601466e-05,7.873938789435614e-05,1.1020779408298829e-06,9.854327908770296e-06,8.221058770696339e-06,0.0,3.048858217642534e-07,7.75660051812912e-05,4.957408432555208e-06,0.0003096914166971506,9.28483497550984e-07,7.189161789445533e-06,5.5264575084797076e-05,4.507166876538621e-05,6.639846122687135e-05,7.413547843837795e-06,3.106970408701983e-05,1.1986397316379565e-05,8.734333304480382e-05,0.00014064329328209574,2.438910753682663e-06,3.233626679343246e-05,9.122650357062705e-05,1.2352447599395475e-05
2023-08-29,0.00020596045478274858,0.0004667688633117318,0.00019196772208655702,0.00010676170207606512,6.314264994511529e-05,9.449186030056629e-05,0.0004757878825668475,0.00015597404279891106,0.0004655181843867176,0.00020867916631021205,0.001662333074915629,0.005485778220507587,0.0027944076266735365,0.019314635115823115,7.38693052702598e-06,0.0003568138873262437,7.575884084515052e-05,8.152110414455335e-05,6.560007623210068e-05,0.00014508105147240555,1.4805635391323074e-08,3.426883503820136e-07,6.96341995241134e-05,8.109375356388693e-06,0.001007978369282505
2023-08-30,1.6896369660736153e-05,3.092780587274057e-05,1.4174839856877673e-05,1.0797102272613035e-06,2.0009457985999497e-06,6.243753140823608e-06,3.823862178050851e-05,2.140489017498984e-05,0.0003606530819115809,1.3374898882190773e-06,9.586634661195689e-05,1.1866180750972532e-06,4.7650694908708965e-05,0.0001065974712054117,2.4642616490735664e-05,6.690629237207085e-05,7.926566264431765e-05,3.3626110636267734e-07,1.6332786175636106e-05,1.3112380151912029e-05,1.250545664175746e-05,1.2193074385055285e-06,5.12591363749253e-05,2.0247219150136366e-06,3.9760458217681984e-05
2023-08-31,2.145039597497649e-06,8.963690899639432e-06,3.0559294612357914e-06,1.9885911167005345e-05,2.880381955495598e-06,2.772595798454298e-06,6.411483478544983e-05,0.0003544860696909753,1.3723417539884406e-06,9.846254812376374e-06,3.4062580861671388e-06,2.100097422186726e-05,1.027251521112659e-05,0.002680846007863618,4.553209148320401e-07,1.8141825347848162e-05,5.575724962697526e-06,1.4245919694585218e-05,0.00015446594221346164,5.442530587334416e-05,0.00015875305058768533,3.785781635559797e-06,7.58446620383146e-05,5.104540159020898e-05,6.716725389370245e-05
2023-09-01,3.4728195264199216e-06,1.1207876720747876e-06,0.00013939337795515445,0.00024651553583520454,5.103434300146932e-05,2.497992158716894e-07,9.750330694117035e-05,0.00059917912906617,7.102842226903733e-05,7.519352313417526e-06,0.00029893310545232377,0.0027009389746478134,8.855769202194506e-06,0.0004175274207989695,0.000410516483469174,0.00032574903799263244,1.439756833165571e-07,8.057959768007861e-05,1.1175583400854855e-05,2.883197011954024e-06,5.549869042674389e-05,1.2111959714370436e-06,4.116853361737288e-05,0.000609130633294787,0.0012022651113296962
2023-09-05,1.8759631732688477e-05,1.6138011386791595e-06,0.00045321327946849533,0.00019941851067958812,5.135958575137064e-05,6.716088709312888e-05,0.000702768195750425,0.00011796763585166681,1.6023488509459544e-06,0.0002181262966749672,6.456495488443388e-07,0.0020967823273192114,7.922904139147042e-05,3.972339187982951e-05,2.7835581836129288e-05,0.00026475627543575086,4.480702749455908e-05,0.00010283249974173592,0.00012309869470643575,0.00013693127263724505,1.551486554153389e-06,0.00018191370302906356,6.526400298336733e-05,3.055118406861491e-05,0.0001458888456864923
2023-09-06,4.549823830447775e-05,7.826972314424006e-05,1.4090605955843495e-05,6.032849901996389e-06,9.202491689656341e-07,2.0652989809917814e-05,0.0002671284932974612,9.459778045780518e-05,0.0013285664781393209,4.042577884292659e-06,0.0009626113834086166,0.0003232109972426965,1.3169789012859504e-05,4.821345774065937e-05,1.922083216316662e-07,2.0240990526453952e-05,0.0023921094870723437,3.3946436825452997e-07,2.7367907235218033e-06,4.353415586317589e-06,0.0002807838206709055,3.880411698533564e-06,5.564480115087826e-05,6.707042847037699e-06,0.00018585478817553019
2023-09-07,9.455159798880146e-06,5.151151277535464e-05,9.443448872597584e-05,7.670711296833389e-06,1.9410378117549413e-05,1.140366580496667e-06,8.074211642985174e-05,5.308244889464418e-05,0.0008812372193557649,8.03204314330652e-05,0.0003089729975513441,2.91835846612895e-06,1.316978901285978e-05,0.0022027506488651784,9.733626205277716e-07,2.7142830295910376e-05,2.215141215345024e-05,6.895630658429813e-06,7.380676478701149e-05,3.902187359936613e-05,0.00016137191978193144,8.997439297143692e-05,0.0001515401250683667,2.576501790318361e-05,0.0006211918339908118
2023-09-08,2.2648996645350154e-06,1.950544984144912e-06,4.958181804031408e-06,1.4610147482771273e-05,5.844585056759874e-07,1.1354896876721381e-07,3.617596899375865e-06,2.007116714787161e-05,1.2149684256072469e-05,0.00017237096317705114,0.00021238808986078766,0.00014305125484103317,6.065105385705753e-07,1.3404120434497636e-05,9.227329840276782e-05,9.096816913840914e-06,4.507043148579852e-05,4.173758762648568e-06,5.855368657884007e-07,1.532724410060474e-05,1.0932138346193964e-05,1.854462293688001e-05,3.3615190611545525e-06,0.0001551936614465313,2.2107942524775455e-05
2023-09-11,4.296833459691407e-05,0.00013721525061230073,5.710113607327927e-06,5.230106399067536e-05,3.655488157797295e-06,3.4276638294213673e-06,5.061004927720166e-05,7.985104855502313e-07,4.3569405924016875e-05,0.0001192303275259177,7.539654573683588e-05,0.00924505115439222,0.000434450924898931,0.0003265021319078236,0.00017509220536378737,6.644291378584959e-07,3.3178563829839805e-05,2.165941357331616e-05,1.910136177702358e-05,1.5020106022879967e-08,0.00016885357732152574,0.00013996075331976663,1.2072327335282532e-05,0.00013125272976816508,5.306283624289855e-05
2023-09-12,3.02573393998236e-05,0.00012433285954614924,9.54261895293695e-07,3.3030414735937325e-05,8.252403635646191e-08,2.67288241414568e-05,2.0130157680304877e-06,0.0002831920643898921,0.0002961073817771473,0.00033952510318953415,4.679925314320177e-05,0.0005084662547004225,0.00017734201301855638,7.473936633163915e-05,0.0005421823773754833,7.247182471421753e-07,4.556510989049562e-05,4.4252824295142074e-05,0.0001671848627634764,2.402053035846292e-07,3.180880814747358e-05,0.00031445531345609945,1.198096637999991e-06,0.00019486408319668394,9.019969698873958e-09
2023-09-13,1.3581776526537688e-06,1.44547240853403e-05,4.344725079938758e-05,4.487861961575237e-08,4.8364941241546475e-06,5.3484982421584094e-06,9.044468143679153e-05,6.296606526586937e-08,0.0001422212715952616,0.00016506669681221444,0.0001853235245346139,0.0002010819407309883,0.00017599708004767457,0.00032822118619904713,5.7108940009951506e-05,0.00044614620312349434,5.676657039674967e-05,0.0,2.2871155114737053e-07,0.00012042129842613873,6.267798216783099e-06,4.827441688874994e-05,5.9082321977052385e-08,5.725936588700126e-06,0.0005077840247303917
2023-09-14,7.37061270558484e-05,6.632480668043241e-05,0.00019606192540245928,5.2486084712711664e-05,3.2990611005761952e-06,2.581606033310073e-07,9.219161883672017e-05,0.00032080236613980887,7.645949158481639e-05,6.122944437307499e-05,4.444751008313674e-06,0.0003000045366665831,1.7106845715317244e-05,0.0019335811309047633,0.00013538903007716098,0.0005654915850724217,0.00013391030771787573,8.431113406683443e-05,0.00036909948948369594,0.00032180058714977505,2.328128817429729e-06,0.00011911562635917508,1.750881111892376e-05,0.0001417956518130885,0.00010155700575348145
2023-09-15,0.0001469282522878646,0.00029830033864193555,0.00011046756320133152,3.736221997796376e-05,2.346882713663646e-06,4.332413117691087e-05,0.000329966731189604,4.382513307130124e-06,1.732719594908361e-05,0.0006429063208164119,0.00141200322315665,3.594372141227423e-05,0.00016108615379804983,0.00024651356564679694,0.00021216676107573655,0.0001474191679542662,1.874752458388946e-05,2.656718662382759e-05,8.71697902033044e-06,1.430790429791921e-05,0.0001983724153732993,7.114620650738315e-05,1.3676527312375279e-05,0.00016735821969522365,0.002440816661127591
2023-09-18,3.437657468040419e-07,1.0856035537604517e-06,4.444509157392333e-05,3.2318283029389474e-05,3.6656796868478644e-06,3.446139816717685e-05,8.028421855420256e-05,3.866251372451597e-06,0.00028129766148436046,1.2384320152302134e-05,2.2570216470149324e-06,0.001140050784610708,0.0006094419750806591,4.3494712169337114e-05,7.120911835129896e-05,4.085669743403281e-05,0.00018518510255849055,7.483838746134221e-06,4.330539431708432e-06,8.033366284024404e-05,3.966633367732033e-05,1.422990556359848e-05,5.531958972989119e-05,4.309971409169163e-05,7.453693114575483e-05
2023-09-19,4.309380764922196e-06,4.551816196218634e-06,1.5212597024607887e-05,5.487289474240152e-05,1.1240499056360306e-05,8.988842074405535e-07,1.9863693562169746e-06,3.766555115367398e-07,3.796821348999505e-05,1.5540055593300328e-06,0.00010395757490347721,2.1053196708231104e-05,0.00014336047797286009,0.0018990194326921595,8.799276540597536e-05,2.0529150803277824e-05,0.00011323499959703406,1.3247437364358288e-06,1.6254852221014757e-06,2.0919690938926378e-05,2.7670803104555086e-06,8.557862219402729e-06,5.998007701942092e-08,0.0013615507546419377,5.5528820349465496e-05
2023-09-20,8.530209001956425e-05,0.00021070006561073172,0.00010136719085336932,9.73415644253216e-06,1.4735075747282067e-07,5.258131432105214e-07,1.0795182409501474e-05,0.0002831789808787926,0.00040782677617657567,0.0005889890884957642,0.0008926197256018777,0.00021845954838746047,0.00031479937277414705,0.00035583529804614444,8.758439000874482e-05,1.4420651194766715e-05,1.4811013356803423e-05,4.808729349677796e-05,1.797144165152579e-05,7.513781715310574e-07,1.9077519388405054e-05,7.171926923164977e-07,1.0489569049600495e-05,5.6819121009184436e-05,0.00015819549213012753
2023-09-21,0.0002777721813214358,0.000342040980351701,0.0002444091096223957,0.0006764803698489944,0.0001024557353539488,5.2922877208848535e-05,2.1856635635179012e-05,1.131309532609227e-05,7.972977389664532e-05,1.5001354586501953e-05,0.0008618588063612114,0.0007069747138248638,0.0009535061141484804,0.000887192414652964,0.00019076609503249797,0.0005712302269071887,0.000496683606359222,0.00027770652634711847,6.166368479668211e-05,0.0011996441403247802,5.932390601934524e-05,7.57581945669779e-05,0.00014921065345648344,4.232154906640058e-06,0.0018551116761557932
2023-09-22,5.067425394329589e-06,1.9582043199828542e-08,5.1156063342395385e-06,6.425843028779912e-05,3.7032041262877115e-05,1.0215630872451418e-05,4.236181125074287e-05,7.464712089749846e-06,2.4325231536426176e-05,6.269454756533351e-05,0.00020604059656647948,0.001869399756188805,0.0003377240900458417,0.0022665572001631337,2.8256037056685926e-06,1.4279548325915478e-05,8.761422770103985e-05,5.920823930108496e-05,9.271887012308876e-05,5.760782596130392e-05,5.186480054014499e-05,1.3598097800852624e-05,7.0337860810803675e-06,0.0003258576576888227,8.760038305002987e-07
2023-09-25,1.7609267689802613e-05,2.2452128548005053e-05,1.990792030055173e-05,0.0006208442447070512,9.553088720752923e-05,2.666585218477342e-05,0.0003156214690308034,8.886193381671217e-06,5.407304908591706e-05,2.7910277896021536e-06,0.00021318057825313804,7.360880933420446e-05,2.655783187231124e-07,0.00012257876636453905,0.0001553151493996987,1.955201316294076e-05,3.2929682682171675e-06,5.6360025558496265e-06,2.4291815250460024e-05,8.17620426302961e-07,2.2393483055546898e-06,3.706427947559421e-05,1.958214700084435e-05,8.750750199176553e-06,0.0001486325893761546
2023-09-26,0.0002190464996504205,0.00022892224478140392,0.00016746310310127352,1.2125189846156948e-05,7.977113560282971e-06,6.436989192179457e-05,0.0001296273762554582,3.6926987863462986e-05,0.0005605805918699053,0.00029419302154015626,5.465534134760118e-05,0.00013660898270711886,9.181116811599897e-05,0.0002989975185491335,3.325551284337906e-05,0.0003052230178581672,0.0001020458328600318,0.00018028493016794225,0.00010885025936921478,0.00033828093256194086,6.0332616007887614e-05,7.981519702018564e-05,1.2260925804820779e-05,0.00014211623329512534,0.0002157782995831139
2023-09-27,1.592479071111174e-07,5.478023709241805e-06,8.658488826053087e-05,2.693478480327521e-05,2.2015227159378732e-05,0.00015484694435852903,0.0001558022872949629,0.0006085368555692747,7.987328506229259e-05,4.3269196097746975e-06,0.00017430631457117658,0.00022319756812895044,4.204570500130997e-05,0.00019826819647212216,0.0006055777639066159,0.00013844764013719367,5.374256658125653e-09,2.2596520073435136e-06,3.419413617753219e-05,4.538112151659994e-05,0.00014602075743939724,0.00017819410858350103,2.3152041370045723e-05,3.5180259618982124e-06,0.00047306588698730896
2023-09-28,3.3418049042191204e-05,6.9397205143579e-05,8.089083939972104e-05,9.299324421683723e-06,3.1049802996484826e-06,2.5097246428574358e-05,3.726655106718514e-06,0.0002615832983235587,2.3234966735460025e-06,7.3664684137842816e-06,0.00021073842634139575,0.0005834635325390607,0.00012794187425945009,0.0024643419983688226,1.1762219216201391e-06,0.00016541070711980285,2.9871352688550957e-05,5.176191174790477e-05,0.00015226546870588856,9.119629656750968e-05,2.145729030438664e-06,4.637743515502142e-05,2.558006794923344e-05,8.262000106997918e-06,0.002182261957011785
2023-09-29,5.904422479137384e-06,5.270608571696031e-07,2.24796938148779e-05,1.2685500388109287e-08,4.640000931228418e-06,0.00010667802623740843,0.0003792675874505261,7.64273164058427e-05,9.253287802906423e-06,4.495482655933283e-05,8.968322695863384e-05,0.00023918034214677334,0.000194919866406277,1.134197657540414e-06,0.0004148828012046079,0.00013920283457247474,2.380060401823076e-05,8.653931122612985e-05,0.0003085867498222759,8.480618627620916e-06,5.225984786118027e-05,1.0793606660623241e-05,0.00026204646795080494,0.0001303282931066189,3.406947504715781e-07
2023-10-02,1.5824262075139297e-07,6.907275140019695e-05,0.00023172089937944343,0.0002849996402247758,8.471227105807988e-05,0.00011139126125290808,0.002142387439129027,0.00033660740806190707,0.00021686999839399935,0.0003602114476968587,0.000844968871008476,3.0250146490673518e-05,0.0002562689785582719,9.355398480248997e-06,0.00040459475463794516,2.2085108605109023e-05,7.79183863901115e-06,7.186507178272196e-05,7.493851526614599e-05,0.0003438380634385106,1.48994127539972e-05,2.1196300439166067e-05,1.1289697503648462e-06,5.8070480708948855e-05,1.907070225502321e-05
2023-10-03,0.00018161830899132258,0.00031348750480733595,0.0002881712697937078,0.0004728865339201264,0.00013425904115551093,8.36609924157029e-06,1.059581417895226e-06,4.59527721668393e-05,6.08395570333771e-05,0.0007012744237304577,0.0008210843448579555,0.000414401916199376,0.0007723051429003815,0.0014670575784034785,4.590903360021803e-07,0.00010347677837555652,9.666419960230053e-05,0.0002539658069002658,5.476239270819606e-05,0.00038873312390219503,1.497926010189668e-06,4.26086394266087e-06,4.005128593726414e-05,0.0006983702273691427,0.0009845161743315513
2023-10-04,5.2645301783274126e-05,0.00018271047727445248,2.184526282142117e-07,0.00019624894228620135,7.574217821238848e-05,1.3986257220428618e-08,4.502084867476964e-05,0.0031166879387772577,5.302913963486938e-05,0.00031036010770636306,0.00014326648488789022,0.0033234735393105163,0.00021435069861323677,0.0001840490593440561,0.0010179667300586916,0.00021776799385536335,3.856499151435181e-05,5.4563945407848584e-05,2.0022878160403562e-05,0.0001475712547389201,1.3419995557819577e-06,1.084774224503361e-05,0.00014242698503667486,7.671221830600355e-06,0.0015283300666222937
2023-10-05,1.420185517700316e-07,8.70847927163917e-06,5.76057504875231e-07,2.497277512304899e-05,1.4300554684543043e-06,3.3652743504532754e-06,9.684594100652992e-06,0.0004577045535075364,5.143898060428081e-05,1.571191696875946e-06,0.00021269364423156725,1.814237815176616e-05,6.737128214077278e-08,0.0002412252666975214,3.843851159652324e-05,0.0002588574125216174,9.933007691059494e-05,2.1061201394018718e-05,1.770288420871014e-05,3.076932253164915e-05,0.00010737956263434598,0.00022433391843200981,0.00014393242400398122,0.00034634772278552864,0.00012563924381216846
2023-10-06,0.00013930662974501632,0.00027611331822441815,9.183783847913397e-05,0.0001486217356216632,8.976923643331024e-06,2.641807778290122e-05,0.0006065992708364376,5.267257133612747e-06,0.0002144058439474356,0.0005971076026590623,0.0005640172841431132,3.400851406464874e-06,0.00029704888618845054,0.002518064968139198,3.560182241557083e-05,0.0003957231525347728,7.17473669050934e-05,7.243003015990442e-05,0.0002334187316255017,7.261768934365753e-06,1.0093859464788575e-05,4.058690830415555e-06,0.0002865074842882509,0.0006768752059956886,0.0016986299008192596
2023-10-09,4.0726842809583994e-05,2.5877791432694465e-05,3.322093525190602e-05,0.0005381682150132593,0.00015192979379358084,0.00033191296020106933,0.00027514379865291506,0.001541921139658989,7.082311232890789e-05,6.0718925108087266e-05,0.00011542075724650388,1.09320642166553e-05,1.4579374691308413e-05,6.599817967186801e-05,0.0010769099812904836,0.0003833244961001941,0.007322077252719842,3.6656868879937494e-07,5.184763591734356e-06,0.00011750002481748931,3.240814030003077e-05,2.579499426019667e-05,1.3329298970867303e-05,0.00044091363608847055,6.3547387594987135e-06
2023-10-10,2.694954661943294e-05,3.0501031130482393e-05,0.00012675253311038794,1.9143651000877487e-06,1.5619389586151186e-07,2.820738641929595e-06,1.596806076693786e-05,2.9813874677656764e-05,1.1274584229413836e-05,1.8880595063490635e-05,0.00013293265323961281,0.00022791964936461572,0.0004354770383529864,4.293521149904483e-05,1.539439669272989e-06,4.921375671430923e-05,1.0765638396128005e-05,5.2318136037264945e-05,3.672518542342246e-05,2.2850341303594947e-05,1.2903880731438215e-06,9.714767048506406e-05,0.0001261211899507609,1.1683145256850381e-05,0.00035687773997260144
2023-10-11,1.671186477867623e-05,5.055191445580516e-05,2.9117582099785553e-06,0.00042728911594161673,3.726127298408951e-05,5.294756614344032e-05,9.920717247584907e-05,0.00018633095020350338,6.198434779121638e-05,0.0001487747058025352,0.0004739772757927969,5.724928368762927e-06,5.244384325564263e-05,0.0008366437528434875,0.00016733078998413788,1.936862914851408e-06,1.2644642907573905e-05,2.2511654036380218e-06,1.1746098811859225e-05,0.0002959916340371647,0.000192151765930001,0.00015303586695669525,1.5915987275775905e-05,2.717951446685475e-06,4.150165004193285e-05
2023-10-12,3.7393678169034275e-05,1.2117821708879206e-05,0.000522512115081185,0.0007564020582165206,0.0001093920045023889,9.328811942116043e-06,0.00012016116958006252,1.095139339714724e-05,2.548655215222577e-05,1.4422187293219894e-05,8.792760124870492e-06,0.00024932363204221774,0.0013131743972907913,0.0008021516255344993,1.3029140321232083e-06,0.00014095415460548626,3.3233114222444625e-05,3.990291326724458e-05,5.424800415283553e-06,0.00021582190164586178,9.21792502827188e-07,4.996550878147512e-06,2.0612141087037864e-05,3.4928975511801954e-05,1.9553761565054296e-05
2023-10-13,2.4935226818541438e-05,0.00016001077893641196,6.994396248286414e-05,0.0003145034048915142,3.068306049981662e-05,0.001001236375858305,0.0016209315093091254,0.0021389485026601937,0.00010704131315411164,0.00010839811836388238,0.0010318219845971547,0.0009238616928702808,0.00034683345073771875,0.000561012395870163,0.00047428129884571164,3.8605585287930996e-05,0.00025007387508714794,4.452781269140844e-06,0.00022223992355671336,6.3178291565840624e-06,1.1028240728953956e-05,9.050519733148712e-05,3.0483523406732302e-05,0.0,0.0011973216440890864
2023-10-16,0.00010954897680265286,0.00012640155192141338,0.00025669579861702145,0.00026323304518336067,4.800622983936313e-05,2.3783182866636536e-05,2.3270535256160086e-05,5.8138714457125865e-05,5.288455619457914e-07,0.0002211387941912133,0.00019181989719455628,0.00012295164936974954,0.0003968852118967654,0.0005736797674974613,4.455352047748996e-05,0.00011194846757870139,2.1746610798117067e-06,0.00010991168609381688,1.027982173163199e-06,0.00014045765155569465,1.8712281290550704e-05,9.010860704736225e-05,7.390826556490116e-05,0.0002558284026414089,0.00016776021313623217
2023-10-17,2.108999114632341e-09,1.0762918789582313e-05,0.00012305053047925485,0.0001228233769305904,6.364476227851921e-05,3.431966419347574e-06,0.00013313879256332566,2.721369990423251e-05,7.785478988445551e-05,3.0456266806375493e-06,0.002296803256365875,1.3365686472274832e-05,0.00027986925596649006,0.0008689214499498297,0.00010750510793062506,4.685421898060652e-05,2.6682412554159563e-06,2.2622318273641594e-05,4.695033984317212e-06,2.0767718684337683e-06,8.432825089142754e-05,1.6896855547103688e-06,1.6949312249052906e-06,3.2497036877610805e-05,0.00015566378982937343
2023-10-18,0.00017995296507206581,0.0001743683797246469,0.0004322985542718808,7.808550126418658e-05,6.467114717958643e-05,0.0002064139584678835,2.0536034743458434e-06,0.000171912757651619,5.5088988515225755e-05,3.469098051018645e-05,0.0016365374823721006,0.002394290502427764,0.0020879316048893247,0.0021755655841943777,8.220620955106703e-05,0.0025514186075911334,0.000124016299368966,0.0003010339983186431,0.00012191103974622093,0.0004607981093992616,0.00047355448394943776,0.0006476806850413574,5.521926460831536e-07,0.00031650800587744633,0.0008210926862573139
2023-10-19,7.788490789690963e-05,8.837494879872454e-05,0.00025794706424478746,0.00042789703376865633,6.571974975068573e-05,0.00014882294610009107,5.7884828786176715e-05,0.0005191376078871078,4.6801971985400545e-06,1.3388549206725113e-05,5.08011568721562e-06,0.009528932015450168,0.0004906706227511919,0.00012747217959150635,3.0324538575821835e-06,0.0006111961699770391,4.827197206967762e-05,0.00017864324991646754,1.813502060824875e-05,0.000575668242533583,7.223910698175451e-06,3.1849524366933785e-05,2.2829271830459073e-05,0.00029006709774377,5.056439526856033e-06
2023-10-20,0.00015287159801794688,0.00022591229135322262,0.00016933261950572795,3.2061455203076855e-05,1.5681181906417265e-05,7.437485128246829e-06,0.0001861591024501189,0.0001457003532161889,0.0002194383265585768,0.00019977673005021416,0.0002925696796411653,0.0014128798839011384,0.0002550266205939381,0.0004458929165271803,0.00028621394541477897,9.110951250587209e-05,0.00012580639413199934,0.00023742606046517743,0.00026363223338643623,4.5495886887089265e-05,1.983928832754194e-05,1.8226545557827573e-06,0.00015828747171550933,5.232095640015617e-05,3.3390141943404415e-05
2023-10-23,3.0091490753513793e-06,9.078407647717274e-06,7.237293510788323e-05,0.0001426151482958039,6.042859952699711e-05,1.1443192929466733e-05,0.0002719326430284031,0.0005145669450919795,4.81569152115539e-07,6.527761701503986e-05,0.0014176473564694602,1.8015012345619996e-07,4.919352382037321e-06,0.001127915142505897,0.0002659426857545741,5.734498078829931e-05,1.998258157932857e-05,3.882042206266956e-05,0.00018865142966950003,9.71186877549936e-05,0.00011190445417190853,4.5611976361695966e-07,0.0001980459090455763,2.9483207677777145e-05,0.0003181979825163894
2023-10-24,5.6416012158075006e-05,9.372288672820174e-05,7.54748773408231e-05,0.00017135365686063217,3.154009192878986e-05,1.1954549761867735e-08,2.0338657670086018e-06,0.0006329525340711461,6.451861817566933e-06,1.3449284801828859e-05,0.00025225124343519403,0.0004292923365676046,0.0008370654183634619,0.003726317128248568,0.0002009823980562468,8.05752436541263e-05,0.00014064710251047413,4.6943521180760246e-05,1.452214876841752e-06,0.00016259426370247612,1.1188502217568624e-06,0.00013789824600054734,0.00019088954837496758,4.250328773488366e-05,0.0002709992195511935
2023-10-25,0.00020898070376276692,0.0006140684655580307,0.00027746917749592597,0.0005068229882968592,8.357168731034715e-05,1.7639927067697103e-05,1.4540160813871454e-05,0.0003878145512844724,0.0001845105166541285,0.0009130626656457783,0.0019454315089900737,0.00036547893578117556,0.002903894700012128,0.0028686348157539636,3.34524665761099e-06,0.00034767811820524185,0.00023356808879219796,1.3923656814092017e-05,2.9914079433633464e-05,0.0004716985128643717,5.044416350910931e-06,2.170781661488672e-05,9.035880047112187e-06,0.000583253145868085,0.003221616485480064
2023-10-26,0.00014512554048153108,0.0003706096210409819,6.563869522040279e-06,0.00023171314572832403,5.2410522628428024e-05,2.487585087228296e-06,1.8552526661938864e-05,0.00040856973528591593,0.0006206731740085031,0.001461987907888313,0.0012529818494628152,0.001014742549014762,0.00017284060144093642,0.0017420894703784925,6.102230675756055e-05,0.00010609351286487783,1.4817399250645903e-05,4.765592106055684e-06,6.556437504669647e-06,0.00035950192863704646,0.00029245544071273953,2.8370820879621287e-05,3.722550365328261e-05,0.00010204557523573096,0.0006347891914352839
2023-10-27,2.0639497225767816e-05,2.2941228345573213e-05,0.00013989916586628408,1.812935632916033e-05,4.021817250672934e-06,0.00013369587923625441,0.00024659639597303645,0.0003586395022119294,6.30058713580895e-05,3.4086559955729495e-05,1.853762895860359e-05,5.560117900406059e-05,0.00036748554784923177,0.0027770894266949085,0.0005895372778301765,0.0002589616429097684,3.3661136959716024e-05,0.0003339349847286529,0.0013456748698769466,0.00026081382000419317,0.0005328320319755264,0.0003161506560712203,1.3808184602334138e-05,3.1994248589650606e-05,0.0008432874501144187
2023-10-30,0.0001412474980696137,0.0001254881219794468,3.061359363903708e-05,2.0379378213936602e-05,9.097235483488074e-06,3.199616168461571e-05,5.6639147359190616e-05,0.0008953585216449299,0.00014957816669816526,0.0005056140332127774,0.00026209393924853244,0.0024144996896889094,3.087417696549775e-05,0.0015263513906252437,1.090961104521139e-05,0.000224334317023503,3.0363804511754752e-05,0.0003114946494234272,0.0001605052485638853,3.9637932384559324e-05,9.552195105904696e-05,0.00020076982380507234,0.00013026262817788207,0.000284739999925952,6.7388040966394466e-06
2023-10-31,3.9196109117920885e-05,2.276417173250847e-05,7.408600607256249e-05,2.3945136453343747e-05,1.9899341989528383e-06,2.9937355892570417e-05,0.00028946503066436155,0.00018595028478735455,7.92291154996024e-06,5.610683956043618e-06,8.647772393102733e-05,0.00030551815440610857,0.0005188111591541901,0.0021825417099732747,1.083853801417019e-05,0.004739271055197093,0.00038203997972920855,0.00011825931994028925,0.00014075079541552756,0.00028467432442547244,7.86843702299716e-05,2.6475936580033885e-05,5.710230905926439e-06,0.00012579789426584315,0.0005681124284575379
2023-11-01,0.00011253763765222469,0.0002961125798457771,3.246064930484882e-05,0.00046012006564333425,0.0002019015498561979,9.95791597925388e-06,2.27308659770935e-07,1.2999541091636363e-05,0.0003446754761740373,0.0005414919730136607,0.001382813837747657,0.0005624384427568083,4.2706605758467876e-05,7.93389303969419e-05,5.523551706165548e-06,0.0006374723481254997,2.483469474873992e-05,4.184493859568416e-05,7.453477551993397e-07,3.785143397711565e-05,5.553471732589569e-06,7.858500653295753e-06,7.911984695674749e-05,4.0879370498419324e-05,0.00854607603194843
2023-11-02,0.0003603491204059604,0.0003236593261911928,0.0006918976012226558,0.0005080973377269018,0.00013933540598440355,1.101284339788935e-05,2.284888630169557e-05,0.0003590931306370636,0.0004195075544275621,4.1996530441098376e-05,0.0007573881899583305,0.0036732590356458703,0.006522385294285921,0.006999718829843047,0.0008874697290095803,0.0009585891420502394,0.00015460285693452323,0.0005459745326545118,0.0003130147328987918,0.0010445154276737256,0.00010754815873427805,0.0001478049574953476,1.548064963111347e-05,0.0007298426631766541,3.7853886353493487e-06
2023-11-03,8.248332521450341e-05,0.00013642376297179592,0.0007200558589716983,4.563807936395727e-05,2.418946704041263e-05,1.3193722630255766e-05,0.00027660145442530995,0.00031021335085201134,2.698335623609123e-05,0.0001633184204864058,0.0011475019633484902,4.374482698804993e-05,0.0030131125064571727,0.00019838140755467867,0.00010202832044605049,4.6152779268518395e-05,0.00010638201215123363,0.0001718960209134128,0.00012343257993252117,0.0005571575285599044,5.3212179182600437e-05,8.258074825217815e-05,2.7135562527793816e-05,0.0004471501031967043,0.0016138375294327137
2023-11-06,5.2799019501389495e-06,1.6574723760191252e-05,0.0001580594495630942,9.500917872711726e-05,2.8227684408685767e-05,6.120059712591249e-05,4.381620182484793e-05,6.421640130179343e-07,0.00021024058673543231,0.00011060966819574237,0.00027027601126151235,9.871381766837914e-06,0.00027910679019956636,4.384271323249414e-05,0.00012928777873363488,0.00010635149302305394,2.323513119095605e-05,8.788334473188613e-06,5.661503950382253e-05,0.00021140482533423455,5.6455282833511305e-06,3.341220853413984e-05,1.7827308304497763e-06,0.00015424791156985496,1.992991313882851e-05
2023-11-07,8.07772246412559e-06,8.85158753660933e-05,1.2577106203164656e-05,0.0002143906137057099,6.334693385310127e-05,1.725360345683717e-05,0.0002803218771757297,0.001798007903436809,0.00020584464252304798,0.0001244750526915208,1.97929206433381e-05,0.00017381692107073436,0.0007987212836066443,0.00094754069245025,0.0005026485751107508,0.0002016827722095268,5.022888129249704e-06,2.2068837934853816e-06,2.3640614548632487e-07,6.844269429550358e-05,2.795783439743263e-05,5.389928303494267e-06,2.170856210372817e-05,4.5714801620730105e-05,0.00022794811934324916
2023-11-08,5.360218273715018e-07,4.142913446041015e-07,0.00011481691110691724,0.00028529697369492903,2.5764395462537696e-05,0.00010035338105757194,1.4950622097048616e-05,0.0005143203962281168,3.442761214288343e-05,5.444097537996173e-05,0.00017901712028628032,9.927149310755964e-08,0.00019686873377791194,7.150385049444356e-05,0.00015898887469530633,1.8125995336101646e-07,0.00015057472452683406,1.4127691414401982e-06,2.419226109321084e-05,1.0832689141795859e-05,1.333251556207177e-05,1.4890644972680193e-05,6.696488444467104e-05,1.1333896087831739e-06,1.5209244987353307e-06
2023-11-09,6.129799610875503e-05,5.968165851074286e-05,0.00024347661856724006,0.0005415089414109771,0.00010359768815864569,1.580108144293479e-05,3.7450634277652375e-06,7.300381309723093e-07,6.905879710444606e-06,4.8089930398705256e-05,6.465479337695573e-05,0.0031540005986917374,0.0009907922496176084,0.0025126569886258134,9.153956181188523e-06,8.163934480329353e-06,2.4602102840930768e-05,1.7360474460327566e-05,8.856624911044926e-06,0.0002527048837241372,0.00038731066707010106,5.125052958084826e-06,5.361324359075098e-06,0.004466087445181949,7.756915220458805e-07
2023-11-10,0.00023976190388251117,0.0004943134186482304,0.00012364720209617712,3.118596674508059e-05,2.5041207324246712e-05,0.00012033431706423454,0.0002910817968028584,0.0004702346766858967,0.0005269167271891262,0.0006047524948081011,0.0008452295183899725,0.00048384594608587273,0.00026373352690282496,4.171855594182754e-07,0.00012033637864940496,0.0005448862936803919,2.9508347348864856e-05,0.0001269961556123044,0.00021674281110127473,8.656227599282948e-05,1.3315221396279454e-06,4.935973257007345e-05,0.0001891520773042913,0.0005373112647652083,0.0019322553538487109
2023-11-13,9.095195267959568e-07,9.75452727346798e-06,1.2561479287550598e-07,5.1783269597416384e-06,9.66523090103611e-09,3.086092907696063e-05,1.949245144498193e-05,0.00024391322043979956,7.431793909345853e-05,6.595218423027101e-05,3.456133170572349e-05,0.0017091472384383121,2.0433626799005347e-05,9.107605490152648e-06,5.137626599255124e-05,6.836681150259708e-05,1.293653755232463e-07,2.1777182838324503e-06,1.979046325989338e-05,7.005232242023709e-05,6.642860633776448e-06,4.776100046527551e-05,7.966580771779933e-05,0.0001733887590575869,0.0002339271435161927
2023-11-14,0.00036921534652289165,0.0004536056565384649,0.0028580458406727693,0.0005024254571671784,0.00024139440489851755,7.884793880645633e-05,0.001265983720666926,9.979708208210362e-06,0.00020120116975484007,9.492194685219963e-05,0.0004445480171616853,0.003532878159412596,0.002485175627874872,3.545830047898791e-05,7.899621122157304e-05,0.0006396278046483618,3.3194242407802853e-06,0.0003506254514600786,0.0003269670810127594,0.002917205954785796,4.120700023865796e-08,4.984495815204685e-06,3.2012776717036284e-08,0.0003261796701571044,0.000681928534863665
2023-11-15,4.472128576760138e-06,5.658091608858425e-07,3.0116233055240074e-06,0.00019976129791288855,2.721612678623783e-05,6.9647473955337736e-06,0.00017264888296296565,0.00035143982891028687,9.219255325774676e-06,1.647846542018399e-07,0.00024296052508853883,0.0005114000275790555,0.0006227099351367113,0.00406159145426168,3.570790599319918e-06,0.00016763400439359863,4.281354026219724e-06,3.016535068268321e-05,7.603194080105612e-05,8.425984928766648e-06,5.9150708952458454e-05,2.127419000870716e-05,0.00015939230366928306,0.0009561258888127751,0.0002498484477607731
2023-11-16,1.4944878080806512e-06,7.318514028336332e-07,0.00026562157255249165,0.00015252041904185922,6.723072672461227e-05,0.000125952689366509,0.00020588667144282217,0.0022291952854191113,8.102778888234097e-05,0.000303820500199257,0.0001448758936309558,0.0015081843351213977,0.00035251826117971584,0.00015903881447319298,0.00038793748873823454,0.0001330862591876725,1.0206999111737091e-06,1.622294579083026e-05,0.00012893466513049797,4.5990100956604835e-06,7.566294968930834e-05,8.591137084315286e-05,0.007121879279334508,3.789552719931642e-05,0.00023683555632196876
2023-11-17,1.545050479381134e-06,5.448149941559783e-08,0.00018521732437218498,2.1857943379855683e-05,8.284341867591853e-06,1.1861012951043481e-08,2.1130107943783757e-07,0.0015139696240363664,1.1094103873727192e-08,0.00028708812596423347,1.357785025713946e-05,9.210814658392894e-06,0.0012034641943477087,0.00047258094271763015,0.0004309620937150162,0.0003760110078786782,4.1800494885145155e-06,2.656736406587307e-05,8.109664289185593e-05,5.749043013392575e-07,4.27344870482358e-06,0.00013416054286698582,1.9639514718223114e-05,1.4565313583125294e-05,4.317861686484564e-05
2023-11-20,5.8801372948881306e-05,0.0001464390344162288,3.382703666731223e-05,3.7088255310000525e-05,1.6121825152753712e-05,2.6722971797749588e-06,0.00015603780222327765,0.00046965975711605923,8.529411310148762e-05,0.00041267149876980734,0.0004966704466452548,3.0615407472137545e-05,0.0007099115527234318,0.004727556303726662,2.0046298203350896e-06,0.00010830261850696153,3.834989646494786e-06,1.592922918127172e-05,9.429586302917939e-06,5.3348633764609875e-05,7.703559303268299e-05,2.819524988182896e-05,1.0363131909276563e-07,8.655191321671687e-05,5.6490331834560606e-05
2023-11-21,4.760625681454879e-06,3.394808711262453e-05,0.00016808625486531902,1.9485761808661703e-07,8.194450649870448e-08,0.00011534802086966215,0.00017984547828382008,1.008749160243623e-05,1.7976034044876946e-05,0.00013562025774806744,8.588130420075984e-05,0.0005518258837555406,0.0005180901697497004,3.3245485131005386e-05,5.03052889029585e-06,1.73142578666287e-05,9.470098407197287e-05,3.2419668138983287e-07,4.366933555809934e-06,4.971755199071451e-05,6.462607863825434e-05,1.937385623159364e-05,1.2956743292156348e-05,3.747865479657392e-05,0.00038785274033557567
2023-11-22,1.4849317004686513e-05,1.668515818194854e-05,3.9074747621639664e-05,1.244562298269707e-05,1.5983352649561685e-05,1.8244532388270473e-05,2.1197526907215813e-05,0.00016295837328874268,1.230790705811191e-05,0.00016208071179273206,0.0006197621020608808,0.0008648466228487569,0.00010414906090408525,0.0012265889922282677,2.2334212510281812e-07,0.00018840558655993075,2.5081933988431496e-05,1.581901468764069e-05,5.526322252660125e-06,2.4163584891155635e-05,3.948491376181437e-06,8.79948467911412e-05,5.874268526481109e-05,4.28091967395158e-05,0.0007687043575445605
2023-11-24,3.78410598240302e-07,1.9911863740855258e-06,4.507549434352403e-05,0.00014030572912604485,2.6453387941416088e-05,2.6916540777839512e-05,0.0007459280149350341,0.00012306119767413484,4.940738830364634e-05,1.237198135525369e-06,0.00037962951741190963,2.788247907440504e-05,0.00015765940051447018,0.0031335324873197866,1.7052915270998886e-05,2.9950016951910253e-05,1.273221630684177e-05,9.697516549284707e-06,1.872618211406849e-06,8.34067886094432e-06,0.00012270821476850543,5.668019355885437e-06,8.004132122866144e-05,0.00010732030493104378,2.6696004691448157e-06
2023-11-27,3.249358861323342e-06,7.624903108862358e-07,1.1231959759525846e-05,0.0002744279415652292,6.535136967328298e-05,4.509418265827361e-05,0.00016738928571805663,0.00014927476660824717,8.989202926937948e-07,9.744240217804646e-06,9.421981548091626e-05,7.1405174273416e-06,0.00015927834278105406,0.0012928634671355436,1.2522857459638555e-05,1.4704221241902553e-08,0.00021110832741843966,1.1544812838364657e-05,5.207428626740454e-06,1.3172334562229946e-05,6.451612856456316e-05,8.557879320812731e-07,2.0606475843882352e-05,8.664291687770649e-05,7.706162713812642e-06
2023-11-28,9.790389806827876e-07,6.850866327392686e-06,1.4961480900361985e-05,3.877569264381906e-06,1.5766708324944652e-05,0.00017539733401195908,0.00025063614585346715,0.00033898528724859636,1.0298276578274587e-05,0.00011545378636055091,7.682971110755625e-05,0.0019433423583879556,0.0007361098056525271,0.004701055238367358,5.5828987957195666e-08,1.9755934703952737e-07,3.87009108989051e-05,8.039358547743265e-08,5.207428626740377e-06,4.354446160385365e-05,5.340222122959303e-06,4.786360615633156e-05,0.00014060265438628285,0.0008097534525344409,2.737128182525715e-05
2023-11-29,4.949595940401013e-07,9.493235281710827e-07,2.7728895459191775e-05,0.00015606915966929132,6.530764985334695e-05,2.1855085647474217e-06,3.051189165007731e-06,0.0003072009675349397,2.9425289703490767e-05,0.00010223586128947138,4.420386216974109e-05,0.00011050774867093692,1.8263032806734923e-05,1.2351209688405027e-05,5.5805577809811104e-05,6.159110581212324e-05,5.327443959440724e-05,4.994729538714534e-05,2.56785513955145e-05,4.7962526909567944e-05,9.989516548233998e-06,5.846427498769391e-05,0.00026467358078053607,0.0,0.00022404454206547753
2023-11-30,1.544246037533435e-05,6.335960228740278e-06,1.4381181706904377e-05,0.000134987836496646,2.761488611747289e-05,1.7444492857186548e-05,0.00011809842942254815,0.00111349707418383,9.352978484123499e-06,2.508393406216565e-08,0.0008335596971990855,0.00028122015436361043,0.0002885869977289032,0.0006027902595027772,4.4133154769830374e-05,2.578840230196268e-05,0.00017653122593914685,0.00012554268318121822,0.00012859974436820495,5.2493392279143875e-05,0.000276401554542525,0.00024619724653825197,6.259491248884458e-06,4.210244004084851e-06,0.00048220326872767304
2023-12-01,3.4792846599428875e-05,8.126039160589335e-06,0.0008296076612128463,0.0003481507089027342,0.0001432472293963075,0.000293232652319941,7.412594919718664e-05,0.00016678525442186676,4.58108011141154e-05,0.00013642799193786865,1.1433562629587747e-08,2.7250480978086794e-05,0.00240978914832667,0.004896622904557578,2.6920485507559194e-05,0.0005666825383165255,1.3365455393025428e-05,5.613732950604833e-05,2.3596202315317866e-05,0.0005902725085437697,0.0005649194620912546,3.155996718473492e-05,7.584271841613649e-05,1.4096123107239288e-06,3.596642069430707e-06
2023-12-04,2.77026560354968e-05,8.6992062104782e-05,0.00011344418427250991,1.5894645188828714e-05,2.1003939122397285e-05,0.0004774407484529598,0.0014443172577948827,0.00012505923166132888,9.043357715804628e-05,0.00020858354862012237,0.0007400027533046364,0.00018772954390461842,2.8667235690705564e-05,0.0028463132384193017,2.1139239764712247e-05,6.176581990783965e-05,8.08887134889079e-06,1.2241224822788222e-06,5.3370200648410815e-05,5.2681297147099026e-05,9.935006706146435e-06,1.5509068133131353e-05,6.724603466657034e-08,3.8142271381755645e-05,0.0005524848832890203
2023-12-05,3.888388070627175e-08,6.289047504171914e-06,0.00018136362146480524,0.0004519083574360169,6.298665111821655e-05,1.433838558890933e-05,0.00023267517922902423,0.0001711806564843479,0.0004344864768911525,8.307681041801587e-05,0.0005302190394881763,0.00017531761483723898,7.868783837820386e-05,4.004365785932643e-05,0.00031125784937955807,2.977979530293474e-06,9.846072029348504e-05,2.4943971962316413e-05,1.606253427337795e-08,4.437109370711261e-05,4.322212339060804e-06,0.0012585865348066281,8.510236685742145e-05,0.00017817286553987644,2.5719654209939902e-06
2023-12-06,1.6302973482151586e-05,3.364707476913708e-05,3.208680723393417e-06,0.0001750308519611188,1.3785833693721906e-05,1.3543249404110012e-05,7.441888746978152e-05,0.0018168008224342023,3.252680119722609e-05,0.00010072825942346729,0.0005332558588000434,7.393665024424078e-06,2.0875844592945667e-05,0.0016434625389312655,0.0002257589846737418,9.313225435860833e-06,5.010719270777574e-05,2.5196125375356704e-05,0.00011159386523390702,8.929290938378266e-06,0.00015000550888923998,5.621012546759696e-07,0.00011905757793737678,6.0681360808129424e-05,0.00017597296125865112
2023-12-07,5.778095445157833e-05,0.0001925317697885332,5.183950128178044e-05,3.310384885177524e-05,8.582335098153162e-09,2.719093670900456e-06,4.1016152008879776e-05,2.9052044230937285e-05,0.00010177163775900964,3.3791332504268506e-05,0.0005634211652473856,0.0001841017302583455,2.6941316981137893e-05,0.0001327259812068905,4.706190000730994e-05,3.147207703007341e-05,2.63277485279136e-05,2.2478486128380437e-05,9.401626700986296e-06,8.229986217968717e-06,6.115680205597769e-05,1.0473946963380387e-06,4.360049110491775e-05,8.550382085210433e-05,0.008889170018251487
2023-12-08,1.8403327658030533e-05,1.9774298392761266e-05,5.740805719526626e-05,6.7515294483612e-05,2.902929156747188e-05,0.00018036956063410085,0.0010354322054800258,0.0004654719425141903,5.454033943956659e-05,7.749524391029969e-05,0.00037407934214367383,2.4338402160143233e-05,0.000333519788290462,0.005445434150319301,0.00011576612367732366,6.539157294996792e-05,4.1345563107434115e-06,2.7802631694875766e-05,0.00012041643488420287,2.7967408562698798e-06,4.0019242255712795e-05,8.570476314813372e-05,0.00011129777386739493,6.93916103168877e-05,1.8278717532384553e-05
2023-12-11,1.5070300263659693e-05,7.234574031726531e-05,4.349979921698791e-06,4.484281289163807e-06,7.809243435271018e-08,0.00012330593510486308,8.18220185463668e-05,1.6403883687062204e-05,0.0001693066384641795,6.178261822642661e-05,0.0003487997634499222,0.00028754770990614735,0.0001770204898685691,0.0036536632267211732,1.4764501447908753e-06,2.9781181608005166e-05,5.192197473116617e-05,3.685221065512858e-05,1.3338133429497162e-05,7.539967766784598e-06,1.71056294939112e-05,2.1207963032323207e-05,6.3284932467107605e-06,4.4917192582244094e-05,0.001739124744282567
2023-12-12,2.0765045071998053e-05,6.293026665770144e-05,1.0314288474274943e-06,8.784403280631494e-06,3.21186747855495e-05,2.967966789815275e-07,1.1244499743214709e-05,0.0015148755688513358,6.223670328358243e-05,6.824309323723746e-05,0.00047741035218281915,0.00013116467013033717,9.582807488373329e-06,0.00013284356823920293,0.00019099918831625839,3.8130219050348506e-06,6.719192016222646e-07,5.0798193994228075e-05,7.895282233477306e-05,3.5539929324311116e-07,4.170770724855913e-09,6.767350131960164e-07,6.290118876618263e-07,0.00015206996444890129,0.0005536018122732863
2023-12-13,0.00018757556587668586,0.0001596928169299273,0.0011082349821758975,0.000537824993389407,0.00027653588038198634,0.0004978148346087663,0.0019060796466262673,0.0002778773346445925,0.0002740305188191166,7.129078634095532e-10,8.106080032056983e-05,9.165891541120769e-05,0.0013199179270387126,0.005590986751509513,0.00019099918831625456,0.0006105105588985638,1.770938783604197e-07,0.0002555958397761015,1.1278322831311787e-05,0.001412348922297742,2.1458629942968977e-05,0.0003214111205464452,0.0003103268050836014,0.00036639494548121646,1.7690148057201402e-05
2023-12-14,1.0267391637423184e-05,7.517981137366746e-07,0.0007533810353892848,0.0006594732265343295,0.0001119096376773596,3.4169111381906015e-05,0.00029944859264154343,0.000763224046880861,5.734437707576397e-07,0.0005199586548572695,2.952114506367178e-05,0.0023016924695360547,0.001311241360322993,0.0004347155432650769,0.0008392748350182534,0.00387015473615513,0.00018938686923607948,9.795005782507944e-05,0.0003250308499289038,0.0008084032300281652,4.772420888576935e-05,0.0007148882309123094,0.00015077202760073978,0.00014128531383698076,1.8930521728360237e-06
2023-12-15,2.7149925064484827e-06,2.3253868571013574e-05,7.123201813229619e-05,1.2325722813937945e-06,2.098612849469679e-06,8.480167987496846e-05,0.0002117697904272559,2.2183434821951154e-08,7.449816081816232e-06,0.00016983283810696178,0.00012335729742457322,9.431689147278254e-05,0.00031145487233571816,0.0014448222452398038,2.8341559493657145e-05,3.986003339951839e-06,6.0851328529904836e-05,3.449212483473284e-05,5.674593145868856e-05,0.00020084066333534136,0.00012012832927310113,2.3527275286987823e-05,1.3978751235942625e-05,2.624218000490871e-05,6.886940014080728e-05
2023-12-18,3.1461294628520964e-05,3.9424896752328746e-05,1.2625117090614075e-07,6.399618081810836e-05,1.7445142710800615e-05,2.0567927082601922e-05,1.8912637940275273e-06,0.0001932478103729336,7.292542181904901e-05,2.6684244834662094e-05,0.0005754737631851285,3.1554265090621874e-05,6.130107623068025e-07,0.0013474817256162364,6.61705274576615e-05,1.097551069250182e-08,0.00013173036458456766,1.1096240992098976e-05,3.6407743134052544e-05,5.14364303552671e-06,3.2505224826141612e-06,0.00023209171544621526,0.0002100835085739828,4.148158679080225e-05,3.233660949594733e-06
2023-12-19,3.675495238856577e-05,2.597513208231091e-05,0.0003684299555983694,2.888167221941863e-05,1.6206112682343274e-06,4.611538032185446e-05,0.00011015042338113891,0.0003415117143188711,2.857688783300577e-05,2.674875459188604e-06,9.007049622469417e-05,0.0004074443123503675,0.001639047926748221,0.002416046293947143,0.00014224410450685207,0.0006279411847758734,3.869221663041493e-06,5.595922293937397e-05,0.0001760004317736682,5.742364623358323e-05,4.277731703890335e-05,0.0,1.3011956398723257e-05,0.00013125950003913258,8.026418704842039e-05
2023-12-20,0.00019471850867836207,0.0002241387183483379,0.00039024443510991846,4.5593301371262386e-05,6.927333951073574e-06,2.9821061427540336e-05,2.0596515538016267e-07,6.809455378730933e-05,0.00011602984769272408,5.038023102048316e-05,0.0009339434987855208,0.0015981428893821663,0.0017356166343733726,1.8784290982788254e-05,8.679816084046832e-05,0.0001244466241924706,0.0001359061877533434,0.0003237973591041459,0.00012867111724744292,0.00014990663923320757,0.00042432430519910054,0.0002428008373881709,0.00013855188578702567,0.0008252793364083281,0.0011534861472553206
2023-12-21,8.906109501778778e-05,0.0001338242686257597,0.00028470596758148553,4.029934076622764e-05,1.3163957089645886e-07,4.964267367211824e-05,0.0001482539698339851,1.212972995328686e-05,5.932878689139898e-07,6.158531465635513e-05,0.00032780159157063125,0.0008611795451651916,0.0006333237612387006,0.0013995649478137629,1.5227291308361595e-05,1.5416063122896552e-06,0.0001481431397919647,9.426242692016915e-05,3.2350481877578435e-05,7.795330930790304e-05,0.00010385722300154566,5.900186680079015e-06,4.99294749437022e-05,6.69741790360544e-05,0.001040008470111172
2023-12-22,4.03095221775956e-06,2.2347569333773952e-06,8.601847520342518e-05,2.0783519414133914e-05,2.9726124307063286e-06,1.9577209326531815e-05,7.314987317176806e-05,2.4379017477692574e-05,3.0946064724376525e-05,7.730736230560355e-06,1.0700284450294158e-05,5.977161680662906e-05,0.00017670277761372725,0.0018820434168676777,8.680242662740393e-06,9.986051152647748e-07,1.991906886673761e-07,4.600217513947671e-06,3.5650793449778393e-07,1.5083986999655465e-05,1.5971199413354434e-05,4.9643985347641925e-05,0.00014113898337996954,0.00011939296095932864,4.920193283036126e-06
2023-12-26,1.775430673784873e-05,3.724625234545927e-05,0.00016692766776971247,8.061481695049804e-06,4.35535299643869e-06,5.76360672534208e-05,1.303288446996611e-05,0.00047904401796181756,8.092753489803224e-06,4.5601834408249645e-08,8.377763140242205e-05,0.0002556078326708806,0.00021336590879826584,0.0003896637297702323,7.316681032784277e-05,0.0003235383000549289,1.903858114604593e-05,1.607213708974245e-05,3.476866932945201e-05,5.4517968346724874e-05,1.9049295878228144e-05,2.0544246046735244e-05,2.351183403679632e-06,5.917586582031717e-07,0.0007250338295508089
2023-12-27,3.2634527949959352e-06,4.136169016188862e-06,1.2399830271583801e-05,0.00030851082600407694,8.63423319387971e-05,2.0498955868101098e-05,1.8235373230569896e-06,0.00034389302438383155,2.6791954393230165e-07,2.483072121472876e-06,7.820330783706871e-06,0.00034772759702952655,7.5684484151823e-05,0.005456357516414757,1.9745173803590164e-05,7.034689262382926e-05,7.243944583585989e-06,1.0213135756510456e-05,3.576198423790986e-05,2.3567566164389977e-05,1.80601753480049e-06,6.756229682367329e-07,8.750749737394894e-05,3.9526197187374563e-05,0.0003377627462760344
2023-12-28,1.4257544780461298e-07,2.3642102848559834e-07,1.4557878711961116e-05,5.313784551595568e-05,6.798028984760755e-06,3.401704327506237e-05,0.00011782914113808826,0.0006538656267451982,4.94526736918957e-06,1.0427948322594616e-05,4.505321854956725e-06,0.0010306765583131215,4.901810986271886e-06,3.633653030432425e-05,0.00023568960546826496,1.737075646838506e-05,2.5212708751855608e-05,8.52984852838243e-06,2.8077010207646637e-05,4.9988575947557424e-05,2.1605919699245726e-06,5.116759958805818e-06,3.862897786337186e-06,4.897755142792002e-08,0.0003329976472547402
2023-12-29,8.4056223319875e-06,1.8810568484845645e-05,0.0002707608508625325,8.209354450204983e-05,1.3677598757263166e-05,2.458842890657016e-06,9.207640540295921e-05,6.273462452715586e-05,2.9580274689528134e-05,4.093981695863352e-06,0.0,0.00035112490152437996,0.0011048567162907739,0.004772720282466116,5.1242512127616985e-06,1.6680982533824022e-05,1.9753368041310192e-05,1.0154227439121132e-05,1.3807668326855007e-06,0.00014220332912227352,1.0435326404141528e-06,3.072390916318899e-05,2.5754876550950815e-07,1.4824180304631286e-06,8.310851609652922e-05
2024-01-02,3.149422244828273e-05,0.0002912827168595799,3.5363371184080536e-05,3.342327396278282e-05,4.624761990719615e-05,5.553962705901875e-06,3.584072299661056e-05,0.00017665900779969827,0.0013280717010652136,0.00019165959421885354,0.0007685237763963687,5.8316193697388625e-08,0.001322089713712652,0.010632538207026544,0.00011400863014934164,0.00010123764076702156,4.01208385134252e-05,1.803075194108997e-05,0.00013393329773155022,7.334842027536132e-05,0.00041607408057301587,0.00022205915793796691,0.00010710118131602895,2.1537919428419854e-05,0.0038155397552365215
2024-01-03,6.724201552669476e-05,0.00011316594728314726,0.0007303981031181036,1.732048144757002e-05,5.1858531622459546e-06,7.008628445718019e-05,0.0007634144399197367,0.0013056808477886308,5.648645846586622e-05,5.303311452755681e-07,0.00015658984721256258,0.0016778217732159814,0.0015997794292766446,0.0009013777634297377,0.00026095655765923505,0.0008498490667266412,4.297858302749639e-05,7.242910018037686e-05,1.907819834191708e-05,0.0005851943437318786,3.8831564280471356e-05,3.68352960448084e-05,3.945288224710468e-09,0.0001062826218866155,0.0005666966584946776
2024-01-04,1.0409388639962072e-05,2.662333820322674e-05,3.836300098698546e-06,0.00023442474369381172,3.111449123506776e-05,1.0082340955215881e-06,9.010541227457629e-07,8.342756816866211e-05,0.00016336925923370274,5.188966870404622e-05,8.060680347498939e-05,4.766143772581805e-06,6.409248012216537e-05,0.0004765660104993156,0.0003129100810623051,3.98337765087891e-05,7.433609400264268e-06,1.5986565725296537e-05,4.3746922451777036e-05,3.3888715519046482e-06,4.470326317809275e-06,2.985072052801331e-05,9.43682949565592e-05,0.0001431472927759991,2.5867131722318354e-05
2024-01-05,1.8733438563368286e-06,1.4049011473592651e-06,8.674819027639977e-06,9.238758050934411e-05,1.2836848390093762e-05,2.5104138877001716e-08,3.779796987947469e-05,0.00045697963415402345,1.6169238925214334e-05,2.668396784363305e-07,0.0005125048489389206,3.425984529276897e-06,4.1797245525298615e-08,0.00010953621127645884,6.834688451061389e-07,9.688229633830987e-05,8.978571614555608e-06,1.8039435963829227e-05,2.504734191074573e-05,6.4362913811420894e-06,9.65905646077554e-06,6.903614540089401e-05,4.4592567517422036e-05,1.404351491356925e-05,0.0003504165861292434
2024-01-08,0.00020093107888303287,0.0004185028400846897,0.0003185346260000735,9.637518620075661e-05,5.790304806779695e-05,6.157506833105969e-05,1.4280338407689165e-05,0.0015088637605915583,0.0005706122507043209,0.00034953131331488753,0.00388121156266445,0.0001534282206702072,0.0007745051017132616,0.0012054451670090779,0.00013549870615484855,0.00013053567761276224,2.1064635032806908e-05,4.016657766715662e-05,2.1098628116105932e-06,0.00020208592037361262,6.1479556190475926e-06,7.358354893226229e-05,9.562943544235714e-05,5.0769589637333894e-05,0.002850588153254732
2024-01-09,2.304972468040468e-06,3.894694258038808e-06,8.075868709794659e-05,4.090973051523152e-05,3.0071371658304442e-06,1.0195619810213401e-07,3.808561250038233e-05,0.00021902669318551478,5.134640218551022e-06,8.593261367308619e-06,0.0002833383872744558,0.000533463997980764,0.0002444435273090929,0.0022779096900731426,0.00026046405617686645,1.8776124277272356e-08,2.5501005410704554e-05,4.0166577667156786e-05,6.30014149156134e-05,4.54118056782822e-05,3.828713509253952e-07,1.6759933644084177e-05,4.4567351826539075e-05,0.0004305228732397336,0.00043476528326984843
2024-01-10,3.180387119951998e-05,4.562670334972985e-05,3.1827530778967165e-07,2.1794008381958524e-05,1.632260863348577e-06,5.24716302408044e-06,8.186504219882622e-06,0.00015358322852108145,3.198284417671413e-05,0.00033869619414236184,0.0005069122081695695,1.8928005815068532e-05,9.21082811542374e-06,2.1310086930801612e-05,9.768977600023311e-05,1.3102841981873096e-05,3.8119324245674674e-06,2.5229511707400852e-06,4.441174657924657e-06,1.312276900757481e-06,2.201903318798198e-06,1.829723293112557e-05,0.00015257183388761318,1.80350143465068e-05,2.3381846119945896e-05
2024-01-11,1.9432420773215794e-07,4.321028652043093e-06,6.199739130994394e-05,3.135609063197888e-05,3.608413781139976e-05,3.886271598186317e-06,3.3030105740830846e-05,0.00026385510425962314,1.0418534126605378e-05,2.3499228343594677e-05,7.476704142351715e-05,0.000849487342496243,0.0005756991483743749,0.00480310757006491,6.6151225310464116e-06,1.942302552868537e-05,2.497020500654809e-05,1.3763156202524685e-05,1.7800648505828633e-05,8.677308086543886e-05,1.9873424871319666e-05,1.4396745932878177e-05,1.2464537079637259e-06,3.2052766038776447e-06,1.229770521531948e-05
2024-01-12,4.796108158534238e-07,2.6300094256859886e-07,2.7383162398111317e-06,3.8676800162076355e-06,4.734495843322307e-06,9.499265341735392e-05,0.0003103005187884044,2.9749967244292137e-05,3.1562149101563013e-06,9.868621829602469e-05,4.18195257564224e-06,0.0013949775890354425,0.00028035424392066504,0.005833524331814013,0.00012520780750095527,3.209672859825448e-05,0.0004812164445737069,3.459033960551982e-06,5.427165605015875e-05,3.588282283817689e-05,5.8755844639098574e-05,3.5777797034442505e-07,1.6967825214514754e-06,0.00010022370610967817,9.825853580088805e-05
2024-01-16,1.3527946701794878e-05,9.542936072790227e-09,0.0001548930543516205,0.0003157724434271031,0.0001039018721981323,9.088726884192142e-05,0.0001191062657494023,0.00012961166151547777,0.00015360282433658708,2.1371904133017318e-05,0.0009062218766016256,2.1613857990992037e-05,0.00017350476019775235,0.0005488430714897977,0.0005815438338318608,0.00012122639730476292,0.00013446791786632555,4.8147324129813266e-05,3.956726289969891e-05,5.443250848510602e-05,0.0001341504808704802,2.9086479021876783e-05,9.961782047214932e-06,0.000867070009277648,0.006373274997808703
2024-01-17,3.1070742118461754e-05,3.1998530964235166e-05,5.1154008185190087e-05,2.506062987901568e-06,4.435308887331016e-06,0.0001227016023693989,0.00022202534247230333,0.00010420285946202617,2.690361284219242e-05,4.210740725199035e-06,3.424871206571968e-05,0.00040101957065089824,0.0003286022164434002,2.2329499005169046e-08,6.94884536666515e-05,0.0009240818664394216,8.980600296841765e-06,3.5216932815185868e-06,2.885604696117694e-05,0.00034039788539146656,3.14525423447689e-07,1.001477257620168e-06,2.2159869888775066e-05,0.0008736021801597126,8.042612672237056e-05
2024-01-18,7.838197244356016e-05,0.0001986505203695647,3.4734710647792704e-05,8.721988054631133e-05,3.7131851799510062e-06,6.722650010326438e-05,5.957236804034341e-05,0.00026734401515949717,0.0010272894721385414,0.00012620495718001224,0.00034703575073346177,0.0002949055966497182,3.2240528626257164e-05,0.005442715632587361,2.6427004223724507e-06,0.00013613539376851019,4.581093022400253e-05,2.5883029798479704e-06,3.892789140663327e-06,2.9550276781056963e-05,2.3524503405423795e-05,3.3428475105990126e-05,0.00017909407994393377,0.0004197727260359269,0.0002398737384229986
2024-01-19,0.00015349472503965215,0.00038560839712776477,9.130817794285255e-05,1.0197952186507378e-05,1.0200293603219112e-06,8.90585874689246e-06,4.556570438002198e-05,1.211917588701147e-05,0.00023758517701525075,0.00014672755981600332,0.0016726822138913204,2.1374776268896648e-06,0.00018190559397174841,1.0837364358962792e-05,1.0551658913844136e-05,0.0002736001809768794,1.557297961902619e-05,0.00025424084515980854,0.00029291296629354907,0.00014154545732138058,8.47414314417997e-06,1.4860275269131037e-05,2.7902720444078918e-05,8.419544918143955e-05,0.0047131854445368855
2024-01-22,4.460761728632329e-06,1.703400424769164e-06,0.000446621547996098,3.5212745771614325e-05,7.554961736948625e-06,1.4327070063939095e-05,0.00048449282643929666,0.00015781576676596743,0.00014616427400936991,2.9515344441128036e-05,7.486811552648512e-06,0.0002593787747059948,0.0005033070889039709,0.0007484526295794766,1.39513558005577e-05,0.00013955025824034805,4.761523982502457e-06,2.2413988246779197e-05,1.3804804971201877e-06,3.544988957226184e-05,2.376210916855612e-05,3.853679416406198e-06,3.796567810040665e-09,0.00046114509590284425,0.0012490180922009177
2024-01-23,8.480901750983473e-06,1.7147081428271586e-05,8.434638916538336e-06,6.32855932973666e-05,1.344527068030932e-05,1.5144171593398639e-05,0.00023149880678589418,1.853758632089728e-07,4.3972880426175336e-05,3.611286530142371e-05,1.3427961185135213e-05,2.647163583212485e-06,1.1147952951535252e-06,0.0010148637540611481,4.453441324161811e-06,3.068834639399197e-07,0.0018064808051058462,2.4752222517657017e-06,4.363585643941349e-05,4.748914020493827e-05,0.00027251516611696966,0.001644862085347367,6.358655445623908e-06,0.0001924819651894776,2.0336410629053334e-06
2024-01-24,1.1937152723356733e-06,3.062368421655419e-05,6.805606509773183e-05,3.4510786216615805e-05,3.725949762208366e-06,6.857635661738452e-05,7.620184339639723e-05,0.00015759338207662344,1.2180269968803553e-05,8.342188570204194e-05,0.0006034441517116771,3.948155050725924e-05,0.0005517963234982879,0.0005389909341604142,0.00020051297258384071,4.076499308411819e-05,0.000338905599828008,1.538210313752695e-05,7.913432008587927e-05,0.0002074271546788076,2.8440667354318774e-05,0.00014769905644676618,0.00020245297511838366,8.314367524986327e-06,0.0032433653343536786
2024-01-25,2.9422073637441946e-05,1.489551728906071e-06,6.80560650977328e-05,4.242056573974581e-05,4.3602636984828437e-05,1.5698450990055496e-05,0.00012198318355157108,0.0005605331239266183,2.8834003348415534e-06,3.2737879348528084e-05,1.7198127449572882e-05,0.016707674951559635,9.97842281988645e-05,7.416296824468862e-06,0.0004949407719318678,0.0011643624411402588,1.9995689944318964e-06,2.446324179496707e-05,0.00020190522271997058,0.00016281930025476544,1.4194073436415384e-05,0.000517449763764843,0.00020950628165326618,0.0002085351771818307,0.00012943875672299186
2024-01-26,1.6163240757561006e-06,3.570509135626232e-05,2.6004924164158434e-09,3.676461397130355e-06,8.053162320489888e-06,4.82934097312958e-07,1.4651686250258003e-05,0.00014334859459744746,8.196904280032493e-05,5.402521712542284e-06,9.131647813166286e-05,1.1485767177833142e-05,4.752582125025964e-06,0.001158669167258639,5.455595133324879e-05,1.9938443424516548e-05,6.891365057924668e-06,1.3167379713079265e-05,1.461930858691484e-05,7.960801396155662e-06,1.4139880952487493e-07,1.112694289184391e-05,7.644499541191881e-05,2.7636187101663723e-05,0.0002967816039010858
2024-01-29,6.222407562273909e-05,0.00010380049342094274,0.00030103323216056527,0.00013111794886185165,1.694431283582998e-05,4.9472808271115446e-05,0.0002768645267383997,0.00020932247653802975,1.2904461872371672e-05,0.00020256613067760624,0.0005393763923561178,0.0016855532261197956,0.0021705681168628726,0.0034907357757698034,2.0313222144334545e-06,0.0001607044180689171,1.9617807165281525e-05,6.677199818342902e-06,6.803487848044568e-06,4.31793739813904e-05,7.713431221784638e-07,1.643985515262504e-08,2.1868914314113747e-05,0.0004879949131301918,1.0672522183469977e-05
2024-01-30,5.986406057079267e-07,4.460508462849225e-05,7.33013831793062e-05,8.144835811511987e-05,1.0178927353078304e-05,1.9032249089265164e-06,8.898675801337074e-07,0.00011010116181650633,0.0003776566233356069,7.6284170543318894e-06,2.435002643381452e-05,1.1908176816674438e-05,0.000693038389129259,0.00023020459652761105,0.00010584479906166978,2.4672926675371163e-05,7.289617941553006e-05,0.00015790575640175036,0.00041157699468987987,8.837449009308315e-05,1.3757130208705787e-05,7.192426190801979e-05,1.1068408055166267e-05,3.2008613898535355e-05,0.001087997627952668
2024-01-31,0.00027066907506449023,0.0003912699670778468,0.0006117250066433686,9.550133268240537e-05,6.474599291484648e-06,5.51489791607828e-07,0.00017694031322954673,0.0006917331057409966,0.0003820995143776931,0.0007461697694643748,0.0004025944712571855,0.0005152659881868954,0.0009879771841847234,0.00040928801348486936,0.0003565740711345208,0.00021636687042044124,2.779816726470095e-05,0.00015148860543821613,0.00011869671892853108,9.233791267650339e-05,6.69442688432522e-07,4.950110201925538e-06,4.224607082091694e-06,8.506914303876502e-05,0.000661836732848419
2024-02-01,0.00016908689213117507,0.0001370471506383383,0.00017385289451751776,0.0003773684129759426,5.935029553935301e-05,0.00010705953364752566,0.0002029262720082474,0.0006986493925276526,0.00017562515694475114,0.0002394492524847721,0.0005801861589338139,6.968611832586013e-05,0.0001839004378406746,3.402608200111565e-05,1.4406598704496952e-08,0.0005894045802182917,7.021531841908928e-07,2.392648720687688e-06,1.3102310199589684e-05,0.0003224542645233762,1.1587160207184032e-05,0.00016636855509333948,0.000336651200464469,0.00010941870090268988,0.0002722800773915816
2024-02-02,0.00010967108286004944,0.00028087063005189945,2.7923225092015458e-05,0.0004989056376378811,8.411625083574126e-05,9.021707448575487e-05,0.0004807704697160392,0.000521880865703962,2.9375050981120783e-05,0.0003333599379044137,0.0023535159955134044,2.543042464471328e-05,0.0001847949875918816,4.375120685883241e-06,2.0672954709046506e-06,0.0005648039529853017,7.88763759935761e-05,1.6918340821756962e-05,3.294219231919654e-05,0.00015595979723080001,0.00012347998129357918,4.720987937627387e-05,5.5627134875689015e-05,5.197411777425001e-07,0.0017018652245732713
2024-02-05,1.3306046638016002e-05,1.705781936773246e-06,0.0001634953954788188,0.0004161664010778181,9.263564616553014e-05,3.0572563307534995e-05,0.00018457615025097997,9.752558890906547e-05,9.600910188999181e-05,0.00018598939773320928,0.002193070891188492,0.0013789851810733324,0.0010106142477558466,0.009366679240699758,6.337434079433769e-06,0.0003931449198728477,0.00010149739643910437,3.502266430762623e-05,1.7347829183301224e-06,0.00044974779627369554,2.688963917690708e-05,5.758725979649611e-07,2.895494924791513e-05,2.454183395321349e-05,0.0003800702718696355
2024-02-06,8.404040537036225e-06,4.036647475371393e-06,8.051341329891376e-05,9.460288318450951e-05,3.139089423672821e-05,2.7155477431174375e-05,3.8111516625661956e-06,8.45990934306377e-05,7.386879644677578e-05,1.55508964520485e-07,0.000260009301578671,0.0004869877081394511,0.0010658316558735765,0.0004412283293622831,1.0469458852957098e-05,1.6798901179520954e-05,0.000153080791912596,4.253179153830627e-06,1.17816789878788e-05,0.00017826757383471596,0.00020740104894322625,2.236631332194886e-05,4.6176800880427826e-05,0.0007262318647977566,0.001378397300297784
2024-02-07,6.898847792733509e-05,0.00010480405868693602,5.4121686632018505e-06,2.353928674743917e-05,8.615496188209027e-06,7.034854519287089e-08,7.770350845383102e-05,7.789715198080972e-05,3.3757717690008406e-07,0.00043641715601007935,0.0007358629363049866,0.0001771342267190445,0.00010027774190567752,0.0003554895606295679,4.128508245649103e-06,7.248335894678444e-06,5.403413241778929e-05,5.5365300333512165e-05,3.544414258741666e-06,2.0582702665629468e-06,2.564118925034499e-07,1.0118015030508288e-06,6.428668037718439e-06,2.2857330451403727e-06,0.0003262779106553754
2024-02-08,1.9488885613531166e-07,3.4235999299444394e-06,0.0002265094609630054,3.400439418176333e-05,2.660011165076466e-05,8.140622062123796e-07,0.00024391183632729822,0.0008881651567269421,3.3308506788841056e-05,2.091372019263571e-08,4.2968302157320987e-05,0.0001102532209573773,0.0007058496895592043,0.006784043892217353,0.00010437710043494112,2.4262699051253247e-05,5.2325977864832976e-05,1.4759005312753473e-05,1.2940709100940185e-05,6.567458697142342e-05,0.00010103251962864136,9.127038785530705e-06,3.47334322908031e-09,0.011847096364716342,8.732933741290524e-05
2024-02-09,3.3210150064305046e-05,9.594038048164713e-05,0.00026025044994062253,4.091156452597283e-06,1.6732196458523298e-06,1.5083000032270286e-05,2.107617153506775e-06,4.38961383688226e-06,1.669208760029389e-05,0.00023814258564898953,0.0012361046786815728,0.00043821802783958105,0.0005505270683622236,0.00473298806561929,0.0002397554504834122,0.00022937790146878426,1.3726587159722041e-06,7.94511759725622e-06,1.4414547305816431e-06,2.377127053993666e-06,5.286849181738533e-06,5.9599890579685576e-05,2.8260942333393537e-07,0.0003857917048721647,0.0003353896900745216
2024-02-12,1.9281991638802642e-07,1.5368855901098838e-05,0.00032389597755750184,1.372364904675937e-06,8.583180511262882e-09,6.840247269999199e-06,1.4907359035097676e-05,3.746070307477648e-05,8.176976383642782e-05,0.000160236534964115,2.536975548740109e-06,0.0008125921966328481,0.0005076518469447186,0.0013529539232347415,0.00012061929460246641,0.00019587605029629316,1.350070305165119e-05,2.111719090446279e-05,1.977475092343912e-05,5.6242594948719755e-08,4.801404779282754e-05,3.885547894766735e-06,3.6088839814687814e-05,6.837706487529433e-05,1.0957143297039353e-05
2024-02-13,0.00019234056952347245,0.00024711559825354225,0.0017649563741986625,0.00029871389291278065,0.00012237001892963264,0.0001927831500353694,0.0007477723858183243,5.566162111996551e-05,0.00012856001013128633,0.00047366976991951553,2.762615217870107e-06,0.000487913698525478,0.003320344577227892,0.0023150468369947472,0.00010287577592568825,0.0007678528635266565,1.3158362981123344e-05,0.00018473125351294503,7.641611300953304e-05,0.0004339604585463465,7.710676910124844e-05,2.8738443470376163e-05,4.67137869984572e-05,0.00011339159911489496,4.64259820821745e-06
2024-02-14,8.183916932219148e-05,0.0001174705797002738,0.0005271741153098113,2.5771328786392488e-05,2.174060372870206e-05,3.555618725183305e-07,0.00013950324748284015,0.00023277184922097343,2.324404624446643e-05,9.252686661239956e-05,0.0005890539911177608,0.0006333783997448955,0.0028382717915309053,0.01772140569794299,9.215713703201915e-07,0.00015116397945571288,0.00038900626473004627,9.039809442346748e-05,0.00010213158395420624,6.135366652679045e-05,2.1868369626481147e-05,1.6841864298388257e-05,1.02257495423697e-05,9.819014447491858e-05,0.0016721531012457447
2024-02-15,4.727997288390873e-05,8.840244153878333e-06,0.0006925696861414668,2.6602707067702616e-05,1.312016575449859e-05,4.49075358042044e-05,0.0005840651311648443,0.0003192888647007748,2.484434544976734e-06,5.1565269076976106e-05,0.00028728330685162,0.003642526028812075,0.0004983260564184408,0.0010531204313960192,0.0007546266775954993,0.00039531034202808224,0.00013735443778950095,0.00028867883156382464,0.0004656901360955503,0.0005298917762079683,0.0001932260820430892,7.793091119709118e-05,1.6679780873786508e-05,6.31401100641792e-05,0.00011914936065534164
2024-02-16,2.4922416991175462e-05,8.297501108382755e-05,0.0001874548567238571,3.3692384169001226e-05,1.3120165754498905e-05,1.3365448870532977e-05,0.00045208385396164975,6.076220311682716e-05,7.167471973716923e-05,3.8048150727500446e-05,3.838670010333835e-07,6.237525399642987e-06,0.0006602431483465844,0.0071706569015425855,3.4129876964049254e-07,1.293890648207594e-05,5.029631553834486e-06,1.2436315313198519e-05,2.191155696997563e-05,0.00010766703541282618,1.3202716971293443e-06,1.0110090701304531e-05,3.969769282874005e-05,5.757143546080396e-05,0.0002717546885453855
2024-02-20,3.047877566172864e-05,5.740625624687468e-05,0.00019269317874008105,7.430555229163957e-07,1.1182263785571361e-05,3.655286752514523e-05,0.00022720380696879025,0.00018435494081162117,1.6992637001782525e-05,9.90958832778908e-06,0.001980957049612437,0.000988918122010558,0.0010974455130090338,0.0015723892699329107,8.38526027819143e-05,0.0006608684615528962,2.222475820051375e-07,7.724703838490778e-06,1.5228915409084584e-05,3.1658565898370045e-06,6.944127961776689e-05,4.0052378478025655e-05,0.0010096116522446254,0.0003819879712421758,0.0023222065277108002
2024-02-21,8.197807561256382e-07,1.6078731656565182e-05,2.2446618325999206e-05,5.09016143696535e-05,6.285549466833797e-06,2.842078187329675e-09,2.7398917806673734e-05,0.00011476623118614876,1.7448947297067926e-05,2.2971558583233137e-06,0.000836549503449851,2.7031116252177924e-05,0.0008266730945570211,0.004212034609620686,0.0003451635443122625,0.00011618319892922366,5.9308805698274315e-05,9.191759169318039e-06,4.2102554667465594e-05,3.0970598689669444e-05,2.6841305690543777e-05,0.00014049752210453642,0.0001527313523868932,0.00026586695843850707,7.200318862513009e-05
2024-02-22,0.00041960891266044356,0.0008326286033582725,5.699715621924714e-05,2.3716801698228987e-05,2.4939419853158346e-06,1.820139581986669e-07,4.491368419404553e-05,2.969842055561099e-05,0.00012501574634161063,0.0005416696212696133,0.02306443959875316,0.000181263291713101,0.0005968060229994861,0.002602336254532692,3.0105542184822567e-06,0.00023986694002933317,9.792203251592473e-06,0.00013311019860382038,0.0001421896789727872,3.5617624907931625e-06,0.0001230508284844997,9.939259041029857e-07,9.597132699783097e-05,7.77279462365496e-08,0.010323382082619242
2024-02-23,4.752422549534997e-07,8.69693675435914e-06,5.078100226003173e-06,0.00017683537676518445,8.795744819199663e-06,3.176001017275926e-05,6.613063403428454e-05,0.0005331776694186793,0.00010170061078885126,1.0159364646610626e-05,1.2575866589458537e-05,0.0007808496235964482,2.0878270949671032e-06,0.0008567241282747932,4.368114128913303e-05,3.0714699643540807e-05,2.689392460776947e-05,2.4752869150254975e-05,2.5127306996936544e-05,2.222721138478745e-07,7.440668661095381e-05,8.542825667627695e-06,7.304239507251479e-07,8.623666402921227e-07,0.0008882161296376655
2024-02-26,1.34635897962866e-05,2.7751371170011e-07,3.9485319379680924e-05,8.92404336073786e-06,9.930396054216273e-06,4.9692091115592445e-06,0.0003162921266116324,0.00014458213123895585,5.593860197219119e-05,4.6878827939425454e-05,1.2131588744714557e-05,0.0014420027073675059,0.001150251817225162,0.02423675187140658,1.213892145708698e-05,2.135069317149051e-05,2.034007949594075e-05,2.4752869150255242e-05,1.1764425322678462e-05,0.000121581591902475,4.2369339032380356e-05,2.5428580660211755e-05,0.00033441382767914856,3.1027224867233456e-07,8.371926798840277e-06
2024-02-27,3.4450509337361403e-06,5.771994461197416e-06,0.00019793972181808602,5.008362514858396e-05,1.9424859903377025e-06,1.1304965345427738e-06,5.894360741932226e-06,0.0002090162010132342,6.531264401159929e-05,2.173749850915062e-08,2.4562714078611176e-05,2.7344133574124048e-06,0.0008257841122514474,0.0007215080766448085,1.847957848783532e-05,4.748579674843757e-05,8.458698041815513e-06,7.505320529006158e-06,2.407360885342473e-07,1.4196275446009547e-06,1.3947435629895096e-06,3.3161346662595876e-05,2.812196052099799e-08,0.00025695467486097184,0.00012639987492526824
2024-02-28,1.7493893487689037e-06,2.8502472402482542e-05,6.83801176297436e-05,4.005113461064032e-05,8.591755063783654e-09,3.264735137707902e-06,9.46310680867919e-07,9.729552479907575e-06,4.418607745075908e-05,3.4675059487692843e-07,0.00017627208830716556,0.00013223232011298707,5.476368910380174e-05,6.240455182290293e-05,3.925142896060018e-06,3.450208054225038e-05,2.2576317084790677e-05,1.3863671498298068e-05,2.5570344635759527e-05,0.00010142056525048389,1.2494334411992939e-05,2.2061993121893754e-05,2.5340833048933307e-07,0.00015707875994479622,6.783348701712477e-05
2024-02-29,1.2877869418901202e-05,7.28098171388672e-05,4.823138039317919e-05,4.945966513239592e-05,8.636940506715852e-07,2.6389277439087177e-05,7.605585058034299e-05,1.2516941540173952e-05,1.3691253721374817e-05,0.00020780248880673195,0.00034171687382533055,6.275471096808065e-07,3.089313451709153e-06,0.00018636035914731358,2.3890436922816225e-05,0.00017589708376748327,6.463330248033992e-06,2.454966733974434e-07,8.226823960986059e-05,7.143276638410744e-05,1.108682147412024e-06,4.8436432721051396e-05,0.0002919294756229509,4.921042397009962e-05,0.007517676881895381
2024-03-01,8.731816812208946e-05,0.00022334113297201613,0.00011122566818180555,3.858020276141185e-05,3.6831373260454677e-05,0.0003509704349746304,0.00044113375431621384,0.00046551469032435344,3.658557168777084e-05,2.0130009464465302e-05,0.0015406498643747183,1.4118934175515541e-05,4.6167401840444085e-06,0.00011660266124431102,0.00013321413583648015,6.676565469016477e-05,1.734834408814897e-05,1.5383556957361977e-06,1.719684432579678e-05,0.0001404751141670982,2.092900200907978e-05,3.2063829858680104e-07,6.533365547507522e-06,1.0959884023451284e-05,0.002619292423946268
2024-03-04,1.151133786991403e-06,1.2776183641381328e-05,8.521652175469037e-07,1.624336619029726e-05,3.4407925126409004e-06,0.0002574604847941822,0.001028704393573585,0.00016267414906454925,0.0006609496253228748,1.9514630750253473e-06,0.0012474872307559047,0.005512266476926106,8.164200327168402e-05,0.011581574384859173,0.00011512654978912266,3.3347105651838404e-05,0.0001630258072548346,6.145802478009454e-06,5.585784481338936e-05,8.67349766972428e-05,0.00020060135545662349,1.988688679694807e-05,8.368375129785842e-05,0.00023786948528647041,0.00017778320502551226
2024-03-05,0.00010089189304305663,0.00032807001462788546,9.260655755795777e-05,0.00019997058432241651,2.9834636956252966e-05,3.6025120528449195e-05,7.620751543701842e-05,5.768990371541884e-05,0.0008325166909456764,0.0009010845465835316,7.293240001085754e-05,0.0016101599525010868,0.001278343781435846,0.0030846783818485714,5.47054716149697e-05,0.00023207654618937165,8.571408128869825e-09,6.13100697409075e-08,9.934673950115521e-05,0.00014896701877578896,6.609252186929943e-07,2.2651453244350452e-06,0.00015380604898531278,5.239881704196989e-05,1.2557247214332174e-06
2024-03-06,2.5547174810234116e-05,3.923647578926746e-05,5.5251038671359656e-05,3.423605717279108e-05,7.151194023423219e-06,6.694249209850322e-05,0.0003860756053546961,0.00014506406733689434,3.475434074962136e-05,1.9368319709176483e-06,0.0009816454052913948,0.0005528199422927288,0.00025043113403225677,0.009166538498827106,9.635236660571658e-06,3.939550271940472e-05,1.201560538647581e-05,2.6877058777022732e-05,2.6874884786840894e-05,2.469280719272551e-05,1.5571886222525914e-05,2.457765441027788e-06,7.724089240904366e-05,0.0006355963558408208,0.0007000847444454783
2024-03-07,9.756561187866963e-05,0.00022692804802867725,6.884007110030105e-05,8.799398174549657e-07,6.165387546248665e-06,3.2123404363162295e-05,3.987711968447935e-05,2.1924406687315914e-06,5.041633750846596e-07,0.00030211686613332024,0.0019161706531327677,0.0001411607449621829,0.00013014481796319374,0.0002862007391748979,7.154094510912468e-05,0.0001844966160259807,6.534592616405465e-05,2.1859344247171485e-06,7.738919208190031e-05,5.3192066417314973e-08,8.725972197061157e-06,4.301614463073844e-05,1.2062739980295576e-05,1.1875146682579555e-06,1.2633914344272655e-05
2024-03-08,3.624305782809633e-05,0.00021141025242043965,3.9498017131169006e-07,3.147823570728257e-06,1.8950956945210952e-06,7.084631181938796e-05,2.0227659793603499e-07,0.00013899443436532648,0.0001037311780352584,5.1302474663719155e-05,0.003257584883521204,0.00034975077876590345,9.80312066046924e-05,0.003147205424715108,1.240486600552764e-05,9.193501432425434e-06,4.549128019298572e-05,2.974790552806003e-06,3.464436116532651e-06,0.00013142100252950737,1.6671719491493667e-05,2.830545182133505e-06,1.5872898529014024e-05,1.6126195536338486e-06,0.00036314672392273275
2024-03-11,7.399941636800294e-07,1.383589937015951e-05,6.337280258245274e-05,2.731227607541121e-07,3.374182406032695e-08,3.361130182172298e-06,2.8983479983729313e-05,1.25169415401734e-05,0.00013834745774109504,1.7587477388187808e-05,0.0004097692238770945,0.00018943885117955829,3.890192534906102e-06,9.202651547950303e-05,0.00010543501044671547,0.0001567345540966894,1.818591160668536e-05,2.964889638644009e-06,1.3829365855077273e-07,2.3027828677547245e-05,0.00011369384789161897,5.558955265369075e-05,7.995928510866928e-05,0.0003196094763672822,0.001968367546756936
2024-03-12,0.00011448956422690238,0.0002025833721828434,1.865024199936746e-06,7.049821437705346e-05,1.0336730754338196e-05,0.00012102015490653724,0.00013692074436508976,1.3500344336572376e-05,7.698341827699479e-06,0.000689162423489844,0.004778477338108389,1.6762639996929165e-06,6.286450381386189e-05,5.96122954141412e-05,2.474343236236911e-06,4.561380365524141e-05,1.353381552216853e-07,1.7381872691968422e-05,6.720819772235968e-05,4.746149869730937e-06,8.689765101735159e-05,5.519887326164946e-06,0.00015099764195070127,1.7814083545317015e-06,0.0004747256258622226
2024-03-13,2.461314253142671e-06,5.953386372077251e-05,1.518372642245924e-05,2.3618572531345412e-05,1.025069122634313e-06,4.876181455850255e-05,0.0009732440171024572,0.0005496615333758345,0.00014875622283078678,1.879487687507294e-07,0.00012576680440985034,0.0021586242677844245,4.781544742380818e-06,0.0003016182328988969,0.000250898177071082,0.0001590500960100322,5.084067766068039e-07,5.3513049679087816e-05,6.527890527821432e-05,2.5636761228509104e-05,0.00010258871078169495,5.209390175676108e-06,4.490990426601069e-06,1.264672811736504e-07,0.001608087457362871
2024-03-14,3.915183074565564e-06,6.372689399832214e-06,0.0003258459479548003,0.00023951463071809163,5.468733491615965e-05,1.750485009344864e-05,6.949896865528388e-06,0.00025554046065375446,0.00011811340577124938,0.0005801898872978776,0.0010842337584890587,0.001768782734934993,0.0010691028766626688,0.005542387346848329,0.00010484961535426831,1.3701298372841024e-06,7.228376299234096e-06,6.479939458299715e-05,0.0003232325794021115,0.0002283528800401842,0.00013926896668435413,2.4418231852069345e-05,7.255545352082513e-07,1.535714475627905e-05,0.0016396516886458886
2024-03-15,4.747685014060417e-05,0.00014299674881515701,3.531120818693164e-06,1.0394914984808466e-07,7.738643773688113e-08,1.0236925975474657e-05,0.00017192784620984568,1.5452093665376133e-07,4.835340402636484e-06,0.0004373237747913574,1.4819536150217827e-06,4.30739702297351e-05,2.6986223537771192e-06,0.0013332992772027799,8.721570913868776e-06,0.00021495813256872858,1.3162382901240957e-08,9.605430416609397e-07,0.00015176802233651668,4.962520564033567e-06,4.212609210591997e-05,5.524913200460684e-07,3.122037239913232e-05,9.643675632612997e-07,0.00044766494631262853
2024-03-18,3.511299202765669e-05,9.010188593974631e-05,3.303170450227133e-05,9.106624482192229e-06,2.792140180591516e-06,2.5632051554218534e-06,2.729282821370296e-05,0.0004573762573504095,4.035170791048578e-05,4.6612483604817335e-06,4.915729791676799e-05,0.003680139379446753,7.118535480762218e-06,0.0001292748934465455,1.1910034346227246e-05,0.0001990563826968022,3.6358973400231445e-05,3.268842187850334e-05,0.00015190915568722414,2.2029402111987268e-07,8.13175313512596e-05,1.110355463137675e-06,8.773634929562647e-06,0.0002832279879420616,4.614968499854356e-06
2024-03-19,3.071165738025991e-05,6.192309994657917e-06,1.7762476379949225e-05,7.853723523015398e-06,8.272618301352364e-06,1.3235759472546992e-06,2.757936951968774e-05,3.3109488577404206e-05,0.00018207783579012157,9.511915710090867e-05,0.00011245033266737612,0.00020655538692127345,3.3125376626086525e-05,0.0016364795180077295,0.00012874098375008868,3.211950230510607e-05,8.405890768059755e-05,2.3829581470340558e-05,3.420086837579648e-05,1.2396970158203048e-07,1.235271962112556e-05,1.4732591838409202e-05,2.6966606015681706e-08,3.341288015575907e-05,0.002462588935418118
2024-03-20,8.476447412397263e-05,0.00013893019477702293,0.0003841159209468976,1.0440997234057823e-07,3.4262172944589065e-06,0.00014022045939124557,0.0004709872113045279,0.00022981333080522644,0.00021322253373359616,8.142862893527415e-05,0.00011742061299353959,0.0006258569854598975,0.0011864073332451266,0.012101799229709248,1.991494363723117e-06,5.1546499857213215e-05,5.385031975844418e-05,0.00014066421182217496,0.00016956926863522117,4.2919652118758265e-05,8.323847677695252e-06,9.766443943953702e-07,3.8731372423353006e-05,0.0002851256364487267,8.759226803741018e-05
2024-03-21,1.0885114937837705e-05,2.2289155679210852e-05,0.00013050782674456845,4.6257736344045765e-06,2.185490915894584e-06,1.079886624722041e-06,0.0007764185523801291,3.115757225095728e-05,0.0017401947972005623,9.387491934945815e-05,0.00013674629850810377,0.00026568010738776976,4.0360651351390995e-05,0.0003894873935219101,3.548858374633351e-05,0.0005061176508382614,3.87476979496233e-05,6.638495058907312e-05,0.00019069534117940784,5.1889064299760677e-05,4.11171978776167e-09,6.443976494646917e-07,1.0627953158069262e-05,4.2382203469711125e-06,3.433075781962739e-05
2024-03-22,3.6010750030867855e-06,1.3068328059085132e-06,0.00019315839797746868,9.053915912589128e-05,1.1632491445428665e-05,6.485580224377704e-05,1.585180180596669e-05,3.327329091426402e-06,2.804875027926859e-05,2.155868561751597e-06,0.0009447114111739423,0.00013413605554550158,0.0005024037752253738,0.0006291557571963527,4.674734291224869e-06,0.0003186617525115185,3.744138072726114e-05,0.00013275696816254134,0.00015210993867217522,0.00016043457190809905,1.1183873353867122e-05,1.5287143813387806e-06,8.993691604035184e-05,5.0945162425923806e-05,2.93116568669284e-05
2024-03-25,7.653936161480094e-06,1.3218763136282395e-05,5.241457657100621e-06,2.5133048010562392e-05,1.1632491445428977e-05,1.0171732476859582e-05,7.852660504978464e-07,0.00019561562171277005,6.947466948496349e-05,0.00019070035495189928,5.6752733433212216e-05,0.00010986568764740329,0.000284182628174441,0.008188765014693702,8.582518097142227e-05,3.659890843065606e-05,9.291381613194132e-07,1.4980465342621623e-05,8.458145751311216e-05,3.8039525185878537e-05,4.1532754012243614e-09,8.344546212872294e-05,2.4410160140079327e-05,0.0008806203918160791,3.2419640733166715e-05
2024-03-26,3.4180808107549317e-06,1.051659911998869e-05,3.2469196431053116e-06,7.708312709045039e-06,7.664469612650929e-08,1.0424783163616356e-05,0.00011418535717117844,3.6755054013281914e-05,4.481992111810426e-05,8.211941021756311e-06,0.0006775584247525322,0.0008281319954853852,1.9252313543225527e-05,0.002229401287285776,6.006451697682096e-05,1.52600046038672e-06,5.145404522410044e-07,1.14756873267881e-05,2.1715415055750082e-05,1.6430852021116668e-05,1.2511987547863684e-05,5.0399046467092985e-06,9.82140821322252e-07,2.2696669314612242e-05,1.8179443481898357e-05
2024-03-27,7.003556943318975e-05,1.156215856187893e-05,0.00046453150865256534,9.73975585969886e-05,4.7651508257563554e-05,5.2050055645256426e-05,5.746950831609198e-05,8.079208710668968e-06,0.0004406106022021191,2.7237652797470163e-07,0.0006392929139342024,0.00014602507687144265,2.5529650035419517e-06,0.0014921726021589652,8.556688106436213e-05,0.0005249769676440408,0.0005714655083277072,0.00013844149334152025,0.00036781538195875403,0.0006490343461623322,0.00019491411637928647,0.00016253930363171695,1.2002160326265445e-05,7.598571548016054e-05,9.261243943345216e-05
2024-03-28,3.6520785320043797e-08,3.4044343779845263e-06,9.879208752232978e-06,7.144481504242884e-07,8.419254437821231e-07,0.0001642890292195803,0.00011247621261240515,0.00024390105819865532,0.0001126870011283489,2.8432409610955665e-06,1.3779078548521798e-06,0.0005162850913447225,3.586067076331203e-07,0.0010416368843935001,0.00011568346644012589,2.3712212125637997e-05,1.7556919894226916e-05,2.998295983454459e-05,1.5222396215577902e-05,5.0107014978290336e-05,2.1173808680808195e-06,4.91243874406113e-06,8.279704697838073e-05,0.00012864766653254668,2.4989504819111725e-05
2024-04-01,3.0318428632678637e-06,4.472713389598276e-06,8.948413977922994e-05,0.0003540716453712749,9.25692888997399e-05,0.00010315101524346907,2.3266534940809498e-05,0.00014086747757134082,7.210802765897364e-05,8.298085267078442e-05,5.9753689635264675e-09,1.054773985337333e-05,0.0002861317027559468,0.002531803773076415,5.4569533620862875e-05,5.429180864351343e-05,2.100628095032634e-05,2.9982959834544658e-05,4.641500989248416e-05,0.00028591681383420943,6.73506636359842e-06,0.00010703976327264794,8.004342385767783e-06,4.632744123489685e-05,0.00024545261880459286
2024-04-02,4.0684500300807176e-05,7.513010710763489e-05,0.0003443360336510131,3.053506633272354e-05,2.2198444318183065e-06,0.00021504204531633018,0.001761998304818208,0.00019488512950931164,4.932840266992383e-05,5.475175461712166e-05,0.00010266820922611873,0.0025267229676697433,0.000905962987688744,0.0006342640621053048,0.00019284879278455648,8.95376411972314e-06,9.864995902842731e-07,2.7726737354916567e-05,1.6183011875428476e-07,0.00016037107896870725,1.0046310183572021e-07,3.880284775382706e-09,0.00019877793597458175,0.00011148654489599513,0.0006570982376079454
2024-04-03,1.2053428859964957e-06,5.026424432558733e-06,4.265953877564713e-05,4.7255044216637606e-08,4.252864229935914e-07,7.628486990531171e-05,0.0013433848222720853,3.223530511660429e-05,2.290603053185304e-05,5.531579547256397e-06,2.9925878908812753e-05,0.00010915117676929203,8.560301235412868e-06,0.0005326926206796101,4.651695024991272e-05,0.0008760938928493889,0.0001404649890776401,2.3038507685986636e-07,7.952535325040147e-06,1.148242110771158e-06,0.000494861505757557,0.0007791300909050285,2.0735052547548836e-05,0.0010089808126157885,0.00013264413449092058
2024-04-04,0.00015082905935325937,0.00023743576054368058,0.00010117583778531995,5.1076765781757806e-05,1.2474132897172344e-06,3.307643696564729e-05,9.510543223820252e-05,0.00015564207165441875,2.4052292594183616e-05,3.759073581810009e-05,0.0012242949248273832,0.000258671548243515,0.00018651531809044306,6.180059503280199e-05,3.8214686352709883e-07,0.00025905046815644794,0.0001853839487802963,0.000128797680647098,5.83328614623467e-05,4.1544058398725574e-05,0.0001316691573889099,2.0185572961281824e-05,1.3853928090850544e-06,0.0002564030311427877,0.007441193088559537
2024-04-05,0.00010800802386642748,0.00013724338509935554,1.1099374776817605e-05,0.00019646480726810144,1.9198440450759854e-05,0.00028796051276201826,0.0004756879323666241,2.493162228720964e-06,2.0174718415945606e-05,0.00032824594218643284,0.0005849561168399645,0.001366591291792215,1.0101831258727737e-05,0.0012615153923549415,0.00011364192421654427,0.0006447553160312085,8.683940357204657e-06,8.885302816753933e-05,8.387180969685795e-05,2.6377022108791572e-05,5.207359192384743e-07,1.741234031708e-05,3.4398567209859896e-05,0.00012005688369604623,0.0007454423083480015
2024-04-08,3.127359710755918e-07,8.709948019313562e-08,2.9845641356427473e-05,1.1971125777244864e-08,8.754282647904608e-09,3.855377370431295e-05,0.00021532704284673567,5.905825852912623e-06,4.469925131614685e-05,4.787275421119519e-06,9.984015319842007e-05,0.002288355954313862,0.00042372693926482957,0.0041803015268482395,4.0215116914663606e-05,0.0002399311293988593,4.3688702131627456e-05,1.86685936693668e-05,2.7071114935134566e-05,0.00011373718319602295,2.7703339771378597e-05,1.4795076748147423e-07,1.3692275818515476e-06,7.636905432691281e-05,9.338982599967212e-06
2024-04-09,1.336298577992695e-06,1.3636038608399273e-05,1.5464202066322208e-05,8.572657953382737e-05,2.6277459447975958e-05,3.0052338562986253e-05,0.00015674323029044797,0.00016527550625738144,5.207538906961068e-05,1.578074032002605e-05,0.00042554235255506397,0.000497094134984388,0.00011562274075813407,0.0031563595199229624,9.474447360320362e-08,1.7746288707814758e-05,0.00011426590230526377,3.323763553795606e-05,4.520613884192495e-05,0.00017506812759028508,2.1224920379346296e-05,1.5726306734590555e-05,2.794969139984697e-08,2.7767830167240385e-05,2.668940109904687e-05
2024-04-10,0.00010127498116842284,7.685754249688139e-05,0.0007162269661381821,0.0004855156821366845,0.00020522151478086125,9.041961729324616e-05,0.00011136791323516942,0.00013263781055426318,0.00012547990657696685,5.055136187588757e-05,0.0003821739272686864,0.0008627991281497853,0.0005529904517235051,0.0010599889371904338,9.440419702469e-06,2.0900028043480506e-07,8.47737928538581e-05,0.00022646635189898254,7.323546160361313e-05,0.001788574792030828,0.000190965880210044,1.3655616509148197e-05,0.00019006505962228687,4.4007825908185674e-05,0.00046416075814270804
2024-04-11,5.6530138969238165e-05,0.0002509713851245543,4.5503574210016844e-05,2.0746650962308072e-05,4.31231397421342e-06,0.00037044057569875384,0.00047372894949103693,4.3557297478162156e-05,0.0017944454147888627,0.00012040908411171928,0.0016220279440909335,0.0002689454623749967,0.00022022082096895607,0.002188272203805044,5.128008368239371e-07,5.8668928142576296e-08,1.8212441392066948e-06,5.066017672967584e-05,4.197922779577002e-08,1.150389438742197e-05,8.895829653811532e-05,7.998706651746992e-05,7.711275158852647e-05,1.16545609161865e-07,0.00039614994128124847
2024-04-12,0.0001931892281738643,0.0002582515174160443,0.00032243179574717375,2.8412383243765755e-05,5.131594751701384e-06,0.00017762881592907532,0.00021660717955718244,6.018719483752428e-08,7.37814836944496e-05,0.00020139307654175865,0.000738886375983995,0.0004219634559929301,0.001273899571652464,0.004607332249880522,0.00026911767524153107,0.000296460608994474,1.8094102143191413e-05,0.00017928142446923097,0.004470823009568109,0.00014213681198816798,7.348069381389553e-05,1.0744272804115007e-05,6.916304104720568e-07,0.0007381567758268624,0.0018721878157894787
2024-04-15,0.00015894246911830892,0.00027515545081260065,0.00021768822092400279,0.00024419851556553796,0.0001230530821746951,0.00034395812210922947,0.0008987532060788468,2.163259706144384e-06,0.0004886752081567574,0.00039094296932123246,0.000629482524371831,0.0033148414439852854,0.002197581159055307,0.00908325160018625,8.84799544620361e-05,2.2234134320049662e-05,3.519501709823716e-05,2.505040163596614e-05,2.991412123843088e-07,0.0002943881117471137,2.2511346989010332e-07,5.96350364468443e-07,1.2234734440165885e-05,8.7252653213605e-05,0.00033469412509877153
2024-04-16,3.3323623173907868e-06,8.603626242156723e-09,1.3574823337215375e-05,4.4351539324609206e-05,1.1170286075681608e-05,1.4914985257782294e-06,0.0005460754901386079,1.5420256256076727e-05,0.00037455364323254445,5.152477726639248e-06,0.0002659491143036805,0.0007526829935982906,0.00027508293438913253,0.00042904840901167936,7.66333035325662e-05,0.00012401102943808897,7.350613265822913e-06,4.619492139629813e-05,0.00013210122690338042,0.00020075484194577662,0.00046245420540853594,1.0311691981110298e-05,2.2585194108813843e-06,6.723971713379519e-05,0.0003762238080248384
2024-04-17,3.523472813844553e-05,0.0001507128020338387,0.00011272138858439674,0.00012182900849506736,2.956836737593665e-05,5.469389964644362e-05,3.7486898149014297e-06,0.0009124607798788032,6.692283919028132e-05,4.396955044965111e-05,0.0015549917985421124,0.0001128286678949553,0.00021135875803420106,0.0005451168649553351,8.204396138055786e-06,1.8870784985631317e-05,1.4612384879957264e-05,6.364099511339421e-06,1.592166553780628e-05,5.403752704936259e-05,4.8962805998289645e-06,4.1675186790860574e-05,1.0114140914127101e-05,6.869874539611103e-05,0.0035385676958740826
2024-04-18,4.242711000736993e-06,3.274922950425904e-05,6.877872366075963e-07,2.5535238247414132e-05,4.000392426175709e-06,1.1625622499530275e-05,1.4959972326244868e-07,2.718762033989168e-06,3.2844695747168603e-05,0.0003441748665871873,5.684586192023281e-05,0.0013072308256880812,6.554823905413476e-06,0.000396588632923017,9.52023322812861e-06,1.1862340080682544e-06,7.676746574505366e-09,1.239985837954876e-05,4.194038165472123e-05,1.622197648593289e-08,4.459583216431216e-05,7.287256605312868e-05,4.302966611488008e-05,2.0484014982613266e-05,4.704084332469897e-05
2024-04-19,7.685481778825372e-05,0.00043706726291780024,2.416500110507661e-06,1.2929863139132841e-05,1.0984520217552845e-06,9.775890802131568e-06,0.00017061696579298514,7.888139923521236e-07,0.00015098469470970486,0.00016437574495684485,0.011111615138138147,0.00037619643319970584,0.00045947110710035683,0.001086129353790284,0.00014327996723345518,3.0683220964152504e-05,0.000286090045515144,0.0001880732453798018,0.0006147134746352274,2.3247146673556834e-05,0.00021844310895075263,2.9047785523652318e-05,2.0665892695182176e-05,2.5590323193058975e-06,0.0031315803852133978
2024-04-22,8.403157283660161e-05,0.00010013008046177963,0.00012368648656313244,2.835965244790974e-06,6.116235595304703e-06,0.0006256359930704834,0.0024688506484424728,7.888139923521406e-07,2.5785314219826304e-05,2.1156063952869522e-05,0.0018166423084874123,0.0011967141146023302,0.00020120285370440336,0.004625338515368151,4.234229527547767e-05,6.861358871422245e-05,3.0148050859643872e-05,0.0001454878275549201,0.00037030726789856006,7.782263167918528e-05,6.637438680589664e-05,0.00022687328362707045,0.0001039309717761147,3.0480248647167905e-05,0.00018351231116956506
2024-04-23,0.0001391648707496456,0.00021941342664436912,0.0002757220016643342,1.1386951663836576e-07,2.918049554724284e-06,6.059920846922273e-06,5.778379011119258e-06,0.00022853890733056832,4.0594686939702785e-05,0.000267355358672169,0.0012874448992717898,0.0003365473418098613,0.0008629771879092387,0.0020918557027546033,3.057110897176351e-05,0.0002448709773400929,7.361706527356152e-06,4.0213554253079856e-05,0.00020477925378322164,8.313439795195894e-05,8.681212910150043e-06,3.5545558021161884e-05,0.00031023178140597845,0.00023230774042008772,0.0005821612502827451
2024-04-24,2.2535910130717186e-07,1.143743602867732e-05,2.0179108369513464e-05,5.043416738513829e-05,1.5175179648975664e-05,3.4663842858358996e-06,1.3017285432135561e-05,1.8149081306528772e-05,0.0001593244062046542,1.331613380981677e-05,0.0011480849493029194,0.012967323454431178,4.673964763073407e-07,0.002741119002693392,5.301317954957517e-07,5.521040406707458e-07,4.182730875543121e-06,5.917436289277201e-08,2.381856047374888e-05,3.4710149104722607e-06,4.775468667976333e-05,4.607812470234391e-05,0.0001719742549400349,3.404526642924087e-06,1.2157235884090434e-05
2024-04-25,1.4486727277250796e-05,2.3440531074928584e-05,3.7074152427816454e-05,4.953631900665197e-05,8.73607027350292e-06,3.535202577673622e-05,4.102581849865779e-05,9.990249823781473e-05,2.6359062573561607e-05,0.0006150450963077889,0.0013261334343666594,0.0023481917882228888,4.392851477584963e-05,1.1512363359289398e-05,2.0828539567258218e-05,0.005298149096745303,0.0001490589178412442,3.426468981866253e-05,2.252695273933415e-06,3.277350590235876e-05,0.00013408535542863793,9.457706558917796e-08,3.2068443457765855e-05,0.00010294372994889651,0.00017488325797287266
2024-04-26,8.8913834893287e-05,0.00023451075676125528,9.068539774299211e-05,2.7316995885802027e-05,1.4530998940361263e-05,1.047612096715514e-05,4.63330204044169e-05,3.8665079462345877e-07,1.2102906105174191e-05,0.00032685799724014713,0.0035908599778570307,0.00012472457139179718,0.00011009834983868466,0.0030562525516084384,8.561925282377532e-05,0.0002493795264909821,5.6808953941801435e-05,2.1573583961789465e-06,3.8482594310531466e-07,2.491496456014925e-07,2.1551987042334436e-05,6.0554215533994864e-05,6.902373130921715e-07,1.2576436034333615e-07,0.0005474377516423504
2024-04-29,1.2497017880071978e-05,1.6420089043155562e-05,6.454206320177336e-05,6.974376341943429e-05,1.7443734273522365e-05,4.13424284383468e-06,5.824960094661083e-06,0.00012393836942470795,0.0006004980989058445,0.00010134824173613158,6.295148286000831e-08,0.020285516332921697,0.0005649161876852269,0.006393296868425464,4.57832772085144e-05,0.00034313145061261227,0.000181693778965593,2.1642777321289437e-06,1.1793911029240227e-06,0.00010358185518128064,2.1551987042334518e-05,5.250485042108668e-06,1.7660929985291541e-06,3.344022940154973e-05,0.00031091275741136236
2024-04-30,0.00025497796722727655,0.0003623734027631686,0.00042078594628188913,7.357914803947798e-05,3.0351474159161778e-05,0.00040555934810818,0.0010187352081475352,0.00020130683336648755,0.000340020579690016,0.0010657936460438163,0.00024214032250119178,0.0032605061635785403,0.001421763833792394,0.004549771431816173,0.0009136770462948651,0.0019816101956395818,3.1577740951576265e-05,9.726018456897459e-05,6.399122183588108e-05,0.00029112862208533326,0.00023425176763585613,8.98864607780374e-05,0.00022154640923258183,7.712685646910527e-05,0.0001305483565757992
2024-05-01,1.0579143578100511e-05,5.266077279561153e-05,4.371116091889391e-06,5.393155019217201e-05,1.723406998818367e-05,8.138452881582368e-05,8.292057952455353e-05,0.0010085000932951082,3.6789268445415544e-05,0.000204675790143063,0.0015742313396902392,0.0003281063875948686,6.805216216429461e-05,0.000885611836585286,0.00025794991494561774,0.00011058941605759936,4.7699788003359916e-05,0.0,3.912907357374683e-07,1.4192634815365637e-07,0.001986400374594352,1.500309555395254e-06,7.157663644597321e-05,3.131676809663061e-05,0.008706880396823517
2024-05-02,8.667720512199129e-05,0.00016084427571355016,0.0003320491362545706,1.833397976289871e-05,3.807637065472586e-05,9.559612637503676e-06,1.37005788434442e-05,0.0,0.00047492311322254926,5.352507618511461e-05,0.00108127158585625,1.2332119394934052e-08,0.0006257703708073591,0.00731551789671716,3.297599066132557e-05,0.0001719538067237583,1.0103299482424846e-05,6.125324375147397e-06,1.0878341434123346e-06,0.000195030257502765,7.004466527481616e-05,7.231226010712724e-06,0.00021046979459896274,0.00036805767835469406,0.00016939968842229525
2024-05-03,0.00015176034051217008,0.000395975346380243,9.712483990890627e-05,0.00010137225216259951,4.870961772523452e-05,6.36716079302438e-07,3.322090769565706e-05,0.00011218956200771446,0.0033750861578226363,0.000480817673635093,0.0011591045677172564,4.269111134736261e-05,0.00014273235754904838,0.0006137795175463507,1.16609300262251e-08,1.519166303157571e-05,7.77847706230023e-06,4.937098762647378e-06,3.621977485156838e-05,4.441313650476551e-05,1.888107775937152e-05,1.4266999558112785e-05,3.387534325903716e-06,8.44960094036698e-05,0.0008955306884731274
2024-05-06,0.00010555548184644205,0.00011867590415951889,0.00016497722164400379,1.5118017377884987e-05,7.927487452317923e-06,0.00010948332411690779,0.001189780171736641,4.941749449785948e-05,8.369636982264773e-05,0.000281460996486824,0.0013724258302646205,0.00038069620926705077,0.0005017384026026878,0.0002673011751101121,6.170152188403663e-05,0.00024845043500242774,3.5411357609804965e-06,0.00016236125684273927,6.0695182486356986e-05,7.406770109115056e-07,2.146607243760747e-05,1.4798746745049352e-08,6.982112647421412e-07,0.0005964399212024267,0.0011436159855809952
2024-05-07,1.2159537276945478e-06,2.52806697185872e-08,5.048218842758453e-06,3.696206614548509e-05,2.194495345053164e-07,2.126077228918833e-05,3.6014437644621793e-05,4.481737064872517e-06,1.4364607469721576e-05,0.00010420585272017337,0.0003014613147844494,0.0014701170230102323,0.0004260800115978464,0.0032579032674791477,9.312829298953585e-07,7.125275876049277e-05,7.042399041614288e-05,1.1580626967116549e-05,1.6975960193574457e-06,8.870855667018325e-05,8.872366312456039e-07,6.39231674295004e-05,0.0001549837196678641,0.009993188369422161,7.575745478188582e-05
2024-05-08,9.353357487321564e-09,3.4886148140266034e-07,3.390253583625517e-05,3.696206614548366e-05,6.4123653837463395e-06,8.6753534180277e-06,1.4475838681384192e-06,6.475443501879483e-05,3.4680727303877393e-06,8.569208742357933e-06,2.462420642343024e-06,0.0003073307435956253,0.0006197950390057186,0.00021779811585408216,1.3945995950257632e-06,2.1025245888617857e-06,1.2425832826526496e-06,1.3199489726132871e-05,0.00040540882867129413,7.11643930022095e-05,2.387100721166078e-06,1.740042071861002e-05,2.801305635478783e-05,2.2499755380403e-07,2.765585063848671e-05
2024-05-09,3.3007451841334196e-05,4.748501991170418e-06,0.00010313130809318103,2.3684281262779565e-05,2.544709923810461e-06,0.0002450921710293042,0.001283326316871046,2.886300843938433e-05,9.929253579112216e-05,1.8718004138167137e-05,0.0003454943752879152,0.0002516871021303851,3.715542871959074e-05,1.2655497937740253e-05,0.00017787786307228528,0.00043730813715274947,2.2775628470943765e-05,5.5761209953453125e-05,8.85744067982171e-05,0.00041193040340832624,3.629270916588801e-05,3.4328068718630837e-05,3.334387510116607e-05,1.1617756924532705e-05,6.462501436641345e-05
2024-05-10,1.6578496481080426e-06,5.548037659312817e-06,5.7121980309842055e-05,3.184288695443187e-05,1.019661248443097e-05,6.528290777890858e-05,1.2154667826245221e-05,0.00025830678504087,4.7807450527010655e-05,3.4245128967196665e-05,0.0001603685472001188,0.0004228102560502356,0.0008111971759275316,0.0021475133929815373,3.05432783335498e-05,7.259034676483569e-05,1.0931263947290686e-06,1.4686236520612738e-05,4.1084020738918085e-05,7.678958639394191e-06,1.6019927062149202e-07,2.368405738659291e-05,4.378124894549913e-07,8.924239985735732e-09,9.541709993433781e-06
2024-05-13,1.7991764880108946e-08,5.311650617263754e-06,4.420546690112372e-06,6.497700815063874e-06,1.4149312312073714e-07,0.00012690743369724958,1.3535459301891607e-06,0.00012016969524930838,0.00030595917017394147,6.063380526523854e-06,3.340753898750424e-05,0.0004038907814376561,0.0008241440422103901,4.9596481095479424e-05,7.118319952399399e-06,2.8225533251851165e-05,1.2792153101155243e-05,1.6582640176077034e-05,4.046779629479463e-08,1.0575715212091767e-05,7.569935247284392e-05,3.470141943065135e-05,1.3412434939562596e-06,1.429141629576196e-07,8.086316477337398e-05
2024-05-14,2.095479623368144e-05,4.1108965978916356e-05,0.00010611801431431804,3.168141555661593e-05,8.47145021641341e-06,7.100493692607371e-05,0.00016153355236245805,0.0001478213548999051,3.787818340920296e-05,4.6802232546554926e-05,0.00011089831903714799,0.0010496007787014414,0.00045282986094296224,0.00030933550358136643,1.6423994506630068e-06,1.7612829835867414e-05,5.196719819338065e-05,2.527961393289201e-05,0.00019298532633126676,5.877815126091427e-05,1.1186662223217443e-06,4.4019336647176575e-07,8.36515557606481e-05,2.0666228722024852e-05,0.0002931454505661505
2024-05-15,0.0001514589628540417,0.00024054053270023844,0.00015363582152686016,0.00018373616014913453,7.863231113881576e-05,0.0001627418768841148,0.001382906184812128,7.865774560369821e-05,0.00014747597788834711,0.0003004219378800076,0.0012397813982572238,0.00041024147715480844,0.00020458385165323458,0.006362633777593029,5.011686496795985e-06,2.682782420261972e-05,4.432500209873509e-05,5.4416019055080886e-05,8.83920800433917e-06,0.0001889959287686944,7.199972809723608e-05,2.0380318433100727e-05,2.513246274347734e-07,0.0006147783303751686,0.0017327258211353484
2024-05-16,4.241731098692163e-06,4.134219413721435e-06,5.2358680188530516e-05,9.556320591695753e-07,2.4997197103110137e-06,1.5217349590803363e-05,4.905742189681501e-06,2.3661478865140113e-05,3.996161380460824e-07,2.4523976309674143e-05,8.224592376919642e-06,2.3749941586255054e-05,0.00031882528843041845,0.00981281746562846,7.686596419420796e-06,0.000687859198913999,2.607320857027008e-06,0.0,3.166972679778712e-06,4.992738993373333e-07,0.000110048537204062,6.520217487398846e-05,0.004560607371622277,3.388825765440858e-05,0.00033514576825546447
2024-05-17,2.063483994080128e-06,2.3706156123778108e-07,5.20324820273195e-07,4.57146871557551e-05,5.4271706047668985e-06,0.0002677530977828227,0.00384047095413883,8.832871803078949e-05,2.4994679130754362e-08,3.4388549461393213e-06,0.00040502025765841855,0.00022123647663324747,0.00011749805954708905,0.0017184721283961658,0.00019296836818301352,0.0002465075916013806,8.661693187220063e-06,5.362063269403884e-05,0.00012980728131112415,1.3864874965996533e-08,5.433167946227116e-06,1.719632881701108e-06,9.897688605698964e-05,1.3492321617597947e-06,0.0001279620096313401
2024-05-20,1.3264971914346696e-06,4.82831080216043e-05,4.875676350450778e-06,8.754854582443531e-06,2.176512088808037e-07,1.6127157305966115e-05,4.326725119670753e-05,9.752763401125437e-06,3.7739287367923645e-05,0.00014723971134267074,0.0006040220162379168,0.00020292195862727926,1.085600784578328e-05,0.006614783687066175,4.290784978289839e-05,0.00032490927777021814,3.5564071481158856e-06,0.0001889072231900524,0.002117432929336307,3.489923900388223e-05,0.0001955178976717898,3.882459368920053e-06,5.3238518847383136e-05,1.1529617185385533e-05,0.00012646324127423502
2024-05-21,5.999048570192837e-06,3.819427989549593e-06,9.207342796866739e-07,2.6469727934165064e-05,2.818646939821508e-06,2.162750979662388e-06,9.914573717597615e-05,5.559747403709194e-05,4.669941474051578e-05,7.502045203494926e-05,4.0618362221600936e-05,0.004156009529148725,7.762630831887826e-05,6.8464243255797435e-06,2.3893075915993374e-05,0.00010397056591626103,6.916046703014524e-06,4.123876201237053e-05,0.0003978057735593577,1.2632671390421665e-07,3.9283786588179666e-08,3.83979313728454e-05,0.000225017440320673,1.141521186566583e-06,0.00010182855749960504
2024-05-22,8.314258451085071e-06,3.899396074031027e-08,7.197033283257605e-05,1.4411246805224946e-06,2.226792490710432e-06,0.00034391211298727116,0.0013346012167451738,0.0002918331816407141,5.7259304193912046e-05,1.1857227391624117e-05,2.0987454799376403e-05,0.0012531276010385606,2.1686005638644366e-05,0.0006281026903104175,0.00037479080083202207,7.665335885483693e-05,8.91028277732157e-06,3.256042926259772e-05,3.700344175911776e-05,8.1899764643736e-05,0.0002200053488764074,1.0321202355010645e-05,2.352384653324103e-06,9.397751614826289e-09,2.7136755844491507e-05
2024-05-23,5.3742983019330644e-05,2.0327885633390805e-05,0.0002737811084124196,4.166428059178187e-05,1.9320206718958857e-05,0.0004058672808168203,0.0005773646883310533,3.1647316718314075e-05,0.00045295777896067714,6.739832068675625e-05,0.007939860827169043,0.0012965629779200165,0.0009705582768513793,0.0031574045022108397,8.398502982629556e-05,0.00021995983718378317,3.152651187737077e-05,0.00019392949584797026,4.947719627294669e-05,0.000473765501275448,0.0006283697249328795,0.00019381048634081695,3.973463243741707e-05,0.0005370572733105407,0.0009755874023010848
2024-05-24,4.348872557312141e-05,8.858727271972504e-05,0.00012127689653402095,8.755153740453169e-06,7.368366681209701e-06,8.587434244146814e-07,4.7236736948670965e-05,0.00014438874239206236,0.00027066795050225675,5.4363783959792165e-05,0.0006450347694303147,0.0009713046036075496,0.00030633560623700203,0.006784276332627247,2.0274926918484614e-06,2.6479171013196624e-05,3.339599433416201e-07,3.631652856542564e-05,0.00036342232302954703,5.375227080314765e-07,0.00033873168442743383,9.359700919166348e-07,6.878628560891513e-05,0.00011812464220065925,0.0013174325609426032
2024-05-28,4.880437477140224e-07,1.4216404748098438e-05,1.86018144423002e-06,0.00020849836633718397,3.600710606904475e-05,0.00010937590909029156,0.002773309459371226,0.0009118265973737015,2.776229420067355e-09,1.3835553503523539e-07,0.004552974969106824,0.00019570375409615066,6.269075759805558e-05,0.0009277648851522055,0.00010475798407504591,4.884825962446966e-05,0.00036717450500359786,0.00012357555719786265,3.656367354588539e-05,4.380422127216843e-05,0.00031612209287285557,0.0001827487665457361,2.718422845660092e-05,4.435966606207095e-05,0.0009653663649693084
2024-05-29,4.938161183073714e-05,5.003021539978432e-05,0.0002213855160749661,0.00014824723181509778,2.8885511792801432e-05,8.737319263035063e-05,5.744844664107367e-06,0.0001997987994393932,2.4894288275099734e-06,7.160821113894263e-06,6.527937566015259e-05,1.0070040535809732e-05,0.0001580084276254482,0.001202423587836142,0.0003173940105340277,0.0005965799055335579,0.00015984088843262243,6.483155602519696e-05,4.888663936067602e-05,9.530219665684889e-05,1.725692135757822e-07,8.084611849211825e-05,3.4098815423432892e-06,0.00023548890075255285,0.0014769316673083014
2024-05-30,4.430212949744609e-05,0.00011601928992378394,8.93775924504244e-05,9.25227198199984e-05,3.753570560196031e-05,3.590886608743317e-06,0.0006784806509503785,0.00018701763118433108,2.7470317536093258e-05,0.0011813099357007508,0.0014740786300184222,0.0002145909495375111,0.0002558912083707643,6.429695598532738e-05,8.197608145733702e-06,1.1329508390180693e-05,0.0003237841633600338,2.8890311881795556e-05,3.769020121963812e-05,0.00021160798493823418,3.3625507607002713e-05,3.2911246255405706e-05,2.1372077884231918e-07,6.553838463902478e-05,9.413054071287058e-05
2024-05-31,8.22088434691997e-05,3.466984318122435e-06,7.045888862976765e-05,4.57884943485138e-05,1.941884158881619e-05,3.459129052301313e-05,0.0005521081381941834,8.92021186164783e-05,2.5062749202720657e-05,1.2293502179410095e-06,6.204939146628796e-05,1.5832420329878176e-05,6.364084281372011e-05,0.0014732351974918636,0.0006025915163234963,4.638947655990874e-06,0.0004075541198652896,0.0002106565427442916,0.0002696147556499572,0.00034415776158069,9.067308171977905e-05,0.0001435967388485181,0.00017737577681508154,0.00046215740395658215,8.083975372302986e-07
2024-06-03,6.64525522698946e-07,2.8676048690748046e-05,3.195934261093187e-05,0.00025744886338038267,4.73170254767817e-05,7.882335727557439e-05,2.182791918483232e-05,0.0016632517238290973,8.493674926376258e-05,1.5100533600325298e-05,0.002284234223936873,0.0001020619124421547,0.0001539572190762797,0.0005723410186171436,0.0007037964184326085,0.0004570180487633397,7.693254755438496e-07,3.92302947090366e-05,1.604282703463433e-05,5.221314733314306e-06,5.283487433312499e-05,4.470044634987188e-07,8.318231924477026e-07,0.00012169912729124726,0.0004111170460039193
2024-06-04,1.2482158597070023e-06,7.467764475294934e-06,0.00016865039557886557,0.0001348708284845026,1.5283933844882966e-05,8.131704516171965e-05,0.001004308723927048,0.00010723872372341118,2.7153298461885043e-06,3.779367428845366e-05,0.0001542136137240445,7.498659367936967e-05,3.363776734756253e-05,0.0029033726459184194,9.27729944640198e-05,0.00013233076416526774,7.590824692922302e-06,2.118185211431501e-05,0.00017603535248371914,5.892879218463643e-05,1.648106941742514e-07,0.00020253890072510484,0.00013878690217834972,2.9531876250819082e-05,0.0004843267563996016
2024-06-05,0.00013959642011596081,0.0003983741911616734,0.0002305320592424007,5.345429796099263e-05,1.1148873292913379e-05,0.00013867401630088117,0.00019503937986826896,0.00012522809771346743,6.0691890988552176e-05,0.0003573429989827918,0.002527159328067916,1.729555604308855e-06,0.0004434508836725969,0.0008443512484170129,1.2366656890648166e-08,3.2750594148930145e-05,6.140835607211219e-05,8.463451793959662e-06,9.188971951622034e-05,1.4295887876183295e-06,0.0001552239719035429,3.3232259116919405e-05,5.3735697534695185e-05,0.0003192998104186513,0.0014364101575818089
2024-06-06,3.50043690162683e-10,1.1919185596700381e-07,5.175859377685097e-05,2.2526790773115365e-06,4.207048772783312e-07,5.4231064545842686e-05,0.001633225911518456,0.00035636461254624893,5.0720756084013576e-05,1.4450391498840082e-06,0.0001403533728439492,0.0002775707479284069,0.00018829010965518603,0.0004991648028385717,2.7202328821537156e-05,1.2442157222298373e-05,5.2711340784813214e-05,2.3451126578290023e-07,3.1531825845278448e-06,3.6567473156238333e-06,9.474147628690508e-06,0.00020934547021210078,7.989776184351096e-07,8.186486703343439e-06,1.3426520268381641e-05
2024-06-07,1.4799081901717726e-06,7.837289802552715e-07,0.00013944692903619532,0.0003428447263705616,8.150063718237273e-05,0.0013202694933936447,0.0045450314263874156,1.0767955157085394e-05,0.00015168134084936544,2.494662657517681e-06,8.273646802069362e-07,6.700467366332793e-06,0.0004700677548204477,0.0026587950660815467,1.5940477388059246e-05,3.912727235443862e-06,1.0350064455011755e-05,2.1076993596298594e-05,0.00023471941912869864,8.982466432132836e-05,2.022821900709421e-05,7.063754099600866e-05,0.0003645812117326843,1.0596449149169944e-05,4.2435712432407654e-05
2024-06-10,9.517406142848049e-06,1.6250486403318835e-05,1.17198928914574e-05,4.474282253136518e-05,4.239147739045988e-06,8.329133175524521e-05,0.00027996494277021287,0.0010803956254598066,0.00037378332030415964,8.910817988312519e-05,5.526043980985811e-05,0.0004414313317325652,6.3348254131364e-05,0.0005233505426355796,5.66720771496573e-05,4.14017861652749e-06,3.2439872296920465e-05,1.4934870038377287e-05,2.8964399988451394e-06,1.1353461273084599e-05,1.15538446246335e-07,3.008081238786998e-06,0.00026440355080119,0.00013803332375278397,0.0021061953036004763
2024-06-11,5.786146371470836e-06,4.6775423770478735e-05,1.1716707874424072e-05,0.00010586775225404797,1.84921050620442e-05,8.136974472815943e-06,0.0002320595579599364,4.3880516161195867e-07,0.004918410368718947,0.00012497119365958206,5.1402661516406316e-05,0.0003303066554314804,5.127367071693246e-08,0.0005158835471505599,3.949830966947983e-06,4.903406782524585e-05,0.00010037722363601334,0.00013087288019839898,0.0007103994207215209,1.3035783285893208e-05,6.339796429460482e-06,6.028488086038603e-07,1.1837352008290833e-05,0.00033741942081316664,7.471696045325371e-05
2024-06-12,6.690291799991674e-05,0.0001693306417626417,0.00023208388124010227,5.603369007749254e-05,3.766964327613417e-05,7.065941689567322e-06,0.00014183363796398666,3.8502842019839926e-05,0.0007939780098300381,0.00036796364203246746,0.0012156334118556985,0.0014526371651559541,0.0004251568222682456,0.0018592608606416042,0.00011614941092729865,1.8741515526061373e-05,6.408162981647523e-05,9.595766513521914e-07,0.00021514233293490527,7.890141029318686e-05,8.540294432111563e-05,0.00019121869417533462,3.9869906421031576e-05,4.820085795708178e-07,6.432176595200633e-05
2024-06-13,4.0461662077727035e-06,2.9219736859741724e-05,7.701922121668272e-05,0.00021295191521936404,2.225659889605461e-05,6.697037631432514e-05,0.0005038967897812674,1.0009615712020052e-05,2.9987510289020887e-05,1.3883437727873469e-06,0.0011983662097655352,0.0008293830113918349,0.00024491587125357694,0.0008485930364843391,8.467613908775386e-05,5.2358341710068786e-05,1.4365079311261349e-06,5.409366107437285e-07,0.00012231630820245458,1.6441012340919828e-05,7.564559862812293e-08,5.503982009393349e-05,3.4389691912801446e-05,4.9964392067859635e-05,4.511987602474946e-06
2024-06-14,3.6968896700867884e-07,2.670697768630793e-05,0.00025675062836490983,7.021895496774931e-05,6.888896359956243e-07,0.00016579883197366467,0.0004712127827183033,2.006187130666766e-05,6.726990506487679e-05,5.015230396860455e-06,0.0003014595466549417,0.0006123687232095677,0.00013359316019407466,0.0001628371813556475,5.57806564099038e-05,0.00022790847677534934,2.3034782984899516e-07,1.0193651237802063e-05,3.8357290576868996e-07,5.668094210671109e-08,3.8278440978648803e-07,5.201832184561478e-06,2.29069936513453e-05,1.439166017910413e-06,2.8558086662259678e-06
2024-06-17,6.284692300465166e-05,0.00014823974087122457,7.002799558986439e-05,9.957681589065751e-05,2.2216694631247317e-05,2.7093854072560768e-05,1.1140032136445933e-05,0.0004940598750617257,0.0003794880351828216,0.00016952761596765895,4.689210333506862e-05,0.0026645324752710745,3.491813236682433e-05,6.007432967377687e-06,6.806548965966549e-06,8.345033991146205e-06,2.1337323965451803e-06,7.77385885638138e-05,3.811266105302808e-05,1.549475447917279e-05,7.912743800642366e-06,1.8045433220302e-05,3.541024711784844e-05,0.00023671869817501074,5.983373699944725e-05
2024-06-18,6.439398908273978e-06,9.564685230633905e-08,3.0451192402249637e-06,8.3417412234515e-05,2.1356463717152676e-05,1.5994113373960153e-05,2.2044661553014315e-06,0.00012653921532874263,0.0001219959284245921,2.0591757481805704e-05,0.0011914367202670068,0.0001921002122303272,0.00010505243601234427,0.0014475293289340813,1.7496437150303142e-05,7.161775132526589e-05,4.641504766785675e-06,3.9941542504309524e-05,0.00010622909444487221,1.5494754479172885e-05,4.232365039828178e-06,3.979453056581375e-05,7.109191268247037e-06,3.880450470425278e-08,0.0005802434403870162
2024-06-20,7.400258375429965e-06,5.9874500219187865e-05,1.8004607055731447e-05,4.4656313355715806e-05,1.1056900880665238e-05,0.00015393516122428903,0.0014326420374665546,8.765614330581896e-05,0.00047296379925889937,2.0588261196192023e-06,0.0012992655080678271,0.00032247146568568176,5.072865588959704e-05,1.5262655412547596e-05,0.0003320427164211209,0.00014877028294172135,0.00018737644916977045,2.8266382623808217e-05,7.125791693164735e-05,8.187387151831035e-06,0.00021076825476615507,2.802533472210424e-05,3.6563575621668686e-05,1.1183349088722736e-05,0.0020432372557188817
2024-06-21,1.7995986718564656e-06,7.197718421706515e-06,5.057032376922495e-06,0.0,7.709668486692166e-08,0.00024381300302083839,0.0013770538613672877,9.248095963465465e-05,0.00011023715236103734,8.303385437337762e-05,0.001070671371907454,6.240165030636964e-05,1.3306040789984972e-06,0.0015838664273354198,3.3374996581374576e-05,1.542252824098964e-05,7.279913826968367e-06,1.4928390368702248e-05,0.00014402357814647922,6.270955301927369e-06,4.2804328306041856e-05,1.2338527896481163e-05,2.164857754036661e-06,1.7753112716826982e-05,1.159735919690955e-05
2024-06-24,1.0602520271326791e-05,0.00013110244454410272,1.8773076211229718e-05,1.6290294138173397e-05,1.0338271759398383e-06,1.5600571040869643e-05,5.49128708835526e-07,0.00017587795448844665,9.78235571418899e-06,2.2108848332679185e-05,0.0047857448984981905,5.533423382599002e-06,3.4165215617468145e-06,0.0038276347911577607,0.0006201139788916968,4.3125295530721603e-05,6.934036860953527e-05,0.00010450371035424346,0.00017049705366348092,5.9460390600620875e-05,6.170439725118248e-06,1.2737009539015399e-06,0.00020946286297527847,8.063069533863163e-06,3.71709053176462e-05
2024-06-25,1.4773015769779975e-05,0.00012929297614988115,1.0793931211384382e-05,2.8716552056343934e-06,1.3649216428490976e-07,2.4746549769877477e-05,0.0005050298995956566,0.00010177380323301582,1.9876992062173717e-05,5.329041712535216e-05,0.00427447315037159,0.0006651300137698362,4.323265682206767e-06,0.0018768643612420946,5.280492628448626e-06,6.256884313431904e-05,5.361718438733813e-05,5.597671569524368e-05,1.6654783119323922e-05,0.00015292915653596583,0.00016969733860360486,9.108282182055789e-05,0.0004715227786522895,4.643134358846294e-06,0.0
2024-06-26,1.5559407881241362e-06,4.256147021141904e-06,7.001811273265877e-06,0.0002070390184831834,2.99064205997133e-05,8.595165304241805e-05,1.1661685088695679e-05,3.621292862702311e-06,0.00039188095823525237,7.1802931897415505e-06,6.030071961209263e-06,0.0022110733817134326,3.309808507561026e-05,0.0010684801184608881,9.773139112155356e-05,4.196317984583475e-06,5.33637804170608e-06,3.991889354834622e-05,1.0474709747131882e-05,9.706237503167518e-06,6.334621789213369e-06,1.2884493864202794e-05,0.00016439934947700622,3.8289792168295634e-08,0.00029089840825465913
2024-06-27,2.481154067807996e-06,6.64623794024345e-06,0.00010195922459361284,1.571471724805502e-05,3.8019415730887368e-06,0.0001270837812795982,2.8165441976918428e-05,0.00021749859953484633,1.582451344102021e-05,2.325299387428035e-06,0.0003705859452787227,2.843896721181285e-05,9.640237576817488e-05,0.0018458549522654768,5.361558141084506e-06,4.9798207490711405e-06,8.994102213838133e-08,1.4875100333376642e-06,7.699311049934138e-05,9.359778406015098e-05,4.860283407246897e-05,2.469012791743985e-05,3.626344523935373e-05,9.56780491085058e-09,0.0001482664887863599
2024-06-28,1.554711194567461e-05,2.7086288341894423e-05,1.680253499768722e-05,0.0003527221510097482,4.1221997052838326e-05,8.643821917784738e-09,2.048975572785707e-05,1.7120566450753625e-05,0.00026855465869142595,0.00017198236007299282,1.3219079273010013e-05,5.416703810126214e-06,1.8610448983907732e-06,6.293549543766583e-05,1.4801022606320656e-05,0.0002916204909881276,4.127087908637321e-09,1.1636538173413992e-05,0.00023701297605240347,6.31508808161064e-05,6.081756690304669e-06,0.0001051730594856623,6.288081080415312e-06,0.0008175717342872839,0.0002902256039210676
2024-07-01,4.2280875621151065e-06,3.41975985798298e-05,7.079641612963501e-05,0.0003030925700864988,3.548957171731576e-05,6.766260355284402e-06,0.00010989511045642351,0.0005858964422394337,0.0008230679885203687,0.00046853261053457105,3.761400272687041e-05,0.003455068838397355,0.00012796898273340066,0.0023924124647983357,3.0083425946233363e-07,0.0001474226206493983,1.999497019012985e-06,4.78213457514993e-06,0.00024488563708751715,8.979987639075403e-05,3.6622627457817122e-06,0.0001803526261249477,1.1577688513671413e-05,0.00016051096319235838,0.0007986692869933589
2024-07-02,4.498494566763262e-05,0.00010909841951483282,1.1721864414849833e-05,6.014659218166369e-05,4.080622824017242e-05,2.156211266425519e-09,1.9885147168533697e-05,2.7957053603268864e-05,0.00025951374823310347,3.09988225031589e-05,0.0001742472417339066,0.009428788753904656,6.871551912233108e-05,0.0006467350814601163,5.896013877991149e-07,1.6154611893723958e-05,2.5208538554702323e-06,0.00013417005826808732,0.00026626692320089125,2.199010615052715e-05,7.861037690051743e-06,5.220815001701783e-05,7.578154990187959e-05,2.602540585583621e-07,0.0016911650105149328
2024-07-03,1.9825563508393763e-05,6.893102566150911e-05,6.143054228955464e-08,0.00017024711697733138,5.432470625033056e-05,0.00012566261214733696,0.0010079818093118146,3.88341354348172e-06,3.357368691594923e-05,1.0490846960760494e-05,0.0019996566260669225,0.004016143338975165,0.0003052897428720714,0.0001290600172107847,1.918273696633229e-05,7.495726749316243e-05,5.017695641341548e-07,9.759367090159591e-06,4.496366659912692e-07,9.220939454485107e-07,5.432452292941767e-06,1.8232983044495986e-07,6.2218287886648795e-06,3.977963546311648e-05,6.24212295690019e-06
2024-07-05,3.306144804409098e-05,0.0001075958009148647,2.2730689223350763e-05,6.797241215403173e-05,2.6955732018002192e-05,0.0001794705188405063,0.0005165724172731877,2.421395128008202e-07,0.0004575282584043475,0.00021399518496033662,0.00037185286915933103,0.00042464359748200126,5.515826876656502e-05,3.15538854707772e-05,0.00024796037709128103,4.70493185554617e-05,6.953736809222034e-05,5.789002601377841e-08,0.00017793138297271362,7.607245897407484e-06,2.9242349789125482e-05,7.035671880309943e-05,0.0006778520015895746,3.97796354631161e-05,0.0022711351651837817
2024-07-08,1.3303023030163738e-06,5.642724036603498e-06,4.892861281861916e-05,4.6587222816987105e-06,8.553393450125155e-09,0.00015574096744073746,0.00015290504129532556,0.00012113427008219158,4.247767334789152e-05,7.99255415701279e-06,0.0003481799096979012,3.1694534053985685e-05,1.7073350037694714e-06,0.00019730895648572283,3.7489249981328084e-05,4.665448056687556e-06,7.495717698095803e-07,7.030986998340215e-06,3.43667137837269e-06,1.0419338904505862e-05,4.692629776172569e-05,6.238016124432579e-05,2.6554725717060793e-05,3.043111943967208e-06,0.0015007564276930405
2024-07-09,9.447980438486253e-07,7.468516733284048e-07,1.900835060168245e-05,1.9623330037116012e-05,3.4277298696549967e-06,2.8706904020881274e-06,1.263773210382622e-07,6.58601531216304e-05,1.4196639758791807e-05,0.0002095125147808689,0.0006003761155932743,0.0013286670827409744,1.2114096231712579e-05,7.17477302730066e-06,7.852145682244913e-05,8.387988300332398e-05,1.0029698110328155e-05,5.920248506543459e-05,0.00014205669753281834,5.704824754757817e-08,0.0001152198751710396,2.681025771543199e-05,9.937035280553095e-06,1.0835588938637406e-05,7.988597241016026e-05
2024-07-10,9.69568560443667e-05,0.0001075893947084598,9.475211596827748e-05,9.831235456787727e-06,5.789760079047196e-06,1.3349183053451095e-05,2.020460641006879e-06,7.852257074200847e-05,0.0003470382920236277,0.00021013712648255284,0.000702994637519854,1.2524323456680054e-05,4.725757420874088e-06,3.480636508083272e-06,4.538901301369202e-05,5.4678399002176914e-05,2.37584861910394e-06,1.4629371702228802e-05,6.700689732843341e-07,5.439032687874874e-05,0.00025777444334215086,4.703076058004753e-05,5.284643615349699e-05,6.801501242005742e-07,0.0014442888080256871
2024-07-11,7.499369970100402e-05,0.0004916985547724314,0.0012470265422205146,9.347096509511549e-05,2.8586940239328094e-05,0.00030898612478744755,0.0003347985245804248,3.248340598237998e-05,0.000551996896424926,0.0006292141332837159,0.003280574327478295,0.00778290462735691,2.7424001875528206e-05,0.0005157393045070559,0.00010719729550832744,6.456221342280913e-05,1.8701776734060474e-06,6.15172201286684e-05,2.8419805650199736e-06,0.0007995533290422819,3.2593417241963478e-06,5.749778838360232e-05,7.571282085859343e-05,1.4614911396818254e-05,0.00012191258805675907
2024-07-12,3.9532800335934414e-05,3.431280469693462e-05,0.0001347668662346948,1.820950935033471e-05,1.3472625925739337e-05,3.934973078195127e-07,0.0003888361839765321,7.329770010626292e-05,0.0001681264329608392,6.412938007647819e-06,0.00020562637876439245,0.0008663789886302032,0.0005453370204952134,0.00024558598142675225,6.472375821006194e-06,0.00017899977913471372,5.256718230926248e-05,1.0947833931408932e-05,0.0001481846884954757,5.7374458751655834e-05,1.4443327966882802e-06,4.151193383950382e-05,6.488514610100792e-05,2.9937646532527888e-05,3.2958286440558157e-06
2024-07-15,7.5430251891812e-06,7.205303444400335e-06,0.00035431707398335106,0.00013371034230372821,3.0372985345578574e-05,1.0380750528203356e-05,1.0276558098668089e-05,2.628344339482324e-06,0.000275714126497427,8.16360489135416e-07,3.855720036571882e-05,0.00031010609751758503,0.0003710203849520079,0.011633169687253739,0.00022563928296517443,0.0008930329892809015,1.0456599299968822e-07,0.00021093567548496623,0.000606557610490675,4.520376709769188e-05,1.8312409971650646e-05,0.00015027735002147262,2.8403002705246602e-05,7.184076469321341e-06,9.701390570956758e-05
2024-07-16,3.4958450752392774e-05,1.4658998201830283e-07,0.0011255055620569855,0.00019623577542228284,3.3476394073360785e-05,0.0003892680787940563,0.0004194688509351033,0.00017738292412311822,3.2051001594993533e-06,9.660680532454846e-05,0.00026657060686318746,0.0002370675405614026,0.0012263332460966422,0.001222149526637258,1.9820883418520608e-05,0.0017589652809453908,0.00010162294188896499,0.00012839029290884272,0.0002840229054993424,0.00014862121933014206,0.00013900804506462186,0.00020441968651957815,2.9637914329766245e-05,0.000268371187267533,0.00016280978541018454
2024-07-17,0.0001993825285624166,0.0008877073428182379,0.00011063484309095172,4.511045268263864e-08,2.0965771284420248e-07,2.165989816537209e-05,0.0011160631836010693,0.0003818024072337042,0.0006564526760053369,0.00018056100043263248,0.004697060726798707,0.0010188672693031144,0.0003932682582043509,9.117962708223233e-05,9.836798958933878e-05,5.990228619237026e-05,0.000251482665810184,5.714343414966942e-05,0.0002279960975200458,4.652205774401961e-05,0.0013119754795713494,0.00021916939998783248,0.00021755813540534562,0.00014042844030140106,0.011587955858428978
2024-07-18,5.9516877150381135e-05,2.250353447033711e-05,0.0003817009062371857,5.887906949114435e-05,1.858676404143977e-05,4.098090704538924e-05,0.00029349840694328555,8.047740363115147e-05,0.0004305071346451061,5.08036510984739e-05,0.0006725812719453772,8.604261919697413e-06,0.0015337336978817494,0.004327857906837039,3.3193567540721324e-06,2.459321217484859e-05,2.1635513564502004e-08,0.00014807691634011072,0.0010423777495128651,7.818274153273965e-05,5.529712593498352e-05,3.503748191006771e-05,8.766144729599052e-06,2.8707661362081096e-05,0.0005393690725673403
2024-07-19,4.439074931190999e-05,7.926506455211347e-05,2.606958706582288e-05,3.4831028048650675e-05,1.3571266423592653e-05,0.0003276339731879444,0.00035826986257332677,0.0005792226636959249,3.3613496663451163e-07,5.521023658835062e-05,0.0006992208579199049,0.0016872491490917008,1.6578707162745402e-06,0.010015474628889062,0.00012060483767147362,0.0005700795799854944,5.159244379995011e-06,0.00010436630331917515,9.080156794138719e-07,3.241085481737223e-06,2.2163233424478132e-05,9.876010343078187e-06,9.782327872266373e-07,0.00011897399198188233,0.0007434913232749668
2024-07-22,0.0001052089120967634,0.00021868072591865392,0.00024916431007797655,8.467094785910141e-06,3.0678601987486705e-07,9.965542765405219e-08,5.065268395098688e-06,2.3850187386103406e-05,2.438346598448458e-06,0.00017554962861843971,0.002159813047572193,0.0025183052884119477,0.00047734973102440503,0.0007924420600897081,3.9674584128778e-05,2.2604917734408713e-05,4.833409812582403e-07,3.119535117789468e-05,5.667537082002184e-06,0.00010625860645375432,8.48742203515439e-06,2.976136639591953e-06,2.7491547797159523e-05,0.0002876234882994125,0.00077889803134936
2024-07-23,2.464477065679854e-06,1.246738609994913e-05,0.00011165031388395278,1.9720252478403703e-06,5.456131938181507e-07,1.2323660074307408e-05,3.5188664013234474e-06,0.00016814273127782416,2.1877454236101455e-05,1.8514335934211037e-05,5.959277926669098e-05,0.0004246751968108329,4.393071257993509e-06,0.0008277827857955265,0.0002570813160939042,0.00011434107408448443,0.002995766732001689,3.4400162390485763e-06,5.653077036229482e-08,6.094091034107572e-07,0.00015201071233547495,9.477510686323293e-05,1.4659749532047173e-05,0.0011886546078395592,0.00014567748334842875
2024-07-24,0.0005254793734170115,0.001334395409747506,0.00047108485023038363,0.00011809207556406975,3.740871508466172e-05,1.232366007430709e-05,8.8632665700393e-05,6.1337115431212226e-06,0.0008512273335247578,0.001333233753620039,0.004964092570209317,0.01732986460056564,0.004354846946978425,0.002502140204914272,1.2246335884961342e-08,0.0005714781945682559,0.0007491378135855718,0.00018936125624529606,6.900877230581696e-05,0.0002200789970462961,0.0006486487351802195,6.80327724230565e-05,5.00984595298178e-07,0.0001591360150146995,0.003940551418683396
2024-07-25,2.7289114714693103e-05,0.00012296453608283436,0.0001539724199094688,6.660705284194699e-05,1.5912126611402887e-05,0.00024864245791273825,0.0015489694216579326,7.101186903952149e-05,2.319523616643475e-05,0.0006143358194603142,0.0003025275120514413,0.0003814650026565961,0.00011403299483677881,0.0032304203816828354,0.0002931192393528506,0.0005896689287692795,0.0001430966705486919,1.406633160626733e-05,1.4697043940064693e-07,1.081679466277156e-05,0.0004525034781443875,4.315363945740819e-05,6.805249763606581e-05,4.345206937489205e-05,0.001989953648737426
2024-07-26,0.00012404045302966373,0.0001041150896796666,0.0002693676855193349,6.041589183538048e-05,3.068702512032361e-05,0.00010981833554244123,7.568118805517316e-06,0.00030912644158443537,4.660074757368424e-06,0.00026524263798814246,4.792570779222238e-05,4.182879700370125e-06,0.0001682596780196509,0.0023142858073360974,9.926693001020223e-06,0.0003165013215178628,4.224537582875917e-05,0.000241943196581702,0.0002877702648005023,0.0003007721543518323,3.899443893847256e-05,0.00017304072458917543,1.1787045956536656e-05,6.461552689642104e-05,0.00014402727489440495
2024-07-29,3.4528196274135257e-07,4.0270362502848205e-06,0.00012470934509500588,2.8759807868667407e-05,4.475452615295066e-06,1.9769603700043147e-06,2.4682083884993885e-06,0.000147899514697861,1.6481354488378706e-06,1.1746394297461163e-05,0.00017127513612867317,0.002964833397574406,1.0700861460569635e-05,0.0013394039213164531,7.406833114395656e-05,0.00029318214531469746,2.9129178712135333e-05,1.9129568972256686e-06,4.317473929018433e-05,2.623850489766792e-05,0.00016985500937303903,2.340028801213147e-05,5.269809573138695e-06,0.000589401364993621,2.94437695485605e-06
2024-07-30,2.5798549269172482e-05,0.00019117022897351636,1.4298648215386687e-05,1.4769309398546322e-05,6.830621417567229e-07,9.872282784346994e-05,0.0002314610702301989,9.518382304442489e-05,6.5672298749346705e-06,8.043114977853512e-05,0.005334847852308495,0.0017390634300895552,0.0004556226756475266,0.0018043711926926645,0.0002376730904334438,6.707024341918404e-05,0.00035389466833545403,0.00013151394905555372,0.0004151144477048248,5.9988899134434586e-05,0.0002999528645591683,0.002464520049982338,3.8384578601170425e-05,0.0003150311196319419,8.870014862784435e-05
2024-07-31,0.00025997996152880723,0.0008505473490117145,3.3398457347197204e-05,0.00010357390626059332,3.3257864073148505e-05,0.00032215512007038936,0.0004600391488782845,0.0018582860243001652,0.00022140402889263934,0.00011804333605058213,0.014533107073245823,0.0017282995060429944,0.00015871558340588404,1.9859513327226314e-07,1.7581917808129817e-05,0.00016965298859501556,6.22819772825099e-05,6.308838421816644e-06,0.0001247351066161164,1.2483520937330188e-05,0.00047554230673274675,3.3990166695596994e-05,6.369416270311889e-05,1.1380840250643734e-06,0.0018236336397527782
2024-08-01,0.00020340854467964161,0.0006012111601487551,0.0010930226213232293,7.375195272453097e-05,1.0958921786785271e-05,1.1894798844300246e-05,0.0001886607187303067,0.0003544942558643546,0.0002853625654097143,8.811436603330793e-06,0.004770954952098521,0.004595090248067335,0.002735237049617517,0.002878463629767902,0.0007212923940391059,0.0018773643105062326,0.0001619262918561453,0.00020381103737318325,0.0005293232426936983,0.00010029750073296352,0.0003336956144254569,0.0009123929643167476,0.0002760639844331377,4.698327937417556e-05,0.007440205199869741
2024-08-02,0.0003532103336121812,0.0005770109394704839,0.001296616232738081,0.0009416339852747599,9.451175009858408e-05,3.6345302094871827e-06,1.4753827455600055e-07,0.0015018881619867292,4.6866823093690544e-05,0.0004360803145586527,0.0003212530562778254,0.0018750384631184831,0.0022459074138078596,0.0015465379138603907,0.0006825835593359383,0.0010661531100729152,2.6850755244414366e-08,0.0006194876619480086,0.0018781570438863968,3.0000050344467897e-07,0.0004329360726683198,0.000683851929224521,0.00037022151840787745,0.0014528830162069456,9.107755321046906e-08
2024-08-05,0.000873580447883317,0.0009162656619755048,0.0010688985826078855,2.784360670384489e-05,6.425992951982767e-06,0.00016315376359948697,0.0021505239345386744,5.378010882642436e-06,0.0024369586045652454,0.001102368437837458,0.0043150427083656585,0.0018704431512624338,0.001608359543613119,0.005782665412596975,0.0004975410933428393,0.00016295872744888704,3.839609658273182e-05,0.0008664319911661245,0.000463179317922044,0.0008417638868953902,0.0003155492009753285,0.0001427539422455919,0.00016357284793734484,0.00040750218919285286,0.0003012989255052363
2024-08-06,8.422587118650274e-05,9.043713540521123e-05,0.00011710139404471137,0.000511763148302152,4.2874288420230234e-05,6.452734242635111e-05,7.901426303587951e-05,0.00011176713577852592,9.596531869703107e-05,0.0001259669978463338,0.0013787761572890895,7.76267091633023e-05,0.00023379784992813124,0.0006004140381766685,3.7356131457765225e-05,0.0008985386718683623,4.9407793921038425e-05,0.00025700822033371024,0.0007578601127315809,0.00038204715200549613,0.0002027885856329832,3.186881223449194e-08,4.91451326776728e-06,0.0006072600306981334,0.0012265795597015405
2024-08-07,4.497706393501321e-05,0.00011856556990355045,0.00014184929378016967,4.9912707286668414e-05,2.090764040080567e-05,4.622083238948227e-07,0.0001602999140703139,0.0009271793832187908,0.00015427724170893238,8.7446598770991e-06,0.0027648219803419424,0.002049164022520406,0.00033584572134989153,0.006699610429812558,1.6126911781760032e-05,3.852222114338211e-06,0.00016260350035081985,1.4495541333537945e-06,8.968651116524121e-08,4.7351173715779664e-05,1.9421216856353096e-07,0.00013033783561996955,0.0001519901187065011,0.0020788376399776764,0.00013612073042574516
2024-08-08,0.0005223152539639477,0.0009079469053419043,0.0005768880578590901,3.8077696168872944e-05,2.0992488924736267e-07,0.0002423074792338393,0.0007598623243929214,7.975188896914492e-05,0.00027213334513343516,0.00011310689719580075,0.0035359922045404327,0.0013144903811790987,0.002032156043155079,0.005224077895100597,0.0004536491796669088,0.00097992669971213,3.196577148300973e-05,0.00025589879561560574,0.0003275627992087197,9.511722992078219e-05,6.844137845247806e-05,2.486811465554843e-05,0.00012425182846650783,0.0,0.003335541131022036
2024-08-09,1.9360516819942962e-05,2.71326103662646e-05,4.328130079019613e-06,9.629921112963975e-05,2.6189436066207584e-05,6.01353981221361e-06,1.599433433683019e-07,0.00012876060666945307,0.0001861134027294227,6.782056529840106e-05,4.401773564581816e-06,3.3836369108006196e-05,1.688160349385636e-05,0.0004174843557152624,5.014455623808447e-06,3.878210555637741e-05,5.26163154588927e-09,1.8097679758950222e-05,7.209604719395299e-05,2.13575623943459e-05,6.217416102386052e-06,3.737138226094114e-06,1.8291791918083777e-05,8.434054288323292e-06,0.0002295948289065842
2024-08-12,2.758383900636676e-07,4.628099654235442e-06,8.190068836991592e-05,1.317231821361839e-05,4.385380112549229e-06,0.0002889780538220147,0.0003767630280117816,0.0009690370298362885,5.047743118764995e-05,3.7783480573712944e-06,0.0015963927077204305,0.00015950145603710737,0.00017187704484456618,0.000550034158433741,2.4099351822369914e-05,4.374834285031995e-05,9.248296811695554e-05,2.7064502728690068e-05,3.5838299438593465e-06,5.450197430410579e-05,2.132307994856063e-05,0.0004890489258870965,0.0001204954933216345,9.12350821465561e-06,0.00034032812204742456
2024-08-13,0.00026607032338734477,0.0006007386869133384,0.00026689500289656554,4.776243680792128e-05,4.871278968381471e-05,2.351727048984305e-06,7.562173557079276e-06,0.0001605420931228869,0.0002905967086183126,0.00030779245469102597,0.004002444993683528,0.0026043128594259494,0.0016000472948771566,0.0010127447314479622,9.467096148816511e-05,6.739308358365535e-05,2.0222758494238938e-05,6.82861876058146e-05,7.142869683075042e-05,7.567527795560302e-05,8.766968737285956e-05,8.257203888790682e-06,6.941400655131202e-05,1.6649884399702346e-05,0.0009847528445466969
2024-08-14,9.922409504619444e-06,1.05135953819235e-07,3.871606928931941e-05,3.9075426121548536e-05,1.9501821288663727e-05,6.706285469668779e-05,0.0001316515424359882,0.00018540303562712956,4.127390463288407e-06,4.706382120672344e-05,0.00027443855101649806,0.000993936085811933,0.0002590499656475433,0.00010107036438945477,3.395297810299401e-05,1.27994986052921e-05,4.582847906291981e-05,0.00014768646340157786,0.00012100577794447914,6.905594511323005e-06,3.2246546064186817e-07,8.074271058614718e-05,6.004914930870861e-05,6.633062439627879e-05,7.269596918028584e-06
2024-08-15,0.0002888303163827002,0.0006224631870935614,0.0006555273787860743,6.566080881726489e-05,9.376340950034583e-06,9.821511237855125e-06,0.0008199677370825904,0.00011341283889935793,0.00018062809333583231,0.00013816589886108603,0.0015747447708522328,0.0037744200814399044,0.002194481871111142,3.48343658650548e-05,0.00014124124284849098,0.0005553315219485233,2.7204233472630818e-05,8.553839591026535e-05,3.858300254313621e-05,5.864308919649619e-07,1.4759272165236348e-05,2.7322096825691372e-05,0.004064747564375016,0.0008090840007526566,0.00210619586871289
2024-08-16,5.015727958335292e-06,1.6511471204963583e-06,6.956755617282433e-06,1.2219256094722798e-05,8.835098167633494e-06,0.0004902155442974719,0.00047534216974775266,0.00020110063005796563,3.482293292312611e-05,3.7196245377926014e-05,0.00019327979381654825,8.470961236113975e-05,1.4924679856106314e-05,0.0016571709466937548,1.2202237276944133e-06,3.9298423772532665e-05,8.148789007129057e-08,5.384102757257148e-05,0.0001293798751065288,2.9950876117535267e-07,3.549223429454972e-06,3.186536971255326e-08,4.2627199332039444e-05,3.2803895035573784e-05,6.577735476436147e-05
2024-08-19,9.055117043249023e-05,0.00017031415030473786,0.00014775412577334144,2.1229337173507603e-05,5.454657666814164e-06,2.6875198085948555e-06,0.00022562808064112284,0.0006629580400120086,5.013153082305702e-07,5.308234488957451e-05,0.0018135896775637284,0.0009049024325953735,0.0005029924416546964,1.7211130772514343e-05,4.515692504492702e-05,1.156428649380662e-05,9.679774650531026e-06,2.9902227934918965e-05,4.7512401107030973e-05,6.867433552611918e-05,2.2640008121603825e-06,9.933969699316825e-06,1.3464195021967588e-05,0.00028486546360615415,0.001957268769863412
2024-08-20,2.648190094079886e-06,4.413121354960691e-06,0.0001376427482486477,6.298838178339127e-05,6.752806998392396e-06,1.3419552972465223e-05,2.219480997539422e-06,5.5084209197086266e-05,7.512689845648641e-06,5.971514349708802e-05,0.00045713264429005226,5.329390058277028e-05,0.0001506219495532162,0.001288840905773917,0.0007130984011817645,1.540474666204927e-05,6.123575021958231e-06,1.0151791578321422e-05,1.8713060216236852e-05,1.428195866964762e-06,1.098720633741691e-05,0.00013797864028277675,0.00012236003253079117,0.00014310805201512905,5.1650929158682444e-05
2024-08-21,1.1769435971015957e-05,2.165236150692737e-05,0.00016743606923707305,3.6943409167215586e-07,4.993852828169441e-06,1.7809113957661785e-06,8.837966762709582e-06,0.0002822493092556968,2.3602243984246622e-07,2.41791727098615e-06,9.555428191234452e-05,9.538852807217926e-05,0.000563555395781877,0.0019820366660169286,2.8559393475266073e-06,9.248123663232872e-07,3.424246445426635e-05,2.550260701379506e-06,1.390137813273483e-07,2.8229878381376366e-05,6.238020590840634e-05,2.155581928027433e-06,8.737066928756375e-05,0.00011796636280730476,8.055014400040452e-05
2024-08-22,6.20871411827558e-05,0.00025542255690166475,7.845654128989063e-05,9.951142390271456e-05,1.693939342905162e-05,0.00014513717842925237,0.000440924330895025,0.00017978448658526497,6.878786219960248e-05,0.0004186419149772403,0.0014247842076916886,0.0033798344650620674,0.0009163717433957428,0.0014865399908599837,6.686136454528721e-06,3.1691058188425462e-06,3.46640899658237e-05,3.239322504116752e-05,8.864236669509507e-05,8.499602164496286e-06,3.229760085802385e-05,3.436555639998324e-09,2.0329088268434836e-05,7.845581561853143e-05,0.0015592149598271025
2024-08-23,0.00011171389195189402,0.00011636334653685861,0.0009881901278433478,4.2588964909966347e-05,3.274149401541736e-05,0.0001319556338797964,0.0009139662033812994,0.0006980932605789012,0.00010476572249161565,8.878389838282734e-06,0.0019797005911220515,0.0020102302590139297,0.0019351103526381492,0.004008876394772371,0.00021973561248466854,0.00030685344678012597,1.3198495641318454e-05,7.378359526988554e-05,5.9679354438289986e-05,0.00047343565014987027,0.00011890131600194951,3.3366236177224864e-05,2.516462683559714e-06,5.030031133770902e-05,0.00045758269005551506
2024-08-26,5.6975721493410874e-06,9.517350922607578e-05,1.0087277663058219e-07,6.472761550715729e-06,1.559835132370453e-06,1.0139530387601515e-05,1.937779928181181e-05,0.0008840070102789665,2.243235489268139e-06,6.318906771841267e-05,0.0005175735759264338,0.0010760657563675554,0.00012300435855091676,0.0012696430385154777,7.958949657393297e-05,6.18119474727835e-05,3.082417415313149e-05,9.897338176828397e-06,1.545756134477465e-05,1.7825926554562627e-07,8.52840335998241e-06,4.83171080201868e-05,1.8920749714052834e-05,0.00017907238144479525,0.0010710818557358845
2024-08-27,1.8831193486370527e-06,8.897104029751515e-06,6.0637896614922365e-05,3.0060932799660654e-06,6.458826515267455e-07,7.30629133157944e-06,2.1406368261758325e-06,0.0003016126574646455,1.394678999679685e-05,7.158521155845881e-07,0.00020866389284606842,0.0003586880963065106,4.6267629755225794e-05,0.0008030956863254996,8.768029646173626e-05,1.3013929802565354e-08,1.7059021538808728e-05,2.649296372900129e-05,2.113856173111344e-05,2.1807385784640653e-06,6.626366342114521e-06,4.196741813567747e-05,1.7274778826638962e-06,9.282273349332372e-05,1.1522103145356335e-05
2024-08-28,3.389761981655871e-05,0.00013024088967326916,4.6092429719426694e-05,1.5016791877616679e-06,4.230523678679643e-06,4.972600708410965e-05,0.0006146993763416316,0.00017668312397874076,4.591985601638092e-05,6.177857739488711e-05,0.0004489913730872814,0.00027811314771681087,0.0006576782976900973,0.0017393000893865754,4.147777436767176e-05,6.97374034110997e-05,4.0326360348950955e-05,6.01418384735391e-06,2.5287302163400146e-05,1.5266724712531687e-05,3.522512463718259e-05,1.2616691043626716e-06,4.3138534581307577e-07,0.00024439255374196424,0.0007780607238078591
2024-08-29,8.01350994865508e-09,2.1459235184043185e-06,5.0537652890206404e-05,1.0729899541685723e-05,2.897121342648884e-06,2.6673307143822573e-05,2.0123737548599177e-05,0.00028717132664813434,0.00020923698829466682,3.743763874214119e-05,0.004353089107893733,6.618392742341283e-06,8.498487120982722e-05,0.00010293977415468063,0.00016767925513059098,9.664926178848769e-05,2.5765479993408113e-05,7.862826689473248e-05,1.7214118555490608e-05,9.444783875529207e-06,3.5692395737921862e-06,3.273267110434536e-05,1.9881840665221448e-05,1.2740134895521863e-05,3.5544857790162994e-05
2024-08-30,9.026352109408603e-05,0.0001403969056098371,3.349318074783445e-05,0.00011493326183604484,7.749317937895929e-06,5.1144235204240596e-05,0.00029951988720047486,0.0010345730406165151,1.1859807016429046e-05,9.377814231871815e-05,0.000225718582374774,0.0013879679017391377,9.787390442898791e-06,0.0007011254298812686,1.3926232447943093e-05,0.00015884806404776366,4.852121208995507e-06,8.921887221160994e-05,0.0001342857698876169,9.238894004307903e-05,9.754254891366837e-05,7.817430740237164e-05,0.00011116978745935015,4.0028085266302926e-05,0.0004360373398969388
2024-09-03,0.0004323777251081027,0.0009505733491148948,0.0009645400064539639,0.0002631821028307963,9.111877826334986e-06,1.877445807290389e-05,0.0008795670865630634,0.001998312360059591,0.000760776114407519,0.000347140960132978,0.010019340976161912,0.00027321695914356585,0.0017572512712254029,0.006526015556434058,0.0006341769384519472,0.002075748912993225,1.6079823652856866e-05,5.567183311648827e-05,0.00040889041866398783,2.762648605640854e-07,6.0955684983580695e-05,0.00029662780435859876,6.044143344096818e-07,0.00019396202304340212,0.0066334523965964395
2024-09-04,4.198296980570891e-06,6.770243406001813e-06,2.8522071548528295e-06,0.00016403072193454092,3.830776997101491e-05,3.693500805626267e-07,1.5223243673496237e-05,0.00044261362148412036,7.492831444490487e-05,1.741700074780065e-06,0.00027932351081696235,0.001679484462122235,6.567046219589615e-06,0.0012651315188164556,0.0001936322493214908,0.00010630148496640214,0.00017530208498253914,1.2119035962671018e-06,1.947194031271284e-05,8.040498198484912e-06,1.4293588835282998e-06,6.203455119117329e-05,8.221749661275173e-07,1.8102228005612652e-06,0.0008005817345160258
2024-09-05,5.930336614045237e-06,8.707766674797716e-07,2.4893332471280525e-05,3.1813888733835746e-05,2.406947236102786e-05,6.885323434491243e-05,0.00044907059052249525,1.611480365827924e-05,4.766495582347406e-05,1.5574848522294716e-06,8.782076752126015e-05,0.0022921129114605505,0.0002850984858423809,0.0004753252596267483,6.047814882029529e-05,9.05929848081596e-05,0.00011723593387213834,0.0001223697526456922,6.054333572146681e-05,1.0603922694596599e-05,0.00020341132654422587,5.9907232895681365e-06,1.3189223536053497e-05,4.549926438605394e-05,0.00010410173731130054
2024-09-06,0.00028808450530605744,0.0007372594233112647,0.0003685883406452041,1.0099061123859023e-08,1.978882524136958e-07,5.520736457939453e-05,0.0008415779932089094,0.00019129842628410303,4.9559930212205824e-05,0.00027281234748910036,0.001739912904939066,0.007786383271715359,0.0022275905959581216,0.006478042154562433,0.0001585920325515204,0.00016057248784457143,1.1925149623053264e-05,0.00021879978802650052,0.0005780554791390698,8.978559997648127e-07,1.3718994992321394e-05,4.673839572503828e-07,1.7359799190555816e-05,6.466319769632767e-05,0.0013828014391651627
2024-09-09,0.0001239605479778572,0.00016326948293781743,7.76170329385563e-06,1.8574147184709318e-05,4.9419889043085595e-06,1.7615279942854965e-05,0.0002078442079661119,2.420996465197575e-05,1.6611805356528053e-07,9.915727901593611e-05,0.0012100678251731934,0.000673401145684038,0.0006216548939043839,0.0025945692713387966,5.158861775225896e-05,0.0001990788804301283,0.00030242542344140997,0.00021879978802650268,0.0004107808855976769,0.00012325394874194978,0.00018157144345152398,7.145080779051089e-06,8.26620175964251e-05,2.0595195592531563e-05,0.000777942839838814
2024-09-10,1.889055834089378e-05,8.462709571932158e-05,6.656064591912341e-07,4.866728613099134e-05,7.560770592840702e-06,1.931099628572034e-05,1.2079682507524588e-05,0.0011503256528081472,1.3162252391867307e-05,0.00042790075645094674,0.00023083849268300334,0.0020033926050668028,0.00022888413138003337,0.0004732614323894387,0.0003009924120051078,1.2904154830222792e-07,5.815147108677954e-05,0.00010580743547377561,0.0028391249635320286,0.00020660412461312946,2.1261249898124155e-05,9.56170556374005e-05,0.00035452353508942143,4.609932868544352e-07,0.001114564227586514
2024-09-11,0.00010417864602555981,0.0004615197329807148,8.550249427024138e-06,6.317027572981685e-07,1.9605921692170069e-07,2.533898000570406e-06,4.7819120581531296e-05,0.00017434432949451782,0.0001326776584197051,0.00044595776049199655,0.006138372281656494,7.44551973491917e-05,0.00046145909250448557,6.891512642029827e-05,8.690116545389847e-05,6.303038361537821e-06,8.43190648368748e-05,2.238543835992701e-05,6.546925087242362e-05,3.811965033569712e-06,0.00023755657722098118,0.00048434144228876383,1.4490034626473117e-07,8.196762321677483e-07,0.0023017380198291962
2024-09-12,7.035491328837961e-05,9.541711124489792e-05,0.0001636720374550391,2.1925815950974075e-05,5.02065631714663e-07,0.0003032739858842912,0.0018563928059673219,0.0008775342723469809,2.4387965361513533e-07,8.681162438860363e-05,0.0003602559788501654,5.383460123117557e-05,0.0002827326168336093,0.0012869724474828038,8.045508855651949e-05,0.0001843890138816892,5.327502128553962e-06,5.0888605796323515e-06,9.269743561044432e-06,1.77138764681104e-05,1.1937863791147414e-06,6.71160325721998e-06,0.00010706218022830164,0.00012176898656709077,3.665086901440044e-05
2024-09-13,2.7135222380568682e-05,1.9981104123347586e-05,0.0005938389902983165,7.249967200604707e-06,9.58832956698537e-06,9.790253185963142e-05,0.0007361098056525271,5.122403179356477e-07,1.4708831017877957e-06,7.009498333356847e-05,1.1281042248540671e-07,4.3534203259390415e-06,0.00029557772505011407,9.63927959868758e-07,3.1629184714009745e-05,0.00027999454695969145,8.303645344839111e-06,8.554546287988605e-06,0.00012314861502292601,0.00010804447540493288,2.841726348522383e-05,1.2322153723712967e-05,0.00013761503877892064,0.00019322934572754238,0.00010327389551368133
2024-09-16,2.1780226923937893e-06,1.9605215625301007e-05,1.2893374079055833e-05,8.319166885548114e-05,1.9420632100402192e-05,7.014344163445944e-09,3.1784551962816828e-06,0.0002184900358081286,0.0007934483030916372,3.0288630363240296e-06,0.00038697272275213496,0.00023589814207990577,2.343608495266318e-06,9.123646848824781e-05,0.00012961467576531877,5.8444680981627186e-05,2.774849982205815e-05,0.00016761893814344451,0.0002950629321888676,1.1155435068175363e-05,7.817559708128126e-05,0.00032363175237721923,2.463113564034648e-07,0.00020319601911530555,2.2836993808545014e-06
2024-09-17,1.6695096636269274e-07,2.790015935571211e-07,6.786100660792296e-05,2.3498229430772043e-05,7.686718142883808e-09,3.076103857606423e-05,1.54173620458815e-05,0.0001388013437885827,4.71014115102374e-06,7.733640468945502e-05,0.00010490646676710594,2.299097313309256e-05,6.505226910759547e-05,3.439940582899503e-05,0.00018021627576883634,0.00026677751719574136,0.00010751800400125169,2.8180668028532256e-05,4.4421595863110156e-05,4.895064111315122e-05,2.2958360147794602e-07,5.933320444248202e-05,0.0006066648166084661,0.00011959969454836736,6.921555918380526e-05
2024-09-18,8.821713206508226e-06,1.882691223930863e-05,3.322334450133457e-08,0.00015558590412310033,1.715013297607015e-05,5.991293656672463e-05,0.0006806052272478689,0.00022171126613525886,0.0003179053556818987,0.00010047500732107432,0.0003760758917476473,8.670645962389823e-06,6.7698124583420235e-06,1.3663791985700607e-06,3.7475815269026386e-06,1.628047993223796e-05,7.20575061842197e-06,9.56827368801801e-06,6.812639743006408e-05,1.4920746328654775e-06,3.04915508002832e-05,0.00012558742058576335,2.9765963842081567e-05,5.9654541388609536e-05,0.0002861967521835625
2024-09-19,0.00028629682023536835,0.0006234961432216064,0.00041565170788461807,1.1016294428463048e-05,7.787880517016156e-07,0.0002378145327057248,0.0009441592017073074,0.0008496765773264215,0.0013246025223679506,0.000328550684914299,0.0015152001328709937,0.005042366382250018,0.0007021032765794917,0.0011459848827058627,0.00014097398221287505,0.0024953451967644454,3.006661077046589e-07,0.00012107859992995239,0.0001992287068944358,4.147180178171343e-08,6.459512149703493e-05,0.00018985572022968923,0.00015891108512981463,1.9323755193300775e-06,0.0030712263199664963
2024-09-20,2.9933561530243057e-06,3.6302382766646087e-06,0.00011606629658180787,1.4713292561983799e-05,7.777986377858345e-07,0.00015953098737175612,0.00012831325186929486,5.447643051082654e-06,8.594755317519226e-06,6.125623619195946e-05,0.00025574726278304724,0.0005531787641952381,0.00012158004228979318,0.00011959878956013769,5.066597806539349e-06,0.0001464193586822088,0.0001405409561634923,4.312743218088988e-07,8.374123012120695e-06,1.584255642704166e-05,1.609799822882643e-05,0.00024032516783045865,0.00016862306732830446,1.0272905217264557e-05,2.5532740138497093e-05
2024-09-23,6.229103116912824e-06,7.008471485060385e-06,1.341398777250957e-05,4.519918900850064e-06,1.9918503468415925e-06,3.7578858290374827e-06,0.0002326002488876617,8.520393403698692e-05,5.7910977740317765e-05,1.6414896312226465e-05,5.012482015119442e-06,0.002317495736714455,7.266764234203009e-07,5.837541029769707e-07,0.00015060593930976156,4.034109520905008e-05,0.00022224126622057301,1.4634316499438223e-06,2.744892329851635e-06,9.742722526780411e-05,3.297748394277526e-05,6.688952671092417e-06,0.00025396297975733824,6.980164179443368e-05,2.6181192250485922e-05
2024-09-24,8.163236406460361e-06,2.3154702836891658e-05,2.8048259309968033e-06,4.103964520007896e-08,2.80781955728319e-06,0.00019244362524644483,0.0023838014611927286,0.00020425724616875124,1.5730173742580005e-05,0.00010123760763889759,0.0015121648671976653,0.0002868211017812891,0.00011677784801656293,7.294032814467352e-05,6.108963358499206e-06,0.0015206701799173245,1.0521747396751464e-05,7.052404685504291e-05,5.028664582625267e-07,2.0064711100647677e-06,7.286759034721645e-06,9.331914247029296e-06,1.7837926897223334e-05,5.951399669488169e-05,9.932450546925696e-05
2024-09-25,4.875734421013449e-06,8.588720126701468e-07,0.00015060803511432648,6.967573053625363e-05,3.506574233992417e-05,1.9119236037230316e-06,0.00011993540518004183,0.0006253225003479152,1.9429271439744416e-05,4.660789063767885e-05,0.0004668399599843503,0.00011571624950205517,0.0001565525220421062,0.0007376376598070422,0.00039072738734017567,0.00040403956349997024,1.4237920734191707e-06,3.6122237670438246e-05,4.40699240173205e-05,4.4833904725127324e-05,0.00018178464541217612,3.2182207535483425e-05,8.115646142656693e-05,6.011683555636149e-06,0.0005336776027144889
2024-09-26,1.5657996409828144e-05,5.6024590447981074e-05,2.824446146486363e-05,5.51508942469638e-06,0.0,2.5745370278781678e-05,4.70426388057987e-05,0.0012366675772521607,2.567870222380431e-05,3.4346789293013316e-06,1.8335465145588777e-05,0.00011998620470200373,7.588863604179878e-05,0.005490083113486904,0.00039259507287340797,0.0010923045035261109,8.736909582414163e-07,2.6235898011065776e-05,3.812490181996018e-06,8.28219987066957e-05,2.407734674979716e-05,3.0246979301439232e-05,0.00033669476475031766,0.00018323914913450387,0.001102496983975714
2024-09-27,2.106292713889257e-06,3.105311182945786e-05,4.542483764183987e-05,2.6908809316964998e-05,1.5850028492833593e-05,6.348085049180207e-05,0.0001894705151940265,0.0003273734700715108,1.4064095566709809e-06,5.86296940275197e-05,0.00046281868738023025,0.0005880250132127842,0.00016440492796144084,0.0037099092136944835,0.0004063549348971002,9.410930435123786e-08,7.316230877832153e-05,8.313740218452488e-06,1.17388031256748e-05,1.6210014576489824e-06,3.8207175641928486e-09,3.846110146879225e-06,3.074435421532172e-06,7.178340110119357e-05,0.000358168628100042
2024-09-30,1.599377105734571e-05,7.3349601185591184e-06,6.443442414534497e-06,2.284737586474983e-05,6.126947825425153e-06,6.450564930904119e-05,0.0002469732942439629,2.4932168800717176e-05,0.0005114088054778752,2.8224771791713024e-05,1.0853564750956007e-07,2.0088725925656773e-05,5.382919264262364e-05,0.0050039678249609995,4.8608199803484155e-05,1.0474088013455267e-08,1.4217488833415938e-05,1.4123570382336418e-05,2.9201852512759184e-06,6.133958197237675e-05,1.665454492161818e-05,4.075311444978447e-06,0.00014605319525579978,3.508025912975476e-06,2.703434166002012e-06
2024-10-01,8.097841343877876e-05,0.0001968566412842289,0.000186992075416397,5.175546340148766e-05,2.298437403165355e-05,0.00010892258080505444,3.559290945021945e-05,0.0009511693925866896,0.0008746601474802195,0.0005101409169909569,0.0013872879259408837,0.00019305023453863643,0.0008302612571107909,0.005887814492718611,0.0005073050182536454,1.050957746994004e-05,0.0012808844411921795,2.819118321696684e-05,0.0003342450135789069,4.2091850615100675e-05,1.8661088774618506e-07,8.543135974050548e-07,4.120087523530141e-05,0.0005061976530976414,0.0007152432297522711
2024-10-02,1.7807785543831495e-07,1.993686870667484e-06,1.8984666135876425e-06,7.161690955125196e-05,4.895718458003142e-06,4.1439310421690844e-08,0.00021282900509591045,8.052627976557577e-05,6.333090573902917e-06,7.222185926087512e-05,0.0002461172496377803,0.001260521734220481,4.536729987300019e-05,1.0744331169515887e-05,0.00010389335361647568,1.7821591725018374e-05,1.936094535999201e-05,1.2287215526281995e-06,1.4562517920250901e-06,1.2383162453638883e-05,2.5754799517055864e-05,4.216567279925395e-05,0.00010794070987863608,1.1293926879945422e-06,3.52568805398927e-08
2024-10-03,3.3483498534855672e-06,5.584410475184828e-07,4.5323500120979745e-05,8.959013204172218e-05,4.2109587683805936e-05,4.792037415168804e-07,6.240578899076166e-05,0.0016006436201939551,2.4075531662729093e-05,2.0037325803773252e-06,0.0010957396846768023,0.0011660905108707344,0.00011065950789853978,6.996725463083397e-05,0.0003056571467330373,5.685230985103551e-05,1.878365134867378e-05,2.8432465902579945e-05,9.975095703186173e-05,8.401206512167713e-05,1.7352518244297204e-05,0.0001107810529239054,0.0,3.067532899738656e-05,0.00036220590131322896
2024-10-04,8.183621563283741e-05,0.00013989898157806355,0.00019254743199434893,0.0001531947965286603,2.975440488380459e-05,3.9921040564633225e-06,1.9692835793930986e-05,6.648093572942901e-05,2.494861049433644e-05,1.3293084534660293e-06,0.00027920417738377934,0.0014742305285949074,0.0006368145272532343,0.0021877674622164845,8.597591406401005e-05,0.0002318045354744564,1.2985481640759407e-06,0.00028185689456649426,0.0012165010978924893,2.327879539926907e-05,1.7145876990038462e-06,5.3517482827015907e-05,3.995224772469604e-05,0.00025933091532619445,0.002327964573406132
2024-10-07,8.247491208053e-05,0.00011597941329482941,6.208483950454907e-05,5.7210981281771676e-05,2.625966037147383e-05,1.1515937517720477e-05,0.00021768331921138013,0.0013430941260893995,0.0005193171542235033,0.00024947845498535215,0.0004913683198938481,0.0014205041390371058,0.00019165723297870946,0.00013716870377449185,1.2497551675808959e-05,8.509523620731526e-06,4.5897372706394713e-07,0.00015235173887047086,1.8877482023827497e-06,7.869760195163194e-05,2.258818962821619e-05,0.00010975477515298887,0.0005287840844490264,0.0008664677241273439,1.6773550059076413e-07
2024-10-08,8.86064096326931e-05,0.0002197578947908328,4.7579005802147874e-07,2.841386322538823e-06,3.923295436299267e-06,5.474864150536358e-05,0.001044422880605278,0.001936870451642971,0.00033258011288310354,0.0001573748289989888,0.0015746069052605673,0.00022873570629568945,0.00024886873560676833,5.340931817013748e-05,0.0006990728383521639,0.0006852745765419329,1.7109533029826425e-05,3.3056832717346835e-05,7.29041506997272e-07,4.054549063472496e-06,1.004901980369573e-06,3.8487460567787385e-05,5.901589101033163e-05,1.6850259656897644e-06,0.00011335359167179012
2024-10-09,4.764417452922035e-05,6.142748895125572e-05,4.855690639986151e-06,3.250145509564602e-05,3.923295436299437e-06,2.9823291024727502e-05,2.8832681310267973e-05,5.11291679462424e-05,0.00027424802602185925,4.3680100637219155e-05,3.26738628180632e-06,0.00020195011659197997,4.598067376414862e-08,1.85148489811682e-05,3.625626486716038e-05,0.00044064647091118726,2.349273684081554e-05,8.498403604982159e-05,0.000158495012379488,1.1193466936133957e-06,3.592534409328237e-05,4.328836849407147e-05,7.42908730366159e-05,0.00013720852506553295,0.00010721236347380549
2024-10-10,3.0677052658645854e-06,1.2910782459931281e-06,3.096257771974491e-05,1.5405736471780905e-05,1.1710021848775382e-06,5.352480367625065e-05,0.0003419781743364083,0.0010850308135844416,4.7548777890248306e-06,1.5117559718892919e-05,0.0002608980810985315,9.031898569359932e-05,0.00010697274942213499,0.00026577872210822395,4.548480569282117e-05,1.288797676611232e-06,0.00016059615566469437,9.384611855826696e-06,7.405285719956215e-06,7.96183228008475e-05,7.602840477789646e-07,3.581597414481564e-06,9.750541906994863e-05,4.2751508850773845e-05,0.001666043113851732
2024-10-11,3.564450339822083e-05,2.439856836347877e-06,0.00040532288884336887,1.6381054713025205e-05,3.2644558863896516e-08,0.00011781554343152268,0.00021581720976262525,1.3009304408091956e-05,4.25970387163979e-05,1.3312281732900083e-06,5.501170556394291e-09,0.008449936998180134,0.00010258311104425104,0.005059383660613122,3.795055300359207e-05,0.000181512351187471,0.0001236119693180073,0.0003648868942528563,0.0018872168736219605,0.00012648817068912875,3.482607451372012e-05,0.0001584336891671296,3.765138985847095e-05,0.0001484710477392735,0.0004993283913947745
2024-10-14,6.634409023210189e-05,6.98288417527449e-05,5.387407316935158e-05,5.578560336738689e-07,8.155202286662261e-09,2.6596105324855434e-06,8.22416193838411e-05,0.0004135936081984336,0.00026717528904873577,4.5571893531726956e-05,0.0005744952035411687,3.874874344641531e-05,0.00024119846262258228,0.011504284133989956,1.857156076814381e-07,0.0004111835832129631,0.00012163034042961627,3.8635896631793815e-05,1.3326578259705398e-05,3.595164045804801e-05,7.511962727619789e-07,6.831739575902325e-05,5.613862949636888e-06,7.893015412851063e-05,0.00024738487576964405
2024-10-15,6.084284115645407e-05,0.00018108680038884307,6.517481425615553e-07,0.00014602948165194575,2.363008817153142e-05,1.1987925942345163e-05,3.526956062374605e-05,0.0018186373255896107,0.00012021738538148542,9.118146071958952e-07,0.0023034049246259142,3.4933413921497278e-06,2.8568381439558245e-06,2.5990110127910243e-09,0.0010732965600605123,0.00023239440679703385,9.323430199304573e-05,4.555939564315586e-06,1.6812397698566534e-05,0.0001437312387380651,0.00023567836188895247,3.752532305724079e-05,0.0002821251539429856,6.286261526883325e-05,0.0028762145610891896
2024-10-16,1.8810254561980908e-05,1.4916300514551726e-08,0.0002662861740201128,1.7684819578505162e-05,9.846821380052046e-06,2.4891545008917394e-05,4.819259282579512e-05,2.460222042582965e-05,7.90527049230007e-05,3.939329708604164e-05,0.0009502970217071241,6.373925952819145e-05,7.094402306598986e-05,0.004836198920643598,2.2830291997864842e-05,0.00020754523932772244,0.00016535833886912314,0.000151066195348695,3.141708645597053e-05,0.00011934383543181274,1.201651517764818e-06,4.732780205276713e-05,2.7880448420718764e-05,0.0007021407001124824,1.0635099702287981e-05
2024-10-17,7.394813305008426e-09,4.792537131736901e-07,7.497349926554591e-06,0.00025503393470479224,5.5617989773784437e-05,3.5646299015883015e-05,4.789434432627272e-07,9.205661714869052e-06,2.5438055384946457e-06,2.0761681926820817e-06,7.878146762408522e-05,3.959986337299556e-06,0.00018833117127227742,0.0009175280602679825,2.2612834599864306e-05,4.874042932727868e-06,2.7583035493548682e-05,7.476132093494482e-06,1.2121669144884572e-05,6.278717279439185e-05,1.3359898240889206e-06,3.36863598303371e-07,1.6576079566963422e-05,4.721868654686974e-06,5.902292495868476e-07
2024-10-18,1.4737873150434999e-05,4.268544897911871e-05,4.329539427548842e-06,5.565376542748273e-07,1.376147903927999e-06,0.00011156023740418851,0.003458713913589188,0.00029662222968832464,0.00014888603799990654,1.1900071018684583e-05,6.0588626941561644e-05,7.405253921894515e-07,0.00043378339030822756,0.005697498541470463,1.0991055586771518e-05,2.554683712808527e-06,1.2860841677986138e-05,4.409684426973055e-08,1.7844016499874438e-05,5.4927188135768064e-05,1.555801645148075e-05,1.666715493536868e-09,2.6819690634954982e-05,5.830814015467694e-05,3.2169999780102385e-06
2024-10-21,2.700922386396203e-06,3.6841865133557753e-06,0.00025145443027760036,0.0003106500980758758,0.00010517884566795057,3.9609390492861777e-08,4.665488005339251e-05,0.00015013786408311615,3.9414591689482396e-05,2.1950442026048203e-06,0.0016437892680385346,7.085780644327696e-05,0.0001856561302215254,0.0008949020919111675,8.960107223807853e-06,2.5323627277829297e-05,2.084900021283278e-05,6.418741286013468e-05,0.0001117605606733944,0.00039133405795074914,0.0001950430853629729,0.00010426007042711356,3.8047246130516396e-05,4.634440996263485e-05,0.000151245568701498
2024-10-22,2.824351150572373e-07,1.1866430872013742e-06,1.4358675675214789e-05,9.51261542250294e-07,8.293862026052438e-09,0.00011512336173482527,0.000808887362186326,0.0005533821750805789,6.89177591247146e-06,0.0004256800206518048,6.976190958869832e-07,1.6234027845776602e-05,2.3679706162589525e-05,0.0001998408870826264,5.424007650066735e-06,2.6899571153701182e-05,0.00399174661653291,3.6366484885473867e-06,2.5098880406954706e-05,2.1415843634072e-06,1.444332834188439e-05,8.89959632922388e-07,0.00022089063225790015,1.540604221487478e-06,0.0005965835110402488
2024-10-23,8.42599225890945e-05,0.0002384695060161463,8.411538483183803e-05,7.352946356268658e-06,1.1433223497666055e-05,0.00014698537302309332,0.0010883007265543349,3.398124261910905e-05,0.0004778701133147964,4.665226463674609e-05,0.0008104027321320868,0.000400732764023933,0.0008954296799485738,0.003315142775740422,2.7243593585175302e-05,4.973853787602048e-05,0.00010492798763402044,7.201452427674618e-07,1.0068481032850113e-05,5.306814338864076e-05,0.00021424003758102681,5.003847766456032e-07,0.0002287689704506505,2.685270882577577e-05,5.909437462814251e-05
2024-10-24,4.667291867105828e-06,6.522363850987588e-05,4.782518637877196e-06,4.080015261102209e-05,9.098316322436448e-06,5.87340930679832e-05,4.243462020371661e-07,4.468254812506139e-05,6.783174183073553e-07,9.373001697225263e-08,3.6871012628903416e-05,0.03927808358761574,0.0012103378992100336,0.002514677439492243,1.2406549574332635e-08,1.1847617506046588e-05,0.0001473245093971431,7.201452427676072e-07,4.903968972732915e-05,4.731256022060906e-06,0.00017667620180257052,5.56245330449989e-08,7.649445139123195e-06,7.684887850328294e-05,1.1972223339368719e-05
2024-10-25,1.191771327612865e-07,3.6908794621358384e-05,1.4323593516886998e-05,3.167244659794133e-05,5.645205886376081e-06,4.222475168171799e-06,3.829819988349212e-06,0.0002524106989831484,1.3223356916412207e-05,6.43182553284335e-05,6.425006217911902e-05,0.0010818398559907937,3.723452032199266e-05,0.00039579023567233574,1.1170871303470454e-07,7.953296043234931e-06,1.161995221564448e-05,0.00012298936852538566,0.00014253317862922063,8.949034278492616e-05,0.00029560919491375615,6.869211338099094e-05,4.099525948542518e-05,1.5101489750988989e-05,0.0003247069222713907
2024-10-28,9.526130603627791e-06,2.602702477278116e-08,0.00026172922224143965,7.380296719448761e-06,6.782106733678419e-07,1.556562704626694e-09,1.062413034226066e-05,0.0027614093046757966,7.332133269162554e-05,1.3324198927724606e-05,5.230765109055766e-05,0.0006314287119774943,0.0002309674847679366,0.0027600567702553724,4.0574040189456867e-05,0.00014280173821988972,0.0001623926449439512,0.0001528119167173896,0.00020299119795339735,9.787314136548294e-06,1.9939972207539957e-05,4.0956453369089556e-05,8.434870965785683e-06,0.00014973611787121223,0.0005449622096645173
2024-10-29,2.6142714097993383e-06,9.144355888632825e-05,1.0508975763477555e-05,2.317314673982364e-06,1.4153063781206165e-06,0.00011741753146879781,0.00045156208195482717,0.0001208459518506578,1.3366312478610397e-06,0.00015591425237397586,2.6846906011435346e-05,0.0001312281400527144,4.266519548478004e-08,0.000266983223414877,0.0002360553422677582,6.348803156998229e-05,0.0002307777396544033,3.7966705714177426e-05,0.00013448811044241055,5.1990263985874524e-05,8.813789203839426e-05,0.00016030519235642887,0.0001630737249352764,5.296678144765664e-07,0.0015069148226162824
2024-10-30,9.178494405909273e-06,5.75520163512763e-05,1.832880125969277e-06,8.581816629292962e-06,1.6411420821095269e-06,3.0148766125937433e-05,0.00034782459384053685,0.0005813489680005423,0.00023703338578042474,1.8006112279986765e-06,0.0001853509552122764,5.806287568898198e-05,1.3876937795517126e-05,0.0013484891391266544,5.1732774133637805e-06,0.00046536963822223047,2.477128929044943e-06,1.994300055528173e-05,4.558216703958065e-05,1.931722838222586e-05,1.0516551704601846e-05,3.6722957955824676e-05,1.4452167496586984e-05,0.00012062057905521096,0.01259658437721012
2024-10-31,0.0003919551146770846,0.0006536624859249627,0.00028084157733407664,2.636581578988456e-06,4.067039906316541e-06,0.0002438741910826157,0.001088696784114446,0.0005672618615417599,0.0003377283762588798,0.0038983695985169934,0.0023400338769529695,0.0009213086396349078,0.0024734716992741933,0.027748114605078325,3.878227650609751e-05,6.477340493647393e-05,4.060761258984536e-08,0.00019286827079788535,0.0001244957033396255,0.0002910490311184188,2.190806080588887e-05,3.499340584010112e-05,4.701812235492631e-05,0.00013713634564194174,0.0009584491516139996
2024-11-01,1.7738234745870703e-05,5.434189878984107e-05,3.1213243554288215e-05,0.0002015974456219276,3.0181069987166925e-05,1.689878932496355e-05,8.278418856144316e-05,0.00021347971249821893,0.00017871744564058688,9.691189721153155e-05,0.0003877087374800256,1.2167591040869698e-05,0.00026280669672284763,0.00040195226694853133,4.021153804711316e-05,8.237570458344456e-05,1.6460838312986536e-06,1.1809651753170588e-05,2.1028041445720576e-05,0.00012338095032732888,2.8480285010857867e-06,2.345854273679396e-07,8.551477496561584e-06,1.6501645742832144e-05,0.00023897089044762042
2024-11-04,4.649796622330833e-06,8.511741923778922e-06,2.5564910389817807e-05,0.00023724487448000223,5.44590224042452e-05,2.0303364466238132e-06,9.253917108544824e-06,0.000963019400179337,1.6368351846448982e-05,2.1764626555781576e-05,2.2936046181126426e-05,0.0006234898938662931,7.349375715190937e-07,0.00033734779968248873,0.0003007745748130756,6.76661754394133e-05,1.709101781739242e-05,6.004253422790438e-05,0.00020379151476945944,0.00011870573652145809,0.00014097095032797858,1.4641333360023654e-08,9.976135903536047e-06,4.357311157114379e-08,6.625272288870719e-05
2024-11-05,0.00014446348578187626,0.00016068764292400317,0.00034729530656043894,2.8061379320523825e-05,2.272855667668579e-05,5.071100631447049e-06,1.6336136973331438e-05,3.487253709446723e-05,4.18003804234183e-05,5.3550025753963185e-05,0.0007827023016957471,0.0012111532430383431,0.0010135110430940922,0.0016365851688559226,4.457316174269615e-05,0.00032505895091371607,4.4864967716310056e-05,8.553346249181772e-05,6.006826005917397e-05,0.00017403011110562441,4.829672311579574e-07,1.689743385031431e-05,0.00021926815205390582,7.622991038672584e-05,4.527626042575766e-05
2024-11-06,0.0006032708773527823,0.0007182824165146636,0.0031714477721619355,0.0007711870884718321,0.00010986815854211555,0.000952214725652732,0.0020597252097546955,6.480876307756586e-06,1.0707455770294008e-05,0.00043980100517331384,0.0015946000512112772,0.018932290528591068,0.006206429360992241,0.07338789297358606,0.0013620645634791293,0.007022091327603985,8.519948928928015e-05,0.003483822417433598,0.011936389392569932,0.0004628104236064481,8.835663824751959e-06,0.000830946471318369,8.24816231720152e-06,0.0005344818194317037,0.0005756811214640625
2024-11-07,5.9325747396705254e-05,0.00024403369163546244,1.258264192275139e-05,0.0001549968111802236,0.00013833280718009703,0.0002543592898353412,0.0005587003152109063,2.587646089996803e-06,0.00044719169662286513,0.00015418765536228453,0.0004932317609952634,0.0008196776137114358,0.00011010853393261657,2.4815279050385066e-05,2.1221005285355038e-05,0.00044170222577833915,1.3080951704724765e-09,0.00026494344053835435,0.0019527988811833276,0.00014224004729281362,5.3448597258761424e-05,0.00021163180867550714,2.4025944814531755e-05,1.63567646695321e-07,0.001024731039366389
2024-11-08,1.868303090819656e-05,1.3639625700086318e-06,5.378754437082363e-05,0.00015929610315814136,1.200970947952316e-05,4.6137276313958966e-05,0.0004787216332799205,0.0004287335001838863,1.4132996543591112e-06,4.646140416147831e-05,7.108874727172544e-05,0.0061932454354833855,0.0006684210216608306,0.003320460300688374,4.4027737179425105e-05,0.0013713043716320603,0.0005193186568128199,8.073353627811647e-05,6.4264556594552484e-06,0.00021948747596162055,6.51544161572962e-05,0.000674643893269146,0.00013501808686497904,8.267249336702756e-07,0.00015776023645376836
2024-11-11,9.068154126923916e-07,3.4068671903289196e-07,0.00022268183828956148,2.3787831484130572e-05,3.661800528733515e-06,0.0005641290566448423,0.00032651000348239646,0.0009244128215466348,0.00014644869596099367,0.00011618039888092185,0.00026192294804025783,0.007362824782388335,0.004566235949880144,0.03251711915443558,3.178063959743286e-05,6.441928312348707e-05,0.00011249977687838238,0.0001996641844005228,9.409667224253642e-05,2.51877685232115e-05,7.670683006202175e-06,0.00010136019676915714,5.3811056073318417e-05,0.00033899094471555986,1.651290683788393e-05
2024-11-12,9.679433623317654e-06,3.282219487885344e-06,0.0003132190764497964,0.00022822278273026674,8.22756845228782e-05,7.514845872599577e-05,1.2737024635467034e-05,1.246322313703462e-05,0.0,0.00014250708689957428,0.00042619702247560787,0.004022957455187705,0.00032909720604809426,0.00025234573047804905,2.827645514359669e-05,7.9953719869426e-05,6.609242198258515e-05,9.06715429355204e-06,1.271820832261136e-06,0.0001941301280252469,0.00024338825345540397,1.311354840107306e-06,8.500864674247186e-05,1.6588409497936139e-06,0.0006538335000422579
2024-11-13,2.3595850432855945e-07,1.6577613943075483e-06,9.891895859615755e-05,9.084124902979951e-05,1.4294402995028526e-05,0.00010266522574156066,0.0002730204823253834,3.2002077743058644e-07,1.5691680414686195e-05,2.6179483239987865e-05,0.00018811381200854374,2.823080567845036e-05,0.0002965948576225225,0.013017055906621807,6.012700985413864e-05,0.00023193952441064017,0.00021458131383729565,3.634663196041526e-07,4.431321347068501e-05,3.0380813554637548e-05,1.539094351706274e-05,1.9822483001844274e-05,3.579331313273504e-05,0.00028850458241877047,0.0009370137145080265
2024-11-14,4.161389748509039e-05,4.8636030475561195e-05,0.00018427457092491377,3.3333744984912506e-05,7.682657668331405e-08,6.825425504106485e-06,5.209376410621008e-05,6.219245741379365e-05,0.00018704836059892728,1.573508730270064e-05,1.1184180808378955e-05,0.00353408062799103,0.0013168251797400785,0.00043547834904940905,1.445371814256364e-05,5.608172879263521e-07,0.001168126689413267,6.840067748367544e-06,8.64175957927791e-06,8.14650200725998e-05,8.064973873166311e-05,8.982645909158224e-06,0.0001468922373010024,0.003653156890827236,1.0941131182435282e-05
2024-11-15,0.00016618672438922308,0.0005815034705308781,0.00022590184273642007,7.078180808764022e-06,2.1325168921113124e-07,3.1458038704271946e-06,7.512443078792662e-05,0.0004769269513721984,0.000201915949200334,0.0007979413558165105,0.0010964388144245741,0.000911857165709502,5.2833733384964405e-05,0.008548237336318829,2.1809385283218646e-06,7.275423620039772e-05,6.0035945982730595e-05,2.136961751709485e-05,0.0001994419661642829,2.8437853473213953e-07,0.00019398428403671864,0.00021362947128830025,6.8010329710572425e-06,0.0028280439639147277,0.0008287746604131175
2024-11-18,1.6720005211356306e-05,4.7937052664652294e-05,3.871380021915888e-06,3.149288633249423e-06,3.407218894900825e-06,0.0003550067507144176,0.0008384747337554045,0.0010706274555858548,0.00017776658429118747,3.347689306610601e-06,0.0001682958915689414,0.002988191214857124,0.0009240083336302994,0.0038429003635214896,0.00017459009853212104,1.0300470135892966e-06,5.273726197711443e-05,9.020013150075748e-06,1.3046194120992325e-06,5.217587754021246e-05,2.4875272462682504e-05,5.057579512322163e-05,4.079734125138205e-06,0.00018150529688562754,0.0008665039099765377
2024-11-19,1.3313102382073903e-05,4.7006565718002185e-05,5.4737504330222286e-05,2.585262197863899e-05,4.487057096094111e-06,7.955620467220937e-05,1.7803717070103855e-05,1.105252446801379e-05,1.2985708729503656e-06,2.37248885126215e-05,0.0022836424620774013,0.00044969241820953424,0.0002128933767895492,6.6805967589041835e-06,4.064211936029785e-05,3.0864546637170074e-05,1.8682986003315387e-05,4.3814883281622104e-05,6.318508576791221e-05,2.35903492501142e-05,0.00013230348587061605,3.416049470773685e-09,0.0008720856642508881,9.827379772279868e-05,1.0926984226936712e-05
2024-11-20,1.1488855621640611e-07,3.319368305244472e-07,1.6894616703270205e-06,1.0254775007610178e-05,5.7358166453812905e-06,3.154220826278687e-05,0.00019978401560485684,1.6149039983346313e-05,9.917175471450013e-06,3.0476068251793924e-05,5.848693831774098e-05,0.00013317912679393986,0.00013250099847544132,0.00020019352500041466,0.00010029202739251899,4.723585606271406e-06,7.577359803661266e-06,9.140401573244342e-06,9.116519263018415e-05,1.5998733871801805e-06,5.166032650965781e-07,5.793857861439565e-07,4.4557813163107616e-05,0.00026356491041215315,0.0001670500803987256
2024-11-21,2.8662885097529686e-05,1.2893582128079066e-05,0.0002275627195962866,5.999808365631151e-07,1.4390280377967138e-06,6.897167770672773e-05,4.568885293910492e-06,0.0002641134516346462,4.40263070607329e-06,1.8715040759675602e-05,2.843311684468319e-05,4.91705657541065e-05,8.590602324875633e-05,0.006495961041017105,6.502807033050738e-05,0.0004403311981401015,0.00018285999440746068,0.00015969007199600333,0.0002687802511623999,5.409788629220309e-05,0.00023991318066732902,0.00011718751438727578,0.0001899906350776822,1.6143151114077134e-05,6.395884083655443e-07
2024-11-22,9.577136300914684e-06,2.5686877114980656e-06,0.00033493180254278,3.058669880500737e-07,8.517529422961782e-07,0.00016409131761022298,0.00023161133635617962,0.0002028459123616271,3.469370334008773e-05,9.906979552660158e-05,0.0010699674517266882,0.0013938676790240924,0.0006735090846456035,0.00098445644430151,2.380838313410099e-06,0.0004030022683412179,1.5015878043572654e-07,0.00012321415868033741,0.00023611004842515474,5.639322762606363e-05,4.513073425607479e-06,0.000409176513373653,0.0005256893622722767,6.5189921301621e-05,3.88817496661214e-05
2024-11-25,1.1466377170409188e-05,2.4977083104200298e-06,0.00022766071173388653,0.0006532378832710491,0.00015318655716711443,0.0008940986968007438,0.0008969287412793164,0.000863405031764638,0.00016812851187876705,1.834758385748487e-05,0.0018209671393919031,0.0016346567476886282,0.00020975042520063832,0.0006040422867153776,0.0003974543762198546,0.0004129379379567173,0.00146039576023084,4.20415292268512e-05,4.866732600238704e-05,0.00019119922979603376,1.5394116210811928e-05,3.940270673981937e-05,0.00010916057172699401,9.13078712957251e-06,0.000395800507557178
2024-11-26,2.7122189013543233e-05,2.867402366362953e-05,5.432261086174063e-05,1.5128787198094068e-05,6.525412029855009e-06,3.749773386844789e-06,3.762454140730515e-05,4.650265589542121e-05,8.761902245416871e-05,0.00047220118799653463,4.349093363600951e-05,1.1315750273324738e-06,0.0002149347548540572,0.003912022341512118,1.8610975352152877e-06,2.8726509451644257e-05,7.11212582423661e-07,3.82841664073155e-06,1.6366237470420675e-06,1.5911003041935445e-05,1.674904805656577e-08,0.00011589256927726114,0.00040086693772633006,2.258803683923466e-05,0.0005982347900590414
2024-11-27,9.209161549122994e-06,6.248126117557569e-05,1.8784592229409335e-06,4.767454195518907e-05,1.3303621215883806e-05,4.9295020118869966e-06,0.00016052376877715035,2.356004625852046e-06,3.0614999109899956e-07,0.00013809141770614004,0.00013471814423506856,0.0002532560592236307,0.00028098631652004146,0.0034300615120043455,1.1041893937855971e-06,0.00010359712219344135,6.744420628354724e-05,3.813181402632256e-06,5.189426075209499e-07,4.1086157757964725e-05,3.224778517206551e-05,7.7770539256211e-08,3.8726712401102256e-05,0.0003404608492545979,0.00011673874714240105
2024-11-29,3.835394789769885e-05,7.653618179793222e-05,1.4523055392049955e-05,0.00010544526999693578,3.80705858129425e-05,7.374631458007412e-05,0.00028822141093569044,2.3560046258518887e-06,0.00010330800235373504,1.2331964774622853e-06,0.00045257097491465076,0.0013101460121903853,0.00020789887098868556,0.0023710758073115785,1.8499215432507205e-05,3.542667364934319e-05,4.81247364059972e-05,2.4317852753163874e-06,7.850178878246313e-08,2.0001583479347155e-05,6.313813246731093e-06,3.1107004222870873e-07,4.522841592997245e-05,1.2234081033852262e-06,4.727665322132002e-05
2024-12-02,3.206811366806608e-06,0.00011726600744620072,2.463304219474599e-07,5.757928837049669e-06,2.461689399363677e-06,7.731593985385106e-05,2.1780925662681476e-05,6.386608565582022e-05,8.982316518611019e-05,0.00030985279414556815,7.5332347446121e-06,0.0011546235692561418,0.0006438342250480629,0.0004291394424414032,0.00011297249218659614,7.928284304842988e-05,0.00012161030968776348,9.966795022381595e-05,0.00019580632754054794,0.00021536328376027324,1.8380689963890952e-06,6.010831078889298e-06,2.287318585097523e-06,6.982389176867942e-06,0.0012218945099595343
2024-12-03,2.1489910665312224e-07,9.372869183255153e-06,5.098176642726652e-05,7.510437964144281e-05,1.2537031191069554e-05,4.043128610088989e-06,0.000305501059787922,0.0007708473172318274,0.00016106074036347862,2.604502734823301e-07,0.0001366447001092663,0.0002561828503284643,6.567542828252675e-05,0.0005163218944627992,1.1165025778798333e-08,6.572652153840666e-05,4.146963966319257e-05,5.6310056304977676e-05,3.3919789585476054e-05,2.5792334328424123e-05,0.00025241676343086566,0.0005810906268932957,8.737339231500645e-05,3.6949158490199305e-05,3.1732251013577555e-07
2024-12-04,3.8321096511216304e-05,0.00015097582611171994,1.2791444680960438e-05,0.00011423799054439523,2.3125804345811398e-05,9.17537099831228e-06,7.746330387619179e-05,0.00025629528883444716,2.197903633702877e-06,0.00020511489426174324,0.001169698425357954,0.00033691661787961996,0.0009434205602573731,0.004551358337704137,0.0005963486235328563,3.918294275151738e-07,9.344803114361066e-07,1.423721784169485e-05,3.3837663724353244e-05,7.317771592867642e-06,0.00015581432670640745,3.12886680619144e-06,0.00010004369911974933,2.1404262087160053e-05,0.00019761944522345487
2024-12-05,2.712800901531299e-06,7.700168574210224e-06,0.00013767888702128457,4.0727983059588e-06,7.38712088152277e-08,5.51337169495756e-05,1.104452769805954e-06,3.2720978545300845e-05,1.5232236580901624e-08,0.00013965724267268794,2.3264754464989222e-07,0.0010103646655108137,5.513324553957911e-05,0.001013557214612598,1.5175743513155203e-05,0.00013004316295259935,1.5019071416815226e-09,8.879855638674961e-06,7.240814007855932e-05,5.756721752301122e-06,4.0110634734777156e-05,2.745934914081843e-05,8.026989240445856e-05,1.7616644579503747e-05,0.0003398145142800676
2024-12-06,3.5874130213186782e-06,7.938482899481717e-05,1.2700932496135674e-05,2.203202792512153e-06,5.112207481265671e-06,1.372703624818619e-07,0.00011910800033955278,0.0003013654127224052,6.77739448617451e-07,4.597296339760776e-06,0.00033220828049045623,0.002706193762832026,0.0016718486606803978,0.004821316063294626,0.00029247122650568057,1.603863946412715e-08,7.458820939080602e-05,3.9350283954398747e-08,5.82068028387136e-05,2.1408897121929334e-06,1.975623105432706e-06,0.00015962059662885618,1.7542900014689026e-05,3.890168180712518e-06,0.000391641118542936
2024-12-09,2.665797623513867e-05,6.112228872465287e-05,2.5352524354266726e-05,8.574389447051579e-05,6.413644212973179e-06,9.743415358149411e-05,0.0006508857940550955,0.0001730128962243888,0.00025513400409691477,3.033898995156892e-05,0.000666409122486172,2.141583155829826e-06,0.0006555240443874724,0.010259280268547036,2.7204795549894503e-06,0.00011344466083483695,3.485719558587669e-05,0.00019002483148223168,0.00020896427273775094,7.952372907651189e-06,3.7649115946504362e-06,0.00030925429711667964,0.0003894178451267616,0.0003359325138653316,0.0032850643507608564
2024-12-10,9.69612084834168e-06,1.1650483163018065e-05,1.8852558540392626e-05,2.224216388585236e-05,2.374196540771434e-06,0.00017104496457191732,1.1903461995089651e-07,1.0410528965210821e-05,1.7017658925142077e-05,3.6594009321919236e-05,0.0007459939638315509,0.0008024931758613804,0.00013954977338406706,0.0006986216586127338,4.687142839413591e-05,0.0007619166716452122,3.281539054080871e-05,4.046642514464335e-08,1.5241526215200878e-05,0.00021326158180992437,6.132874711141606e-06,7.54547971449464e-05,5.8432691162017856e-05,1.0951273587248184e-06,0.000586002830965919
2024-12-11,5.930282949069038e-05,0.000314852662728012,2.0343041564855438e-05,9.023189317005739e-05,7.424513339836928e-06,9.003452362022263e-05,2.969716170328284e-06,0.0007113921891587577,2.6828004879714208e-05,0.00016094061223621863,0.0009553313620247692,0.0033190682381675904,0.00039741700000321337,0.0013668456246854108,2.757954796810623e-06,1.525470053815795e-06,0.0002926336662612017,4.04027429430145e-06,7.590040691217079e-06,5.433217617417421e-06,0.00030653173712126336,9.261622198822908e-05,1.8723565705055533e-05,1.0951273587249463e-06,0.0003493405145901127
2024-12-12,2.6685605594680132e-05,4.192247173075215e-05,0.0001711145380988866,0.00014937005812621694,3.1976522088031424e-05,0.0002182207807502945,0.0008615526125447636,2.682440996698404e-06,3.5356228375103034e-05,1.6094941528241145e-06,0.00020283437708443715,0.0002504992196796837,0.00021035696324803554,7.356787732489227e-06,6.574038446593689e-05,0.00044197708027820783,0.00023432799783197318,1.960320759764171e-05,6.800512214293042e-05,2.535540339095001e-06,7.460309083732442e-06,1.660608200721284e-06,8.471633086146086e-05,6.38592776460037e-06,1.191408814125031e-05
2024-12-13,3.94176236231042e-08,5.814332463468165e-05,4.7388293464812856e-05,0.00010533693022718087,3.130325456940056e-05,0.000147993945590999,0.000258764698172694,0.0001840604633545214,4.696676479944621e-07,2.6080583471428183e-05,0.0005178300875052858,0.0018019175515451887,4.499258895957309e-05,5.8276209907083105e-05,2.53116044778407e-05,5.031526546249689e-07,1.516429301446357e-05,6.513842939241758e-07,4.3623634937871674e-05,8.253494252383311e-06,6.733288129057461e-06,1.5084306534211943e-06,1.5306011182233466e-05,0.00018687059391080544,0.0008214564118403564
2024-12-16,1.8154333279999277e-05,0.00020443233102025206,3.434973749595648e-05,8.94159799272248e-06,1.655719839302571e-06,5.819181220125868e-06,3.2405510404435533e-06,4.7556772520299734e-05,0.00013594272865036545,9.23951312434053e-05,0.0002856723876215699,0.0035522283724718556,0.0006714690745661782,0.0002284571858337968,0.0004934204861974472,1.753469356168629e-05,3.700681128135686e-05,3.3062294808034095e-06,2.2543070137950824e-06,1.2407106728217352e-05,0.0003637736917230865,2.1878783762863514e-07,4.299116314900717e-05,4.212383679721171e-05,3.010314503614117e-06
2024-12-17,1.7045038845778604e-05,1.9480971320498283e-05,0.00013258035302526772,5.906009851383813e-06,8.441795120851812e-09,1.4791801792489708e-05,1.2935228681274461e-07,2.961653144067839e-05,9.356098664923584e-05,4.013500358534607e-05,0.00015059994815980703,0.001276214049830634,4.0365512047535604e-07,0.00013706676597430675,5.590461053951201e-05,6.835975698317234e-05,4.484256380812587e-06,5.045312458207477e-05,2.6063617280921515e-05,2.3265691057218917e-05,0.000311158256248564,2.2507143437468168e-05,3.3415303248003014e-05,6.53543407351288e-05,0.00017607907909321027
2024-12-18,0.0009154632704582386,0.0013500849953404998,0.002050478904287393,0.0001583303268166385,0.00015564489984387812,0.0003752549982844012,0.0012341038232268093,2.4240179452909152e-05,0.00046892083702429173,0.0014657186219882402,0.0001303116465121648,0.007469144981942599,0.005294791110769164,0.011569002302611523,0.0009001931952001128,0.0010371873647800473,0.00024828561028354,0.0009239326456129955,0.0011624984439418272,0.0017753203790462548,0.0001300227298157599,5.425516115083043e-05,0.0003917241774445122,0.0002216049900553403,0.0008585146082764529
2024-12-19,9.427752460405355e-08,1.992217870100275e-05,1.9780507970067794e-05,0.00023278230510616772,2.9462915255363188e-05,2.0166497325699755e-06,0.00015293409612289217,2.0562207675272142e-05,4.886231508796608e-05,6.779426418109833e-07,0.000185964989656799,8.168621253349202e-05,4.4651351259190086e-05,0.00046024338629797775,7.609910548618282e-05,9.44870426196575e-05,4.644272268041639e-05,1.2693567845389298e-05,0.00012499417967982423,0.00024294073155679193,6.586483809531451e-05,4.2312953606322017e-07,2.5754817527113396e-06,3.228604084057894e-08,0.00044346968186461793
2024-12-20,0.00014254763096393212,7.560023159784174e-05,8.6974156860988e-05,3.22391176205988e-05,1.5474118033037477e-05,0.00010774434684752109,0.00022411063156045592,4.5234826395515225e-05,0.0003474889371352662,9.690115817559965e-07,0.0009180031133409103,0.0012430398909686034,0.00043783577207773494,0.0003005244865632249,9.591329259354755e-05,0.00024371813738250427,0.00037349065522985283,0.0002173951286166333,0.00038895108553320347,0.000279111000518924,3.8187101919868967e-05,4.490923691365938e-05,0.00015618775846092272,3.491170221491002e-05,7.684417460019338e-06
2024-12-23,3.564520917020233e-05,9.400166239907594e-05,5.293550461579987e-06,8.490939163100021e-05,8.42171900094774e-06,2.227761346813106e-05,6.743946425312545e-06,2.9960070484306695e-07,9.364729267703063e-06,9.589759449258452e-06,0.0013127940967101888,0.0005019510256899451,7.275072997823843e-06,0.0014919123627272824,3.428582122203282e-05,3.1590642870863793e-06,2.6905369478735392e-05,5.753218588754934e-06,1.1017755839949268e-05,1.523379183635006e-05,3.04928599706765e-05,8.84730990509216e-08,0.00042860920161389224,3.180155565053943e-05,0.001955581574410777
2024-12-24,0.00012218534941027274,0.0001814053689969382,7.926303480327027e-05,1.7804229489348393e-05,9.54110323219707e-06,3.960229975411603e-06,1.2341675180013985e-06,6.469267495394564e-05,0.00013025415934041223,8.704954405850701e-05,1.5446707753891166e-05,0.005039745701425774,0.0008191546933794275,0.0017543547688816034,7.095874331488797e-05,3.538376770104998e-05,1.1325990079708315e-05,0.00013696730672730067,0.00026601394324457777,4.383409582440507e-05,1.5878147229164755e-05,2.4255766538727025e-05,0.0006482988048707571,0.00010730860062197405,0.00018150186496169557
2024-12-26,4.4525442079746825e-09,4.619012997859374e-07,0.00010401573372051223,3.2385431888944216e-07,8.72531712133449e-07,4.527261403972232e-05,1.9636264098554992e-05,5.0204620613570764e-05,1.0052637186675926e-05,7.732232372170428e-06,4.2865794326949555e-06,0.00031638640661919783,0.0,0.00035374723676543924,6.845722912659068e-07,1.5004769266746366e-06,1.4309992381286721e-05,5.984978995932921e-06,1.169258239898468e-05,7.185742729780027e-06,3.434014920920611e-06,5.177638289144834e-05,1.4072161817702689e-06,7.87668104788335e-09,9.579034654125949e-05
2024-12-27,0.00011198963932708039,0.00017908373752222463,0.00021566293614845778,6.776993543268683e-05,1.772864338410596e-05,4.753019293365704e-05,0.0001988209446991748,9.598800020831278e-05,0.00017770833844648048,0.0003046073636298233,0.0004447271510784336,0.0025750815751146173,0.0007904314549625242,0.0010379927808481177,1.398091092631406e-08,3.8131894240075514e-05,4.257902512261845e-06,5.413328795348419e-05,6.618152575124687e-05,0.0001018010699909767,1.3301498270302627e-05,1.3758095210967958e-05,0.00015012973941373636,7.964892976174522e-05,1.0795213239726515e-06
2024-12-30,0.0001317266213929475,0.00017927065972385455,5.9581008520067936e-05,6.407450444503712e-05,1.8522912560143875e-05,1.0206613120020268e-05,0.00015397096284187558,0.00017028257390312284,0.00017828059007489388,0.00017763410758210607,1.2231705177475741e-05,0.001126897153953002,0.0008069638522073318,0.0015169661897309467,1.3962028070809731e-08,2.5839118017675406e-05,0.000132681104240366,9.385361206684515e-05,5.9298576994768534e-05,2.4701753384748707e-05,0.00014064036469878819,0.00021017393615092362,0.0001431183781538152,4.5510741468313156e-05,0.0004933493443144668
2024-12-31,1.3282186940978498e-05,7.277647012972085e-05,1.6080416845147187e-06,2.8809698709649466e-05,6.36968467281448e-06,3.861737325570995e-05,1.4369933797527871e-05,9.427447319690874e-05,5.0166571987754816e-05,6.192522603153221e-05,0.0005545784559087202,0.0010923163889208535,0.0002157417237699827,0.000830563659575762,0.00017011856659596673,4.7461605277093797e-07,2.8118803657759966e-05,1.0717166378366758e-06,2.6515584632978815e-06,7.536621304377935e-05,7.903316880013678e-05,1.1196158884866644e-05,5.914723429901086e-06,2.4517799319684923e-05,0.00018408047039537167
2025-01-02,6.052450545049954e-06,3.834025643818266e-06,6.628971261750068e-07,7.531807360353039e-06,8.744640090017774e-09,0.0001821481949808968,0.0005076886601742898,0.0003276531635917557,0.0007068233462140509,4.832719019078989e-05,0.0008700119251893424,0.003936813986958598,4.45861294477832e-06,0.0012429244613835302,0.00013470721903616317,6.850291190693576e-05,5.8102648893731405e-05,6.1807665428897185e-06,1.4617494642052981e-06,7.935092912978313e-05,1.7283412528951524e-05,0.00010022554248622845,1.5064734008616566e-05,2.276348446930268e-05,1.7570069501497907e-06
2025-01-03,0.0001544016268261285,0.00026349811674112125,0.00021809192302918093,1.02565198883159e-05,5.486590931212253e-06,6.233299260495972e-05,3.4407120950945554e-06,0.00016350006507930096,4.0461552870179e-06,0.00012839931759276284,0.0018987171098581155,0.006233899220469086,0.0025220966180901127,0.0025942328371485824,8.655474977246669e-05,0.00012347335547633367,7.958689949507024e-07,6.164406014466026e-05,0.0001842572108624785,0.00017037887848296975,1.3916694329681818e-06,2.636121912116315e-05,7.446612152454539e-05,9.384475775747335e-06,0.0014854395314654264
2025-01-06,3.299392076974761e-05,0.0001305862632822912,1.6067807151725753e-07,2.0050142513899685e-05,6.431240668299261e-06,1.5199329624856796e-06,9.198035769549628e-05,6.381838122971292e-05,4.5109697616076076e-05,0.00011179556816387686,0.0011394722654572724,2.2054357522985903e-06,0.0004835530186299898,0.0037577369108792807,2.1008469977268192e-05,1.2689388783730683e-06,0.0011145446359293175,9.559663480246983e-06,2.388759172075522e-05,0.00016743450373414616,1.356047671466342e-05,0.0007737386003631642,5.090307226999276e-05,9.801784697214358e-07,0.0010756788615352217
2025-01-07,0.00012924274073220767,0.00032419095182991786,6.47921616658264e-05,0.00012863286949642115,2.133665882587917e-05,3.155773013449828e-05,1.0880262356476519e-05,0.00012525915690019554,0.00013117325947533865,0.00016617913645337502,0.004119860062539655,0.0017181581544492323,0.0014054079152830757,0.007212860571445397,9.884982144059953e-05,1.0892887754198795e-05,1.9249976439225822e-05,5.1682922794867625e-06,9.190140052813397e-05,9.137009951198962e-05,0.00031440089308760273,1.8914887474700183e-05,4.62985097052278e-05,9.344853823321616e-06,0.0002987634329378821
2025-01-08,2.131843040819534e-06,3.0502124343007247e-08,2.065841844010664e-05,1.6377781383689683e-06,2.5762013580759353e-06,2.8106995663039688e-05,6.543375886404774e-06,0.00012525915690019638,4.084373887917311e-06,2.674487188969788e-05,4.581615122450074e-08,2.160018821540528e-06,7.199918953863027e-07,0.0002715291761176345,1.046496338970595e-06,2.8418631825000937e-05,0.00010992796883035936,1.0923866844956996e-05,2.7048129609144554e-08,6.898663611796906e-06,0.0007537211040594929,2.4478064915555707e-05,0.00011757231505568467,0.00021730775200440178,0.0019424714132605062
2025-01-10,0.00023670529879328602,0.00024980583594072156,0.0004953508157653408,4.419605210119697e-05,3.3300325961683063e-05,9.04956160084528e-05,5.829396676503378e-05,0.001789357822892237,0.0005953194965619981,0.00017693134139045393,0.0009262776907048955,2.566083264722774e-07,0.0006465092498896915,2.248518127637955e-05,1.6655736879259843e-05,0.0008000818686847722,2.916837744274358e-06,0.0005965617856934664,0.00018222994920352238,0.0006104298805494844,2.181934958834843e-06,0.00048754668077874246,0.00016866495110722695,0.00010331543389770564,0.00237887492248555
2025-01-13,2.40014403904157e-06,1.0361944229445063e-05,3.744529568050716e-06,1.2318912107090295e-07,8.125884005990485e-06,0.0001000220072841761,0.0005675732540801698,0.0003812429263885162,0.00010811666483398171,1.772264994348925e-05,0.000396644986721964,0.0004613128763330223,0.00018194960230137277,0.0008838046843646191,0.0004336723945227656,0.0010393060855663119,0.001009519667547744,5.12564107512447e-05,0.00032153918969536074,0.00014880907270661126,0.0002829948198407934,3.113573428254239e-06,0.0002538533611745069,2.7667857464801594e-05,0.00012034691964480406
2025-01-14,1.8908725573735774e-06,9.022317697807113e-07,0.00012780771543626976,2.6896851976827766e-06,1.302366519021176e-06,2.741248127389668e-05,7.854832454878374e-05,4.669706196427898e-05,2.294001739403709e-05,1.332358234246209e-05,0.0001231003719453792,0.00030215612896894364,2.6294118934496647e-05,0.0002710643605577151,0.0001142870235839473,0.0006107268880667101,7.219049295439679e-06,0.00015137511676857813,0.00017584739685136907,8.246560202807422e-05,3.74865422091971e-06,3.1922777055971364e-05,6.589484862880513e-05,1.368924228481534e-07,0.00011108149665980786
2025-01-15,0.0003249554342541765,0.0005173604216986501,0.00037910173009961294,0.00029200906586803805,0.00014170145666223943,5.5667870069647996e-05,0.0007594369303356596,0.0010348760834888741,0.0003796598174602235,0.0006388299287129458,0.0011179771821995927,0.005977490597841563,0.0015430791914857072,0.005446888476241116,0.00021582305148231168,7.912771000066815e-05,1.0240632379465735e-06,0.0006336593801580398,0.0003813314499067319,3.254950079302578e-05,2.3062391700103927e-06,3.1769875582706804e-07,3.6475601632425315e-05,3.0784193423748306e-07,0.0010753562835340432
2025-01-16,3.7057244196387926e-06,4.9429317022546985e-05,4.026969646818669e-06,1.0384408368152744e-05,3.882112288818617e-06,4.743344958294758e-05,8.163650102546955e-06,0.0002801847687836991,0.0017006572818925275,1.653546013580536e-05,0.00039173797243067707,0.001170048430939278,1.4219670919961565e-06,0.0005797345233887338,5.200849102199535e-05,0.00022454566028479454,3.5447401445942916e-05,4.4185870553290084e-05,5.745057546711567e-05,0.0004200903092177767,0.0003659598988577082,2.8195963953602754e-05,1.9167402050202734e-07,0.000256870682038639,0.00016260897458383558
2025-01-17,9.979993506587415e-05,0.00028014447824799353,1.8588474377915193e-05,2.9640612777416664e-06,7.108002110975176e-07,2.831733342911062e-05,0.00023882756153565098,2.577427119565599e-05,5.635583147842904e-05,0.00010871109100199141,0.0009317340162293413,0.0009109080061770684,0.0002161605988677543,0.002304673950432761,5.917257752038212e-05,0.00020367973713666924,5.0149036876769905e-05,7.050472067042942e-05,0.0003628643941077106,4.4754756070226993e-07,2.5202562162162104e-05,1.53473260981253e-05,4.8795188086265085e-05,2.752366547422401e-05,0.0006339548019117264
2025-01-21,8.302376787298191e-05,3.4198486801593305e-05,0.0003618783305003451,7.931884908747531e-05,3.351875122789675e-05,0.00023613075308796564,0.00023882756153565066,0.0002970239200117001,0.0010521056550342155,1.5280343679131844e-06,0.0005019134820777787,3.264766717514743e-05,0.000974302517887358,1.9143813948738724e-05,2.6229736288368724e-05,0.0012338555002565066,0.0010272916821234038,6.933544623337787e-05,0.00021970555375857263,0.00034470274132412145,5.758626818826052e-05,1.33587978643784e-05,0.00015185946453432272,0.00024261512943125042,4.5272767531891094e-05
2025-01-22,3.142531491573893e-05,0.00016141083714999444,4.288964858524698e-05,2.7487232917740267e-05,1.0054084550039698e-05,2.6240110882991797e-05,1.2709934608003024e-07,7.087991286341859e-05,2.8415724419979134e-05,0.0016383545000788207,0.0018796828726472148,0.0004560378681494937,8.216527511904869e-05,3.166047702139959e-05,0.00033683767641770086,3.551796117381734e-06,0.00019105892707257322,2.2559601162419827e-05,5.223814312697647e-07,0.0003084507312502187,0.00038538265920854076,0.0003423253858089806,2.592939661239321e-06,1.023139474475551e-06,0.00014280045438284944
2025-01-23,2.9627107982563086e-05,4.510705068195826e-06,2.0659544840481142e-05,6.085135028250592e-05,1.9653703123610344e-06,2.004693026996261e-06,0.00010064678178064636,0.00023362213944960348,5.772247609827669e-07,1.3046829840667844e-06,1.0389321433096273e-06,4.353682202522363e-05,0.00010201489312771717,2.9233570035037873e-07,2.0844179304794054e-05,0.0004781391653700696,1.7089516490605776e-05,3.290673173491462e-05,0.0001383688278042428,5.369490647661465e-05,8.810701063340689e-05,7.263264755567937e-05,3.8462809772325344e-05,0.00041157146321759325,3.310723000009283e-05
2025-01-24,8.54653714555573e-06,3.2116026546639204e-05,7.810405585412935e-06,2.008158371439179e-05,3.850680280577311e-06,3.8433170660249193e-05,2.5288067866906667e-05,2.4123144259402207e-05,1.5541572422837418e-05,3.5399951464355624e-05,0.0010077093061554136,0.0002006355428773643,3.316657837532303e-05,4.4892894143245566e-05,9.408693886998212e-05,9.132488228903788e-06,4.144319431924103e-07,8.726694375527345e-06,1.7493701811827782e-05,1.171870487906433e-05,1.5050098849874668e-06,3.861259751804311e-05,0.00010152545308632486,0.00010072132901456154,2.64663258532778e-06
2025-01-27,0.000202958972409941,0.0008730272578788515,9.259020279826518e-05,0.00013782944904358355,4.7393983795049174e-05,0.00010939724273780579,0.0002642144620104818,0.0004495706824613982,0.000978790230431318,0.00046766699279914524,0.03457593302068174,0.0005506837023977513,0.0007022059875321834,0.0048314148643924,0.00010937818313278806,0.0009938107767116099,0.00018094332128127421,0.00011995905857901861,1.4488835444401147e-05,0.00017559161330209938,0.0016411616007359416,0.0011021451724160104,0.0007550803967941408,0.00010952829163799812,0.004338009337011957
2025-01-28,7.319723160611109e-05,0.00021526134071749256,1.2169225276689174e-06,4.6224424568988084e-07,1.9367224278308997e-06,7.429001949819187e-05,3.8090393906967065e-05,0.0001407341954745491,0.0012882395770720209,0.0008220726855934723,0.007309808635652186,5.588843343042681e-06,0.0004024440918578274,0.00018723785930110473,9.145494640032391e-05,0.00014268498410321202,0.009272408561700168,3.0700623886194813e-06,2.3432240319691486e-05,0.0001476046460031537,0.0002740092514983592,0.00042702815836056547,1.276729770497237e-06,0.00011329460728556078,5.3736963720679405e-05
2025-01-29,2.0186110853252944e-05,3.533289660883996e-06,5.271225554018328e-06,4.174916906071684e-06,1.6916618174546868e-06,1.4805588245549816e-05,0.00017695388869672394,0.0001901592226701976,2.121634788458363e-05,0.00011989641943041244,0.001753577081863044,0.0005217435100607957,1.2790315131418952e-06,0.0010275019916128184,4.982301713493893e-06,5.631975299282703e-05,4.593958337956309e-05,6.079826984716607e-07,4.404688092216287e-06,0.0001769552271710017,2.6085577095973492e-05,5.7900780789891786e-08,4.648959248588885e-06,8.685838840719326e-05,0.0007547305444071282
2025-01-30,2.865168600558786e-05,1.80887735685036e-05,0.00010231972194187883,1.4006121334351533e-05,4.9662273618445685e-06,0.00022596013830989518,0.0006446119893267241,1.4881230054697203e-07,5.508756769112986e-05,0.004070661969841785,5.853004016936389e-05,0.0008024701164721965,0.0006929303513865686,0.0012098667204472487,2.6165557032100734e-05,0.00225834525998066,0.0001339927960968207,9.043989102991033e-05,3.807704305163474e-05,0.00015980701561629584,0.00012802935516029488,5.0035475518868115e-05,0.00013749588216861394,4.486223095665926e-06,0.0001634671123587778
2025-01-31,2.8473523977039268e-05,2.1141888488788113e-06,8.119565518920153e-05,4.339167865762617e-05,1.0573151452817263e-05,3.89844727634149e-06,5.3858122221342596e-05,1.2017384840712283e-05,4.5087897377596586e-05,2.8378195603375374e-08,0.0014013714635500555,0.0001152325098056414,0.0001025816907516143,0.0011323094733479112,0.0008036319737552867,8.996888895496495e-05,5.117633576674968e-05,3.3775204707222874e-05,1.2063199391913043e-05,4.8671616557555365e-06,2.228763279268321e-05,7.256459500474077e-05,2.47954844534209e-05,1.0675324576481334e-05,0.0006144101268530788
2025-02-03,4.559623075650575e-05,6.456649563752746e-05,0.00013852815870388864,6.575854145007654e-05,2.4877592277533737e-06,2.8335166369696068e-05,3.131937512647947e-05,6.5879356308660394e-06,0.0011862653835305451,0.00010048925038319402,0.0008300801565616219,0.002818557345015,0.0003058797305804812,0.0005779084863559114,3.913872506164282e-05,0.0007283098340896358,0.0002689258944636171,1.67150271556049e-05,3.3663394777926994e-06,4.412204715769545e-06,3.392945304279641e-06,0.00027390244126933495,0.000194904385140417,6.855503108882918e-05,0.0002130139549593343
2025-02-04,4.470299358579964e-05,0.00014885346416823795,0.0001891925125762513,9.350667564359101e-06,3.826996502785782e-06,9.604465478287534e-05,0.0003610798145573329,1.5931878908076012e-05,0.00043223103779948277,1.2407561743030926e-05,0.000286088194283921,0.0004834957196517907,0.00046044541569713755,0.00020264457754951278,0.0004309944671693696,1.2228932761928607e-06,1.4653119394975484e-05,5.49324375331482e-06,1.785936102332212e-05,5.997464532377164e-07,0.0001125828135283395,1.3987231880717854e-05,0.0001508259802910533,3.7936051111470956e-05,0.0020027711827549006
2025-02-05,1.6372566227157404e-05,2.0500352256988024e-05,0.00011719442439895134,0.0002681522537723842,4.838327961559544e-05,3.832034203068513e-05,1.9706287536293245e-05,0.0003418869707096778,2.0121601927633334e-06,4.966753976561729e-06,0.0025780919768636883,0.001328859366096119,0.00011820646774894914,0.00035726409977089254,4.444084963147045e-06,7.398667072107526e-05,7.112484900756585e-05,0.00011033240029729859,8.556679612722854e-05,0.00019449502437350816,6.064843346285779e-05,2.725176582810968e-05,0.0002766135597002676,0.0006082013837477872,0.004189739781530897
2025-02-06,1.2038041184388132e-05,2.7103521748953264e-05,1.072397970506048e-05,1.9799616156941308e-07,3.4235778706674096e-06,7.042518764478179e-06,1.0436316411355684e-06,7.134601943109369e-05,1.0375050588940965e-05,3.7244575277895786e-05,0.0009226914018928934,0.00010471018255972047,0.000296857182896106,0.00030585599406024,0.00034480210566037776,0.0003321472811752859,9.031509797247845e-06,6.865795111667551e-05,0.0005589966195061925,6.275342817139462e-06,5.8634563184179056e-05,5.919360736853016e-07,1.443361125105442e-05,0.0001938938841742114,0.0002773651899247554
2025-02-07,8.456153830057234e-05,0.00016112319126503676,0.00013589439992849915,4.19398030882211e-05,1.9019553113137925e-05,3.1775563197389506e-06,0.00014362441701487277,2.9369891374999385e-05,0.0005885824778363617,0.00021624324573282617,8.05348306760866e-05,0.0011914331542752113,4.0641341008137306e-07,0.0002287178817292676,1.2787041828599901e-08,1.853507059990807e-05,8.557756615048818e-05,3.114435670372243e-05,1.5843451796376055e-05,1.0684265477661865e-05,6.4709639332103e-06,2.9194520109477637e-05,0.00027778626617462994,0.00012174692519370653,0.0005704969969909439
2025-02-10,4.581041179306169e-05,0.00014477789862134009,2.027688716341907e-05,9.1752564968788e-06,7.770403542400136e-08,0.00028211860961941656,3.4093146902450715e-05,0.0004038996988647268,1.4081910116668678e-06,3.612035623229165e-05,0.0008021906138325953,0.0009349648668730765,4.064134100812851e-07,0.00042684462694527776,0.0004743763105134868,3.296162493844093e-06,7.364461009092928e-05,6.309926070171045e-05,0.000303094653020378,1.9056626805388258e-07,5.311412098467005e-05,6.878946709601366e-06,0.0003009300303998161,0.00020605772269601365,0.0007174753736033907
2025-02-11,5.781247960339334e-07,5.681494640062434e-06,3.400517172213429e-05,4.128350538876422e-05,4.989500069833301e-06,1.3383053457056751e-05,4.723682885487883e-05,0.00012493750368110264,0.0004664258675534088,3.5871545714373136e-06,3.342488096487303e-05,0.004287616005720116,0.000487758233095162,0.0023717854292929293,6.45288310934116e-05,7.4487460211170035e-06,6.4521993753890225e-06,6.378518694085115e-06,0.00020933522106971952,1.898962789201645e-05,0.00014833054850182454,0.00012717858284052593,1.9202154977719395e-05,5.674484490402435e-06,3.1316821236252094e-05
2025-02-12,1.0412208246026073e-05,3.445156617519764e-07,8.572035991454752e-05,0.0001866740629214258,2.9365497900478904e-05,1.0953863646566991e-06,0.000135861122124479,0.0006365186777917014,0.00032780155704963446,3.4225841073502225e-05,0.00015822535918503765,0.0005803790476565007,0.0004599856508825179,0.0008722181376642994,0.0005957328658464107,0.0008142213223861152,0.0002749750721525328,1.2239723743055908e-05,2.79384612126006e-06,8.617497705848274e-05,3.1225004675949494e-05,7.832118110027922e-07,0.00012240844923643452,3.703572193139951e-06,3.096999400014112e-05
2025-02-13,0.00011029462257125556,0.0002040116837822635,0.00012557635218752374,0.00027179092072319967,5.999608572914626e-05,9.632462283514488e-05,1.665947522931267e-05,8.40460672380114e-07,0.00037955822794888085,1.3398664245971628e-05,0.0009706350022280282,0.0031510583830477563,0.0010859972605705666,0.006569933095070504,5.6196636660939634e-05,2.2129831520078444e-05,0.0002735651590408122,4.353431185654749e-05,9.944417282039319e-06,9.87081993229547e-05,0.00016220252774218217,7.149800903737093e-05,0.00019051469787657616,1.0826224184728787e-05,6.483926481954703e-07
2025-02-14,2.4060800387492018e-09,1.755520332130685e-05,5.654804428404429e-07,2.7941178808140433e-05,1.5186449259043263e-05,0.0002245042811389936,2.6057384810055617e-05,5.6095358932308474e-05,0.0001595281199500321,2.655247732129041e-05,0.000674634671772116,7.896260180081637e-08,0.0011556013722175324,0.006922847699524396,1.6038981628716193e-05,1.1555794560800923e-06,0.0007225871564514869,3.7342409287736697e-06,9.537473583044397e-07,2.09152762695812e-05,4.927982938112341e-05,0.002372225319006202,9.333464539152342e-05,5.1593766610508925e-05,0.00013159277262578918
2025-02-18,8.594086671288801e-06,5.126967357711394e-06,2.9948320149816446e-05,0.00014037373667768604,1.6669581860370567e-05,0.00026978946646853837,0.0004106350067451605,0.0002227164754041996,2.825739458903144e-07,8.751163709436332e-06,1.5628461102257593e-05,2.3752204738284644e-05,6.544536848928402e-05,0.00129069202055066,0.00018397510446568983,3.6969592443084613e-06,0.00015782971072054097,5.0657703399181396e-05,0.00014579977565176683,1.9933186556389057e-05,2.666904597086548e-07,0.0002394189527905573,6.261031930458513e-06,5.5601699043556776e-05,0.00010772773140739814
2025-02-19,5.532725013762342e-06,7.743845798429785e-08,1.1826253146657982e-05,1.5574274544829451e-06,3.1103236125228245e-07,3.068527630589088e-07,1.1215652075110618e-05,4.028101975589709e-05,2.67262100751825e-06,0.00015488882222025702,1.4894345573341284e-06,0.00032583187339304366,0.00013572469173855355,0.0005189043650805118,6.170390216131907e-05,8.00201902582439e-06,0.00010481965047377562,1.4694071761965738e-07,6.267745845789107e-06,5.779278200793278e-07,0.00034365828551378237,4.079585009558416e-05,4.484040297609973e-06,0.00026263475227711764,1.282564510167203e-05
2025-02-20,1.7381757176030003e-05,1.8094578516805034e-05,9.273230386587558e-05,1.3943767517774271e-05,5.823891032549573e-06,2.669780161952515e-07,2.1953537853982433e-05,1.595730982862363e-05,1.531009312838547e-05,2.7843531170535305e-05,3.96976830962602e-05,0.0002969476864389258,0.0007118533283442904,6.518469550634039e-05,8.257557602718973e-05,0.0001202624888769383,5.905566735295642e-05,0.00023862013499444674,0.002080121253457065,2.2709478974347644e-05,0.00012708430863255567,1.862035466635441e-05,0.004558595492102928,5.1989461766991865e-05,2.0650735318504688e-05
2025-02-21,0.00029763313362048924,0.000439858210189156,0.0008543191002761393,0.00014429730742667628,1.236581485355407e-05,8.518719697036572e-07,0.00014623770960246136,0.000991197096011375,1.2987328388804893e-06,0.00036925368535307653,0.001712657249632798,0.0023013351651009753,0.0037085861810648236,0.0074439305207135,0.0004411285469594505,0.0006989864267236464,0.00010206313259963692,0.0001570508260110545,9.295451932298493e-05,9.763585223109911e-05,0.00026486151069387117,0.00032040619091062094,0.0006408538923904961,0.00029736268707719415,0.0008762110722937293
2025-02-24,2.080148904249664e-05,0.00014100750345026207,5.23412301664669e-05,8.394804547141756e-06,6.673125930935795e-06,2.9320937944329708e-05,2.582834587092758e-05,6.715207165130845e-05,3.9595821988997745e-05,0.00010747169809391997,0.0009832919141820023,0.00047334725901835396,0.00035268375505304527,0.001291890475283879,4.831946114856952e-08,1.0884351762291998e-05,1.0437259400788839e-06,1.8710794925059438e-05,0.00012178384946429194,1.5372222394699127e-05,7.802817296500979e-05,3.3106765460324792e-06,0.00013877832946103245,0.0005339126353004303,0.0006219264881516685
2025-02-25,2.4854812171299858e-05,0.00016076519323896308,1.4435660906317756e-05,0.000292406232612816,5.8043014313559154e-05,0.00017625410211324894,0.00043839159435154064,0.0006011455621066476,5.9001485420840577e-08,0.0002314725927263697,0.0008075057040555073,0.007678130423328891,0.0028666170419992033,0.004404103243264419,0.00021048739933928368,0.00010198297519505104,0.00033971639524779256,3.849261602849943e-08,0.00023076602508862397,0.00014902789878819915,0.00020306293532647017,0.00015120370281431714,0.0017657856157109442,3.65213365880326e-05,0.0015321769528674407
2025-02-26,2.5464482739215767e-07,5.8217533664231865e-06,1.5691272875401471e-06,3.4688418689461875e-05,4.413437991759793e-06,2.326142632391094e-06,1.4502620708932338e-05,1.4320800111479683e-05,0.0007514408927930797,2.1056076380800013e-05,0.0013005434795359564,0.001635132980043414,6.692411222240637e-05,4.88158926852249e-06,3.255451492966855e-05,4.124814370514963e-07,0.00024465663345622394,4.669586355352746e-06,2.9006156311652715e-05,1.7609751800861084e-05,0.00033448082767672865,6.162145227589085e-05,0.00023623345566195467,0.00013672222301071998,5.587364397857293e-05
2025-02-27,0.0002589137981743273,0.0007932255743370839,0.0002362865969057951,5.0323407827885983e-05,1.7693426511961055e-05,0.00023584606456056962,0.0003547801257977282,0.00036781450729820783,0.00016416212906838495,0.000330382199861098,0.007848445259023624,0.0009551752811948416,0.0011344561079447298,0.00047476331106340453,2.8847216255196798e-05,5.7146712756970406e-05,0.00012480920291902374,3.0155473954525815e-05,1.008241051838289e-06,1.585298970634963e-05,1.5822769272228382e-05,1.523844320719656e-05,3.738557384372596e-05,2.1722084992618225e-05,0.002623786033644489
2025-02-28,0.0002397913883143403,0.0002454877115575757,0.00011203322091673115,0.00014863318912196,1.926376985884511e-05,3.950792126831812e-05,1.0074602771965386e-05,6.35702902811466e-07,0.00035914674912795137,0.0001276477051086692,0.0015157418214235565,0.0014726092537559168,0.00036296489130794294,0.0011697942003501152,0.00023693223135875892,0.00013342198227438818,7.603020259264604e-05,0.0004132209979671118,0.00045740962192561397,7.138237336717121e-05,6.159059809719595e-05,0.00011697148840413306,0.00034703839185884814,0.0004894444974887524,1.23274586900793e-05
2025-03-03,0.00031241885350035515,0.0004895395091213048,0.0007688240568663091,2.168052002427565e-05,9.949826375269896e-06,0.0001714602937932687,0.00023785927381197596,0.0006545282876695904,0.00025216354610165296,0.0004684484836039862,0.008271707725390154,0.0008319792691644833,0.002200901498088467,0.002195460081223554,0.0012652392463421715,0.0012419287015052525,0.00011738338607337964,7.170973871531375e-05,0.0002354631940125855,2.1854697127626443e-05,0.00018502322569037398,0.00010032553561557327,0.00010811166202809383,7.947472586011376e-05,0.00027084961313435577
2025-03-04,0.00014178875943513924,9.134187537498988e-06,0.00012923388716843892,0.00015355421398540448,1.08364004471534e-05,7.499610921473122e-05,7.496205046370792e-05,1.8612292567315926e-08,7.85280593938062e-05,9.536854128938666e-08,0.00028154654133074475,0.0020531037794435623,2.2671433575209925e-06,0.001057253162427288,9.459700803682033e-05,0.0002579233799317694,4.798911987548231e-05,0.0012823151366839715,0.0016486007976262756,0.0001350528135110139,0.00012502339261541494,0.00019100016466249486,0.000740596018271112,0.0011619920188265145,0.000641634177856144
2025-03-05,0.00011429052336093863,0.0001677488427399429,9.765846142660807e-05,6.425961524910051e-05,1.0309681419893924e-05,4.322857110229001e-06,0.000686720914631397,0.0006822060999877894,6.490892425448987e-07,0.000988164349697091,0.00012613020511142889,0.0006564364963761133,0.0008048245753839793,0.0020725323964457774,0.00021639509798140346,0.0012460280683133501,0.0006511226991684929,3.3552225993195315e-05,2.6028190724949027e-05,0.00012301186806303418,3.2950427777846522e-06,6.762634470679821e-05,0.00011191065474065066,7.552359460816074e-06,8.262910809305181e-05
2025-03-06,0.0003207874944708175,0.0007781222628323786,0.000237786609845911,1.0975868181334558e-05,9.790969243561519e-06,2.595047264783797e-05,7.2408547688583695e-06,1.6554859990018903e-05,3.0300647869302475e-06,0.00010716407816550851,0.0034911448151294495,0.0033300423836006,0.0022974120673637747,0.0014388563411410408,9.175693044790515e-06,5.5017266285491404e-05,5.489258362838593e-06,0.00027784566654614264,0.0004015240752206082,0.0006760250809312193,1.8410571258771855e-05,8.195136774083419e-08,0.00019767528582950229,0.0013061437935509282,0.0007912250068083933
2025-03-07,3.12381067700045e-05,5.3679509042905415e-05,1.0618091676759495e-05,1.0325038326546018e-05,2.459152089471848e-06,2.722957444217186e-07,1.1382763920362188e-05,0.0001797245222797148,0.0002486196000739989,8.210534271263796e-05,0.00036069252872029657,8.791820416692618e-06,3.5140621897404293e-05,0.00023100477918528865,0.00028752031609856067,0.0007224273069921826,0.0006753086079723949,2.786991623442065e-05,0.0003038088930386808,3.562600056093229e-05,2.675690639970135e-05,5.414901175161095e-05,0.0009821805039071088,5.754404884931618e-07,0.000214969328635459
2025-03-10,0.0007288223373774634,0.0015624097868580892,0.0006488919575678654,0.00010769674864807114,1.162776752119543e-05,7.734315326402267e-05,0.0002674759780297593,0.0002817669880539338,0.0024695067106894984,0.001156397930726836,0.0027038736652218068,0.028071575219197543,0.008386942951141813,0.03736452335089458,5.486413281753944e-05,0.00021424271440547834,0.00013425344267021727,0.0005129611912991986,0.0017985090206547726,9.363430074068545e-05,3.649081194553216e-05,3.0987877223002414e-06,0.0018879975271292974,0.0005429093694224099,0.0013969760632588028
2025-03-11,6.968229857447317e-05,5.727995710823682e-06,9.926848941059851e-09,5.1329266931190424e-05,4.2953713823148926e-05,0.00013593942551122778,0.0008283660713328687,6.1913141284949e-05,0.000877570689444605,5.815349471177091e-07,0.00027230730673489476,0.0013871959721927772,4.721623308404074e-05,0.004517133448085187,6.366632886430109e-05,0.00025230377532158764,0.00047126238605513053,7.352728744494727e-05,0.00017828018361674286,0.00013827579900339455,0.00012171734368425456,0.00032310803004169153,1.880448488302774e-05,0.002658309971022998,1.8076378499036887e-06
2025-03-12,2.8009620001571434e-05,0.00012583485667288293,3.034571764193739e-06,3.5898654579980735e-05,8.807096305365601e-06,1.881280729623452e-05,7.466352888849937e-05,0.00035036859503564244,0.0003109343331055763,5.453647502542198e-05,0.00388062503713281,0.005357315824008071,0.0008433759905398748,4.351957580684061e-08,2.0860837271198916e-05,2.340967429657498e-05,0.0002516950760412318,2.158636543198902e-06,2.9443010671279807e-05,9.610249891320501e-06,0.00033542116987192157,0.0007740166819780887,0.0006734852154967133,7.649459409772271e-05,0.0016650843931326007
2025-03-13,0.00018009817885346221,0.00032957981646396,0.0002259150364309673,7.661652484420908e-05,9.942275905158845e-06,0.0003097721702675002,0.00029107077863668154,0.00026704770108674776,0.0011711894801964854,0.00013949135148437272,1.913776106880131e-06,0.0009195054870151108,0.002375566610282369,0.005955796918608381,4.704321313361731e-05,0.0002061363865783707,0.00019145493659331451,2.989924510108225e-05,0.00014309856849895823,0.0003974353704928808,7.383710946525188e-07,1.7055994507397335e-06,6.806031417306867e-05,0.00037337205207648935,0.0007262943640283397
2025-03-14,0.00041801397121595375,0.0005703996738003912,0.0005708271349506877,2.8186715215853814e-05,2.1462190201595505e-07,1.5974239786923833e-07,9.534077803697537e-07,8.4144771374058e-05,0.0003242687050487216,0.0006511969725223926,0.002636771495213861,0.0014373711265981122,0.0016190700024817262,0.0009751473087274403,0.0008505720858289167,0.0003539404798789663,1.4200375588867578e-05,0.0005258820622998777,0.0010040992541130833,0.000393021759243345,1.2210245053575242e-06,1.3575413338285343e-05,0.00010017863623651097,0.0003278634673192681,0.0008256514170017974
2025-03-17,5.9007526343404306e-05,4.176771660580053e-05,0.00015721834571540009,2.478185396259905e-05,4.145638276373517e-06,2.9148471433844676e-05,1.0568940102144385e-05,3.518227983376291e-05,5.692991567006559e-06,1.2979173179837552e-07,0.00031488772908897265,0.0024076912988570533,0.0002538475311341624,0.0009855668483949515,0.0002498197825742099,7.733862774914558e-05,9.512921521727803e-06,0.00013640287071069984,4.0829168960760054e-05,0.00028678336701165195,3.399001480799202e-08,0.00011236638318450241,0.0005963912802323174,5.2893498087382865e-05,0.0012407622051245032
2025-03-18,0.00011809302572172539,0.00029564661289679006,7.605743501745472e-05,9.85269552944938e-07,5.763679580690218e-06,0.00013466126409694064,1.683421763134652e-06,4.761533089687026e-05,3.77037426589423e-05,0.0001799915700528355,0.0012182283025279933,0.003006926097927119,0.0012555916741501592,0.0017863453053847927,2.701362537522137e-06,0.00030479685976843643,1.2708536544057089e-05,1.495633900491858e-06,1.96774500967048e-05,2.7537685648516774e-05,7.432927015704146e-05,0.0001476048528157048,0.0004671277196938137,1.0139902095239947e-08,0.00010773739815293865
2025-03-19,0.0001173278099451087,0.0001766940660886072,0.00023810371021362004,2.6709968196057857e-05,3.4632061849511606e-05,1.6804214575342338e-05,1.0541505459974545e-05,8.432932974216744e-06,0.000142040607832244,0.00012431249747075498,0.00032199613136135974,0.002094086543902343,0.0013567364326575366,0.002156414165953518,0.0002618321148982746,3.1994969646678216e-05,7.304267219763081e-06,0.00011997725189008279,0.0003050564154223308,1.4519667098481795e-06,5.930242072963814e-05,2.6161526566290058e-05,7.411157346587271e-05,8.868170106196823e-05,0.000672797448700906
2025-03-20,8.385497407695699e-06,1.152792999794321e-05,4.055227715807573e-05,4.324483287097263e-07,2.1546451063107904e-06,1.6420015432425152e-06,6.663964059143887e-05,0.0003213894649040717,2.8201420988046242e-05,6.401760801018215e-06,7.323127280247976e-05,2.8711913713916603e-06,3.594672971279492e-07,1.0987131313492422e-05,1.3365043572719903e-05,4.933163558257496e-05,6.609474052562997e-05,1.9914220288344134e-06,1.7496693327150657e-07,4.317115552290768e-07,3.3879560399485085e-08,3.683728120280756e-05,3.6501130714485726e-05,0.00020624909667888648,7.275746012211576e-05
2025-03-21,1.0873924462765671e-07,1.0832697497065965e-05,3.859566623211131e-05,3.523560694988329e-05,1.8997652853424586e-06,6.532642806943724e-05,0.00025162976137489083,6.616455009255601e-07,0.00037209210642755685,0.00012907672345450607,4.9379724806549865e-05,0.0026373068362484315,0.0008502398786310072,7.4809842688243275e-06,4.901459277997776e-05,1.956479715507359e-06,0.0035616592858901145,1.3196962227111365e-05,0.00011885933788553671,0.00012380194112243055,1.394916604019806e-05,2.6480880652335415e-05,2.22925907677375e-05,3.6613683720110656e-05,4.296691996042149e-05
2025-03-24,0.00031506167395087124,0.0004711958713709675,0.0006038872346356874,0.00010622465924382913,1.8755237920921553e-05,1.991382398955576e-05,4.002853961860861e-06,0.00021502005088207455,0.00012560446630919574,2.1536303645693223e-05,0.0009631293738073742,0.01270928728070487,0.0025735364125348873,0.0045045586950899375,0.0001283564195928149,0.0003023861918944843,0.00011648090672927269,0.00030555271447897447,0.000689749637267558,0.00023350839888801054,4.326387664509711e-06,3.9171931841510606e-05,0.0003031009655899541,5.202692689956843e-05,0.004529331734279585
2025-03-25,5.76427205363552e-06,3.238010109970535e-05,3.101845810365402e-05,1.2415602978961218e-08,1.030662077490927e-06,1.9278350023500494e-05,0.00041955615315602955,6.425155043026424e-07,0.0001846626540769489,2.7854124225911748e-05,3.537867521767622e-05,0.0011849748102774602,5.454847246433986e-07,3.4150207763612836e-05,1.668191971526427e-05,7.709655405377694e-06,0.00026141079622320207,3.099856774062126e-05,0.00015129177833871874,0.00012732383261061366,0.00019597936058372755,0.00029061815262339887,0.001004936783258991,0.00020088537829061797,7.050604424577235e-05
2025-03-26,0.00014424171564693692,0.00034492168716662367,0.00010426168937308014,4.349159748570743e-05,1.6542187522721796e-05,6.828088945420654e-07,2.6777027461548586e-06,6.379604612290791e-05,9.942540679115955e-05,0.0001747933656803669,0.0034968666517797516,0.003297504605862891,0.0021986241035244795,0.002667351733855396,3.4598391454252825e-05,1.9510013797148538e-05,4.8832599270491916e-05,8.873271452549754e-06,1.5866511656467072e-07,1.51618201426753e-05,1.8817338285900743e-05,0.0005128479565666933,2.8038063952435027e-05,6.727358416828222e-05,0.0016869417283735275
2025-03-27,7.071795983276289e-06,3.2653222344217853e-05,2.2830484131966016e-05,8.524922453570596e-06,1.4518464277534762e-06,0.00017733372975525092,0.000652650851222065,6.32497990586223e-07,0.00010853852531766339,2.4425729376938565e-06,0.0004282548507254804,1.5407736441216352e-05,0.00029519474941223825,0.0007883768021763541,9.508041844143456e-05,2.830605500838557e-05,4.24208300762908e-05,3.963530057996581e-06,0.000135955446425186,6.538173151070335e-06,7.535957915413454e-05,0.00016143244367283394,2.417400349618435e-05,1.0757477882729621e-05,0.0010662648702391188
2025-03-28,0.000413871238734089,0.0007118549331844216,0.0004219309443043334,0.00018875879753849894,3.611849806889551e-05,5.4535097183955835e-05,0.00010546585271344061,8.932281600556783e-05,0.0007257639926261355,0.000937850469947999,0.00025347113848436407,0.001274835114709823,0.001749205694519084,0.006539868337511855,2.2553816394673455e-05,0.0008255188041052273,3.1963918081852084e-06,0.0003810217509307738,0.0004608950492142245,1.7871225435802245e-06,1.2596720537677191e-05,1.6310571216092477e-05,3.159759809534255e-05,0.0005749717385838528,0.0010686239836755769
2025-03-31,4.476215427763813e-05,1.8179146343214849e-09,2.3045673443085498e-05,9.6536547683304e-05,3.740133876622198e-06,0.00020337752180186623,1.0409661551612931e-07,0.0011333532444711297,0.0003696596022510567,8.177219431713872e-05,0.00014000459136170174,0.00028215302540926903,0.0005413301337493969,9.647383049161715e-05,0.00012044955253010195,1.1129554667435148e-07,0.00013816365890654295,0.00014687082772790792,0.0001007611525166567,8.481352634194089e-05,0.0001671027025570789,0.00019946868152986,0.000932277951837385,4.100387083831438e-05,2.1726228898839846e-05
2025-04-01,7.954528596657424e-06,6.446162776036227e-05,1.0007673672919084e-08,7.444745548546473e-05,1.2729943341961386e-05,3.921151008968035e-06,0.00013653153563911668,1.0485518265143694e-05,2.2663798732594472e-05,0.0003222835658387507,0.00026242441091595294,0.0012430031300500759,2.1280508726974486e-05,0.00017446723800679264,3.443615532743932e-05,5.43852366782572e-06,1.8585940786341346e-05,1.4526713583277098e-06,4.4999792805486944e-05,1.952230077566531e-07,0.006233550893198522,6.74271905524755e-07,0.0001386938956674724,0.00010791120489537315,1.5152758331962195e-07
2025-04-02,3.979710105370434e-05,5.2880912497825404e-05,0.00024540418508383065,4.3056590641899135e-07,5.2812887564288486e-06,4.200695392828445e-06,1.7937415686012424e-05,7.269319853379576e-05,9.805391723286217e-06,1.7097369537771596e-08,5.993666557788814e-06,0.0026932592306827836,0.0007756923550647782,0.0022253392954506247,1.909910961950686e-06,0.00015120802013703175,8.806483062481501e-05,6.736118770703935e-05,7.789475837225005e-05,3.66449017220845e-05,0.0001869910707478768,3.886616312457674e-05,0.0001084709724098142,4.1831606678082284e-06,3.061746526360319e-06
2025-04-03,0.0025539413658141495,0.003027175157271658,0.00440223603045148,2.1005395686859596e-05,8.430902565525597e-09,3.6682187998825734e-05,0.003933755590822942,0.005363741799003108,0.00941157485053902,0.0005718714287419994,0.006606623952041941,0.0031698839404978043,0.0073190239258613,0.004754632749046795,0.00668496785618976,0.008156734158938198,1.771326854088469e-05,0.002549861244077227,0.005217490375389383,0.0012056811915329016,0.0008010668261627222,0.0002858317819007671,0.000797903980378093,0.009390621243156073,0.008681704706384592
2025-04-04,0.0036392938588682786,0.004111557969528861,0.002082464454146094,0.00011725907786955938,1.2156630958205633e-06,0.0005602785920616521,0.004186096227336188,0.003819463960110497,0.005727504520129739,0.0013114343576342462,0.0058404560620326515,0.012107860889738285,0.005341503580749984,0.0038011651817352297,0.009314154891329262,0.003547662561092119,0.0026051897139845103,0.005775550275559784,0.006050780221672434,0.001968623652832993,0.0017676044485155896,0.0026438758752000157,0.002281487952753999,0.003798394145144591,0.008030340351669807
2025-04-07,3.17809138840611e-06,5.809882025224801e-06,8.26730262877295e-05,0.0009376048299625934,0.00038735248437633997,0.0004717578216271476,4.898195329215551e-06,0.0008397707547151648,0.0014007013316990518,3.0444619812920276e-05,0.0012040861406566784,0.0006748971091278473,6.519172705975866e-05,0.00042344547857720596,4.220301887190339e-05,0.0007971860793379509,9.50041859018517e-06,6.2084342176192095e-06,0.0003837687611974589,0.0007074343242938342,0.00029739379100898934,0.0004722182490790811,5.873047613771082e-05,7.602797467596268e-06,0.0006265437004704501
2025-04-08,0.00024922287729477557,0.0003302465787068332,0.0007127199215242977,0.00036323645982862734,0.00016224852445046554,2.9474365678462926e-05,0.0,0.0016674705319990298,0.002611397473889136,8.582522208140088e-05,0.00019096035357946806,0.002523628669295841,0.001828872282425903,0.0014167737433798163,0.0005476880545482515,0.0004881718328171413,0.0008232095166077966,1.4925839824065995e-05,0.00012696814847152157,0.0007397893832069468,1.701416848336244e-05,0.00013340046950767722,0.0006069297461615794,0.0003667121442662377,0.004505680021640814
2025-04-09,0.00997258802901936,0.012849619177549912,0.00665552412773645,3.443625689633938e-05,0.0002747080328580836,0.0013193960853244045,0.0011113171466989738,0.00419840043037292,0.020339701390475376,0.009317025979960272,0.029453649798794373,0.04181639730939127,0.023686391399932432,0.024420457807311557,0.005564233462410993,0.008880146611863688,0.0017390613793299209,0.0052794204329656685,0.00600237582451497,0.003357611503787037,4.154794022941408e-05,0.0006007143529117744,0.008317506573388438,0.012630211775780244,0.045651702086152345
2025-04-10,0.0020077610904487967,0.001889040641778542,0.0018426704821661764,0.0007815090011135357,0.0002939264560433767,0.0005822613827262933,6.099312703492899e-05,0.001156941648317637,0.0018764949294638776,0.000560971879130292,0.0037145621873801394,0.005703576800542198,0.003515252164427515,0.00185738977367851,0.0045635814959904914,0.0016131122467011889,9.945757285148357e-06,0.0008035143518786292,0.0009821055518528699,0.0005332056370410301,0.0002315711446754662,5.7913729257613856e-05,0.00012564688500575622,0.004946244752135335,0.007708882028798494
2025-04-11,0.000312777213192265,0.0003332588463186695,0.00020962332971851506,2.9420818425985704e-05,3.614231080611461e-08,0.00035746706735516727,0.0010030736414185244,0.00029935870987517514,0.0015834039798708845,0.000340289384871463,0.0009460276618836028,1.271820646971803e-07,0.0009050544678622448,0.0011613394430055192,0.0006006816142730459,0.00021689301112800985,0.00056960577706594,0.00026956847583639663,0.0015401265296244848,0.00014763204203686585,0.0004096138949410503,0.0004110749091122146,0.0005703568001812607,1.5977460221801423e-05,0.002665812480155497
2025-04-14,9.321061540905183e-05,4.563474812672366e-05,0.00013692840104657496,5.0550940183092894e-05,3.7919533730843925e-05,3.274492661954785e-05,4.209335271441871e-05,9.029295796738572e-06,0.00047586322492656824,2.718928377553817e-06,3.94101404217688e-06,2.514014241610205e-08,6.448741110579368e-05,3.763821195776696e-05,1.2552886074232739e-05,0.0002492812521744773,8.576892187388446e-07,0.00010470534326272645,3.950868337364966e-05,0.00041924278473311595,0.00029532615471443343,0.00017457683153228448,0.00042370518141877765,7.360818735394568e-06,0.00013708833830259695
2025-04-15,7.865918073661654e-06,1.2415239191409701e-06,1.5186154837492304e-06,1.2505558536658579e-05,2.8826734337755786e-05,2.723522651122532e-05,1.04163496744669e-06,7.311219999932822e-06,3.526878549401598e-06,2.89211276056136e-05,0.00017872495506270062,4.830541300431995e-05,3.9054585568870725e-05,3.290371906170081e-05,2.300794680389169e-06,0.0002514440194805701,0.00014863766155749967,6.460967467011696e-06,4.620081617060717e-05,9.249303778745784e-06,2.3093905839861217e-05,1.5287159746548374e-05,6.4887450048591e-05,1.702152698999407e-05,6.930643199788967e-05
2025-04-16,0.0005053015412780161,0.0009374365337851855,9.274959080697817e-05,3.095759927115421e-05,1.779451841368291e-05,0.0010254450376741852,0.00013996002700358772,0.00035808972047914186,0.0015770150968314716,0.001390753677519011,0.00506823647408665,0.0025695514161591052,0.0010296562722055718,0.0003733846744914052,6.705898643879794e-05,0.00012713456418098981,0.0002510816210141626,0.0002489672406227131,0.00023146661842252106,4.914854451603466e-07,3.5572610258185555e-06,0.00015433889141453972,0.0009018150053144524,0.0007130678100604899,0.005821388113023252
2025-04-17,2.0328838599014976e-06,3.2424235744695404e-08,6.610075606835626e-05,7.870550179805756e-05,1.9713339216904943e-06,1.9363163647068946e-05,5.014763690063934e-05,0.0006357725195000497,0.00019191520998490966,0.00010732762200024246,0.0008486238366152693,5.557672464518043e-07,7.865095340998857e-07,0.00026382463815751236,0.000498783220294609,0.00019785418276305132,0.0007632659735001508,6.6345006796321e-06,0.00010368987512661087,0.00022050305380404072,0.0005228974584575734,0.0006331763990400719,0.0004847544002636319,0.0005928139855102356,8.078536492500155e-05
2025-04-21,0.0005803581543578094,0.0006279096451263849,0.000410447204845987,0.00031097291715346186,0.00011731498549345081,0.000928221344202864,6.543320593400498e-05,0.00015512483870027332,0.00038350673678490434,0.0005677898620922278,0.0021323573474992807,0.0035023632132370414,0.00023060395522408542,2.9380327074558008e-08,0.0007013252983913518,0.0007867909486037091,0.00015543802229559193,0.0004695610720068275,0.0001660651223080939,0.0004436532845809461,1.224277527394714e-05,0.0005199701613713298,7.61628273592098e-05,9.209411321724431e-05,0.0005026984466208054
2025-04-22,0.0006597311757758019,0.000671505977887765,0.000653028608139131,3.098081653172248e-05,6.046726475325135e-06,0.00020441538597379297,9.569797365485789e-05,0.00011816689048385372,0.0011220901582454318,0.0004500598068009414,0.0004090657792217339,0.002024494415605204,0.0013769100326145257,0.006763104801633858,0.0006316117789981945,0.0004986631948456509,6.639927266882255e-05,0.0010590181701068374,0.0008073931960329882,0.00036937497868544253,2.7830250932609018e-05,0.00016304640146672827,0.0006791941401932146,0.0006040021812524776,6.639251635508614e-05
2025-04-23,0.00023643757880851483,0.0005028702060726263,0.00021668166886087883,9.343332426494039e-05,1.962552964053354e-05,0.0005890716386928893,0.001246208856298863,0.00036909183937959854,0.0005779346776694944,0.0004172523099330308,0.001436507020056234,0.002732356459871906,0.0015141550284399723,0.0006224693026740144,3.4023988767187566e-06,0.000245697403044266,1.0088369417112828e-05,0.00013934435446994386,0.0004931017878964339,3.400144842099986e-06,0.00022915182249212625,0.00016614247927066142,1.3435737458797823e-06,0.0001916189779771853,0.0021872101937741696
2025-04-24,0.0004339069844095936,0.0007699848379429523,0.0003931681687351193,0.00010985266541405368,0.0001040167939573495,0.0002088415575681606,0.0,3.608219629170203e-05,0.00033337107197268487,0.0011493103794426,0.001265800069372768,0.001181895532414027,0.0017359057083760224,0.002071078636434422,0.0002520206398087194,0.0013549439831994736,4.9112215469779565e-05,0.00012199623426143787,0.00023990372474822096,1.3530363491864303e-05,8.412021795675921e-06,0.0014537310021208042,8.508945986163209e-05,0.000941565237186717,0.0019491078569164805
2025-04-25,5.183135652378771e-05,0.00012290578270771226,9.55036437255962e-08,5.386250871203427e-05,2.800748568080805e-05,0.00011882916201241589,0.0002832257164895354,6.874988934031294e-05,1.8990413021300408e-05,0.00013641565242585282,0.001775176173340448,0.008745708716335928,0.0004001045557433921,0.0007789267470894186,3.308165553647398e-06,1.7873104383991592e-06,0.0005260197796240536,2.2830598452626044e-05,1.9940249167746405e-05,2.966908942130847e-06,5.114632489003929e-06,8.642444715310562e-05,6.172133057361891e-05,8.970906329968272e-06,0.0005204733369016106
2025-04-28,1.453358352131308e-07,1.0076590014095557e-07,1.776966016488536e-05,3.9441613385806276e-05,5.34729145739835e-06,0.00019998591003914923,2.1605073605231435e-05,0.0003448112208404966,1.6817210420177764e-05,3.10639664311909e-06,0.00043066865521947415,1.0617107422098948e-05,2.2041870619505377e-05,0.00044375800684384086,4.9209214826979945e-05,3.95417623345366e-06,8.011008878303108e-06,9.726781662283616e-06,1.8385221516079929e-06,3.828041401419035e-05,2.468886030262378e-05,2.6434117344003822e-05,1.8663724412670658e-06,1.7689826766031507e-06,7.256375145544032e-06
2025-04-29,3.9431757223380064e-05,4.33316092638999e-05,3.459522542589059e-05,6.971613411369592e-05,5.3219650453180755e-06,9.577869380478049e-05,0.00014390798525424343,0.0008175411696185659,2.579604622692024e-05,5.381329409252536e-05,7.09445439489556e-06,0.00045302453848003867,3.185054677108542e-05,1.7479547328376808e-05,8.390493990890834e-06,1.2245171861120127e-06,7.418084401890257e-07,0.00010663333235249941,3.294297990686685e-05,2.86637549004349e-05,1.2948109745494028e-05,6.4007284556865e-06,7.352702918363331e-05,0.00012409696417095109,1.1761364913311502e-05
2025-04-30,1.5757462186822111e-07,1.592850261484763e-08,3.959326587598148e-05,6.60348468467525e-05,2.2202584068402233e-05,5.640540585028899e-05,5.9911032762810005e-05,0.0012528089799546502,3.7075624896772735e-05,9.556324793847456e-06,8.422577933519261e-07,0.0011821379894049674,0.0001817289847680363,0.0002510039491853261,0.0007466635747727777,3.678109578023303e-05,1.5381198190269366e-05,3.4131330178075784e-06,0.0,1.2360278424675371e-05,6.564433137260757e-06,3.6430759340998415e-06,0.00015675530144036379,5.836835969869935e-06,0.00017794880527734615
2025-05-01,4.987072490369368e-05,0.000168381813774922,3.8321747111101535e-05,2.584048614971808e-05,1.2396982408880806e-05,0.0004406248729668628,5.069318325626749e-05,0.0002247252225309435,1.4834749215566864e-05,0.005400198966873133,0.0005952141784781659,3.3980906398295487e-05,1.8983641075504361e-06,6.189927831103078e-05,1.3836431909480573e-05,0.000226534358605683,3.952469996204487e-09,4.2050202118864584e-08,8.532080768811367e-05,1.0744299421315012e-05,0.0001417489212357082,0.00025791644561955933,2.7026243030147434e-06,2.3730245051230335e-06,5.20777957845486e-05
2025-05-02,0.00021712120749449405,0.0002171128816214916,0.0004947385514070308,0.00011844519357336072,5.900230789907242e-06,3.0508686313210303e-06,8.517827135847518e-05,6.297766285161259e-05,0.0014499031387974646,0.0005271458958590647,0.0006535308549225399,0.0005554808505302365,0.00048458016399975456,0.00031941102426366364,0.00021020222720326395,0.000929622236501191,0.00010717029436340302,0.00042050596607397147,0.000506605335240934,0.00014944040490557414,0.00011426957188929701,1.1355219731089873e-05,0.00018666108482037828,0.00033602881171744607,0.0004840622268018348
2025-05-05,3.307294524499161e-05,3.540455364411601e-05,5.946240319028665e-05,3.137023577882397e-05,1.970924778767799e-06,0.0008661484781626752,0.00015096544551349047,0.0006736610446660723,0.001021695940009149,4.172119975380043e-06,3.548075107853515e-05,0.0006000465286241418,0.0005564972614454207,0.0007483285643141817,0.00033189873150135847,3.106659510738185e-06,6.89658244986446e-06,4.162318171751232e-05,3.921833255791663e-08,4.981448799038766e-06,5.183794897824381e-05,0.00011202551914903878,3.4296310806685664e-05,1.694943336320648e-05,0.00032238838461663434
2025-05-06,7.044812073009583e-05,8.733444549446368e-05,0.00012029313833208209,1.1014360714355864e-05,3.862135500591974e-06,0.0007638875527379021,0.0006146374294565644,0.0012341178664667502,3.6575088279523925e-06,4.327936746778657e-05,6.066471428073581e-06,0.00031239645923877857,0.0014751942541107227,0.00016046892239108887,6.166706350197872e-08,4.753049286532229e-05,5.082830860423602e-05,3.225783782740815e-05,0.00017404052033232275,5.988360934856952e-05,1.1731707071544091e-05,6.97383560354451e-06,6.215131335487802e-05,4.2400674213451866e-07,0.0003911971356307871
2025-05-07,1.7610685748157453e-05,1.5353330418528628e-05,1.0876572535822887e-05,1.7791818731180985e-05,4.2204430108837605e-06,0.00022820915095386404,0.000597935469289703,0.0002895796429299972,0.00013110412910628114,8.523961294833703e-09,0.0009321648732343675,9.951603332813673e-06,0.00027122255309884987,2.8139333178791104e-06,1.3884686751754859e-07,3.502951714253199e-06,4.382789993673708e-05,3.4596471894964564e-05,3.152424008381785e-07,1.266187335222895e-06,0.0003295988663376264,6.31664353273876e-08,8.049806473588798e-06,0.010448944097238799,0.0003058867704464254
2025-05-08,4.821549256889005e-05,0.00010551262588374543,0.0003559476802476623,0.0001257045027933704,2.5506906266816176e-05,0.00039564348418537126,1.0359883077437423e-06,0.0010483559494396343,3.9672286269881405e-05,0.00012235149355355524,6.994599950385836e-06,0.0009400217072350456,0.0013845791736549111,0.002433714954698929,0.0001709174561045725,0.000150994728835758,4.607200680493192e-05,6.817761409295966e-05,0.0002633370831654045,1.5554557927640862e-05,0.00010984517553419774,1.6208673331067617e-05,0.00020355077787654339,0.0008554364526323773,0.00017592163836099156
2025-05-09,1.625440855207427e-06,4.2974243202979736e-07,3.3887583299738143e-06,2.233967462568137e-06,1.4070896836212285e-07,5.225100542169513e-05,0.0001316753484949458,0.0002334494574738231,2.758581690442372e-05,1.6311888755942272e-06,3.7863901986396834e-05,0.0021259656065129944,5.4486330642339966e-06,0.0012523673241130566,9.995519451313002e-05,1.777622033172679e-05,4.539967983013536e-06,0.0,2.371365073650695e-06,4.408196463173062e-05,8.637681980140704e-05,3.918334328461643e-05,2.400097126935503e-05,6.037772894515442e-05,0.00012425725298393435
2025-05-12,0.0010570930458026848,0.001594576398821696,0.0011939568178487706,8.7396295913363e-05,3.525325106528242e-08,0.0008177055793719872,3.273023743976045e-05,0.00021765793967805328,0.003749441531893432,0.0005625257654447096,0.0028096795869197648,0.004261482471749169,0.0035009405954612386,0.0015108323207322712,0.0006629791722552349,0.002569123992600603,5.78463685719033e-07,0.0004021707659361581,0.0007381158728177086,2.4232434938569177e-05,2.6925530388515295e-07,0.00041380181689145367,9.617796619888658e-08,0.0017683791157795882,0.0025067445451055683
2025-05-13,4.3325758733987296e-05,0.0002287907936631515,1.3318945093726476e-05,1.653779313658547e-05,7.125251983028227e-07,1.806206446222831e-05,0.00010148545180677775,0.0008417463793720381,0.00010203133667512421,7.13176059911806e-08,0.0030042861944638384,0.0023140833779288048,0.002744172308662532,0.046184521631928294,0.00019519941200494802,0.0008263617775070802,0.0008166285413443445,1.6973525245034344e-05,0.00012810300516306826,0.0001639640610752875,0.0014198130080047139,0.00018437452175207365,8.15937511173562e-05,6.436455484094449e-05,0.001548882764857051
2025-05-14,1.63108294271855e-06,3.5702597881958234e-05,7.933328672802553e-05,4.4334388318387515e-05,2.575427726066938e-05,0.00045208440730535964,0.0005281612183773248,0.0001546290324275707,7.96286698655643e-06,7.09794274062982e-05,0.0016641718701690348,0.0015945583676130208,6.808991092643163e-06,0.0006262449796655564,3.697923244446006e-05,6.728592456240597e-05,0.0005491109447491244,7.5334279504003684e-06,9.900206876139241e-05,9.768599442821112e-05,0.0001991378241212976,2.0097230421852427e-05,9.720943300537286e-05,0.00019345867307888313,0.002089526514240659
2025-05-15,2.3741819152108397e-05,1.2063785492826591e-06,4.2347653975534214e-05,7.65967677464325e-05,5.090669294252666e-05,0.00025083811724892457,0.0001496362348332846,0.0002797538924631826,1.7247849258993668e-05,5.078375887220858e-06,1.4253270955015063e-05,0.00019816040864785952,0.00021096814783682087,0.005586348259533062,1.7756747694183332e-05,1.8390848112390436e-07,0.001219036716720214,4.425310236653763e-05,4.816222747782311e-05,0.00032768862405355105,0.0004823568061249639,0.0007509009471276928,2.4695638110402158e-05,4.090245164073173e-05,0.0005505491714140277
2025-05-16,3.9867887592269034e-05,1.886105253168353e-05,6.773446716557032e-05,7.1220372378276105e-06,3.4934411335622227e-06,0.0001478823716012966,0.00011076873633438358,5.650832317240355e-05,8.081236586249956e-07,6.313952794193094e-06,1.7797147326008427e-05,0.0004272692370983855,0.000812186027158227,0.007439789855280649,2.309018024019114e-06,0.00011490891117197017,4.642304178078652e-05,3.632720393595961e-05,6.852556457132111e-08,0.00015298222549038775,0.00013066859943695517,2.854143700899501e-05,0.0003773724556980799,0.00011313543592513,0.0003527149392567922
2025-05-19,1.1953488281510017e-06,9.184335259843873e-07,1.765934648464693e-05,8.415571587532705e-06,8.716483025617938e-09,0.00016379957540250844,1.6705430945447015e-05,3.603073192085062e-05,0.00013944120838704332,0.00010150819453543814,1.5742616482608308e-06,0.0005199399487237883,0.0002808208782235659,8.67304754832866e-05,0.0001708406896617606,8.182274780583152e-06,0.0001014120293861112,3.378916389764656e-07,0.00010134359076296828,4.903741587520248e-08,5.831049278495002e-05,8.252130864337411e-05,1.4938839513677698e-06,4.5202779824543514e-05,0.00043920320481271924
2025-05-20,1.1343428157660815e-05,1.1147965152957697e-05,2.768565398380785e-07,5.22926115998093e-05,5.906488511231871e-06,0.00034043845940871136,0.0005686606903036744,4.7833634130722426e-06,8.535547127690959e-05,2.3304345810728784e-06,7.773182760095228e-05,2.5446337418853725e-05,1.091414197386432e-06,9.872172724849896e-05,8.626852699510797e-05,7.699051595268004e-05,3.384248852509368e-05,2.958365201284122e-05,9.094838514454104e-06,3.4637727808737865e-05,5.8419759160811774e-05,2.773281181200712e-05,1.067061808574643e-05,7.109675018983817e-06,0.00011615931239028164
2025-05-21,0.00028880552713960383,0.0001958339593970244,0.0008109330662178882,0.00029714214435400945,0.00012542618477696507,5.40459426043811e-05,0.00015708062452438173,0.0002467052134268713,0.0005442454445645818,0.00015123872649089464,0.00037581181344969566,0.0007356430727580354,0.0009902360379491636,8.438062360861097e-05,0.00034577295330572965,0.0004069877270003332,0.00013715606770639476,0.00042699330314780343,0.00031043074437479444,0.0007278275239803142,9.78884088385078e-06,1.609687955821246e-06,0.00019901454553091486,0.000290860123178897,0.0001652905497125862
2025-05-22,1.556848730770788e-07,3.494455902599453e-06,2.4339309816772563e-09,2.7316417791252414e-05,2.5984366145896677e-05,7.922762165061551e-05,0.00025146352120615696,4.462248643752042e-05,1.3095578453942102e-05,2.5475008539042655e-05,6.059801348874619e-05,0.00036116161213476316,0.000156087120565844,0.002384257329349403,1.527048742349556e-05,6.074856145709441e-05,1.3065345137594268e-07,1.4252408862774025e-06,2.0116014229841936e-06,2.1043308340575232e-05,1.3897664222283948e-05,5.859970072403725e-06,2.7025714075372183e-05,3.656918532616067e-05,0.00014690067213697996
2025-05-23,4.6911310706388784e-05,8.656010255808732e-05,9.951421035909245e-06,2.7465105525744506e-06,5.672021866443072e-07,0.000469579924550859,0.0001929074974504772,0.00015827204128749224,0.0009431766315271349,0.00010696126740195462,0.0001359914550845383,2.497254443724982e-05,3.0399784277203183e-05,0.0010795196682232338,1.0087564893483277e-05,2.7332847368091746e-05,1.1174549524984484e-05,1.2888111040193024e-05,2.3499023278478498e-08,1.069370429182445e-06,4.665043512817717e-06,2.5167283729386734e-05,1.8188440797722795e-05,0.00016304608333567435,1.3101502369857867e-05
2025-05-27,0.0004234288562604474,0.0005406882279071282,0.0006279343933124238,0.00019209115657027045,8.085758929648523e-05,0.000292219651875551,5.258027216140091e-05,0.00011019974427642946,0.0006241816141518761,0.0005325858352904942,0.0009962205532653005,0.004502041572438994,0.0012043530617614044,0.00014973657289140367,7.43453347180677e-05,0.0005462135680980537,0.00028409282104182156,0.00030379314241234695,0.0003032828653497295,0.0002993774211026239,0.00011154313661652801,0.00012973620394114566,0.00016355679084377757,0.0005653136604533894,0.0014291514929148691
2025-05-28,3.366570383117553e-05,1.9729521374111023e-05,0.00011236291307047309,1.87091390638517e-05,5.891435203518819e-06,5.1464968386329415e-06,6.896166826688182e-05,8.146401507975256e-05,1.0989063116254837e-06,5.262811622848209e-05,2.606231971527808e-05,0.00027702889465617853,0.00034612273063329885,0.0021644448113468063,0.00016327017734712998,3.321596502638365e-05,0.00021059430327028693,4.486649623250566e-05,4.635060468284496e-05,1.0324330291755627e-06,2.8784265473654908e-05,5.69768512647356e-06,1.2182753782185165e-05,5.631169184321775e-05,0.00022351936248708572
2025-05-29,1.5520545242807623e-05,3.856615125148179e-06,8.784397301974309e-06,8.487099696348066e-05,2.0040447770991473e-05,3.48954059924676e-05,0.00011272514670448577,0.0001074182181512752,5.512492805486573e-06,8.306171196534523e-06,0.0010223059591389903,1.829913758508456e-05,4.017100731275083e-05,0.00046938161417595575,5.540054786339198e-05,4.302825711770498e-05,6.18268329691474e-05,2.6277897602186073e-05,1.1116445942671875e-05,8.09427449454637e-05,5.649211083149632e-05,5.1043604636162385e-05,2.0759078598400705e-06,2.0011926668373914e-05,2.2654507959139643e-06
2025-05-30,1.2523462191515294e-06,2.49122415368171e-06,2.608199250461275e-05,2.273211801297736e-06,8.298198085315877e-06,4.3542389191949594e-05,9.90085829990294e-05,3.546411824081265e-07,2.0170369451525743e-05,1.3365652396015183e-05,0.00087631237929288,0.0011536901976270126,1.9582197445885366e-05,8.030730447382524e-05,7.945908155945954e-05,0.00011546957851667092,0.000330478457258336,4.6693319983252545e-06,1.9615393217871507e-06,0.0,0.00011146152648251084,6.177219059031513e-05,0.0002737790507216134,8.216289298297663e-05,0.00042264877172414625
2025-06-02,3.155294054456937e-05,6.189355424056925e-05,9.710147746168934e-06,8.742479818715531e-05,8.038417721570772e-06,0.0006882182022283303,0.0026670240292755902,0.0012332048517510411,1.783405495120848e-05,1.2188777104351177e-05,0.00027269569894721016,0.00011970748647338199,0.00017935392126484402,1.6436917053574184e-07,0.00017000704356331708,9.411474382385494e-05,2.946740040921607e-07,1.5401874166491852e-07,6.235407236102904e-06,1.8027524280178071e-06,1.4961750336235619e-06,0.0001561908916074068,0.00011193436073727798,6.344650485288772e-07,0.001198176773495257
2025-06-03,3.2333871318361405e-05,6.063001118533046e-05,0.0002563301238527252,3.1079172493935706e-06,2.180147237493201e-07,7.912092968155287e-05,2.265412625356751e-05,2.3781291033265465e-05,6.0120601187436287e-05,4.675341065103891e-06,0.0007599971148482745,2.1159501215919736e-05,0.0001982063361638606,0.0023257885298006414,0.00013911204971255202,0.00018577539741522698,7.92720450891827e-06,3.84052840451563e-06,3.678089414468183e-05,4.0589189170919125e-06,4.002046927370983e-05,3.089549349369444e-05,4.421375788741957e-06,3.292774381189928e-05,0.0005340932014661884
2025-06-04,7.202584262443786e-08,7.750493344604491e-06,7.989816562473104e-06,0.00025930212485814844,5.2636549444706755e-05,4.1233263742054566e-05,1.0148956874950078e-05,6.242076520859557e-05,4.91189164390371e-06,3.771463933052391e-06,2.4449327429863736e-05,0.0013061486133929534,4.7630282509476936e-07,0.00012775963168436578,0.0003878923670146977,4.0173808704390096e-08,1.7973194373644874e-05,3.241760154317287e-05,5.973543080959619e-05,7.822752481980257e-06,6.086072718226045e-05,2.9253558548559915e-05,3.995756008854418e-05,9.386362031471797e-07,0.0001159470461888838
2025-06-05,2.3470035212629247e-05,5.7085056954190346e-05,1.8639374471359653e-07,4.81792299920525e-07,9.381345734810544e-06,2.5630654301056488e-05,0.0012114036778798766,7.178933347791576e-05,0.00011786392044858478,6.691174288703062e-05,0.00018748325999437337,0.023669664361935103,0.0008030659199111695,0.0022268862184173163,9.539841899302487e-07,1.1227786668773493e-06,7.579913558933064e-05,7.618978691979211e-06,7.444729309307496e-05,6.119033388434387e-07,8.223143998874738e-06,0.0003672661504425409,0.00019852230307457566,7.216199593157629e-05,0.0006087881445416531
2025-06-06,0.00010437916258149625,9.463136747045669e-05,0.00025701139647300956,0.00016398649299557335,3.673632056970789e-05,0.00018243587013999646,5.429791750091798e-05,0.0004211907996057628,0.00026456313956574193,3.3138476216600516e-05,0.00015085043455642397,0.0012969961318174217,0.006600435391804433,0.0008145616254462074,0.0003472880504366212,0.00015629337138606839,5.81754858568574e-05,0.00015280635879783063,0.0002052657096605274,2.300302413727559e-05,7.878755417436454e-05,5.573961915187838e-05,2.514511796949743e-05,0.00014643547425712035,1.8598364051493823e-05
2025-06-09,8.115793269640484e-07,2.1637188997940483e-06,4.714721442259482e-05,1.1112909304226715e-06,8.93035711112739e-06,2.215996775755497e-05,0.00044889985704357814,8.728576708154341e-05,0.00014851413741359508,2.5259852978715536e-05,4.0969256767130805e-05,0.0019830291835486145,0.00042943257427370426,0.0004455182255656886,3.6721532150399516e-06,0.00017608007740123132,3.193281705803743e-06,2.9976673572028847e-05,1.4391467920338415e-05,1.7805335913888401e-06,1.6620846103320308e-06,7.994510524045496e-05,4.21552838612045e-08,0.0002351321718037601,0.002169575460574529
2025-06-10,3.196494536889145e-05,4.345797054075051e-05,2.8895852891084123e-05,2.638273991427113e-05,5.86396102680286e-06,8.612342163859012e-08,2.3072335355211176e-05,3.925413628931702e-05,3.6455972307244045e-05,1.5042547101320622e-05,8.614775698303618e-05,0.003046192204024056,7.150991140816416e-05,4.365436408904223e-05,0.00031230847836066826,1.9470041495806206e-06,6.735402843421583e-05,1.382554062102462e-06,4.8287351630882256e-05,7.259180244091403e-05,6.128904744732752e-05,2.9617113354777025e-06,1.7817001162975358e-06,0.0006862887488588039,0.00015198331684706823
2025-06-11,8.157258163035491e-06,1.1392311066897528e-05,1.6898283082226242e-05,9.138298719714478e-06,9.970742050622158e-06,2.913513266987887e-05,7.160179671987536e-05,0.0019351352489327027,0.0003755993360101229,1.2984478069780164e-05,6.101169794090686e-05,1.085977701853954e-06,8.70553610821509e-05,0.0002839574409687063,0.00020611927120001,0.00016039168776461803,0.0018921724648443769,1.382554062102344e-06,2.8114035049130277e-06,2.9306900964882656e-05,5.830097755479823e-05,2.0186651381883016e-05,0.0002478063030727296,4.397939734659348e-05,0.0002953847151782391
2025-06-12,1.573111899110075e-05,5.499133167466765e-06,1.58945794124129e-05,0.00014128299056632694,3.078557356234032e-05,0.00015236698703124322,1.1107887984361954e-05,9.421056145766691e-06,4.455009792745048e-06,0.00017259476050220755,0.00022736674429291132,0.0005143680285125178,0.0005786572180489858,0.0015345084656672617,1.2045534589579554e-05,3.6257513017340694e-05,0.0007491461144133227,0.0,1.1254482410780795e-07,2.3643292451901313e-05,8.058402610181987e-05,4.327930991566857e-05,0.00010356985567900038,5.841438231913587e-05,0.00048549433297351903
2025-06-13,0.0001264034484129632,0.00015962519404392214,0.00034044090565671365,9.376001198832904e-05,3.614481747516512e-05,0.0001694030864510638,7.431293121646074e-06,0.0044379948059843,0.00019325057117604218,6.721774181169949e-05,0.0004459730146299275,0.00037028309385118464,7.492657894719189e-06,4.710007124635783e-05,0.000298877832712015,0.0001186206919784289,0.0012928219333983209,0.0004244851152929357,0.00015229937116813396,9.503239468606243e-05,7.865913349020806e-06,0.0003215386926993938,1.698283093192722e-05,3.2089972452330206e-05,0.0003977782127010395
2025-06-16,8.96680967721059e-05,0.00019082603179233665,0.000137380868006873,0.00010259027155834663,3.112580449084921e-06,0.00020625941221301254,3.305517925031782e-06,0.0004214175582318092,9.956267998974612e-05,7.677780234395886e-05,0.00036015805969262033,0.00013628829930122525,0.0018589530823868437,0.005600220265466279,8.734953487846247e-06,0.0002244924891542536,0.0016545640557799406,0.00012870055762391147,0.0004085718457510063,6.067411863091109e-07,0.00014493812123377264,1.396107446981345e-05,2.5270020408825222e-06,0.0001682997082503209,0.007123997610187234
2025-06-17,7.36499756332793e-05,9.601709314692566e-05,0.00011212031072706274,0.00014631590061902133,1.1783817296766857e-05,2.6323310934875074e-07,0.00045232460911862423,0.0021276748960825623,0.00019908458599303725,5.282842746981226e-06,1.558125401527166e-05,0.0015684458811969174,0.00025071333752919585,0.0008975055311347984,8.634048730984135e-05,0.00017477245001878364,0.0006735249010491088,3.3128325204897284e-05,9.682599093358858e-06,1.271547674837323e-05,0.0003409975879493594,0.0002183881084806975,1.800187503809023e-07,0.0001291260308517748,3.138023449655661e-05
2025-06-18,2.2694553692091373e-08,2.9002074663852352e-08,2.76743013073471e-05,3.001860136936338e-06,5.485490287485683e-07,2.916196928799559e-05,0.00019678543140599884,1.329801151041936e-07,2.297442017121114e-05,2.108235391336463e-05,8.821566352329292e-05,0.00031889245637888296,0.0019165120861511908,0.02286579108058008,4.3078521939403444e-05,3.492286360817826e-05,0.0005135013147781603,1.5846741599509397e-07,0.0002669781303050312,1.1934257515837838e-05,0.00011853178306574966,9.981094515718048e-06,7.872992637190335e-05,5.235910220307805e-06,5.963287953400655e-06
2025-06-20,5.528603210752672e-06,1.674037276401831e-05,4.413866255795523e-06,3.417044555841708e-06,6.932119169175959e-07,1.7565063902568045e-07,0.00027787405547454353,0.00010565577405882657,0.0004944203426309837,3.5180180480770674e-05,0.00012695504014485765,1.1665833008697929e-07,0.00020378805005168022,0.0018813777279290487,0.00010335135397619812,3.996670184437337e-06,1.7421884088101333e-05,7.748969243580138e-06,1.435677014122484e-05,4.457681255415652e-07,3.9135872149011706e-05,4.469786700325551e-05,0.00011607167678303789,3.815463956035078e-06,0.00012930804147751512
2025-06-23,9.660957643959625e-05,0.00010465110350825462,0.0001479213343749843,1.0447109914952492e-05,6.2185526567507594e-06,9.354364164336231e-06,5.340873811285189e-05,0.007084884213181933,6.172007796082479e-06,0.00031876388497857177,4.937573386038206e-06,0.006257798350379444,0.00026899084016627,6.5796822585077705e-06,0.0006560540257694295,0.0002469361639706012,1.6236736971137648e-05,0.0001566013397403843,0.00013972994275988004,0.00022250332014607483,0.00010327530402614163,0.00014843737623356442,0.00032553388743964225,1.0395612436602746e-06,0.00010805423740367206
2025-06-24,0.00012070613307584408,0.0002303221094229364,0.00016050448114649006,5.233960474865457e-05,2.2028338322115318e-05,0.00025103989019939466,0.00011396990318333026,0.0020843045567152376,3.567874625911189e-05,7.091540488658157e-05,0.0006524468853970841,0.000567752404503886,0.00043437392516055363,0.013054170187328101,0.00017172167466391223,0.00033747310926309073,0.0006912548874861918,0.00022034695490518567,0.00011422519498087709,6.910001963058832e-06,3.28673784076944e-05,1.7383597611504038e-05,1.762160731825186e-06,0.00014088744775865748,0.0043647513232123155
2025-06-25,3.1383265030292543e-07,6.518199801540615e-06,0.00013747589041930707,1.5815215980749855e-06,1.426612733283696e-06,9.197284594524803e-06,0.00014863234307850107,1.7956836652096316e-05,3.932385824791311e-05,1.9338974501474623e-05,0.0018000847960469271,0.0014966330307485739,0.00013099007724227894,0.0009082341579819624,1.9071078626378704e-05,1.4961115167696168e-05,1.5530391810873902e-05,1.0898451289108642e-05,9.81303595795573e-05,0.0005933657055202882,3.494403558535541e-07,7.579097610891065e-05,5.745069762580693e-05,4.184403701387323e-05,0.0012441955209512737
2025-06-26,6.073760433121223e-05,8.661867788823111e-05,0.00025915727883972864,2.51542353857867e-05,1.3470386269540047e-05,1.2269116790299038e-06,9.895050577005922e-05,1.4532146374781693e-05,7.739844106272025e-06,0.00010957291135456741,2.107262709336277e-05,2.9358784690366198e-05,0.0004741747194843313,0.0029109486812517764,0.00020195858953706074,0.0007476035997363689,1.144043249593995e-06,5.4233933813615396e-05,0.0002681656515513763,8.621186362399616e-07,3.149412313405394e-06,4.5836341275842014e-06,0.00016464378053636134,0.0002869061420391669,3.8051055499759276e-06
2025-06-27,2.456223172196247e-05,1.168075259030015e-05,1.0551202854319309e-07,4.080075576441951e-05,2.7224790610245758e-06,0.00033452320396059037,0.000476650085267466,1.7820162803366236e-05,1.583504490879217e-07,9.242226300696141e-06,0.000304760989837212,4.3842940102210086e-05,0.00028545612014997744,0.003531600365186837,2.7685167162901082e-05,5.451363403559502e-05,2.2672187469738292e-06,8.363814313818312e-06,3.244346730762172e-05,6.196202459346668e-06,6.906948348545514e-06,5.965955484716527e-05,0.00016729006193098164,5.211469049067282e-05,8.179634962630444e-07
2025-06-30,2.2751105836278617e-05,4.1681864151512625e-05,2.0669137891848345e-06,9.589959290737643e-05,3.0128470130348812e-05,0.0001419267473822153,3.3730824031154303e-05,5.394187658205302e-06,0.0004054549139794932,8.759817781217478e-06,2.311410986933382e-06,0.0003466769578387219,4.125101256813438e-05,6.977724780701827e-05,3.318831000074861e-05,8.20223944291804e-05,9.747372622615746e-05,6.797611852171027e-05,9.419114160086678e-05,4.122666033715677e-05,4.965005182442764e-06,1.145000150930399e-05,2.734706849556307e-05,0.0001838248705682728,0.0001787682852303655
2025-07-01,1.0480221596668986e-07,7.165903855612314e-05,0.0001047600780825856,6.1329442607578686e-06,1.4594679026450848e-06,7.8915432450962e-05,5.9600155203965055e-06,0.00012440143319009055,0.00016469942142055487,0.00011738325274468302,0.0009081167024480302,0.003006912667496826,0.00037608680876523255,0.001955148925066149,5.8292514033341104e-05,4.839240858111657e-05,3.6330896379912245e-05,3.0494987853133458e-05,2.969212116180717e-06,5.2880924096574505e-05,0.0004219084697807603,0.00014054749023173724,2.202857913132669e-05,1.7657341544480375e-05,0.0017354851390713804
2025-07-02,2.0457819978975755e-05,4.8180730742996064e-05,0.0001892670046176764,4.062572556370616e-05,3.3447953429572797e-08,3.0386281552008416e-05,0.0002390717727340805,0.0004930730014440207,0.0004834378757465924,3.813778152654086e-06,0.0006471932516007191,0.0023510540174135684,0.0005527317463454382,0.003074951497655958,0.0002908677994235583,0.00036210193722922845,5.332402294813836e-05,5.773382449963833e-07,2.981230810920919e-05,5.467137558528079e-06,5.343147638613243e-06,1.543801054528386e-08,4.139017400809979e-05,1.7126441516909386e-05,0.0003080503624511346
2025-07-03,6.163019420400328e-05,9.588637424612625e-05,8.523012606135777e-05,4.885277826958251e-05,5.670323690950778e-06,4.687173991899299e-05,6.544536848928452e-05,2.8150187177124996e-05,2.7159259422465547e-05,0.00024517217283937095,0.00017433079833603537,9.040834184202812e-07,5.1836893067885685e-05,1.445074978812669e-05,1.3216218274339977e-06,2.049861863146833e-06,4.202547321701278e-09,0.00011608178536248749,0.00033899168907851313,1.235056945962631e-06,8.344137838673989e-06,5.279879234006461e-06,5.858789455098538e-05,6.822372001364521e-05,1.9478323207671715e-05
2025-07-07,5.594775078492356e-05,5.7174712629663815e-05,0.0002289440896693566,9.195696230569171e-05,3.573561361647889e-05,5.602527778149713e-07,5.712779257599725e-06,0.00028937537220611627,0.00028905695644305723,5.052249870937349e-06,4.7988263980350534e-05,0.004943141642715853,8.436992237361189e-05,1.330156284801986e-05,9.40644034849402e-05,0.0002588575606659763,0.00019714751920589134,9.282340812429635e-05,0.00018792050453807013,7.379446733449489e-05,2.2606377383617503e-05,4.2187104493114685e-06,0.00010029532331947814,4.620203558204906e-05,0.0005202552217806701
2025-07-08,3.0026612246620147e-07,3.1514552385146645e-07,4.7524774382462425e-05,1.6328165920327411e-06,8.200044152814788e-06,0.00011021486902129152,1.7611707321050443e-05,3.914356482906664e-05,8.163861630028703e-08,4.895638434225114e-06,0.0001223420240036809,0.00017108686793832547,4.236886152008956e-05,4.102700232509487e-05,0.0007055026106601682,5.006473781934046e-05,0.00016853236919172902,8.031454914813424e-05,0.0010228371819810088,2.1245625409536236e-06,1.1178259406904213e-05,0.0002688107752163258,0.0005294862235346923,0.00011967855598997638,0.0004909024253260436
2025-07-09,3.57450755936421e-05,4.975870255174849e-05,0.00011640239162687394,0.00010830925917995158,3.270908629490463e-05,1.990334203674352e-05,7.65540586181324e-05,1.5200097447970827e-07,2.87976510866625e-05,0.00018984748406564514,0.00031826499893036764,4.227220496063397e-05,0.0004211291619043752,0.0027294380956914104,2.59812094112655e-05,0.0003925534682410395,1.1648543486838268e-08,1.3195356355721178e-05,1.8036296122731025e-06,6.164863518808761e-07,9.86162841313618e-06,5.504306501106565e-06,8.341367205687935e-06,9.964686858551458e-05,1.824812397245329e-05
2025-07-10,7.931774405741563e-06,2.07117872441091e-06,2.6304435627286313e-05,4.759324631365891e-07,3.3791328969839754e-08,4.943134622656289e-06,0.0005050292501474034,0.0004089005413620772,3.596321067992135e-05,1.632043206898468e-05,5.568590181916117e-05,0.0021343342686076005,0.00026599912863349464,0.0015698890026326563,5.745279409973021e-05,0.00023030967362936897,7.267552683034915e-06,3.4793381560386135e-05,0.00031003490685014656,3.917584807776745e-05,8.0675302368839e-05,3.7687692350707303e-05,0.0004140485284010546,6.155549985930511e-05,0.001656774740977046
2025-07-11,1.240178976575326e-05,5.0762247505753946e-06,0.0001928203791395958,0.00019294284758499138,3.706280148168656e-05,9.131279798804882e-05,0.0013856548418662356,0.0006195101504397287,3.483676677677321e-05,1.3413400252934712e-05,2.4844790842102794e-05,0.00013638618765636192,0.00030330127277937766,2.3978406718190034e-05,2.0231200958236054e-05,3.504104984637229e-05,4.7173505307501954e-05,0.00011002600472530253,2.1397044436501176e-05,1.2433216216244786e-08,2.5224854301583445e-05,8.330534184540087e-05,2.3628745620430166e-05,0.00019600403498513266,0.00024196961205460432
2025-07-14,3.633976195365937e-06,1.310727631199366e-05,4.48676536156354e-05,4.41221209948587e-06,7.711154026841158e-08,1.3410349642473191e-05,0.00013189174434475706,0.0004771497714483816,0.00014645100577600565,3.5550561815930823e-07,2.6701091894153705e-05,0.00011566913871655793,0.00034738786518962545,0.0003167190074055498,0.00012223586311626948,1.3662752685183078e-07,0.0001658690428154863,5.548974552613245e-05,4.088083533948469e-05,4.148346417463048e-05,2.6016054855669117e-07,0.00044822573963951957,0.00021061746639872516,6.953592007069843e-07,1.5130142556199268e-06
2025-07-15,1.833829132012411e-05,8.395827310893911e-07,0.0003910081272007821,4.946420754731641e-05,1.307523892176772e-05,1.7341928153436085e-05,0.00011538938998880598,2.277218665454089e-05,5.5037081961094705e-06,3.081332336472687e-05,0.0015693022870868528,0.0003802884162076502,0.00021016424933886828,0.00023468579644680358,0.0002106009031827936,7.77633272938375e-06,5.3462534928982516e-05,0.0002984169678937208,5.587608649118594e-05,0.00021997569891595606,0.00011188027901432253,4.968479779545086e-05,1.6646931371440983e-05,6.86625198363432e-05,0.003856873986060985
2025-07-16,1.1139674418733716e-05,1.0473553565042586e-06,0.00010007381584075483,1.9892598050170867e-06,2.489166985661798e-06,2.4757558539964723e-05,1.9086164166142153e-05,8.659003928866794e-07,2.508721456727031e-05,1.5641310825027728e-07,1.534561276414065e-05,0.001186179355452639,0.0012951924860913969,0.00067068392021232,7.517020833095901e-05,0.00040639250024646165,8.222513130896447e-06,4.824303974590021e-05,6.5063822794093e-06,8.822690002149065e-05,0.0036108031467881247,4.6972199138826635e-05,6.346158855199284e-06,4.949360395054957e-05,0.0008020688885266307
2025-07-17,3.722150199165098e-05,6.496539729932976e-05,0.00016992810780329482,5.523602322819788e-08,5.800266051941484e-06,4.734536258496284e-06,4.83102050471804e-05,0.00016430529520277716,4.439468353149877e-07,0.00014287731517176222,8.961725672757136e-05,4.971182893352034e-05,0.00017083346611086226,0.0009628816673586236,3.7633923210877263e-05,0.00015604715122028844,2.3293729091710825e-05,9.153915269760324e-05,0.00020089407571988836,1.2401270602237244e-06,0.00012064280299830098,0.00014931047958943687,3.978864720172069e-07,0.00039007321694234235,4.240958438885076e-06
2025-07-18,5.366782029246118e-07,9.24654804544193e-07,5.0781678378512e-05,2.329716743502484e-06,3.4175520311666286e-06,6.747254559509004e-06,1.3342430508399733e-06,9.14803168920205e-06,3.033811366675724e-05,1.0431347788199456e-05,1.167076203795873e-05,0.0009957755559170543,0.00032644119468195167,0.00047288872007028343,6.577830760331201e-05,0.00010990692202787834,0.00012612975643119782,3.262812834259022e-07,2.2227894104828735e-05,4.472377540855399e-06,1.9430026589734987e-05,1.2029943402353953e-05,1.7700182430863444e-07,4.2058685459198296e-05,0.00046444199835527443
2025-07-21,3.5886744283114096e-06,2.6742981769770026e-05,1.6453235363580154e-05,7.879195614905816e-05,1.4983907906962192e-05,0.00023265987007637675,0.0004475625379649216,2.014139349885187e-05,3.7662678084041987e-05,3.8252864766487115e-10,3.590371867801007e-05,1.2426335029691616e-05,0.00011276542947581145,0.00021782499318701395,0.00010832077476426371,2.6840215012145265e-05,5.506158501737707e-05,8.174448201871035e-06,1.062085247207653e-06,1.6854443181119192e-05,1.6189797349261788e-05,2.038070858239438e-07,4.2271446444806913e-05,2.2927453678448293e-05,4.052761824051125e-09
2025-07-22,2.0480736101019146e-08,2.6927312781628795e-05,6.848101006704629e-05,3.6339425749845635e-05,5.706503672972215e-06,8.911705811903933e-05,0.0001084189276790204,1.011269278548827e-05,8.0920964415268e-05,8.902704401222096e-05,0.0006609965854042807,0.00012011784956600893,3.0063493650660866e-05,0.0005048319625045002,2.2006948249369538e-05,0.00029631572282348966,0.013091381543332796,3.0472581696920672e-05,2.4953734271469184e-06,0.00028959546164972205,0.0004617379972837399,0.00044098273879985596,3.5335753486640356e-06,3.3085091213845353e-06,0.00021400078747274673
2025-07-23,7.176726016320954e-05,2.0710597798497742e-05,0.00022974972607924492,3.094797261988009e-05,2.437317514689497e-06,0.00015571838948749123,7.06089231494831e-07,8.63832243973328e-07,1.361365387953287e-06,1.4084097263742677e-06,0.00049295703801326,1.8335661430570333e-06,0.00015275598613513432,0.00027320460239937754,0.000241999760410216,0.0006062922572182285,0.0004343418141841623,6.305826119632067e-05,0.00032847571419434424,3.8323090111824495e-06,4.820798562323061e-05,6.387129410408773e-08,3.1516434409031002e-06,0.00023747372304846668,0.0006291789603717315
2025-07-24,1.0955950192004446e-07,4.519872241660778e-06,0.00019332597544762228,3.0457643270561253e-06,2.1660454351191537e-06,3.766363222133435e-05,3.1578612466265416e-05,0.0001145397175568313,3.3225202650464467e-06,9.712179010883515e-05,0.00029528332703521415,0.007314598808245638,0.000404528984522112,7.80721797915836e-06,5.0647556600759845e-05,2.0281433526884606e-05,7.628849550155147e-06,3.193514914510578e-07,5.011828465181179e-07,1.2130468538291265e-05,7.378952995215033e-06,1.1175179091882279e-05,9.157497787093841e-05,6.537296996394744e-05,0.00046812913514295755
2025-07-25,1.7769222074953366e-05,5.780012668812809e-06,1.3734122271111223e-05,3.9283816315160396e-05,1.0345795340756811e-05,8.63605829753107e-05,0.0005600196384827236,0.0002699682830238832,3.1501090651174185e-07,3.0517266191573988e-05,1.910828143545504e-06,0.0011997357277064762,0.0001683792323521208,0.00016348774033730963,1.4300938580643934e-05,9.604200877469077e-05,2.170438362135736e-06,4.827134868498721e-05,4.8388706137774154e-05,1.18862074513544e-08,5.563186726269062e-05,1.0346244590465734e-05,8.038878761432927e-05,1.5553233721790858e-05,0.0007011029497300662
2025-07-28,6.306713093447072e-08,9.737303762161404e-06,1.3442068447512107e-06,4.2254515840238274e-05,4.083081039714773e-06,4.2180648361365335e-05,3.3317578320991745e-07,0.0009317552504157871,6.312296886170761e-07,5.561557878255407e-06,0.00034442357387425536,0.000882496855048529,4.236122004711197e-07,0.0009964063928818252,0.00012773888649600493,3.49381344543684e-06,1.628115732423004e-07,4.827134868498694e-05,1.2980026626993244e-06,0.00026098688323061023,0.00015464952418834857,5.693784625908897e-05,2.059962214349702e-06,8.275486286811303e-05,0.0017879590988547694
2025-07-29,6.975074786029831e-06,2.4029953616360164e-06,4.097247138537136e-05,0.00028039245468707485,4.3529933599966645e-05,7.543886692375352e-06,3.3317578320984736e-07,0.0011231068225578372,0.00017089663337295833,1.8660994849094856e-08,4.956664989434248e-05,0.00018427763311910242,0.0007678382679583971,0.0004597109067574319,9.438709906282765e-05,4.485992820220771e-05,8.270621000748273e-06,2.6015875931609432e-05,1.735399457170507e-05,0.0002539916173973613,0.000127831458900919,1.0160812655073965e-05,5.401109771232611e-05,1.466028932447376e-05,0.0004636766195856238
2025-07-30,1.5879140949796251e-06,1.7923673596762614e-06,2.5880174916905754e-05,2.6693079817087906e-05,1.4075186049055415e-05,0.000303610576071423,0.0011385514624758504,0.0002377556926033088,0.00011158627639403827,1.7062616856257324e-06,0.00044931979997110883,4.552884424227481e-05,0.00014645997555610157,0.00026018548036129535,0.00020679752976863742,8.872833461870306e-05,1.195350773290928e-05,3.5937486947340818e-06,7.536941015621738e-05,0.00020382108774734154,2.569588962557787e-05,0.0005810680540596667,5.7066652430640775e-05,9.550793378823208e-06,0.00013452169305365596
2025-07-31,1.412466872344684e-05,2.823077926767037e-05,9.687419785212254e-05,3.307935964196999e-07,7.562241545122007e-08,4.3869669026331266e-05,3.2331090922458e-05,0.00032596354149348517,5.047853045396421e-05,0.0014988881906605937,6.14683457743821e-05,0.0011792717846809356,1.7968902776041987e-05,5.497969370727723e-07,2.888950887224988e-05,7.99875036351551e-05,3.00143472220427e-05,3.945788091389383e-05,0.00012947057292744197,0.00020013070126475942,0.00023045897736155248,0.0002524776906965898,1.5908177502113364e-05,1.2985898430805666e-05,0.00032353542957161776
2025-08-01,0.0002731145472075573,0.0003958201603391187,0.0004237492519316203,0.00019928040384175821,7.800519759186107e-05,0.0004038652056038721,6.513458479831008e-05,0.0007358604862616569,0.0006411793412501238,0.00031532741840184454,0.0005573433878592308,0.0003409574565072822,0.00324302594348892,0.03336871768129998,0.00035158205181865724,0.0004635632462452543,5.072801790764879e-09,0.0003495277079860849,0.0005505422403718739,6.10649257881222e-06,0.0002433397492802944,1.4295461331040783e-06,2.695237447647201e-05,0.00045727332039221304,0.0007019874262853042
2025-08-04,0.0002275679470873771,0.00033428165117202957,0.0004898997201222634,7.447682071274251e-06,2.99898379330819e-06,3.371358180301259e-05,0.0001332568851419181,0.00030912644158443537,2.2863555034022734e-05,0.00047353605770580193,0.0012611070996228864,0.0004696506732350458,0.0011274943678167076,0.00012095244741515372,4.939132007248234e-06,0.00013500136651504538,4.05652326906166e-05,9.747929947482975e-05,0.0002808132843309726,0.00010367389700461092,0.0004809014225450528,5.325615640238133e-07,0.00012336029025219339,0.000547410750657462,0.000850146078834312
2025-08-05,2.5834494356800186e-05,4.641243838079362e-05,2.585030187693667e-05,9.372710882885887e-06,5.301989874491793e-07,6.460431561602066e-07,0.00011728611615683872,0.0002080797708122845,4.481249175276701e-06,0.00022021679382327222,9.435632597451293e-05,3.054306531909232e-06,0.00017242514044694363,0.004293653689518849,1.6569364671979984e-06,1.4917327965255617e-06,0.0001135942041063908,1.6431091396256586e-05,9.741395010432956e-05,2.0736330729069866e-05,3.0815662117889318e-06,2.7544862303323375e-06,7.92726317495551e-06,7.512517392308413e-05,0.00019798475346287004
2025-08-06,5.822294036572825e-05,0.00015636801872658248,1.726739711125588e-06,3.3530266777943357e-05,7.452040636987161e-08,4.508656561060563e-06,0.0,0.00027328938229587645,0.0024654575905495523,2.8501717474585803e-05,4.207152513664925e-05,0.0012677157757253529,0.0004345952758041031,0.00034541065683193155,8.614673249329077e-05,0.0002281808681749411,0.00023462435789519735,2.3269946286209002e-05,4.712605134831722e-09,6.064248124290704e-05,7.726641995586823e-07,0.0002400316325096824,0.0015977376792923024,0.0007281136320274613,0.004402218050900333
2025-08-07,7.022022356589489e-07,1.1414409604624693e-05,1.0691349647842344e-05,2.922693068628232e-06,1.0033551649414517e-06,7.060346291778999e-05,0.00014078481876707036,2.5269526035538738e-05,0.0009796093943648233,6.148169486129043e-05,5.6192594633955966e-05,5.4021790511297904e-05,6.546852269400453e-06,0.000550951095774177,1.523160343661234e-05,0.0006297514419081066,8.974309076650447e-05,0.00012605638889863727,0.0002326283189227216,8.407593075044463e-06,3.0197032321343256e-05,1.6916651505249376e-05,5.403802522505834e-06,0.0004033647498095976,0.0030615446253344962
2025-08-08,6.0332908260888745e-05,8.621261047967477e-05,4.757193994399722e-06,1.8868290446118822e-05,1.0201597194902141e-05,4.999913174156536e-08,1.187751824102959e-05,2.675523004890397e-06,0.0017210348779434425,5.295399313084379e-06,0.00011278267974877703,0.0005126509997358484,3.0242946976056313e-05,6.475829187590498e-07,4.0684837645172584e-05,2.0721714633103505e-06,0.00014298165662423868,8.650335206880962e-05,3.998015469567804e-05,6.847175264132885e-05,0.00010897874402402185,1.6982075750869204e-08,3.478714122618233e-05,1.5956037144051572e-05,4.351368755324467e-06
2025-08-11,3.918410592355247e-06,8.781478075438325e-06,5.1551792058266586e-08,1.3107044832419171e-06,2.4107567684048133e-06,0.00020964196203998925,0.0004109922198036779,4.621446859705056e-05,7.00955609807236e-05,2.676201687826909e-07,1.2314752133336462e-05,0.0007872024537973227,3.927680603636982e-05,0.0008305941182882855,6.462405911675295e-05,0.00037421384196836333,2.1877908644560382e-06,1.4885240508749125e-07,7.653569387923166e-06,4.4179351078538425e-05,7.968755259632387e-06,9.082692559359447e-05,3.710160019119522e-06,1.1379894741472161e-06,7.740988489937743e-06
2025-08-12,0.00011214478756061688,0.00015601182856652334,0.0008560681691763615,2.5479348548189237e-05,8.320798123916624e-07,8.242433758991484e-07,4.497752799595039e-05,0.00013420156290878878,0.00011693591471457579,0.0002020714042054587,3.6286365900786644e-05,2.8350862262242616e-05,0.0004159169278690847,8.727987786595455e-05,2.35682595064752e-05,0.00010313126403387255,0.00015269635197891175,0.00014596976667638828,0.00012764593059555454,3.176174260473446e-05,3.601472520253975e-05,5.033717408325675e-07,8.923427716029389e-06,0.00010695166955865452,0.00023651820150337292
2025-08-13,1.1677297189891491e-05,2.49960495562903e-07,0.00037083098440905763,6.800660579265981e-05,2.781545018119631e-05,9.269853314102714e-06,0.00028902876860653013,4.5421673081041096e-05,0.0002527285146680468,0.0002721947510029977,7.410892022490721e-05,1.8427361576014858e-05,0.0002134575838456101,0.0001826724277844327,0.0001324614801632744,5.74052565322504e-06,0.000634643780609298,3.2517098150748685e-05,6.326331582104769e-05,8.622543571352549e-05,8.92487887651689e-05,4.249129356399639e-06,0.0006609472482548912,0.0006427731917793151,0.0027789296137245667
2025-08-14,8.659525596211029e-09,6.018011636299964e-07,0.00016827037046884515,5.538151209049383e-05,1.1918894224314586e-05,4.043537566038465e-05,0.00020703576546545242,0.0003066242994458399,5.569335393751274e-06,1.3271707268078631e-05,5.593724848656196e-06,0.0001267898493996927,0.00012320467146927989,4.2302962274653246e-05,8.733983686986641e-07,8.360241698608365e-05,0.00014240804425575218,2.2347160680624576e-05,0.00015418497736575736,5.115747016816845e-05,2.9530142255221905e-06,0.00011672404531768007,1.9245002418965504e-06,8.027525627961437e-06,0.0003608108622135575
2025-08-15,5.494499900444433e-06,1.9421777278916984e-05,2.3767648707528746e-05,5.112546876629906e-05,1.6253516133321877e-06,3.4298215742341563e-07,0.0,0.00016459265027827534,2.626905819821476e-05,1.9634548675447584e-05,7.504418513247594e-05,0.00022716999206677478,2.6966219010956583e-07,0.0005221892597763262,0.0,0.0005537658098757796,3.0102019879088674e-07,0.00010877770120866433,0.0001576209019421082,3.253123432788382e-05,0.00011944498447386668,1.619697518293158e-05,3.7590693465793304e-05,6.306406944420324e-05,0.00036840267757444733
2025-08-18,4.7373752284682015e-08,1.5882137163979767e-07,1.3305359443069764e-05,8.396732004830652e-06,3.3269261699102727e-06,2.4413674670115246e-06,2.0972950984018668e-06,2.569961478538987e-05,9.163729115980394e-06,3.5040197493494326e-05,7.409424439700895e-05,0.00019098858917973344,1.683948647143885e-06,9.92899477295293e-05,3.5742953981794166e-05,0.0001397878885153277,4.9202286330565805e-05,5.808639870152336e-07,1.2772057568755561e-05,7.244670016048378e-05,4.885756434714473e-06,7.694917895682173e-05,4.8658951386265735e-05,0.00010005377391615225,6.002816464122482e-05
2025-08-19,2.9592506858539485e-05,0.00018660845496546819,5.938866945656081e-05,3.348995402779517e-05,2.4043727224983435e-06,3.012157652568039e-05,0.00039513062366099106,0.00014307280526766052,2.0455451897588484e-06,0.00020381857118273558,0.0012691481909093392,0.00031005898057950403,0.0016615880745534488,0.0035929089879111575,1.2438759568539228e-07,6.932308141041664e-05,1.088592987371603e-06,3.6214352686720273e-06,8.932409543180265e-06,0.00029111329594716664,7.666620099294123e-05,0.00029117589119706164,3.412759001756048e-05,5.785903578785554e-06,0.0031341575290022472
2025-08-20,7.078898480720944e-06,3.546219559513835e-05,1.2551830449530188e-05,4.797138278872971e-06,2.0772033969816624e-07,0.00010143086545761822,0.0002689157520007137,0.0002800020241264874,0.0003972813619172583,6.36234503402932e-05,1.8696829315530472e-06,0.00027439066494320017,1.1442823976331832e-05,5.8538095078128314e-05,6.906394287175464e-05,0.00011571160870227633,0.0001220425377687884,2.621358214904349e-05,2.938758720912807e-05,8.240831510126355e-06,3.401449385666227e-05,4.876501197496766e-05,0.00015770038617876433,4.356974687808146e-05,6.623909447323337e-05
2025-08-21,1.6159525538095456e-05,2.1534365462214044e-05,6.157000114262236e-06,2.4639728210090816e-05,1.4699920941537819e-05,1.2082083544915225e-05,2.7189853355429123e-05,6.827451214833812e-05,2.4240029861109606e-05,1.6598719377376032e-06,5.747708487643933e-06,0.00013853681634963397,1.3440987075497219e-05,0.0001848091638174724,4.6972823252183347e-05,4.147681787661824e-05,7.220349454384072e-06,1.0372271051899118e-05,6.9599121955822915e-06,8.887934380893e-06,2.53077931296483e-07,2.4030756730275873e-05,0.002114745312908909,5.064999337250508e-05,8.208779912423413e-05
2025-08-22,0.0002322596626873285,0.0002343828594876821,0.0014791421271793733,5.445471200257056e-05,6.138212626308667e-05,0.00011341225456402592,0.00043567360980545085,4.7008530791314304e-05,0.00015968431237049213,3.495517339370088e-05,0.0002909006555637523,0.0036373463624477507,0.0016104666821018616,0.003986253789215569,0.0004068434408059629,0.0017361220119946853,5.011728699740636e-06,0.0002681003481195485,0.00026350136252027397,0.0003673777007723962,4.039780676064316e-06,1.4291261791997428e-07,0.0001346143607554466,0.0005083880524241714,0.0005972032815898956
2025-08-25,1.9454938531762852e-05,8.344962655743494e-06,0.00011181004141858459,8.272668509369645e-06,6.9429115911240084e-06,5.84555027698728e-06,8.27396042641322e-05,0.00021791357433150168,6.957854443472727e-06,3.448678339405665e-05,0.00010349621383593847,0.0003684993629407832,0.00012774499386622313,0.0019595719836241255,6.791945141564017e-06,6.029961348100779e-05,1.1564772599110945e-05,3.368202530920115e-05,2.055279892858576e-05,3.3249661857216094e-05,2.4209346545104267e-05,0.0002563020696480772,6.209146321488069e-05,9.452447422061637e-05,0.0007063898552638908
2025-08-26,1.7458149981455045e-05,1.60558533777861e-05,6.771811114062533e-05,3.317999736844114e-07,5.293313640400891e-07,5.235688192329976e-05,0.0,0.0005151929604141014,8.87394404674737e-05,1.946775220454808e-05,0.00011753586086311512,0.00021088497438706577,6.448033075880216e-05,6.515629744222678e-05,2.5138469349550883e-06,5.801403643972256e-06,0.00029377692814836355,5.880714419894835e-05,0.0001529705548378195,6.875216434244865e-06,1.2296691548323953e-05,1.3303288036975932e-06,4.329050723387635e-08,2.599232370811342e-07,0.00039043322006143965
2025-08-27,5.179818250639222e-06,2.3586652002835756e-06,4.985189323700926e-05,1.3305462178851573e-06,1.3221460373233538e-07,4.067054642646781e-06,7.344242838188816e-07,7.177039275908177e-05,2.6344812960136134e-05,8.683004481778565e-05,8.753077992950634e-07,3.485264424510847e-05,9.7656983017007e-05,2.5190188397629194e-06,0.00012450184108062082,1.0654883930864503e-05,4.734904099361034e-06,4.19192030974743e-06,5.641280461235277e-06,3.864274266584167e-05,2.8843279210865282e-06,4.0035273205506855e-05,9.751796291450907e-08,1.3934234040189595e-05,9.34060706234219e-06
2025-08-28,1.2496980598615215e-05,3.8942707541151056e-05,1.40674390799507e-06,4.2990756799540835e-05,2.3832432414748174e-06,5.4636524477458124e-05,0.00022600842725116975,5.5810660439591385e-05,7.993699597225714e-05,3.256484557129054e-05,6.250022552516528e-05,0.00010834019397939453,5.2656612450210994e-05,2.623074732359034e-06,5.765057050142094e-05,2.6665237627055758e-05,1.4103816135131295e-05,1.691965480103822e-06,3.5559883829608156e-05,6.826354117745267e-06,5.788941624117831e-05,7.02441151293265e-05,9.745708587324891e-08,1.4576100533131318e-05,7.462270635292669e-05
2025-08-29,3.5778765398045435e-05,0.00013555969962838997,1.9847224547068085e-05,5.089431408207758e-05,1.322285096546324e-05,9.222987931771107e-05,0.0003491990587273977,2.8414481500880748e-05,3.2675418184207957e-06,3.370104010062562e-05,0.0011432279701687486,0.0012694484895891497,0.00021607057529243675,0.00016440697595040396,2.9545233589742637e-05,0.001381812148569833,1.4552228773392764e-06,6.7419059912343495e-06,1.3500731024373615e-06,2.95428495094079e-05,9.51731322067536e-05,7.904309475383482e-05,8.120453167053396e-05,3.932100972949623e-05,0.0012911598970698184
2025-09-02,5.5322180779971786e-05,7.081740801477203e-05,2.9321311137490083e-05,5.579186259459945e-05,1.1226281237515207e-05,0.0005460355000243232,0.0006854454211945001,0.0006416720490472449,0.00010981855544052793,9.630899814801562e-06,0.0003886038086216603,0.00018496946687342392,5.4231958492713485e-05,1.0388972972856595e-05,2.0658220718242366e-06,5.12796444228665e-05,1.411655713704614e-07,5.529955268545086e-05,3.274996143808123e-05,0.00027976877021200405,2.5108117032058866e-05,3.6376271480705706e-05,7.976194215819773e-05,8.642330567392912e-07,3.64035457610153e-06
2025-09-03,2.9214266743923497e-05,6.141181201161966e-05,9.680363006532128e-07,0.00011919657474935128,3.531657898675858e-05,6.086311124080342e-05,2.602356738934814e-05,0.0006484560598040428,0.0013974388368865045,2.0726921738420787e-07,8.783925794332621e-07,0.0002033211858846643,2.5946878111465288e-05,1.7026381469899854e-05,0.0005144448600710214,5.007993713902077e-06,5.823597491563306e-05,2.825235324842106e-06,4.020947329380585e-07,3.036750722148533e-07,1.1360189863858362e-07,1.2965472299179954e-06,0.0002598152774075713,5.705692880634812e-05,1.3717749366927756e-06
2025-09-04,6.92645963255689e-05,8.11932132490042e-05,0.0001542297979994659,5.768332612391218e-05,4.6423168584311366e-05,1.96131599292909e-05,0.00012190158480720822,7.611380110112192e-05,3.0012103796212002e-05,2.6740834434051164e-05,3.692876517003833e-05,0.00017430083927450177,9.427979226149414e-06,0.00021735772440598471,4.41616475851554e-05,0.00014910389292542735,0.0002957914663139698,0.00010843018205019682,0.00020413518577810664,5.571778360948431e-05,1.815293387198859e-05,4.132001449314393e-05,0.00022119711745917134,0.00014662841387202145,4.40729628149425e-06
2025-09-05,8.412032683605236e-06,2.0791440136093348e-06,2.4752256821221603e-05,0.00022897347446872333,4.2221270845263305e-05,0.00017576576098329418,5.70520482165409e-05,0.0004459088686064741,1.40983027764108e-07,0.0006689790001336769,0.0007508785043434708,0.0012757439161401268,2.1665807491613333e-05,0.0006511859576779477,0.00038014548539376416,4.600607972722261e-05,0.00023451617429281826,0.0003416175217675557,0.0009962799226052618,0.00012546763042347567,3.414271301781208e-06,2.7044191461396332e-05,1.7388285179760737e-05,5.781914639152526e-05,0.004636602306256658
2025-09-08,6.019807213304891e-06,2.367926915055215e-05,4.06692247268585e-06,0.00017520712628943025,1.2262717106584424e-05,0.0001282264390904199,6.448092557423677e-05,3.168819683505351e-05,5.745708421572689e-05,4.152277909584629e-05,5.9194934115831306e-05,0.0001622084871479646,0.00010066138886452796,0.00010839737572594322,5.253439076702153e-06,5.02976510035483e-07,0.00010772823639375999,5.678116358356705e-07,2.5060927763476386e-05,3.430317232975783e-05,2.831506120753064e-06,4.009122587836169e-05,0.00030474079223581467,6.172269921973311e-05,3.1857168405200744e-06
2025-09-09,5.332646281486945e-06,8.00359451118188e-06,3.473335397257864e-05,3.248306195859217e-05,3.2191757515217243e-06,5.164190844098951e-06,7.808424203297157e-05,2.2852505431062164e-05,0.000223521096544304,1.7756148492808862e-07,0.00020884581369394242,2.7032796248735953e-06,3.628981534554329e-05,0.0028528540959752444,2.3108919625637722e-05,0.00012444004921022142,2.0026612925296425e-05,1.8673669176128906e-05,0.00027970965813422767,5.230020180531293e-06,4.342630524001574e-05,7.98657642081207e-06,9.567360662652476e-09,0.0001549190635169057,0.0008242714899751066
2025-09-10,8.332943334320186e-06,1.0712760993848266e-07,3.1500966485818297e-06,3.24830619585909e-05,8.755501504463644e-06,1.2857739881664791e-05,3.803255232410934e-05,0.0003177755988122779,0.0010752674567995014,1.540433239550424e-05,0.001425321674631701,5.572194052748875e-06,0.00018331702541565104,0.00011771806598275265,0.00029994187439096785,0.00013139263548226726,0.00021873310929275956,1.1426516035310988e-05,8.083559054781972e-05,2.6787883211460547e-06,4.400669208470204e-05,0.00017743656069577619,0.00034410829348277663,0.0001836891744520933,0.0005566339190230672
2025-09-11,6.849092800214274e-05,3.368272029150707e-05,0.00033542354647937423,4.440263240296694e-05,2.157513235138559e-05,2.2275353399806298e-06,0.00010214128781339381,0.0005361308047183042,0.00020122207815324658,1.6339386834322758e-06,7.161536437494912e-07,0.0034436623006272337,0.0012688293991074506,0.0007256456281591556,5.038010871115793e-08,0.0003932304823684655,0.00021551413035903673,0.00026351540442011944,0.00027441043543333647,0.0003266328666032552,0.00023404732535761507,6.564104265281935e-05,0.0004867912745476091,0.0001227505437854765,0.0006030100090595625
2025-09-12,1.1206595589138706e-07,1.9425527835328967e-05,0.00010544217057883067,1.8716695723433543e-05,3.182455300853104e-06,3.879448637308994e-06,0.0002087793809074043,1.7956836652096316e-05,0.0003031276785734836,0.0003093572925338043,1.3410367167264497e-05,0.00503831529756185,1.1849438457893122e-05,7.913191575606107e-06,3.5571970054300316e-05,1.0524442422646133e-07,1.5162167753096233e-06,1.8198760968344118e-05,1.9433917062131358e-05,2.136614351877613e-05,6.091428978165834e-06,2.127579804825774e-05,6.642063980381807e-05,9.239347519828229e-05,0.0003406908277150136
2025-09-15,2.8194297684992072e-05,7.259841145899529e-05,1.7881423751782152e-05,5.437699308298683e-06,9.733907885497692e-06,0.00010714482148454109,0.00011870107121894245,0.0001555366764890655,0.00012484005155108272,0.00011344454261744645,1.549577684820412e-07,0.0012244432808134057,0.0002111373876108849,0.00014994287797717734,1.1503135734276864e-05,0.00010385196823568182,1.6873428022416808e-05,4.986151974722725e-06,4.1770431022758265e-05,2.616185844431225e-06,1.3790369737918068e-05,4.623348000881126e-05,3.727704367781693e-06,8.622169785645929e-06,0.0002624886235039944
2025-09-16,1.8984284528689755e-06,7.147694099587928e-07,2.715780059479525e-06,4.431422901993809e-06,7.931564551127362e-07,4.0176217640280495e-06,1.7110688326301563e-05,0.00036915205567087707,3.729847967431336e-05,0.00015225282340988177,0.0002649756194840924,0.0007756050156817635,0.00026565514362028884,7.386948584630765e-06,0.00027629390801132996,0.00011646048494801719,5.1003711104967365e-06,5.007849449515411e-06,8.804825461336478e-07,2.8114347778741798e-05,2.822499571465911e-05,6.004779427237522e-05,6.798415169573244e-06,1.1416182926898645e-05,1.894818136107979e-05
2025-09-17,1.545333643309184e-06,3.991767017333894e-06,6.537062192491983e-06,6.496947028641104e-06,3.179619206009123e-06,5.9986381487641984e-05,0.0004497663421490109,8.637298443027172e-05,1.239753936876295e-05,3.699091288746741e-06,0.000707412503966298,0.00010012396859387476,1.9826583215252286e-05,0.0005139167917776697,5.45844106592763e-06,0.0005025171457460658,6.416908130555286e-06,9.335114308593852e-05,6.799138595310728e-05,1.6968914637400964e-06,1.7512077146636306e-05,0.0002051407779985177,6.69984831364347e-05,5.657554585156662e-05,6.61737280350011e-05
2025-09-18,2.173103757613523e-05,8.057931855030223e-05,0.0006052461152009622,0.0001076023639328317,4.2207236810826e-06,1.6115055832707253e-05,2.7862243358066438e-05,1.4001087755249589e-05,2.1672680906669537e-05,9.50498330998492e-06,0.0011795027742949038,0.00045728229301755016,0.0009241460632287687,0.0046294333841753335,9.711463694408847e-06,0.0012624093076585138,1.1156361439262812e-06,8.539994586333163e-07,2.2431540248937335e-05,4.710361438891789e-06,0.0002994481062649138,0.0003591848657780883,4.155450293853596e-05,0.00011530233772672057,6.117499371244911e-05
2025-09-19,2.4409100477865814e-05,4.551566648969214e-05,5.815395969058386e-05,3.6402867589966657e-06,6.486415360025347e-07,0.00011133130963017111,0.0007433133517059977,0.000249286668648113,0.0009941777219870905,0.0003412613562606115,5.937815435806582e-06,0.00047861230473152474,0.00045856109588460295,3.8203076378808085e-06,0.0001783238078078793,8.095824426685387e-07,2.0642657906087012e-06,4.90368389955827e-06,2.436595510015276e-05,4.258037488005727e-05,0.00013429497778802088,6.674492143871208e-05,0.00015213746304631407,9.260236863954442e-05,1.1301473360399464e-05
2025-09-22,2.2277871102476292e-05,3.484021522833819e-05,3.348026485892354e-05,1.2967639048995956e-05,5.016319773359804e-06,0.000294410016842095,0.0006396949921717201,9.073921124140767e-07,0.001780240835944314,4.545057229267486e-05,0.001484595683156214,0.0003581404530508813,1.0131405965746671e-05,0.0009715966832889545,1.3256513400725714e-06,0.00014035345180010413,0.00024429097633138047,1.7755162430282798e-06,5.567488361657091e-05,4.761228757311635e-08,0.00012772416696633,0.00036929067000494067,2.2818776361173893e-05,0.00011245746561752544,0.0002290262560215162
2025-09-23,2.979452995788965e-05,4.4414822866879214e-05,5.07630801157676e-06,4.85163522632736e-05,3.886380820442331e-06,1.6630479553998838e-05,4.000185774476998e-06,0.0004643911937043935,4.178466396875494e-05,0.000104011638670104,0.0008189694788659575,0.0003779556864957784,0.00017406265915136872,0.001328212308381918,0.000291625222013779,3.171686796195764e-06,0.00016868690552479377,1.984136172398231e-05,9.210085021798876e-07,2.9587863474577365e-05,0.0001825864505952105,1.3918177313184354e-05,8.537893990745474e-06,7.60546388363099e-06,4.792245902047974e-05
2025-09-24,1.0155092642771067e-05,1.236733958833212e-05,8.516946743099774e-05,1.4542442010350275e-05,1.6292079957860105e-05,8.288953495652946e-05,1.2317572207243321e-05,0.00031319056295000327,7.00110146723586e-05,3.257721175172478e-06,6.750489847235577e-05,0.0015216592024979339,2.064436579339358e-06,2.8060600206391528e-05,0.00016701814716769877,9.760537048953118e-06,7.453980887648935e-07,7.806371738127386e-06,4.718112920448705e-06,9.770433086014933e-05,3.878653834848094e-07,2.753254631276488e-07,4.187631452115972e-06,0.00010935601527949454,1.543563964426238e-08
2025-09-25,2.13829714342832e-05,1.8667596932915925e-05,9.23003478088632e-05,0.0,3.2378477207696023e-06,1.7276812217918904e-05,0.0008960554753449992,6.121068820658594e-05,0.0003208251407677926,3.763306386681073e-05,1.6486366901733158e-05,0.002007206805173999,0.0004915380041963935,0.00230395171854913,7.967712565391806e-05,0.00016912650610143254,1.549034969168484e-05,6.837424339391472e-06,9.162379456715635e-09,8.947487557046959e-06,3.444206017924588e-05,3.143660345009038e-06,9.672851949303623e-06,1.5105507561359299e-05,5.8623531147634206e-06
2025-09-26,3.263602938613057e-05,1.683003178543163e-05,7.276979386042364e-05,8.094552864105545e-07,1.822347080452626e-06,3.312779148492887e-05,0.00040109093867013023,1.5176420712226986e-07,3.0296450221863628e-05,7.567505880005622e-05,7.895555754541955e-06,0.0015515418720639365,0.00031854666639230067,0.0003630908374705057,8.415045136228342e-05,1.9268067983329303e-05,4.0705365060252465e-05,5.281309969914424e-05,6.875734823781641e-05,9.655461147530378e-05,0.0001227443270165109,5.279662825145087e-06,1.1382002064626363e-06,1.79706696927025e-05,0.00012739312529263548
2025-09-29,7.876019847778754e-06,2.1348444625949712e-05,1.3444379128215314e-06,6.687593900031744e-05,1.1032096701294886e-05,0.0002677125896706747,0.00023023037820938883,0.0010277592153871947,1.632251093145258e-05,3.746044000292372e-05,0.00041338300327461996,4.045326454077605e-05,0.0013160486263715453,0.004384903935854024,0.0003438190930016276,0.0001557974977362818,8.594915908929871e-05,2.5004978659295394e-05,1.371792863098447e-06,1.0863319287977497e-07,0.00011176808400155665,4.531124841108637e-05,6.018585502862654e-07,0.00013176150149453938,0.00014029806111495627
2025-09-30,1.4136019962211227e-05,7.482679635087698e-06,1.9774586117703053e-06,8.436977481296558e-06,9.72971377641016e-07,7.231367117187277e-05,9.385255893801099e-06,0.00012826481315114413,6.174913556797584e-07,4.210606584033535e-05,0.0006593507649901531,1.1568122763579254e-05,2.2727535837267826e-06,0.00010867704171713985,0.00011423886214703512,0.00013638821864580758,0.00021283109926729317,2.318273216318897e-05,6.789592319421628e-07,1.6446227777400658e-05,0.0004287804693465232,6.104798215078907e-07,3.7688727993154214e-08,5.965292673801734e-06,7.082299951159585e-06
2025-10-01,1.1571460759375987e-05,2.2900871704614895e-05,4.78741489993219e-06,6.651005359698659e-06,1.6061512742694736e-05,2.4778934581196542e-06,0.0001603859133557481,6.898283926246116e-05,1.0337302021503375e-05,1.1507025926317603e-05,1.2469342409243878e-05,0.0010632161148553091,5.124413471539755e-05,0.0006448639388661201,0.0,5.8707554430066926e-05,1.7700060850251105e-07,8.010790840842159e-05,0.0002273085282777296,2.3416237365122587e-06,1.1504509257556623e-05,9.385958097742657e-06,0.00011514896160836636,0.0001857668001519082,0.00018572815038761257
2025-10-02,1.3251249581778142e-06,1.6831693643910277e-05,3.956093058843684e-05,8.455554062431173e-06,2.601880141552172e-06,1.2172453256676486e-05,7.912484783358717e-05,0.0004892350205717662,4.2969286781230593e-05,5.8802911786888386e-05,7.697562778376145e-05,0.002746768783965904,0.0006821033856420869,0.00520591191714835,0.00010251225082373403,0.0004030077689116341,5.199960497920627e-07,5.616408514415896e-07,0.00010449624906331368,2.762795304610985e-05,1.415826367888171e-07,5.482165273146555e-05,6.519321225661562e-06,5.1799176032025934e-05,0.0011752243906089025
2025-10-03,2.1807820742023186e-10,1.779651851003326e-05,5.461213413606082e-05,3.6112740973527765e-06,1.5733538387001783e-06,6.401353025026833e-05,0.0005295030146474097,5.633257777939074e-06,1.1939118973188425e-05,9.714850066202768e-06,4.551049889216777e-05,0.00020313355412768664,0.00010279251396288649,0.0004469767941593019,2.80931534218452e-05,0.00021699699470687848,0.00010446406464575908,4.776819528016762e-05,6.450422910677952e-05,1.3883027041422774e-05,0.0002016770598687563,2.090293735382686e-06,1.3188773443360153e-05,8.634734638432753e-06,0.0009159976992264375
2025-10-06,1.2815066301493353e-05,5.598132449471789e-05,1.5829036403711433e-05,6.36046495269452e-05,1.0448746677008726e-05,0.000348582257099357,0.0001520722917911647,0.00025750217307722204,2.6707261900046233e-05,0.00046035254209430816,0.00012428319288211467,0.0028147374414096023,0.0013217206611972352,0.00024947776480296397,2.436933321564326e-05,2.4737692559996846e-05,0.00036642018446444183,1.3871817413734913e-07,4.428873248972375e-06,8.933343985784751e-05,6.490927688516124e-06,0.0001510562101008013,3.786211104994276e-05,6.182301893976518e-06,0.04526425884698438
2025-10-07,1.3796633900761964e-05,2.7873562439720234e-05,0.00011653254675522081,3.289250808643069e-05,3.56061958984272e-06,2.6483352188114965e-05,0.00023480618299897863,2.0415124378291836e-05,6.699083474536418e-07,7.60703453265895e-05,7.281584984919467e-06,0.002070095256711008,0.0007535292341832751,0.0007298024786301973,2.451010217502234e-06,0.0003117575752869498,3.8235564833793116e-05,1.697064319104066e-06,2.3337494584603053e-05,1.3326404140893935e-05,1.4993035669831867e-05,0.00019774072704986138,2.7502063912743592e-05,3.814686164318976e-06,0.0014118660409681997
2025-10-08,3.534711265313277e-05,0.00012992799572985646,0.00010879266720599027,6.155257052780252e-07,1.58191540040874e-06,0.0002675337089700201,0.0007079665433184954,2.023281661788719e-05,3.7716475802956465e-05,2.752233854173798e-06,0.0004733591939056644,0.00016505745237458978,0.0014183761234299425,0.0009071079771824757,3.395985780335108e-05,0.0009716090846040307,3.312753028565792e-05,2.349565159906888e-05,0.00014319375401381534,2.7274617254766756e-05,1.786215835069861e-05,0.00014889062904684577,1.0881271785487546e-05,3.253087397851361e-05,0.011597867324644648
2025-10-09,8.417035886089857e-06,1.4664231195255644e-06,4.180185572527441e-05,6.155257052780661e-07,3.91727317971882e-06,0.0003468990343605059,1.1293251479038862e-05,0.00019513175301907103,0.00024650287668220036,2.1891754959294334e-05,0.0003287293401196406,5.193160590287369e-05,8.924172858994858e-05,4.863706491184697e-07,0.00018751255595619146,1.2329538395899993e-05,0.00015014472105524454,1.2652114553554124e-05,2.4221934328323312e-05,2.996570866839964e-05,5.330543866781626e-05,5.332077617023456e-07,0.0001219330028509285,6.522510123388755e-05,0.00012994657678229055
2025-10-10,0.0007507488924626022,0.001248287936931151,0.0009242087246981761,0.00025657726037730584,7.772191191831821e-06,0.00010094339173539373,0.00025521713446884304,0.0019343949249853126,0.001234258143570207,0.00049028121543152,0.0025099730794572775,0.002699150928159833,0.0033305083602587276,0.0065061764466799454,0.0008625770309630966,0.00033389804845051883,2.8638051625179815e-05,0.00048380467602922046,0.00023418525173609706,0.00016518664128018233,3.5562176190029193e-06,3.514160626870228e-05,4.7281779883571783e-07,0.00026734048045237295,0.006463108606628904
2025-10-13,0.000231878123535345,0.00044097074672440296,0.0007540135260140295,3.047673106626441e-07,1.1606935888420108e-05,0.00057650274811137,0.0015595825020014306,0.0001624220211355037,9.403547286965198e-05,3.635171716387047e-05,0.0007718720417309764,0.0027856796827265035,0.00020575481341048884,3.1446432037858863e-09,0.00018278903554628232,0.000730525098084835,5.8493415901386495e-06,9.101539038703544e-05,0.0005409137758169264,4.0123269171222904e-05,8.898928887984745e-07,0.00021921770974337633,7.538327273477902e-06,9.687262943686385e-05,4.967684745896495e-05
2025-10-14,1.4942657498979733e-06,4.466561685143881e-05,0.00020102330467520395,1.0221748992479655e-05,1.0929803347796619e-05,5.063477581518564e-05,9.566893170206074e-05,0.0003378516526674098,1.9717465980574988e-07,8.72891596331003e-07,0.002026732012164873,0.00023705729109869275,0.00010861983956320059,0.0019548510368609107,1.3378669250019846e-08,0.0019367665546044322,7.160623718600029e-06,0.0001199880011827256,0.0003728969112311738,0.00010420346039982768,6.862251654867297e-08,0.00012676598926379944,0.002365943033844717,6.607504321162394e-05,5.908764992482935e-05
2025-10-15,1.962222049722772e-05,4.9449252393792613e-05,9.515191650501889e-05,4.8562833804875656e-06,0.0,0.0002952867914698374,0.00103486625087011,2.1016012002454766e-08,3.98979522402895e-05,7.428235906921296e-08,1.235385535473131e-06,0.00018699481920745497,0.0007675054060586714,0.00023995444363140333,3.353221549324127e-07,0.0001536998584773238,0.00013196040850478095,0.0,0.00014112644925076513,0.00020749729571123933,2.806645363601113e-06,0.00013768428981481408,0.00028336785019854506,2.3480338693837915e-05,0.00807854569848683
2025-10-16,4.669749866251662e-05,1.3762633925440747e-05,0.00045270892955545373,5.583773731559275e-05,8.1251036590974e-06,0.0005344412382940716,0.00029691151165524385,0.0002976278776940858,5.7894764300045065e-05,1.2610715413322744e-05,0.00011990737743244515,0.00021953716897679508,0.0008867496443953791,0.000329554610603285,0.00014692886657760202,0.0001652775869767255,0.00015403977034565843,0.0007948138344403877,0.0005601570146548195,1.2436532335721103e-05,2.457256623536599e-05,0.00021548430352359328,0.0005645259222156774,0.00027282389448016767,0.00029162826502061005
2025-10-17,3.203949177381134e-05,4.284012417602732e-05,4.564134645148589e-05,2.352743622484932e-06,3.8367716405544e-06,0.00036086128548112564,0.0020565132397141962,6.269780411091211e-06,0.00037522127885818244,1.4770772181018599e-05,5.9682777675122895e-05,0.000592012654710434,2.5898916407281892e-05,0.00030000685299076625,6.682898106417302e-05,0.0006756404476667855,1.4780898663916693e-05,6.531284708238237e-05,1.081076684020175e-05,4.215230863793701e-05,3.2596581596771154e-05,0.0001430472341177793,0.0001384111508751581,5.132202542170557e-05,4.0064572410499454e-05
2025-10-20,0.00010705549548107061,0.00015680223481620364,0.00037351189587836903,1.4671886331814079e-05,9.15534829697416e-06,0.0012784253703353923,0.00023764608727501027,4.879644314823933e-06,0.0014962178227192697,3.8820770828486345e-05,1.0052950168224792e-05,0.0003354310153926331,0.0018307031184634467,0.0005212666634814057,0.00011084257561163542,0.00011273146256219528,0.0004613164330760751,0.00013508255284298923,0.00025607641130290487,0.0001008091406764289,6.67858270068236e-06,1.3631606012943427e-05,4.009482984936831e-05,0.0001343024687887851,0.0009977877442884477
2025-10-21,2.2214687904197731e-10,6.84302427483701e-08,2.233297784606414e-05,2.404212962925725e-05,3.157374312816491e-08,0.004412562564147984,0.007386563839126466,4.180631496555206e-05,4.076400173387817e-06,2.8296828228787488e-06,6.620124166534947e-05,0.00011780156901291039,0.00023179299032334024,0.0002287170481614006,5.310281857978599e-06,0.0001530064516832456,0.0010860037192502636,1.2931650141473656e-06,0.0003091681117263559,7.993535014165245e-06,9.1079847889262e-05,5.018105382450097e-06,6.058544136264534e-05,0.00042786738070480217,0.00011178447013846455
2025-10-22,2.7169825437022557e-05,9.3716500652552e-05,0.0002216613426468761,4.249969148229445e-07,9.539357908779506e-07,1.1246671394630153e-08,4.215457888889437e-06,0.001154950473034863,0.00027479090887321943,3.078049692162828e-05,2.371097360944116e-05,6.782123694693274e-05,0.0014391111411192112,0.0030832308241621996,0.00016187208765126732,0.0004277939937305167,2.335611271716788e-05,3.2554361618634194e-05,0.00010163384391481454,1.796044315866879e-05,3.0350130945345024e-05,1.457779535406144e-05,7.437361473211218e-05,0.00011515634484035608,0.0011100838144951105
2025-10-23,3.4956220515018974e-05,7.007935451461396e-05,0.0001581998774970324,4.7153111435490014e-05,1.5457402932000578e-06,1.595499371988642e-05,4.6424397521501313e-05,0.0013667248463411486,1.9031612188198106e-05,1.4822967694063162e-09,0.00010762425494553223,0.0005083803494210907,0.0008868850595010882,5.7113852419948206e-05,0.00017523992743328175,0.00016235077282244847,3.4826048294021212e-06,4.392703647254233e-06,2.1348785730827362e-06,4.2360306572596844e-07,5.9486409581315694e-06,4.338287347938816e-09,6.847958719549781e-06,1.9562285935967554e-07,0.00041878318386543415
2025-10-24,6.624912404791258e-05,0.00011281994569891925,0.00014740194362007319,1.913160008719872e-07,2.8456209110275032e-06,1.1279294208209944e-05,1.8574646552081966e-05,2.2560720961945866e-06,0.00015387222182184946,3.412833796176986e-05,0.0004954201395139555,0.0011957210983234705,0.00024952471596680076,0.008777148530819186,0.0001033745751991528,1.827748190063282e-05,2.9418306793589745e-05,0.00011643355166142084,0.00039335736415641823,8.558220413875282e-06,0.00011692688322595892,7.75524018609638e-05,4.1964412787926934e-05,0.0001443736865481695,0.0054066965661287505
2025-10-27,0.0001375615024477344,0.0003116100787143818,1.2123576395605423e-05,1.1446653473547823e-05,2.8372131034566227e-06,0.0007971811213504273,0.0013552687767006304,6.727264860661106e-07,0.0005078457392658537,0.00022481515835684455,0.0007668552350358767,0.0017818372572963941,0.00010498459398033169,0.00037919322852782795,5.67202663684803e-06,6.836502009081736e-05,9.519379956628709e-06,1.708827705734144e-05,0.0001506219964178367,7.890237878085562e-06,2.759211074757172e-07,2.430901028620443e-05,0.00026055074424675674,3.471883516302138e-05,0.000693712360233386
2025-10-28,7.035639669815096e-06,5.8683687412897926e-05,2.8814757514667064e-05,6.820544254626925e-06,7.824065969263537e-09,5.172241458471816e-05,4.971011254859105e-05,0.0005733232647164571,4.992279529305705e-07,0.0003862858981656276,0.002363766071164845,0.00031721103633370023,0.00011677206201881071,0.0003003651446188471,0.00010974642745826254,2.4455304158756228e-05,5.494619286987822e-06,4.090607293488532e-05,1.5763929870782165e-05,0.00039325302008493234,0.00031924853363020817,5.9605225225356875e-06,0.0001567987785648496,3.795728156663739e-05,4.1129956304624856e-05
2025-10-29,2.306608971583367e-07,2.0185884878267466e-05,7.313575148884368e-05,0.00010318600385293225,3.230693733627212e-05,1.4397913585680708e-05,0.00015217072777876325,3.2795363109910744e-05,6.754045835805276e-06,9.212432573716554e-07,0.0008677649990351273,4.33614991985314e-06,3.1375841830816933e-07,0.0003528214668756793,5.4951131724515596e-05,0.01211340351977047,8.211479853463802e-07,0.00029344578143820986,2.412599147175852e-07,0.0006806127170665144,3.1220911629958715e-06,0.00030017986156197863,4.7687178498490646e-05,0.00016152389555015693,0.0005856346778232674
2025-10-30,0.00012230304374098334,0.00023736619672477252,6.552118499954572e-05,3.405171536206024e-05,2.8708032858752395e-05,0.0003783598488448041,0.0006427502469737267,1.5733272679637123e-06,3.9481704031859467e-05,0.0008755944933136746,0.0004099849574838333,0.002256416790322553,0.0016481906075014843,0.0035267526099639055,3.511715539098103e-05,1.6036978441734193e-05,8.10849681055775e-05,7.204007933743019e-06,0.00016337388968691715,2.2401107036330097e-05,0.00017015334791367469,2.9483597210782494e-05,5.050157832741506e-06,0.00020763321705109572,0.001336808279848773
2025-10-31,1.0723869276755875e-05,2.3159355517673236e-05,3.158730013830219e-05,8.91468067772842e-06,1.6301857176358917e-05,2.9651834072723138e-05,5.580635240828125e-05,0.00013885268768685523,1.4457198939615289e-05,0.00023215170626905175,3.8943799461057625e-06,0.0013482213053652968,0.0014282529056190035,0.0020643034006139014,5.312201586228269e-05,0.00010305738415074863,1.9368508137000296e-05,7.165491526264432e-06,2.931549227152067e-05,6.668708332398522e-06,9.075586985268184e-07,2.7746911320100395e-05,0.00010658585006753822,4.8303938752822e-05,2.510193076748138e-05
2025-11-03,3.5156936511544882e-06,2.27843757733491e-05,1.032693105569018e-05,6.27141985008374e-06,7.249954476741781e-06,3.2087494578458857e-06,3.245265210880369e-05,6.138690210952488e-06,2.3953340816482304e-05,2.2722814957576233e-06,0.000460032939685815,0.0006522124561813049,7.9531749950668e-05,0.0015711156470820577,1.2869606014753093e-08,0.0001350650516610569,6.467881998508516e-05,1.772123881232654e-05,3.255017057358847e-05,2.127887946357021e-06,0.0001936384141906641,0.00024810748227227297,1.635307502427855e-05,1.9799142533608283e-05,0.00018737451749629844
2025-11-04,0.0001421902015260294,0.0004205335516503884,0.0003036669726230443,4.956531019467084e-06,1.839428059719512e-06,0.00031231504733876325,0.0005562442341933597,0.00012539480241475178,1.3490231654836567e-05,2.7413019603491227e-05,0.0016316026154165188,0.002792971648441357,0.002986291737493298,0.005252631322818577,0.00011743561995680713,0.0016943460811996113,3.702412580192247e-05,2.6665808172460824e-05,1.0456355288482138e-07,2.832306399625591e-06,1.034352530965015e-05,3.316813031389182e-05,4.4506370263193854e-05,3.380507438497159e-05,0.0014193029032675618
2025-11-05,1.196743847831039e-05,4.208030835066904e-05,0.00020519826866388963,0.00012003695140585946,8.916589076966635e-06,0.00013220430907080947,0.000443861807187103,0.00015853636072228315,1.37119169914233e-07,0.00019708312172301613,0.0003122226203786398,0.0015449940239697032,0.00031282804177950273,0.0014624113783085315,6.94042745332475e-06,0.001492706458799433,0.0006108963940562352,1.1751099387418485e-05,6.126196363839377e-05,8.036315353830969e-07,2.127960260985531e-05,8.875825683452627e-05,6.167257688885701e-05,9.748935840105902e-07,0.0006152738563538382
2025-11-06,0.00011636600450769407,0.0003535531465485778,0.00031880189137401167,8.01535084944865e-05,2.7481648368810562e-05,1.4429794033035958e-06,5.260745287764102e-06,4.469157836198557e-06,1.8788226708182933e-06,0.00040141421833497364,0.0013844758496647951,0.0012673076300371434,0.0024081188639541945,0.006148162011805599,9.362659789680901e-05,1.2238415954257554e-06,8.026573160016485e-05,1.309448002354514e-05,3.0993648659608766e-05,2.330851467620207e-05,2.705579001782783e-05,5.426731066946111e-06,4.274343924400352e-06,6.151511746871998e-05,0.005693647616839875
2025-11-07,9.683017991151564e-07,9.987613006256381e-06,2.7339408418264557e-05,4.490358903153737e-06,3.941234759149751e-06,3.721459075483863e-05,7.157277984972302e-05,2.858958138220647e-05,2.3333995190044737e-05,3.174453312570734e-07,1.3846694668783737e-07,0.0014024175355883458,4.42272495520247e-06,0.0021227628746008686,0.00020406802224537347,0.00013907906910119852,0.0005198021940373425,4.948888054455691e-05,6.336719780049248e-06,0.00023754491489363753,4.586667511047727e-06,3.3638094142044175e-05,7.93837142946883e-05,5.108084517090879e-06,0.00031173509973329145
2025-11-10,0.000239749531309318,0.0004788664181774002,9.932690642879879e-05,4.9840655259181734e-08,2.9346911420810547e-07,0.0007275980964843201,0.0017385556781856475,3.453422503486164e-05,2.0597142043090478e-05,0.00033521616139476555,0.003171551872819887,0.001290443731571545,0.0006529573533015004,0.0007860685251627084,8.110079085190415e-05,0.00018684860641766108,0.000188503934128751,1.2912906283764004e-05,7.213414199790597e-05,3.0727374764487584e-07,9.631363353430605e-05,0.00010242391585448016,2.7501375101293903e-06,0.00018101753370698787,0.0019125663071056186
2025-11-11,5.228647802978901e-06,7.113280002310241e-06,7.399951330844504e-07,2.086620667053474e-05,1.57167152556255e-05,1.5445540669117074e-05,0.00020479713686300853,0.00020749520149601405,0.0004567241687759406,2.790407923467552e-05,0.0009022342450172051,0.00016079053960870886,9.181736080108154e-05,0.002004405012691929,0.00016837017552244715,2.629962512076717e-05,0.00011953322940215372,2.0435594680998418e-05,1.612662186758892e-05,0.0001240450107221736,0.0008043461669218522,0.00042758617582744135,9.820240540663288e-05,0.0005284252727934313,0.000720084420432568
2025-11-12,3.095071816604226e-07,6.219901713864792e-07,6.050178644760724e-06,3.1571168145006846e-06,9.794476491543765e-07,0.00025543586381444953,0.001557807141391615,0.0016913248873179812,4.209144287305043e-05,2.3275049086799936e-05,1.0942089404102036e-05,0.0004297788052539176,7.131963779825156e-05,1.0841424520280327e-09,0.00019833564419077717,7.961046782501461e-05,4.303698996558965e-09,7.409522687628313e-05,0.0002268799655302626,5.602385365911654e-05,8.322666424221892e-06,1.2776316340317281e-05,0.0,0.00024183771263033233,0.0074220756450109945
2025-11-13,0.0002800014232720738,0.0004254849316616148,0.0008132804160688839,6.798275782946105e-05,2.4628833997013687e-05,6.586854492051622e-05,0.0003534966010619755,7.384269276002613e-07,3.6223610795830147e-06,0.00023953770302317717,0.001329850378033036,0.004726893978461779,0.0029063135752624546,0.005053244234076364,6.4783423528184996e-06,0.0011949904848608907,6.796928245118479e-06,0.00016743483042338655,0.0012046384876334391,0.0001522682044204786,1.9486933877363478e-05,1.1413059762087291e-07,7.636513419818875e-05,0.006506748996333074,0.0018607013595050485
2025-11-14,2.6824599833888096e-08,5.711568937679474e-07,8.466691247624273e-06,3.274272911494829e-05,7.3843008099074175e-06,0.00033170467046493666,0.000977976071367781,0.00046948557124138114,3.922126391739835e-06,0.0001848807392932845,0.0003083082499636852,3.42654084720616e-05,4.873612780685656e-06,9.197338794681086e-06,0.0002848352651162898,7.514451223658545e-07,0.0004634581791861602,0.00010108684294863822,0.000366708832285136,4.507053287869918e-06,1.2087111507154812e-05,3.849342787197523e-06,3.425646429254209e-07,0.00028774550385691713,2.1610132332176644e-05
2025-11-17,8.761152509181127e-05,7.356884865855372e-05,0.0004030278656431409,6.113069542190614e-06,4.028366475816921e-07,0.00013294544920677527,0.00011488920866128645,1.257334684856322e-06,0.0003362919993394407,2.7948186768220353e-05,0.0003591424347259538,0.00012630873933849884,0.00035215254971847137,0.005360363104560254,0.0003395050048573655,1.2818656724528684e-05,0.00011446810164826007,0.00037055464583284677,0.00011510913245274288,6.879196887337358e-05,0.0003406889978369988,0.00015893527465355274,2.0937308712802307e-05,1.0820920335244913e-06,0.0006664419001188079
2025-11-18,7.11156722218385e-05,0.00015007629020051007,9.276867826736902e-06,1.1351348408146533e-07,2.0532376305674187e-07,5.2398346734097694e-05,0.00018934096350979967,0.0002785624969374433,5.5793393745257866e-09,0.0007489332898990457,0.0008112976636644611,0.00035853029719708874,4.777738984178076e-05,6.751989800747838e-05,6.301692556513358e-05,8.853141272344157e-05,6.945954796930524e-05,2.421828162632639e-06,1.0247156232709472e-05,1.635008797735905e-05,4.419010537173433e-06,6.386603596863329e-05,0.00023314261866878182,3.0989082617631274e-05,0.0018891113706820594
2025-11-19,1.4866863185833035e-05,3.543031960891788e-05,2.9402550254089957e-08,4.093301133600602e-06,8.218739998106291e-09,2.6507937657393266e-06,5.7207512204431887e-05,0.0005106829058818622,1.746415375788135e-05,0.00018495617198319308,0.0007870547388716372,4.6313830696106e-05,6.031904725144625e-05,0.0003006340438340733,0.00017012417711930963,0.00012831078672816297,0.00010371138981826729,1.3630157003922597e-05,0.00016408554245339173,6.205499402266881e-05,0.0001555480054670089,0.0,5.964154780486651e-05,0.00023300791672771856,0.0008823418011798675
2025-11-20,0.00023591738999769138,0.0005739135808702123,0.0003489396761466687,1.5446639093426588e-05,1.84404358030517e-06,8.606513190775843e-08,0.0002110974732026404,0.00010717299836177344,7.46254007870273e-05,0.00026020116429968903,0.0010260761679596552,0.0004805828215139018,0.0013056414831900248,0.005969285997996263,0.00013026472253932617,0.00016128751528109598,1.23729704117797e-05,7.684315798880902e-05,0.00026424374501952025,1.7549250314455708e-05,7.6258651760965465e-06,6.610593993506235e-05,0.003919351374218415,0.0003610147057527327,0.006668656787969641
2025-11-21,9.824649556163015e-05,5.60217724624037e-05,0.0007802667342387191,9.128696736534659e-06,1.2406426617493927e-05,2.397943612439444e-06,0.00011109733832018095,0.00014861750805331733,0.0003798405643463426,0.00017627089722336816,9.586076855998617e-05,0.00011088508168318964,0.0004864066667917726,8.84179564066932e-05,3.946643291004954e-05,6.151012365610815e-05,0.00025930744144946527,0.000118747951369765,1.4575084089870168e-06,0.00025901990821667275,1.663775410526678e-05,0.000333231844659649,0.0002840262110926657,0.0002330957052643999,0.00011951513164133707
2025-11-24,0.00021348836607887125,0.0006376464692471149,0.00032712882864177606,3.228666330482486e-05,1.5673207303450543e-05,0.00024711932526727667,0.0008373568027384147,0.0002570358454646853,0.00026198095766998155,1.579394797683944e-05,0.00041245310054288247,0.00435828021527625,0.002100567776341757,0.00393310104911668,7.838319133073043e-06,0.00027298866291202437,0.00045455730295890484,1.805194513276377e-05,4.5026778171472164e-09,7.159831588110484e-06,0.00011002284586167828,0.0006997795915356157,0.000144857215740322,0.000515070474619303,0.002897625713948201
2025-11-25,8.764761608248442e-05,3.7759305407884755e-05,0.00046511405804181845,6.5119212873762945e-06,7.728217773243243e-06,9.969213358417193e-08,7.351124698766885e-07,0.00028070129618939057,1.4426339919903645e-05,3.954054510772296e-05,0.0006891868537430406,1.4977895800209715e-05,4.381857204962973e-05,5.261584014301738e-05,3.9688741601574655e-05,0.00015498011335855617,8.931295166415406e-06,0.00015497032728488484,0.00027686420010844396,8.462872093601103e-05,8.7116371938894e-05,0.00010447220358850437,0.000776244754640675,0.00017821469533050853,0.0017946671507999112
2025-11-26,4.733114599447655e-05,7.738508546623564e-05,7.767750351316265e-05,1.9561696194741374e-05,1.1540642059527926e-05,6.346546862639667e-05,0.001324838027962926,0.00012867216595753195,4.37573561336078e-06,0.0003127162199240536,0.00018573400879873093,0.00028814340117717393,0.00022567270074396454,0.00174807939912865,5.674181772829531e-05,0.0001559401031667763,1.490479665908874e-05,6.0424044565546684e-05,0.00023096566617979484,1.938934406278858e-05,1.846499370726555e-05,2.616886121055344e-06,0.00037776128866741756,1.3478224161559564e-06,0.00148917622850317
2025-11-28,2.9632380610631845e-05,6.519637024243823e-05,3.41784867938885e-05,2.261216077160413e-05,2.880261933792771e-06,0.00015246773847860868,0.003184904975169152,0.00021312443750817308,2.1836481641184522e-05,0.00017741767759466215,0.0003330818238344677,7.023478278099532e-05,0.0002341577964746991,0.0008523858197345158,0.00016951520209405898,1.2475185154388876e-05,6.58351636631626e-05,5.1136006442212276e-05,0.00030724451284549565,1.0822509848449886e-05,9.536925275520656e-06,3.686607421588976e-07,0.0001648947284237702,0.00010009820279757721,0.00023225329797698895
2025-12-01,2.0939402354955747e-05,1.1320230476262478e-05,0.00016034668436320498,0.00015692114913647107,2.8850831627446374e-05,2.313111627223258e-05,0.0006380297385510569,1.9809523462176394e-08,0.00022880221266741033,0.00011597130863442371,0.0002677363540654176,4.8635925773636315e-09,0.000748223515239033,0.0023761940648724194,9.163349090407245e-05,0.00018127508472670718,0.0011606100920279689,6.863713383035489e-05,0.0001789260873192993,0.00013368257476009822,5.8754582917040334e-05,2.3731004061243113e-05,8.441043485979891e-05,0.0004742374518783889,0.00010402470771962591
2025-12-02,3.4246695890558353e-06,6.077051370894371e-05,3.3626430487113443e-06,2.0289024965614453e-07,3.9855679935926063e-07,4.17429355444383e-05,0.0001333494310902235,0.0001482620059329749,0.00011784587069487215,4.456000520978899e-05,7.26399190004608e-05,4.3873107866839286e-06,7.850744036433868e-05,0.00017098520749015629,0.0001691505251729688,0.0006275302868323159,3.564609610980939e-05,8.945821470024428e-07,1.137208231473477e-05,1.2604831380903649e-05,1.5177642673228701e-07,0.0001160815282664143,6.176953185297e-05,0.0003362433055786711,0.0004319042696319466
2025-12-03,1.1949370952992028e-05,5.957584724583226e-06,0.0003250069994064586,7.901922932282185e-06,5.0686819235804175e-06,8.649940923494858e-07,1.2768310196143195e-06,4.265952818983079e-05,5.1174474140876295e-05,0.0006431137064678815,0.00010730432543843406,0.00159684697391934,0.0010133129692442115,0.002558997038399895,0.0003450326347119846,0.0002361490692258761,0.00012563042930049614,0.00017815190151304264,0.0001879557921735256,6.518107115484666e-06,1.9203591323793173e-07,3.376361077563862e-05,0.00031101408583156936,7.470476361002524e-05,0.00011891538033050003
2025-12-04,5.340526540345457e-07,8.659838332386487e-07,7.629632575231639e-05,2.9206067121891166e-05,3.2424447921186036e-06,4.1729855853938907e-07,0.0006247087001798975,0.00010563936441395174,0.00014922560544443177,4.2104902731974366e-05,0.0004384738771325891,0.0002988461535539943,0.0005408824964614067,0.00010853841930354002,1.7960520251038146e-05,0.00016556879608978396,1.1993070544648565e-05,4.210767934666256e-06,0.00015974202934474478,5.963011006657303e-06,0.00019536577216841807,8.546077587546502e-05,1.4072704089152489e-05,6.5364811152132975e-06,5.584202257548483e-05
2025-12-05,3.601398145455915e-06,1.655759698047715e-05,1.7458693213233938e-05,2.1523229116154553e-05,9.836590206624717e-07,3.1824546991569397e-06,0.0005166742069271936,5.470924390286026e-05,4.7108606649700164e-05,2.316795552861333e-05,2.8128651696455544e-05,1.0681296844639063e-06,8.088690037290706e-05,0.00025246119659328825,1.7049563810647108e-05,4.4715787564878515e-05,7.310971378770308e-05,1.3887159927587678e-07,1.1282877127395448e-05,1.2366238501226153e-06,7.398806274176116e-06,0.0001749522214701242,5.5146540678202034e-06,2.602082170851742e-06,8.411922274900498e-05
2025-12-08,9.052873921718079e-06,3.6879034062385916e-06,1.5890199974123708e-07,1.0853371006657568e-05,4.313091779558616e-06,6.985128450036031e-06,2.0638058145024146e-05,0.0004033485477385406,1.0224391353780287e-05,0.0002604028006541521,0.0002912993678686468,0.0011887134459148596,3.7232446971721207e-07,0.00027015236042227597,0.00011986434671459759,0.0001236507768889398,0.0008253962155636654,1.3933348313746935e-05,2.9088809717451887e-07,5.938909338044907e-05,2.3602476589372565e-06,0.001315660667499865,0.00018379020325258826,0.000478992699275119,0.00020457219790076848
2025-12-09,7.455076075373337e-07,1.5193129235310467e-06,4.287679816089764e-06,1.0477578853913641e-06,1.6036139931453352e-06,2.625590488986926e-05,0.0020806479978417456,8.059689534233888e-05,6.544842619500958e-06,4.13911840580257e-06,9.801609804411798e-06,0.00015968282066561044,4.803233774811821e-05,0.00013129577655870834,3.7770924007743386e-05,1.2917569100006402e-05,1.0493641980059624e-05,1.4037952897871045e-05,0.0022808219730342935,1.4587961688012952e-05,6.834914702950357e-05,8.614883748898532e-05,0.00017219881477942525,3.230462295213425e-05,5.307786894632798e-06
2025-12-10,4.369582039806894e-05,1.6706632593620603e-05,0.000182591158511955,1.4880962845612683e-05,2.120770315296854e-05,1.8063379493867533e-05,0.0002618445215387157,9.383195678764476e-05,3.312980025818483e-05,0.0007693844039295968,4.1657875320741885e-05,0.00019623498881730976,5.783082653883885e-05,6.753462041021599e-05,0.00010917183339021352,0.0012045044246624366,5.046300013328233e-06,0.00012959336451286765,0.0009888427426048023,1.292466553157372e-05,0.0010482513230903078,1.8492002821146181e-06,0.0002714025215006791,0.000281278950438294,8.151188270734915e-07
2025-12-11,5.40211472384375e-06,1.049531780867812e-05,0.00013609519563211904,1.8489065318973046e-06,2.080740462465351e-06,0.0001147522781782664,0.0007435878039168984,0.0003406531974831169,7.257183636443445e-06,0.00010419720096701799,0.00024427242854183957,0.00010306594040666217,0.00017731185494163795,0.0004978529263559339,2.2803958184860572e-05,0.00027344205782541404,0.00021673952431481292,0.000324785645191762,0.0005369790850660514,1.9045565558955616e-05,0.0002775896881506926,4.4895236135876704e-05,0.00041878459516963234,0.0005701924058227835,2.0373678570540313e-09
2025-12-12,0.0001168601871258474,0.0003726239182496065,0.00023841075879191967,9.380374304287466e-05,3.6761042046245326e-05,3.112510161031102e-05,0.000714702788132868,4.0629116816407953e-05,8.079345350759996e-07,0.00010547992128863007,0.001102897163687953,0.0007102507268138416,0.00042274956082463135,3.382230770333586e-05,9.681413117369075e-05,0.0020539336531088795,0.00012644144381142574,2.1227255930525694e-06,1.285601568325502e-05,1.5105160575088632e-06,5.547375473642392e-05,0.0002151731724887646,0.00014882083615623345,1.5757389043180468e-06,0.002429656867759752
2025-12-15,2.2862357027439045e-06,2.532103058506144e-05,5.764359279860507e-05,4.717680426425365e-07,1.3910393640643383e-06,8.279674264054675e-07,0.0012391801887405155,0.0001811799025120963,0.00022796307088675792,6.057751977765792e-05,5.227426655257526e-05,0.0012252923325493496,0.00021866249135048303,0.004333653356679951,4.979063962360691e-05,0.00018744812735510503,7.474549460037958e-05,5.295233855647291e-07,2.2072296835205512e-05,9.768546170867742e-06,0.00014803265186144572,0.00025296286986329123,5.943724720395833e-07,1.0581504830891355e-05,0.0002340322722630443
2025-12-16,7.485899196406464e-06,3.919889687951675e-06,2.2492310979927272e-05,2.9996860662674083e-05,5.125121730036743e-06,5.17242063715587e-08,4.304429932886304e-05,0.0006585166352983702,3.321356586172044e-06,1.089717574356256e-05,6.526963856965613e-05,0.0009116326785753068,0.00013624855596200284,7.581705416839398e-05,0.0009618531948478175,1.9833732100872134e-06,0.00023439871759245302,4.07706155486689e-05,0.00019785996079454664,5.450300556342765e-05,0.0005290653077812431,3.036858545191791e-07,0.00013923550993982678,0.0001035361231524865,5.8224428822688144e-05
2025-12-17,0.00012242554426728766,0.00035010026253906004,0.00011451782299807483,8.293714229760423e-07,1.1793527581687398e-06,7.312916883149656e-05,0.0018396846071771862,0.0007282675821027117,0.00010278299435925751,3.214592815531175e-07,0.001512949847201291,0.0022348882112368496,0.0009560389479539917,0.0011492221386517636,0.00047958939828394634,0.0022091116761972555,2.2749486425600484e-05,3.347653114423584e-08,3.2688001522151867e-06,1.3675772650899526e-05,2.4099135332355136e-05,0.00031494582448776096,4.3150892641159076e-06,7.937018739755966e-05,0.0029511920051747834
2025-12-18,5.6594987195084495e-05,0.000206960146389007,3.514169687784171e-05,2.2774145299942948e-05,1.4409557446428663e-05,3.257416485810908e-06,0.0002471810866337418,0.00013663576906981296,1.6555585458696853e-06,0.0002680989253696629,0.0003439867732852676,0.0011489745434015279,0.0001602982742307864,0.00042628256547659767,0.0002137950123772717,4.882488294044672e-05,9.686600385790425e-05,2.7186617610602825e-06,3.9765767158673646e-05,2.778476461599636e-05,9.313011812553055e-05,0.00024379888261604588,5.1870941701777114e-05,0.0001242384920402855,0.0002184757074203898
2025-12-19,8.140765286155711e-05,0.00016773582939903255,6.936101302720063e-05,1.3982963775453107e-05,6.632607836470032e-06,1.2731816505520657e-06,0.0007171232573360309,0.00015436330865013274,2.9405966610382685e-05,1.6003263099086638e-05,0.0014885913803670155,2.0244477689185416e-05,0.0004102061006483611,0.0005976977272380933,0.0,0.0003310902733075298,7.141990639480782e-05,3.009006888189943e-05,0.00017851022854562223,1.4673552100341674e-05,8.754674747943165e-05,5.344916447216774e-05,1.6821166543587942e-05,3.1894225170958725e-05,0.0035647487487919407
2025-12-22,3.857113900814165e-05,2.2867254889427446e-05,0.00012240091063350886,4.720515893174679e-06,3.301042105456279e-08,0.000520718378642073,0.0006230411261385269,0.0006091973210741407,9.830745306415563e-05,4.24379972782187e-06,0.0002192685971792828,0.00024109402546037287,0.0002164025808713019,0.00012718308411357058,0.00010607711206899855,0.00011417218124027113,0.000388662291158721,0.000148929219283384,0.00033734684486827894,2.6257775398901818e-05,2.1094005211814356e-05,0.00015198709979921522,0.00024055084800670014,0.00010395741846559511,5.036106456719158e-05
2025-12-23,2.0793983089940857e-05,2.1831122181615406e-05,3.519919828744401e-05,2.564016631211453e-06,9.969774601469635e-07,0.0001733250650391796,0.001386533052004193,6.627836976469233e-05,2.6179737574783843e-05,1.577777279138465e-05,0.0008766351565629469,4.234564598121236e-05,0.0001463824198784122,0.0005220664734324421,4.27474997199129e-05,2.942741742001943e-10,4.458831482492788e-06,3.945907775259426e-06,7.659160007599795e-05,4.626486231187962e-07,5.559007522297061e-05,1.1752157555978113e-05,0.00023142985144458138,5.5455994125625546e-05,5.4127650111483467e-08
2025-12-24,1.2330266703171533e-05,8.534125196523018e-06,6.230650613314605e-06,3.6468132490648034e-05,1.5161528111908038e-05,1.7161561522933146e-05,3.414706128735567e-05,2.026564834467385e-06,2.819285489263497e-05,5.76116439278357e-06,1.008799786743482e-05,1.0862184480845589e-07,3.0185471033206615e-06,0.00011370742104727787,8.559019404660496e-06,5.281423728125169e-06,4.368619914030486e-05,2.9134488617814194e-05,9.784680219673941e-05,4.298042014941697e-05,9.355142982196715e-05,8.295294935935066e-05,4.072724388871267e-05,0.00012248568666883448,4.2412769110903407e-07
2025-12-26,1.0286051916349121e-08,4.1161704333936635e-09,2.6191670337633713e-05,1.0888449934081003e-05,8.180806048156217e-09,0.0001347709355026887,0.007499982743295854,0.0006153617826603778,2.245427860862412e-06,4.03685271956821e-07,0.0001025813787606319,0.000451926012923536,0.00014040534137757377,0.0001410200622918752,1.4736070659160529e-05,1.6971193515566682e-06,3.153137486707836e-05,3.903770355955182e-06,1.4708407287205517e-05,1.2677639607599763e-06,5.214967580231368e-07,2.9881661505878653e-06,1.3550373734700032e-06,6.51064123864879e-05,5.404934239393231e-08
2025-12-29,1.2744850418860934e-05,2.3544954033366373e-05,3.774911594139412e-05,1.409304183538903e-05,1.8358895160364406e-06,0.0019806131026098113,0.005559544300239515,0.00026786111422711034,1.7317165244853148e-06,1.566323658290985e-06,0.0001487954498970562,0.0011069676213500764,0.0001896300284943872,0.00017689907386441803,8.944113029540515e-05,5.713185961305173e-05,0.0001444271872608377,2.924940710452019e-05,0.00016301124138849802,4.0951987746517565e-06,1.1373730240474129e-07,1.380893179042801e-06,4.963374198871058e-05,3.0607881153937156e-05,8.29256848118754e-06
2025-12-30,1.4929098117602833e-06,5.3921204425856545e-06,5.5221816220420407e-05,5.699079213369783e-06,1.3787516550178691e-06,5.289700748719288e-07,0.0019369133814826271,3.4810852572508524e-06,6.18558446130113e-06,6.081746226000823e-07,1.3099549592432619e-05,0.00012995398136614626,8.945604735915008e-05,8.69737580301805e-05,5.762431845889169e-05,4.4552022749663355e-06,3.1725143446936646e-06,6.42102732444118e-06,1.0398346000212507e-06,4.078325286913933e-06,9.837808596824474e-06,1.2984521376568072e-05,2.9544778827543643e-05,2.7464212851678567e-05,1.5701733925815394e-06
2025-12-31,5.53022773343859e-05,6.88895065810957e-05,5.727359466466325e-05,6.398533094340047e-05,1.8114861163064408e-05,4.210711131613358e-05,0.0046775396226703975,6.974415907349949e-05,2.0049000759545368e-05,6.319970967420223e-05,3.0923114527328026e-05,0.00010854932304900364,0.0001506733650423719,0.0005691802224831565,3.109234242504614e-05,6.176526227902977e-05,7.943286352379626e-05,5.562091750685173e-05,1.3818830138746308e-05,6.749803743351939e-05,3.737779559119915e-08,2.652623010148765e-05,2.085917384505957e-05,7.966531798352347e-05,3.0192179420025876e-05
2026-01-02,3.3538859191642952e-06,3.7596079269651624e-06,0.00011208910852774883,2.2279633686674105e-06,7.414185545671758e-08,2.4587171772067805e-05,0.0004176119318027982,8.387399189953084e-06,9.805801656417625e-06,0.0004986702180621066,0.0001567951790581401,0.0006888755033845271,0.0003207459160100303,0.0020178756503919145,0.00043290768283706614,0.0019024678124045867,0.0007468189523831403,8.50895220664609e-06,0.0001013348090026015,1.1492193548595717e-07,3.7287025692840536e-06,0.00011370200518294063,0.00014507049132056216,0.0002896859400827669,0.001810823001362706
2026-01-05,4.4063485338360214e-05,6.259248662202788e-05,0.00024815013619375716,2.4291368782272906e-05,7.896237780548015e-06,0.0006745935176976548,0.002440914173675152,0.0003278480598615843,0.00019414906907723892,3.6235266701252746e-08,1.5000261402992485e-05,0.0009347158342854879,0.0014411573185480954,0.005606223491808843,0.0007182820545588437,0.0008487406455590125,0.0008267672793635755,0.0004670287113135293,0.0006739087336432082,5.093219869305536e-06,0.00021814756604428498,0.00010131146660210662,1.9669751091327553e-07,0.00038626470326186556,0.00011561726852283141
2026-01-06,3.515978475552609e-05,7.653038881435606e-05,0.00017339951975449923,4.244404883787651e-06,0.0,0.00011567228360752386,0.004208529872001432,0.0006077919523710249,0.00034241523529305966,0.0001415844496552105,2.1984799859213444e-05,0.001789842410832745,4.061032470901349e-05,0.00029760942890865306,0.0007300758142133167,0.00012727697804899193,0.00041045565298732773,2.3027861438805164e-05,3.8506901082097406e-05,5.3286202501282715e-05,5.506628520146464e-06,1.077343055498773e-05,0.00020615974923129235,1.9129206880627148e-05,0.000955700976199326
2026-01-07,1.0423619028054915e-05,9.255713110799762e-07,5.502404842293229e-06,3.3944290661583234e-05,5.240394813705553e-07,9.227415278342312e-05,0.0014456829538501586,0.00011162020221988933,6.033509703901342e-05,0.00010634035159947604,9.875557695043712e-05,1.2862284528881696e-05,7.804712275530433e-05,0.00034787808841041455,0.0001262760358385676,0.0018990553196221833,0.002441916531292671,0.00019898317692050764,0.0005306578034018318,9.569817407092231e-05,0.00017156072592364204,0.00018106059298621471,0.0002036199778829044,0.0002130115034457228,0.000416463480727668
2026-01-08,1.030993229744192e-08,3.255006583076345e-05,0.00011796818674054326,2.5245512233590294e-05,7.885192342297385e-06,3.0330603690249163e-05,0.00031586384396657305,0.0015812737427022077,2.4675317019549443e-05,0.00012428827354458088,0.00047335973190172376,0.00010250493290881234,5.3259384499011975e-05,1.9139308369971255e-06,0.0009597467221922128,0.0003715580614873345,0.0018058983205123016,2.7053940979268666e-05,7.270239348456692e-05,7.897833928343166e-05,7.091885641452027e-05,0.0006234070707980667,9.611313101172613e-06,0.00012315397410233713,0.0006633219034590026
2026-01-09,4.344879748997234e-05,9.822701363090975e-05,5.7159594197365e-05,4.379905350322959e-05,1.3117627137734367e-05,5.2069267525224344e-05,0.0014127234696205673,1.1536347323292303e-05,1.620744649676e-06,5.974084061292634e-06,9.472139570475766e-07,0.0004373695160901015,1.0452650518067001e-05,0.0003912411005453134,6.628305517275683e-06,0.00023977778972340022,0.0021286890717132443,9.27694537152493e-06,3.316132083236653e-06,4.055890072105031e-06,4.398153831740456e-05,5.757405277453411e-06,0.00016460091287013367,0.0002210157821482413,5.482943630701389e-05
2026-01-12,2.462457493050572e-06,6.880204587236164e-07,2.3701064113199337e-05,8.769842862950015e-06,1.3820007671650746e-06,0.00034408828108151374,0.004206566112645397,0.0001492481962381888,1.1472497171418283e-05,1.928314193506212e-05,1.8722897578192643e-07,7.809260634162584e-05,0.0007638559384321742,8.272756371385687e-05,5.035383002592419e-05,0.0003795185845076009,0.00023129175483609633,6.282952346101166e-05,0.00020679664060089373,1.7961972465485106e-06,0.0006627222569555528,0.00012421741599697638,0.0008757816164593857,0.0007161791449838012,0.0004841556456152228
2026-01-13,4.00590907987462e-06,2.202133535695177e-06,3.2915824775326683e-07,2.9224635803456115e-06,4.705828579130603e-06,2.022230495276596e-06,0.00030918488707971773,0.0006360549804927662,9.419667686313023e-06,0.00018869167666325922,2.2025927380155426e-05,1.542783864159029e-05,6.535892186144221e-05,0.0015354119380816534,0.00019999863290215593,0.00011399703626099318,0.00016195634674547857,0.00037472553710476216,0.0018304219705058229,3.097455358212298e-05,0.00034468953609790876,2.9400066165780042e-05,0.0004022778168184545,2.0085011988781722e-06,0.0038415645433009836
2026-01-14,2.4278845532157118e-05,0.00011535368897049528,4.9219946155365174e-05,3.353136231728303e-05,6.375921381561241e-06,0.00010343567820296508,0.0053420944035662415,0.00014186344606599186,1.7506704283443422e-05,0.0005894912158995151,0.000209490535558158,0.00032583972551917254,1.4450627383717754e-08,0.00015542538130736188,0.0004974076669930596,1.212106298938747e-05,0.0006484965406614656,2.1793680649084975e-06,9.591560811406128e-05,7.431894604393201e-05,0.0005141846226163139,0.00021090143952958297,7.087428138582369e-06,2.3583327373024052e-05,0.00013999190195090612
2026-01-15,7.395751861014917e-06,1.2909593983424029e-05,7.702390774209492e-05,5.132294707118789e-08,1.5918804016395005e-06,3.777960967623709e-05,0.00021823266410892414,0.00042409272274483804,4.5625128212383125e-05,3.526724485848547e-05,0.0004462725683518142,2.0605657872757735e-06,0.00023660848568897048,0.004488465765165852,8.849922597707667e-05,0.00017190454756174853,8.138748048027757e-05,1.643901304984267e-05,2.0292953160773886e-05,4.773395703884824e-05,2.1681321167094616e-05,0.000139763925961855,4.931313051969011e-05,1.1183174723579182e-06,0.0003661831884787405
2026-01-16,7.026214917871368e-07,7.000055517551986e-07,8.858648660221064e-07,3.354455945369908e-05,8.351357596576467e-06,2.333404024853851e-05,0.0007835865722975873,5.305702659012505e-05,0.00010885398841446033,4.876102521527745e-05,1.9303768303851835e-05,5.9670035952013484e-06,9.339443350025991e-06,6.060174068656906e-05,2.818631014420234e-06,2.008595382568328e-07,6.123727173760458e-05,1.655416837065021e-06,0.00010662725168505471,0.00014801683547055624,1.724839376063961e-05,4.78574972612948e-07,1.752152729652238e-05,0.0003872728311875788,0.00028932887994449075
2026-01-20,0.00042299493518073206,0.0004612257521885586,0.00014491198383867216,0.00017383115835884223,3.694114902500698e-05,0.001379226931017696,0.002759715503840666,8.565073066838546e-06,0.0012367039409664814,0.0001364271294909892,0.0020075480887100624,0.0018155528806234754,0.0009274534399590831,0.003278527035279155,3.568269544596738e-06,0.0006609032384340204,0.00012093821790611083,0.0005308737290871395,0.0010007155740647032,0.0003513808141952793,4.24398134481845e-06,0.0002871516225327128,6.897361182435838e-05,6.0277828270146844e-05,1.5064052902037569e-07
2026-01-21,0.000131675371706489,0.00018030733140871532,0.00038601556092503285,5.757659667405134e-05,3.5849915470937225e-05,0.00020920358393682417,0.00028522165935305967,0.0004156021463326593,1.4771997491369485e-05,0.0005368319093304744,0.0008442848268240766,0.0008214561301404622,0.00017662501043856705,1.238427827536288e-05,0.0005698944073010628,0.0006609081102437704,0.000306264329713094,2.376807493192334e-05,5.358346322273633e-06,1.5622950857256973e-05,8.408456510169371e-07,4.1154246380174115e-05,2.9817851932552698e-05,0.0006503198493571962,0.005515755607539672
2026-01-22,2.7140310053061277e-05,5.2463067808828575e-05,5.53659446187938e-05,1.886038724737778e-05,3.600587556077331e-06,0.00033467847734775484,0.001373498499178361,0.0004386146171723321,7.967210182570462e-06,0.00024666181002996494,6.818161921937427e-05,0.0016561529347032887,0.0005700227019139931,0.00028365947099617697,1.0736729056091333e-05,2.1938071088065463e-05,0.00016940431658189731,4.258438632227969e-05,2.7565763752047176e-05,9.822544951679284e-05,4.837000757608822e-06,0.000683875453370766,0.00016644097453157885,3.1204794870048395e-08,0.00024367468404979723
2026-01-23,1.3156177289181515e-07,9.9377903167427e-06,0.0003471255213228495,7.4708252670444014e-06,3.990842430972631e-07,0.00018636877908224765,0.004125505405397162,0.0008541686235876162,1.5601740364563686e-06,0.001043330269478685,0.00023087370884498587,4.459728117557308e-07,0.0003527523430397297,0.0007914362200710318,3.258682943869237e-05,0.0011684653735677178,2.7210568081825526e-05,0.00019175498936258617,0.00038637503130756277,3.96015815215159e-06,5.66018469929971e-05,7.295213191910559e-05,7.20830789478502e-07,0.00039578945343131915,0.000537283790900723
2026-01-26,2.5657231239362682e-05,1.9275928301022044e-05,9.854752931120506e-06,2.2705110197894694e-05,6.588725052425404e-07,0.00021091399252998595,0.003226183504200302,4.065135938589129e-05,0.000857323450149522,8.556080174014464e-05,4.114781270549353e-05,0.0009828714113971446,9.433121940021347e-05,0.00025997585341434545,3.71701244326011e-07,0.0002170438606886708,0.00024415170951409257,4.078338406703261e-05,0.00012298178975867733,1.758902703656405e-06,3.7378805307436255e-05,1.94052623813575e-05,5.849153311401602e-07,8.815224802902384e-06,0.0010734042380588324
2026-01-27,1.5811347924102924e-05,8.14408043373339e-05,8.049531992300756e-06,3.899432541997866e-05,1.1714442282354958e-06,0.000587377232796754,0.0010571760831150142,0.0008547648381527206,0.00012399600317003793,0.0004693920992631961,0.00011954558998577448,9.859880573065182e-05,3.5293618506783513e-06,0.00015602511186422915,8.28296579217894e-05,2.2003823062950378e-05,0.0005103715979211517,5.938325562390425e-05,5.894638993281318e-06,1.1014216911568894e-07,0.00017505696418674914,5.963939052101472e-05,3.5618206675678216e-05,3.979809505674326e-05,8.184726393572598e-06
2026-01-28,1.013544982707287e-08,1.0929684660590764e-05,2.9338296014194418e-05,5.201093891199208e-06,2.08783721960902e-06,0.0014470830203020138,0.0014987186497327776,0.00015897446168614446,5.056157524554815e-05,4.763190975881139e-06,0.0002492669711633062,1.6867673568262623e-06,0.00010939801661193467,4.4390379189345525e-05,5.808527786072791e-05,4.646578120755037e-05,1.5146430094681331e-05,3.560565343775437e-08,2.342504892709192e-06,0.00010695846594036973,0.00021049468694339763,4.5752702516790785e-05,1.0043046874936177e-05,9.097696014276734e-05,7.914042835038021e-06
2026-01-29,3.945601992383345e-06,3.6039006836813035e-05,7.068017839502246e-08,5.207747073149446e-08,7.348675143219414e-08,7.321395525017408e-06,8.072401057084249e-08,0.001047185982357524,5.1114761124836855e-05,0.011084797664985603,2.6581953202269437e-05,0.0012351206658225945,0.00027573767261921696,0.0025180944175054623,8.370044237588147e-05,0.001126790424892706,0.0017131651946408148,0.00011051450951103534,0.0003463695122541484,0.00019254338757859418,3.5724976370015474e-06,0.0002967190956589389,5.1555242080857446e-05,0.0003337752410538465,4.9205215451206245e-06
2026-01-30,8.922390140152101e-06,0.00014601278494039404,0.00020236128702927502,3.1449906819724966e-05,9.887032940013684e-07,0.011753234911296163,0.11292057397365074,2.2944980299139308e-05,2.148674270254575e-05,5.524078014079001e-05,5.175670429970008e-05,0.0010697967984022267,0.0013198280299552315,0.0005082111043555179,0.00011308661090940654,0.00014199127952958338,0.00034730877652658593,4.228422078139382e-06,2.9970132454678404e-06,9.836485935396076e-07,3.098677615754846e-08,0.00015370727299896542,0.00021395249850387764,0.00011825534380108577,0.003997129526895758
2026-02-02,2.459213438296625e-05,4.682612742555798e-05,9.402677832359101e-05,8.186280047206039e-06,8.582104320981274e-07,0.0016706442908985353,0.0016466555631772925,0.002930060579611733,0.0015824027649858842,0.00026285766035956317,0.0008588483422070757,0.0004073648477755836,4.671916432790192e-05,0.001293722629238922,0.0003913676212760969,0.0024778187388428486,7.855136845848548e-06,0.0001205586328984009,5.370990795998819e-05,0.00010829362233343742,0.00023360687255039375,8.672644135353366e-05,0.0016375036400095421,0.005914826210399424,0.0015609041272209591
2026-02-03,7.210295832251711e-05,0.00023973149470590347,5.225349950405021e-06,5.872807173179226e-06,2.0629245895302374e-07,0.0038003959435675997,0.003663533192894069,0.0007846886294961746,3.860601322296812e-06,0.0008492856587955937,0.0008296601322203529,1.2640347865260846e-07,0.00015498734885777905,0.0019919093468172603,0.0010147278317631139,0.00029552688441535183,0.00014992620979208067,8.643841255230245e-05,0.00046405924517249674,4.964667792485803e-06,0.00010267078646128492,0.0001906769687111619,0.0008408115380233582,4.85936874074654e-06,0.00029023693236091106
2026-02-04,2.3577739855057286e-05,0.00031058271029146177,7.460684463896855e-05,6.4464638381980765e-06,1.618620607763357e-06,4.96545989375293e-07,0.0008087170611098606,2.7861135344380312e-05,0.0006594815433748567,5.214034237948283e-05,0.0012038992246056121,0.0014847680961475992,0.0023151913533191746,0.004021914088284862,0.0004929258909406424,0.00025200228012889906,0.0017168602518094127,6.40132215848974e-05,5.8625580272043295e-05,0.00020406473464935278,3.434037871102708e-05,9.86023581700692e-05,5.144702044334841e-06,0.0007178103182239175,0.03614760805571139
2026-02-05,0.00015795102847566262,0.0002102482111691176,0.00033002057515020214,0.00011671543955126634,2.3115801877776136e-05,0.0007286088871458087,0.029470139909019682,0.00023709198694674014,4.409386852706552e-06,0.0025818389017919084,0.0001782252113658328,0.0004801676184939712,0.0028847676488161305,0.02051181516245119,0.00013936145215439697,0.00038893613252086705,0.00011224549959137441,0.00015610794070959808,0.0005136901733058789,2.0459518640320097e-06,0.00019769164796429211,0.00012168255926487568,6.915059689240238e-05,0.0003850007847138138,0.001534349539772632
2026-02-06,0.0003611142205872612,0.00043754545344095786,0.0012455330474314468,4.7005563940582955e-07,2.946891564039796e-07,0.0009162435650625657,0.002616407642185401,1.5242480388104735e-05,6.364666129927588e-05,0.0003533443781923328,0.005741551016207249,0.0011830639296664708,0.0035632589527575084,0.014943665022327045,0.0003890264769303431,0.004654113909340623,0.0005458438664899156,0.00032539077931071205,0.0014980539060725974,0.0002440718514261742,8.481192077149922e-05,1.2421185507121115e-05,0.0010795054351700932,0.0012192080188430127,0.006329012030813153
2026-02-09,2.313845027644485e-05,5.8231403279820994e-05,4.891317070559702e-05,5.2217962888955056e-08,0.0,0.0006292880460572944,0.006408585939317684,0.00017661467775037304,0.00013757016558548266,0.0009356787574060982,0.0006083605854386372,0.000224776501291365,0.0008078849024079603,0.00016428180236718334,5.32493748400352e-05,0.0004702620228489149,0.0005436194030769731,3.498703437022775e-05,8.666143593424147e-07,1.779740175759289e-05,3.182236559902726e-05,0.00013519190611759708,0.00027565614300448005,0.00021166587677480707,0.0012692949522321276
2026-02-10,6.9730000230770205e-06,2.1623532232884294e-05,7.297993756604557e-06,0.00013165711386853245,5.517407934840836e-06,9.926512831502602e-05,0.0012389916815657683,1.6433043421483108e-08,1.1756615991830863e-05,6.372485372824076e-07,6.279637727393834e-05,0.0003508059058560177,6.189703308737316e-06,0.0008265736822024057,1.2525092135537265e-06,1.134329939786128e-07,0.0001896546967465148,5.2656766100070384e-05,0.00014233953543185012,0.00017679262326361655,1.4784082666423856e-06,0.00012235960431092048,0.0003292572856305675,0.0006798341988158406,0.00012800038708885185
2026-02-11,5.340051414138172e-08,7.174248392513467e-06,2.076079794560009e-05,2.8335780030468787e-05,1.1740174102652225e-06,0.00012649706096710703,0.0017652181470191248,0.0001201460833799979,4.393190428547335e-05,0.00047396893617021547,6.363396293972156e-05,5.141847546584386e-05,0.0003772724961869894,0.0034804415460420127,0.0006653097274067292,0.0018503120581475994,1.8685004138828676e-06,0.0002323074383875765,0.0005625183977685794,3.085067095336102e-05,0.0001097389782837457,3.325416951025152e-05,0.0002626285509697581,0.0002847625253984895,2.18988793157467e-09
2026-02-12,0.00024240782167343072,0.00042224466173093123,0.0004256085646978502,0.00017421427565172224,2.1963071893463855e-05,0.0012493151218065219,0.015017387920004585,0.0010454632107302446,0.002629038311868315,3.939172014085852e-05,0.00027223320589118695,0.0007022352223197295,0.0012071277767859733,0.006780909618566498,0.0003369372575994482,0.000475117002402775,0.00019017032994145833,0.00040440709494273224,0.0007112910040025871,1.389987058994544e-06,0.00023115953675449446,5.676201487604389e-05,0.001378018726433074,0.0029757453338210543,0.001326897350241998
2026-02-13,4.959504006217784e-07,4.5317107501160685e-06,0.00017137504421344834,2.9989952518850602e-05,1.1030665882907474e-05,0.0006038927267379577,0.0008385643375407013,4.3971337801565e-06,0.0005288061179903216,1.6766183087092246e-06,0.0004990909978042712,7.863011902740072e-07,0.0006737555214319501,0.02323119553716186,4.666199683471526e-05,0.00043116075414329256,0.0005517488385621579,5.991679704238587e-07,8.851701273217833e-08,0.00020356553738477124,2.0324252789642284e-05,5.0361435002959056e-05,3.493211048281364e-06,0.0008729379755731887,4.460440009796203e-05
2026-02-17,2.5990799599407166e-06,1.06221976325387e-06,9.254218804654121e-08,2.7908070655683063e-06,9.707751654555185e-07,0.001002759850362877,0.002424779450754284,4.1595843967481185e-05,0.0009719914631336758,0.00012489361299357698,0.0001379750765185968,0.0002705449155963204,5.062806520236001e-07,0.00010593551525207741,0.00012323037691131593,0.00015050808137074832,2.1231828580733214e-05,0.00011219546125479836,0.00022573948407616178,8.967789506133629e-05,2.430388005544685e-07,1.0588259837384942e-05,0.0014722288959167537,8.984021024615295e-09,0.0004269814536280762
2026-02-18,2.5251745521649493e-05,5.5345600642830496e-05,1.2996559360706632e-05,1.4367744379359445e-05,9.707751654555584e-07,0.0004946513946690218,0.0029740541970827154,0.002239557191720833,3.1667373836224056e-06,4.7341062241529665e-05,0.0002605599256515063,2.8188413762073754e-06,0.00023672754164726214,0.0001424922256882754,0.0003602955866538024,0.000284451720860153,1.2535380525826766e-07,5.54063273282582e-05,2.8707603662980803e-05,0.0001392000854390455,4.6224757383631184e-05,0.0002891237066036675,0.00030479804957283423,0.00024401155761929612,0.00021558569869882727
2026-02-19,6.974448394087774e-06,1.4723036810803196e-05,5.327000362303699e-06,1.0095968047243274e-06,6.498222249334829e-07,7.779392926715587e-06,0.00017005891792491417,0.0004970103738567303,0.00020632856176810692,3.3302518776912886e-07,1.811518473272316e-07,8.98095657177895e-07,0.0001400928980097962,0.00013121734434280298,5.2932597398217524e-05,0.00012812534701414288,0.0006438954442028631,7.059097767122379e-05,5.602486797735019e-06,4.500998403818016e-06,6.094079155797813e-05,0.0001161939631886812,0.00019369028057204303,0.00010658227307831828,0.000259525458885089
2026-02-20,5.192413085068985e-05,7.761548722375911e-05,1.427391961871956e-09,5.503529518803965e-06,6.498222249336781e-07,0.00038113544026107516,0.005781691193169328,1.761103017757301e-05,0.000232067079300419,9.558050281689735e-06,0.0001033557642824891,7.138579770861357e-08,0.00010891697635894465,0.0010292542101786558,2.9720007571089124e-05,1.0803284313229842e-06,0.0001551299610434189,4.2231231308067734e-05,7.841842346335876e-05,5.6418259974624145e-05,0.00032628653685965505,0.00019331962093913267,0.00023013389007763176,1.5761831961586283e-05,0.00025471844496055676
2026-02-23,0.00010534575137497553,0.0001495592856643737,0.00024625886766769075,1.3571804537219065e-05,1.1550777399831922e-06,0.0007105969134658825,0.0025268912156309604,3.822649346789188e-07,3.635043097648079e-05,0.0010660042165617299,8.231215127454146e-05,0.0008730225662429727,0.00044362081187855417,0.00449376607691017,2.408651762800386e-05,1.860544987405508e-05,1.2807440541121457e-05,0.0011631716012194422,0.001860363579478801,1.112680143941097e-08,0.00018824951367795668,0.0007256716116979861,0.0005139189208581802,0.000124177266012057,0.00032026023694379184
2026-02-24,5.24489543378159e-05,0.00011415236227282615,0.00011758238577292172,3.173102611414965e-06,7.216203093233324e-08,0.0001947653443487426,0.000348432493320076,2.9999037747717438e-06,0.0004903544971193916,0.00013720790836087757,4.574896640621514e-05,0.0005571681146297681,0.0008492924550692134,0.00012340477314984764,8.228141043907394e-07,0.000237971173892978,3.307126451861464e-05,2.416665486065859e-05,1.5473430726510623e-06,6.380705414428119e-06,5.0271330617316795e-05,4.432246629263149e-07,5.541090176526073e-05,0.00024289903291702802,0.007065548307111543
2026-02-25,7.060948642657198e-05,0.0002070485368016823,2.242622763764969e-05,1.2383430665301658e-08,7.216367577157075e-08,6.3021642378277775e-06,0.00014560041493841126,0.00016475907803231572,5.853040741020737e-05,0.000863425030107173,0.00019472747386289858,0.00037640454517983134,0.0004077016644356084,0.016085375829681448,1.7497350029354645e-05,4.456314086776674e-06,0.000666194393708848,0.00029953879843167057,0.0003992280747167821,7.4901930268313076e-06,2.0405593466210008e-05,0.00013227503508538973,6.274002871345029e-05,8.97614783542993e-05,0.00019694321056132655
2026-02-26,3.1024452811498414e-05,0.00014732927315018725,2.824996980228505e-05,1.596738153119615e-05,3.9295250450057044e-07,7.292007340795513e-05,2.6105093136211747e-05,2.5148542215443094e-07,2.1888712633049073e-05,7.79466706048011e-06,0.003147901614680855,0.0004561333801783125,0.00020865994160968937,0.0002490455217523499,1.0726532607550203e-05,0.00032421308686608383,8.293728427702561e-05,0.0001457469963372536,8.62577902318731e-05,4.662241955262661e-05,4.841520215501267e-05,4.844084722312147e-06,0.0001130582779534896,2.254679795705205e-05,0.001200228228799386
2026-02-27,2.316987496084967e-05,1.027770454272762e-05,0.0003016664617011418,3.6898260831295e-05,1.283260549513508e-07,0.00017019673594925996,0.0030137620624975142,0.0007269395279598439,0.001066545726825019,0.0005111009149098819,0.001809513333391138,0.0002240330959038083,0.0005312426001707458,0.0008524683672242031,0.0002458679560810827,0.00018238413406534916,0.0006408342841768082,0.0004240084112676578,0.00036971212826358607,3.1622301213688755e-06,0.0004067219887127995,0.00043471377473013647,0.0007826896572876121,2.1451596724791218e-05,0.0002952640679129864
2026-03-02,3.230981162795004e-07,1.7331503896722821e-06,8.352180271515422e-05,0.0001018661968922389,1.1513111292511827e-05,0.00016479233695525453,0.0016869119608166408,0.003841570664722192,4.169792397279033e-06,0.00021565333061102253,0.0008654138180050339,4.041483611594189e-06,0.000317118383110635,0.0027061758719225826,0.00039326004814213593,0.00016115009144511034,0.0010994438977728173,6.405705267502892e-06,8.401688587795245e-05,6.27459371195333e-06,2.7370583488777847e-07,0.0004980264618809278,4.442653465052416e-05,0.00026430370584110585,6.357546359210913e-05
2026-03-03,7.83829492562884e-05,0.00011584899304714227,0.00030537182478012514,4.0428013648555456e-06,2.032088365886463e-07,0.0020828236971107586,0.007787924973792153,0.0011519045797379868,1.3476119375490232e-05,0.0001797918209188226,0.00017972082811840148,0.0007492346492909738,0.000716253715479781,0.00024553487788999263,8.387417513948015e-05,0.0016717725183589816,0.00017448756575810917,3.083198777490208e-06,8.159270901006501e-05,2.8415123591570014e-05,5.341529701945406e-05,0.0005499897036896961,4.035705844121104e-05,9.843743939369435e-05,0.0015509284712931805
2026-03-04,4.942843805092357e-05,0.00022886165325571581,9.358262788338552e-05,9.833772734368017e-06,8.127190342392121e-07,6.0648478875670434e-05,7.741942513915322e-05,0.0002239534752769239,2.1850548565004408e-05,9.854733669468501e-06,0.00027126470287195894,0.0011456338102125566,0.0013164991330666738,0.018500481168410396,3.428986210563766e-05,0.00018130800751185432,2.513956048792565e-05,3.188842498998625e-05,8.419234275473773e-06,1.5795093081294268e-06,3.4735871883227e-05,7.974948480631513e-05,6.117492458776778e-07,6.3510775304248434e-06,0.0032038555246749613
2026-03-05,3.1260938480072994e-05,9.104566370752033e-06,0.00037195937878778374,1.637249250048396e-05,1.578438766752713e-05,0.0001461817728329413,0.0002046071959624345,0.002558099873509224,7.277456358450474e-05,0.0001804589785612473,2.6819510754167868e-06,9.239650877928643e-07,0.00015937619200892975,0.000241236499870761,2.649952722978764e-05,0.001296786448566599,0.0002064829571366267,2.7630963480695076e-05,0.00038805916797959335,0.00010198882473892906,0.0005468992077194061,0.0007619967159245363,0.0012847405212926418,3.761211154230447e-05,0.000170319340679276
2026-03-06,0.00017407613708182222,0.0002297506561189916,0.0005348667675027792,1.3864807837008703e-05,1.1242680662395144e-05,0.00024675624017627963,0.0004944632873721916,0.014801982904369142,0.00011951063195330631,1.7614588587282863e-05,0.0009345577694849859,0.0004834793633960261,0.000471914779504319,0.0017764184583986186,2.5351933943474113e-06,0.001318639323851208,0.0006391195298299579,0.00016813700787714689,0.0001949290200601366,0.00011990174018749584,1.0291840236145777e-05,5.47835110196962e-06,1.5728096251512483e-05,7.27878796657183e-05,0.0012838713017095814
2026-03-09,7.607116644739701e-05,0.00017601884067996993,0.00011712547101801145,7.511406337771861e-05,3.568066429221868e-05,4.2924296295025146e-06,0.0009055920871913702,0.001736935671154142,8.752855663722827e-05,1.2095094676243706e-06,0.0007182339746227645,2.4040345264292834e-05,0.0006640952203361422,0.00016762269122713247,1.961655189033074e-05,0.001192109982882269,0.00013014211649773851,2.2631034239478966e-05,2.3069502347393024e-06,5.0277924783111546e-06,8.223920083870284e-05,0.00010601390941368016,1.894332967657156e-05,1.395066910409218e-06,0.0026931876855059195
2026-03-10,2.5870139929236754e-06,2.7193866388468797e-10,1.052009920504696e-06,0.00011457051388918828,4.735655852251378e-05,0.00012581071370695892,0.0005342714438184518,0.00021194998528850892,1.3313725604088722e-05,8.019617993527885e-05,0.00013317517092922298,1.970215439377416e-06,0.00036194752267169216,0.0002723342312986001,0.00016554800105189846,0.00027845547642514027,0.0003865385073310879,2.893408774265028e-05,1.691753768756948e-05,2.2329041551496027e-06,2.1217639912448978e-05,2.5771799950070907e-05,3.91067855823982e-05,1.1223343682474621e-05,7.343975929028443e-06
2026-03-11,1.577413681206704e-06,1.7326568520660646e-08,4.059876905328378e-06,0.00016893455979621237,6.741969433294636e-05,1.1531889377119551e-05,0.0007615720701397247,0.0004192927447914122,5.873554133411479e-09,4.713835484455763e-06,4.692532292608238e-05,0.0004521238098224164,6.083299666254697e-06,0.00011405370977003432,0.0006010914507746056,0.00016293394689645478,7.240841638937767e-06,7.098687025389742e-05,1.7636945667702385e-05,0.00010847379127664038,8.753956338318509e-06,0.00030250741319062997,0.00017195360719261552,1.808812596500978e-05,6.149781364478344e-05
2026-03-12,0.000234133478185788,0.000299717862887844,0.00047304337859967096,3.813760159574619e-06,2.9372254482009703e-05,0.00039400791223683326,0.00034317742974553593,0.008352158250588604,0.0003823073046085384,5.605526125351101e-05,0.00024514353163741006,0.0010185552752423152,0.001143882631594658,0.0007596999545718201,8.571958109065985e-05,9.602597398307887e-05,2.6627499903077305e-05,0.00027066913751366405,0.00026354754686527587,4.804847144808312e-05,1.534554344233355e-05,0.0003446305725969144,0.00021874722030272695,0.00021248678062908504,0.0012409634757458478
2026-03-13,3.221911727878727e-05,3.5340308594157684e-05,1.102171633405412e-05,2.4565865295662887e-05,1.3623740571746798e-05,0.000169556143595103,0.0025832269321712517,0.00015851808051498293,0.0004972320259963623,0.0002504800710170731,0.0002530042774918515,9.393750788198398e-05,3.064994715404615e-05,0.00014001153452918003,1.0878946582972143e-05,9.231523655001083e-05,0.00011061319693634441,1.5079413059906129e-06,3.7723818397985085e-06,2.6534544163365964e-06,4.625385436177197e-06,9.923916091874856e-07,8.930373236065757e-05,1.985314238424943e-06,0.0004948040790931678
2026-03-16,0.00010252434249031425,0.00012443309128592946,8.844532962609482e-05,5.94777849313436e-05,2.299936251493091e-05,7.922489501779328e-07,5.277684364293925e-05,0.0017124448741397509,0.00011528357400613879,0.00012237667627531406,0.0002670886508274594,0.0001228441244272874,0.0006400928633451915,0.0015262550627634984,1.1973304792003936e-05,6.903162967330029e-05,1.5354644992163219e-06,6.974211744002492e-05,9.121431508021249e-05,6.922785289973168e-05,4.748226710029175e-05,9.429237707774762e-05,1.7621577419566052e-05,4.0516246422162186e-05,0.0002676695672581274
2026-03-17,6.901659749433904e-06,2.37013845041692e-05,3.9773360116884765e-05,7.552681753460039e-06,3.132207281110002e-05,6.363364735090355e-06,0.00046379332550978086,0.0010617865577059605,3.0930841272990687e-05,1.8254777569271554e-06,4.992363318732289e-05,8.71492454492056e-05,0.00019378374885755482,0.0011169646147658886,0.00010983544238585021,1.0032246148366783e-05,0.00019162980114615556,2.7668259763724196e-05,6.4912273443192364e-06,1.937871467081048e-05,0.0004456441973977827,1.7775700286376778e-05,5.254788095285536e-05,0.0002717912449331999,1.8891195911295724e-06
2026-03-18,0.00019745625032047956,0.00019705821146037691,0.00026399942979929685,3.157335563035777e-05,2.9296852855820354e-05,0.0010335214677236147,0.0017794567985749737,0.0005538692528561583,0.00028962775850927447,0.0003710425048997134,7.132450507979504e-05,0.0002685729901376885,0.0005218036132856224,0.0014822400615464905,1.8719652686653254e-06,0.00014421947432998903,8.662150990257896e-05,0.00014342915198742938,8.751673313805098e-06,0.00022185922941178994,1.2193233540818176e-05,0.0010237258379642532,0.0006298309948701957,7.765915418437887e-05,0.00025340560347322035
2026-03-19,6.087973786221776e-06,1.0019049992269808e-05,4.254777496248731e-05,3.692183835735641e-05,1.941050540342772e-05,0.001771440693399406,0.0020209237049071344,0.0013007785521643048,1.5434140496422993e-05,5.0342939118347215e-05,0.0001051016232808947,0.0010425971342998919,2.2778324511858094e-05,9.365257382800451e-06,0.0002493614468472544,5.1712246995821164e-05,5.5568270086964973e-05,1.6672900347444978e-07,6.385475202394164e-07,1.6254719196713096e-05,1.8164029233175012e-06,0.0001645634484804837,5.362748193861762e-05,4.9075484277823955e-06,0.0008244052391764852
2026-03-20,0.00020849990702817198,0.0003479956717342274,0.00048793749358334556,0.00036694758863052936,0.00015247619529469702,0.0009631125527896626,0.004281364572316843,0.0011622527734398154,1.5239834293066716e-05,0.00034412120509620653,0.0011134700087795794,0.0010880873749347921,0.0007500599490234843,0.0007302946673666738,7.100849697554503e-07,0.0001287566810711822,0.00025401599267090214,3.368694509534616e-06,2.4092481707205024e-05,0.000992159152883104,8.892282292421164e-05,1.500583212416147e-05,0.00023080749196417388,9.7355205329883e-06,0.00037561713779293106
2026-03-23,0.00010910380965354885,0.0001302699519647813,0.000456340168011288,4.2293051823182555e-05,4.305474612268118e-05,0.0005222767253939823,0.00023482891145958033,0.008794618935740892,0.00019641473783626312,8.730638668177588e-06,0.00028495042733741487,0.0011855212686568068,0.0006387940422775352,0.0002456731090893081,0.00014145107096142913,0.0009072089931304773,0.00032325788828940245,8.083697416491418e-05,0.00013508495811680881,5.997838790295251e-05,4.512306271244153e-08,4.0479861174396655e-06,0.00020113781934843998,0.00024967317668764147,4.4662255600511514e-05
2026-03-24,1.130638347274807e-05,4.706297075204651e-05,2.87342935147931e-05,1.9433928206111536e-05,4.115241027074693e-06,4.960257308382714e-08,5.8588485519045306e-05,0.0012507381843425917,3.5550585335726524e-07,0.0007373337273435496,6.29147425179632e-06,3.257782859396977e-05,0.0007532802147755221,0.010546177352165606,0.0004035538126875772,0.0004432574296664164,9.831013011087518e-05,4.1171903082842805e-08,7.314030895481054e-05,4.384008854196527e-05,4.061975011287969e-07,3.3420384684079474e-05,0.00012005578921162769,0.00025775203612772644,0.00017384058874019337
2026-03-25,3.088345630289124e-05,4.295608030219083e-05,0.00014751581272494385,9.223224860724671e-05,1.2912355301860862e-05,0.0008788576173269564,0.0012441171412205015,0.00010182659294023791,1.5107771929506145e-05,2.0895896100008214e-05,0.00038684180498398286,5.7677145905389425e-05,0.00016793999564797228,1.09848729380517e-07,1.9782515152183462e-05,1.1271368222030096e-05,0.0005168015892529276,1.480650277920264e-06,0.00010558379562845241,6.346822126122796e-07,0.00038468446530640337,2.803376100237675e-05,6.791737134251863e-05,2.0933048134450284e-05,0.004905724789397753
2026-03-26,0.00032472529855966353,0.0005835777338358008,0.00030787746596607776,7.126369549815685e-05,6.159489103077383e-05,0.001468334132425973,0.004972585754003459,0.0011263079088492962,1.1411476851394818e-06,0.00018929715801345275,0.0018088300023520244,0.0013335927280492832,0.0013372947719541015,0.0018977918617324023,0.00024219503804760435,0.0004968344017898203,2.5018961754596495e-05,3.475036165932707e-05,0.0001640807382783327,1.8686851859284023e-06,8.293987984244792e-06,0.0001097700187991146,5.15043303955209e-05,0.00015839095119330647,0.006062515681526755
2026-03-27,0.00029580357237457013,0.0003892753015611406,0.0003131212289646596,2.9954723747221715e-05,5.822626223118998e-06,0.001189704386659341,0.0018488539748419026,0.0033061850453398795,0.00026586072196214055,0.0006482156993092634,0.00048238833598157095,0.0007848412878358222,0.001748742876143693,0.005360025795664472,0.0002810245059783801,0.0001240978209906085,0.00034171415633139283,0.0006556323659624468,0.0009429415174172231,6.792757731348401e-05,2.545101494615121e-05,4.138072843107418e-06,3.357358349601239e-05,0.0006199332273470004,7.697797592310573e-05
2026-03-30,1.121623130661939e-05,5.8870255442819854e-05,0.00020910034215666307,0.00017486695724344724,4.084381320084097e-05,8.379259464228385e-08,1.5882766063412852e-06,0.001965394633090071,7.673962358475687e-05,3.7450143092398894e-05,0.00019958730675225038,0.00033372872440020886,0.0003001151770720036,4.7281221694051316e-06,9.287403209118428e-05,0.0016853267269962406,0.0008090465547571446,0.00013083212197626538,1.0775961907002927e-05,1.4333407847770194e-05,7.137444935050655e-05,0.00019561236972493297,2.451749820237038e-05,0.00041411710172342507,0.0008939820512900615
2026-03-31,0.0008210211162467398,0.001108455974155065,0.001184470831561736,1.0766475762642423e-06,3.91709931374483e-05,0.0013833558955167794,0.004929385001614057,0.00040289566345898264,0.0008189824441940757,0.0009456521685103794,0.0029567755886109864,0.0020534834644596006,0.003857051493039504,0.006798958133820281,0.0001290933798587202,0.003559215291022213,9.362922777656689e-05,0.00042724444638209065,0.0012931061455183825,0.00024229374103776927,6.415040742420199e-05,3.75061904367859e-06,3.963859145367807e-05,0.0004667945934368415,0.0013692400344281974
2026-04-01,5.634336094167303e-05,0.00015073691187454067,3.932056600997759e-05,9.700203712532395e-07,1.141033704142033e-06,0.00030096919974753275,0.0,0.0006323502923606879,5.2185867718784266e-05,4.680980547939079e-06,5.946035707764867e-05,0.000638067466609427,0.00014191618586266113,8.68828663677671e-05,0.0014514738560991783,0.0009234995576776409,0.0004702859792488649,2.0074773447564396e-06,1.7130387764215587e-05,1.2968432338462987e-05,1.7161061304467097e-06,5.885834856237854e-06,1.3649177075469233e-05,3.481466344073731e-06,0.0010748649870832348
2026-04-02,8.101246443791899e-07,1.3132369127607839e-06,4.772414609619405e-05,3.752009209051759e-05,1.7845580809061263e-05,0.00037619324534323166,0.001231766997954483,0.011165454524560706,1.285463613089383e-06,0.00012126507870225004,8.626999735190293e-05,0.0031069491640219743,5.458726377094517e-06,7.89215240875642e-05,2.243840447762842e-05,0.0003276173898290784,6.894912298118334e-05,3.3078027543441664e-06,6.991630007525976e-06,0.00018227638893988216,1.9659260388742187e-05,4.562577071622761e-05,7.026300620729847e-05,2.680239978550268e-07,0.001162249977626796
2026-04-06,2.223745980550805e-05,3.599161818771316e-05,1.805415359902528e-05,2.606097488080243e-06,2.43106135576376e-06,1.686820680296722e-05,2.069821464598174e-05,5.429345409766146e-05,0.00013047190572413984,2.415586601168405e-06,1.9833988191300843e-06,0.0004745224425347102,1.2211884011241256e-05,0.0003699918621930894,5.228997856509428e-05,3.124100909274178e-05,0.0005746674031406062,4.958441604263729e-05,6.3772850989145e-05,2.0727221072958283e-06,7.316341848664354e-05,5.995040262986471e-06,6.269986497254052e-05,1.1707768179577418e-05,0.00014997700347751464
2026-04-07,1.9358002595763248e-07,2.339832639790785e-08,4.739619736581095e-06,1.3322352572470016e-08,1.2119165080349765e-06,9.37136538012165e-05,5.162526582251485e-06,3.855121210334378e-05,0.00043779265953582634,2.5075411269600026e-06,6.688417911237232e-06,0.0003112551544461345,3.382326370373392e-07,4.967371090002107e-06,6.417157237353223e-05,1.9598106676565887e-05,0.00025982876176402673,0.0,4.32747465424388e-05,2.0667667942000657e-06,0.00011407422305459658,0.00010711553328963537,0.0011904435667463788,2.7109913025000382e-05,3.736454634063447e-05
2026-04-08,0.0006325531722967044,0.0008584104457583674,0.0008675373740910732,1.0410562768226587e-05,1.4771124025811593e-05,3.942977631551426e-05,0.0005261425800073564,0.010585353282281693,0.0004442837766263174,2.9861656747672827e-05,0.0004884513910170285,9.715183680028018e-05,0.0005291249876099859,2.6406073521654367e-07,0.0012747029311267239,0.00397422884517844,1.6222180987995283e-06,0.0006822233029841027,0.0012197113469840247,0.0003187217898649591,0.00014518055289642896,0.0006329514227835291,0.0014594598898849786,0.0012167889435739118,0.0020614528468264853
2026-04-09,3.309141377724565e-05,4.5452593697778336e-05,3.253666132665334e-05,6.42264338695013e-06,0.0,6.003822606495977e-05,0.00018342729840785412,0.00035811681024020556,3.7485888734316e-05,1.1367930737492858e-05,0.00010000732871650373,4.73460533741784e-05,0.0004276021593025348,0.001244892215046104,0.00015576577928279813,0.00039508547807468936,5.4671569104080226e-05,6.430612808590686e-06,5.827527722291724e-05,5.096505541364339e-05,1.7154975257659826e-09,0.00014576230173486321,0.0002127931747096261,3.759655452532754e-05,0.0004234852120166265
2026-04-10,4.382434544220738e-07,2.076892570548961e-06,6.363823165838956e-06,5.881092531439678e-06,7.034137802044557e-06,3.1782806722139596e-06,0.00010077496763405713,0.00028897864655966655,1.4676760061494691e-09,3.4981375381414743e-05,0.0006421623693640141,9.194487347363656e-05,2.8667712076094536e-05,4.825131437992797e-05,4.659456443266017e-05,2.071038083365537e-05,0.0002690667799945069,0.00012033594750624475,2.2003723594768304e-06,4.636985989704914e-06,0.00014115327343731612,0.00010568597062748751,0.00034022880440177217,3.8843511986676044e-05,0.0012167147687261535
2026-04-13,9.457478339966496e-05,0.00010587191345618576,0.00020520115187507636,9.010062049854433e-06,1.4736581110919656e-05,1.6462522965609483e-05,0.00013568521641970903,0.0008307495619946328,2.4266593409665584e-05,0.0012783509415296114,1.2948625648485316e-05,9.791110013781052e-05,0.0014295800313499935,0.0015230192983440383,8.887467774771332e-06,1.8288262463523575e-06,9.371414408050061e-05,0.0003019999840570435,0.00014934051529321403,1.4116302592482414e-05,4.405754818433675e-06,0.00011977809627184323,0.00030648069419707676,0.0004026275467154609,5.297529365087826e-05
2026-04-14,0.0001466821990176351,0.0003237893196491235,0.00018703243354275092,2.796884469442073e-05,1.0749961677406353e-05,0.0004885540713310673,0.0028734588198212475,0.0013413378804189835,2.0408634282896964e-06,0.0005055219827432464,0.001393336472030427,0.0010810626097977783,0.0015294749444984637,0.0030321453929142966,0.00042110302620246103,1.0099101328094333e-05,0.00017354259309931443,5.383170428076881e-06,6.715246040799837e-05,9.007655699969356e-05,8.015456369697326e-05,3.0874164802399466e-05,1.4790772050979544e-05,0.00019152662646958272,0.0010783472497297017
2026-04-15,6.177997395996587e-05,0.000193275467904435,6.201336556168826e-06,1.906901901721454e-05,1.32357558997818e-07,0.00010934643824606146,7.729289616256338e-06,0.00010456533685712497,0.0008375290285305657,0.0020285043506177076,0.00014251650590458957,0.005392128058023797,0.0012021393902662421,0.003653324135543526,1.1571644826133417e-05,0.0009478442306007574,6.165836437406736e-07,5.63044810034508e-05,0.00028299248503787475,5.515482714236582e-07,3.568499186222498e-05,4.83073593777013e-05,5.390629239466978e-06,1.915677073715404e-05,0.00014128955133803716
2026-04-16,6.023575577258155e-06,2.3086062715775043e-05,4.312283114278979e-06,4.037862100911492e-05,2.161977227707463e-05,7.449725016668453e-07,7.034083943769386e-05,0.0006846493729961948,0.0001308221550560526,0.0004728553123406176,6.854670866854034e-06,6.102869254135302e-05,2.8208598939217515e-06,0.0003945276641534215,0.00021312676833747714,1.0419119549610508e-05,3.51041301544661e-05,7.22066815157198e-06,0.00017042623279471314,8.435641299259638e-05,0.0003047020418905371,3.552592473916165e-06,2.3115729195935783e-07,6.908338525581e-05,0.005644725666900518
2026-04-17,0.00014431784837124167,0.00016898157864417558,0.0004565333093053803,8.307553186188904e-05,3.090113229339863e-05,0.00017438455808033965,0.0010888736561073195,0.006573360341900965,0.0006553458048096484,3.602438188326411e-05,0.0002771914929674672,0.0008815619799144818,0.0005829239726425113,0.0010246287950772428,0.0007816964220839723,0.0007875148247500527,0.000650666463199893,5.865263089471458e-05,1.20195715172377e-06,0.0002511221818427916,2.3596070892092853e-06,0.0006939360538142559,0.000451293410444293,0.0005172123624712352,2.181799663831018e-07
2026-04-20,4.006681017052424e-06,1.0111730142447732e-05,3.2226359344535505e-05,5.274217337143344e-08,8.264238466915749e-09,7.479654583156794e-05,0.00041230146012823197,0.0019799574822176673,0.00010777336227315822,0.00012603928561157453,3.5435214462006906e-06,0.00041929924352373084,1.2887754374678915e-06,0.0006432641303326327,8.250705037073412e-07,4.369191872369409e-05,0.000345770848496988,1.4496045417579021e-05,0.0004563703020080821,1.3058375726232722e-05,0.00022545595051116674,0.0002804253247803875,1.0815479371686827e-05,8.854414378382645e-09,0.00015459822714856063
2026-04-21,4.314485631002265e-05,1.4520589573317084e-05,0.00010593643676511436,3.05743835078868e-05,1.4626218602588592e-05,0.0008253409370390417,0.0027102007390849003,0.003085780696214673,0.0006512515691282168,0.00020914513539751638,0.00011766738871804944,0.00024372335470076203,0.0006131559519793773,0.005925917455252084,0.0002080069665182203,6.575784237381309e-06,0.0002618254910549795,3.9563636772557955e-05,0.00016045304837280944,0.00031989057806439206,0.00039331214710303,0.0002289843635460311,0.00017024447946341705,0.0003644214240677473,0.0011634076373868343
2026-04-22,0.0001015210483929704,0.0002752975953037101,5.1133935188803174e-05,3.84858092872779e-06,3.6636835908661583e-06,0.00017315535222075926,0.0007332915749715369,7.968866606426701e-05,0.0006738753048246544,0.0004178849010283746,0.00016959008087335818,7.934275092348893e-06,0.0006007329110849819,0.0026195005704783515,0.00014210604733791673,0.00010949783086859918,0.0008590187098046415,2.966408903779803e-06,4.078179343044572e-09,6.927723184964279e-05,7.03964531033228e-08,1.3816332005631877e-05,8.571594654895563e-06,2.5695790532354988e-05,0.0041669230963238
2026-04-23,1.5118670788625144e-05,3.190633026843614e-05,1.2098876896344562e-05,4.8082107157597665e-06,7.483211243792175e-06,9.491948381750629e-05,0.0008229285334202349,0.0016233022028369149,9.048949384485863e-07,0.001637729145319258,0.0002023263010506164,0.001312962392180269,0.001292217457019956,0.0016914441119731697,6.0092768771523756e-05,0.0010291835746003503,0.0022336886296221528,6.21558058914195e-05,1.8130046259089388e-05,0.00010424595389402948,0.00039696486997272133,0.0003929593266193211,0.0002448787022843648,0.0001259947175616234,3.774058948701254e-05
2026-04-24,5.95895435418697e-05,0.00035898306317167384,1.6752370001068878e-05,3.41105239857738e-06,5.332011596051409e-07,2.6153155043099685e-05,3.573713921856981e-05,0.00030175032605873463,7.57845330204091e-05,0.00044565412828105096,0.0017909480211596718,4.733175768553832e-05,0.0,8.562412254740657e-05,3.7340866633697163e-06,2.853769179326726e-05,0.000981442501275686,5.421330231800902e-05,0.00012101441067384659,3.966729106016512e-06,0.0001890939929524382,0.00059103245054029,0.00025954169925808044,0.0001036718153868026,0.01696850953444069
2026-04-27,2.962956863350696e-06,2.777585435114932e-07,3.1318354156648663e-06,2.4715124321541468e-05,8.022647357105049e-06,6.061451650656505e-05,4.501689719736335e-05,0.0003017503260587337,0.00016408450857293544,2.2177244936322816e-07,0.001541596440366842,3.9419357466088566e-05,4.2695918280701673e-07,0.00024300821845841302,3.0973088707933634e-06,5.80930316678976e-06,3.7967002680803247e-08,5.709375718078838e-05,0.00011681600610876719,2.9936644978997046e-05,9.10093467893763e-05,2.201033483729237e-06,0.0003274975394447747,5.951748992496951e-06,0.0014923455249725567
2026-04-28,2.3793186503763738e-05,0.0001021647383800621,0.0001374345408303892,1.0871259893600158e-06,2.0920831788613722e-07,0.0003510888941606207,0.0010028950795667145,0.0012661267241939678,0.00013265196802728546,0.00010761848045437512,0.0002562734654771937,4.9320346334210085e-05,0.0002094971740059758,0.00017435838936885332,0.0002696961286873426,0.0001759173945558503,4.272481292877016e-06,5.95517670211192e-07,3.337966976162965e-07,8.349040075591953e-05,0.00011693753369226872,2.6783660600449062e-05,0.0,7.456489808689816e-05,0.0012057018748905782
2026-04-29,2.388664115323117e-08,3.714927988950008e-05,4.493701012926313e-05,6.064738225206113e-05,3.1298386953788704e-05,0.00011498420587533601,0.00043088528338053615,0.005782887208126875,3.986672883254295e-06,0.00012592760800704138,0.00034448293521885533,7.396437196029449e-05,0.0006644369822905673,0.004336416896244182,0.0005114525048723912,9.230280171599781e-05,2.3548945309233396e-05,1.8201568354796195e-06,5.0251647182877395e-05,6.196822883202439e-05,3.7380947298476997e-06,0.00033614228156828523,1.0800252257349508e-05,2.811520544885189e-06,0.0017729996856631076
2026-04-30,9.801902455225046e-05,8.617506288698823e-05,0.0004586924826659616,8.721852467727024e-07,1.2165123735181148e-06,0.00022088779591881717,0.0007663201102247796,0.0005655793239388844,1.899288575331611e-05,0.0016072034801057399,0.002243407293078463,0.0005480054189224446,0.0009568096611393972,0.001069014472848061,0.00010916917856298063,0.008882888147907815,0.00025214792769283676,1.629399537685222e-05,0.00016352703016223058,0.00022368475021917024,0.00011960138228501003,1.842315218761241e-05,0.0009098114206473251,0.0005711009127137313,0.002527159983097996
2026-05-01,7.646811616380209e-06,9.127533722458835e-05,2.210560521271591e-05,1.2737995694933567e-05,2.6009494906604266e-06,1.2851674459739237e-06,0.0005836200072893058,0.0008761332511488123,0.0010163348780751786,0.0002624531862888651,3.1673537878465956e-05,0.0005662281541906456,0.00019994206762023145,0.0003372232868392471,0.00018231389695369472,2.444767438772771e-07,0.00010180465568147881,1.6293995376851534e-05,5.901554702475048e-06,7.878378609437208e-06,0.00013549579875825313,1.3341987266612262e-06,6.271809539235578e-06,4.197427364783173e-05,0.0002863819042073543
