Date,SPY,QQQ,IWM,TLT,LQD,GLD,SLV,USO,AAPL,MSFT,NVDA,TSLA,ARKK,COIN,XLE,CAT,LMT,XLF,JPM,VNQ,JNJ,PG,WMT,DIS,AMD
2021-06-07,8.39270693935321e-05,0.0001667929342436002,3.0955314454180106e-05,3.3396593333877036e-05,1.4727256143858248e-05,5.848332580531918e-05,0.0002220404559540454,0.00032056782227954486,0.0002217948449011185,7.281394526293406e-05,0.0007524710802466488,0.0010352898499859286,-8.522876742154864e-05,0.002358385913358583,0.0003244783108748094,-0.00019678370222194757,5.525594078380735e-05,5.768008931654361e-05,0.00011631102765846995,-2.0018449696212448e-05,5.779781011304037e-06,0.00010912901464545356,5.412857556413597e-05,0.00015745629739832533,0.0003228161179241298
2021-06-08,8.141084200315934e-05,0.0001728168014191192,0.0001072169340703576,-5.786242571225979e-06,9.63843103563034e-07,5.0780783276914336e-05,6.177847204354265e-05,0.00015448445823044784,0.00016871730874563526,0.000190503627977334,0.0006717177565958293,0.0011296203452957731,0.0007171487625045976,1.4159477051144814e-05,0.0002685345043248452,0.00012696341288882812,4.238069660186401e-05,8.375250227278709e-05,0.00010190811845775627,5.528952648185253e-05,-2.3921790263146273e-05,-2.258834498695584e-05,4.0872525787228505e-05,0.00014458374835191797,0.0002990354991718004
2021-06-09,7.634985156698335e-05,0.00016942229193855308,0.00017107032165212556,-3.267075299992957e-05,2.9541081269336262e-06,5.281966769578328e-05,0.00015088968056122266,0.00028837566539983056,0.00020437640737824318,0.0001930856664830079,0.0007107834303009377,0.0010628844067116017,0.0007182521315016742,0.0021085806407789487,0.0002902791954569159,-0.00042356441321095934,8.078831540385165e-05,-5.901085288106462e-07,-3.976404572163207e-05,0.0001159994081153094,-0.00012159072563769721,0.00012041678066674149,7.12430211121376e-05,0.00014143496947504388,0.0001916824556366117
2021-06-10,5.177098948852181e-05,2.6188233624893507e-05,0.00012638860313199073,7.3704668840619144e-06,-5.116266535778445e-06,3.784152010713235e-05,0.00014191894969607628,0.0003025121563351423,0.00011201062758655645,-1.8469985933668788e-05,0.0006499170267337773,0.0005354125045132238,0.00022022227065540776,0.00164568822310901,0.00033016173004884764,-0.0013597595794860758,9.335150079301104e-05,-4.303017714228599e-05,-0.00012013652608715904,6.697770548311048e-05,-1.9137083159722574e-05,4.723350969411463e-05,6.778820832559288e-05,0.00013478769852263292,-0.00013251698165327056
2021-06-11,6.732797472335783e-05,0.00013261208932315456,7.403215219804862e-05,4.0734153609378465e-05,1.4848178733082553e-05,-7.084811585399859e-05,0.00017528977936928506,0.00030225434226252015,8.168941161738354e-05,0.0001897578180181527,0.00014928724212017928,0.0008867635933376516,0.00046380031755630395,0.0016325735711664557,0.0002829167645625324,-0.0002937044769380239,8.913950694544362e-05,4.321418783547758e-05,0.00012437972380633362,9.595050244412426e-05,-0.00010123618247848635,5.6290348285708594e-05,5.954406004045447e-05,0.00011205586808527491,0.0002654678511084956
2021-06-14,3.994866501424835e-05,1.1193859600066569e-05,0.0001219938897050235,-2.174903336726249e-05,4.460667950817986e-07,2.4209394057809263e-05,0.00016104088012091646,0.00029846404408685235,-0.00044180982169955045,8.815803802453105e-05,0.0004932204161984769,0.0006132536994233166,0.00013364064410278204,-0.002818402138235598,0.000275180309501165,0.0001790633060346381,5.710231886549962e-05,-2.820166770972617e-05,-0.00017064852284872075,6.156196959242619e-05,6.369999546022288e-05,9.976954584954394e-05,6.06540751836519e-05,8.917433117940436e-05,0.00022092458674236642
2021-06-15,3.404550897238595e-05,6.0945442008380635e-05,0.00010469645999726401,3.903066693732234e-05,1.3332932549509063e-05,4.5409163137923985e-05,0.00010756964997442648,8.784445413182224e-05,0.0001210416423501549,0.00010093167118559063,0.0004482537478327313,-0.00017766324993053557,-0.00030093229432407267,0.0006152397385634445,-6.898825705423464e-05,0.00022990931468709,4.850402100863986e-05,6.924344245525868e-05,-0.00013062701707994463,-4.754860630358652e-05,3.579542476047182e-05,8.225087490943062e-05,3.1226197075139325e-05,-6.164930581112781e-05,2.823204133860349e-05
2021-06-16,-6.463371009272606e-06,6.673036654981458e-05,7.690355327910801e-05,3.5090877026905815e-05,4.157579297518369e-06,-0.00023421611193009362,-7.742149061078601e-05,0.00023717396786006415,0.00012847365365940207,9.945500399806549e-05,0.0005273067391014016,0.0006428466591257971,0.0003651756475866469,0.0011540239366178424,0.00022652431667120258,0.00011896098164970698,-0.00020853314480531488,5.832714588790021e-05,5.3759483273188935e-05,2.4417110119284256e-05,6.556275676364211e-05,-0.00010965111162108378,-0.0003796194518785806,3.458434813348749e-05,0.000173001083620682
2021-06-17,2.6135759441511e-05,-8.038221590163619e-05,-4.582017955729685e-05,-0.00018523248507361462,-1.8148260384764253e-05,-0.0009102956176248443,-0.0022831320952138748,3.2820626704249125e-05,-1.6794299226450274e-05,-7.776044451899589e-05,-0.0016313532431800517,0.00033543944693287844,-0.0007759943793330749,0.0012816007854495647,-0.0009682368992756154,-0.0010767910807699336,5.924113682652221e-05,-0.0008415867928850821,-0.0007530700565718011,6.785666503287615e-05,4.267651408728511e-05,1.4124705578467793e-05,4.8226706431303085e-05,5.973874710437726e-05,-0.0027283793485539864
2021-06-18,-0.0001623254383068271,2.2963071807868032e-05,-0.00044195519317475924,-0.00029978066490547224,-1.3515090187252437e-05,8.680399603762238e-05,0.00020792012571912587,0.00020763570695169148,3.869971311614628e-05,8.087768872993889e-05,0.0006382906768888303,0.0006072244671976275,0.00042634030863683255,0.0013039097466957749,-0.0006416919660636015,0.000267151937933367,-3.7539751279735845e-05,-0.0004972614243828457,-0.0005163295324379156,-0.00022435950341482983,-0.00032533258093541995,-0.0001220286180198466,-0.00030826671107757824,-0.00010570231929161355,0.0003526488505949183
2021-06-21,-0.00017017360699443244,4.996803917092788e-05,-0.00033668968023253907,-0.00021907892756293677,-1.8807436607086322e-05,-2.8771545782087343e-05,0.0001770781012952595,-0.00022068812974109149,-4.9030191470050735e-05,-3.607908611196499e-05,0.0005084048151239999,0.0006799716145623985,0.0003953207349543145,0.00025906663939816263,-0.0014634399825492939,-0.00015589163865972554,-1.412155187224736e-05,-0.00040390412915659955,-0.00010988039985201272,-0.0003319666702274,-4.2231972237451065e-05,4.522148086904962e-05,-2.1899126045351682e-05,-1.1932741963129682e-05,-0.00028403720628399694
2021-06-22,8.23768844685082e-06,-1.5727599923069142e-05,0.00011258698435679187,7.201474137519441e-05,1.1715329947393784e-05,0.00010874040077740187,0.0001580422173734795,0.0001929015758345276,-2.5033870626519922e-05,-6.814476676852835e-06,-4.05068103520043e-05,0.0005852541844788245,0.000199918085440826,0.001106373838667162,0.0003293238820627737,0.00028866869387564087,6.27235735634882e-05,0.00015471794325508923,0.00018644273963191053,7.387131092013042e-05,9.16084299100414e-05,0.00010432522264568275,4.2737001797845246e-05,5.698262592674878e-05,0.00018335915410391828
2021-06-23,3.6735771285617804e-05,7.314464489374527e-05,0.00012306115961464428,7.10787832352929e-05,1.2079274927177042e-05,0.000126911795739278,0.00023836005725171643,0.00011392580438572417,0.00012641035659347055,0.00011627105224024307,0.0004826367522072145,-0.0020339326569125214,-5.794280514172495e-05,0.0007718630325697776,0.00036795029071450696,0.00027428582802684336,-0.00012149118748586698,0.00014851643518614034,0.00014521120152943633,9.942339604261045e-05,5.665574656925351e-05,0.00010243395469394123,2.4626756081601872e-06,-4.73907275082913e-05,0.00031769628078412416
2021-06-24,-2.153776729112477e-06,2.016907406837657e-05,-6.460994224439146e-05,7.477443300584011e-05,1.0488746650926217e-05,0.00012684178660314556,0.0002251225508965649,9.825281506975996e-05,0.00011673010879649764,6.060155123159795e-05,0.000417769891477098,-0.0005658796526393904,0.00014891659455836142,0.0007380706572872562,0.00029703174929784194,-0.0003756404634893353,7.113943844951032e-05,-2.724584518700758e-06,9.826074960045514e-05,8.956257099027541e-05,7.409650936895781e-05,0.00010412286260196558,1.879751726732214e-05,-0.00015461165206833268,-0.0003945648577935346
2021-06-25,2.1699196226485446e-05,5.8626329005487016e-05,0.00013493366503324403,-3.610632941355058e-05,6.862415424108762e-06,0.00011182072751602478,0.00020887686430221127,3.699132441826836e-05,0.00011650012112532433,5.0439066837928586e-05,0.00039751661945490365,0.0005725559855891753,0.00035288796264229565,0.00019385721904447155,0.0003239128618572438,0.00012025378871414346,-5.589419143906198e-05,1.0408994240104118e-05,7.983651181775525e-05,4.9215199256968546e-05,6.911733842394032e-05,-9.716481136052589e-05,-6.934593826176529e-05,6.221570792728556e-05,0.00033228795196250905
2021-06-28,3.069007087347908e-05,-8.656745996817711e-05,5.595746413318797e-05,-2.5978546108359977e-05,-4.0763705397717355e-06,0.00012318578334932437,0.0002344988669348617,-9.682367999226186e-05,-3.3609684088479124e-05,-0.00010021035422879473,-0.0019076753872107072,7.445874236077063e-05,-0.0010376637845565073,-0.00806417641254384,-0.0008329250737053101,0.0003240399548721019,5.099743684994275e-05,0.00010763119560368894,0.0001830074979252348,8.735428506175159e-05,9.357773176687415e-05,0.00010594846390538895,6.685988336658663e-05,-3.269230756962132e-05,7.729275957611248e-05
2021-06-29,3.466323303571531e-05,5.374363524291033e-05,9.40271283918465e-05,8.067767138434839e-05,1.3147428664177386e-05,1.1645625383115114e-05,5.6402251005733606e-05,6.393963018483468e-05,-8.890513572623737e-06,-9.24222368444452e-08,0.0006013147790269893,0.0005672093295324884,0.0003842913387353296,0.00017100808421923516,0.0003896329300108682,0.0002824786845880028,-0.00023717049608772012,0.00014468360633290698,0.00017189302994158025,8.858681527464136e-05,9.485814983628976e-05,3.9693468330355726e-05,4.2678259756127354e-05,-0.00016495511482626145,-0.00038489735528921156
2021-06-30,3.408567292187214e-05,6.447118870207577e-05,0.0001181343720840165,6.374938059242997e-05,1.3362840230716357e-05,0.00010507082342043258,5.473253711050415e-05,0.00011572969536229333,0.00010618280613929512,0.00010026194864234066,0.00047989955846897554,0.0007029211419779852,0.00040971246756370754,0.001157614182587836,0.0002625328714800772,0.00017674472352480287,-8.303753345966067e-05,0.00013871095542809618,9.17194688298764e-05,6.647955758863879e-05,7.583552084517501e-05,7.323962327319386e-05,-0.0006366984650029294,-3.659279876639766e-05,-0.0019158615525010515
2021-07-01,4.305957789914017e-06,6.63366833210907e-05,3.429225973188363e-05,8.456542055993634e-05,1.3916306961628562e-05,0.00011759733843435468,0.00023222854950051075,-0.0001226501357218311,0.00012310901925609982,9.257836874712583e-05,0.00037280745660532794,0.0006983615436458547,0.0002517924781977785,-0.0011056449262275554,4.540889419842471e-05,0.00030038473486213447,7.407363103367344e-05,9.487451796895702e-05,7.42905799397317e-05,5.993073617973315e-05,1.4027386518831521e-05,7.245209819393834e-05,-3.0368426872047046e-05,8.897192898784056e-06,0.000474840538770223
2021-07-02,-2.1657105523518742e-05,-6.39682206697119e-05,2.4043600604089913e-05,4.808915570364752e-05,6.5602506622151104e-06,8.601119224887279e-05,-8.077525442660581e-05,6.063447851331221e-05,-0.00025027852280730037,-0.00038575963224241245,0.0002517208724911994,0.0006523735967295795,0.00035402192351972753,0.0013086174320819524,0.0003375983949106933,0.0002954956308602157,8.485130987655515e-05,0.00015894842796995148,0.0001757591434313124,6.297412163060948e-05,-0.00025464875486140483,5.3268128582298806e-05,9.254572214147531e-05,7.748050462024954e-05,0.0002913296992194104
2021-07-06,3.5417942108304716e-05,4.883700795399057e-05,-9.77759168820613e-05,-5.031870664776464e-05,9.129329011233551e-07,8.517913799301623e-05,5.290627841287286e-05,-0.00031760035616656485,-7.46926394730771e-05,0.00012389387728124412,0.0003318065636266572,-0.0003435099693692948,0.0002996573344761758,0.00077515253753335,-0.0007525779143027814,-6.663712504765851e-05,3.965499327171119e-05,-9.056667920789675e-05,-0.00011005228864833732,1.878671955346526e-05,5.237113668791215e-05,6.066802210971323e-05,0.00012462426372220997,-0.00030298720067123723,0.0004922701578480886
2021-07-07,2.193925789885617e-05,4.850457225325506e-05,3.9891522720990314e-05,4.990716567832229e-06,5.591147648825432e-07,9.027843617925086e-05,0.0002257618194999524,-0.0005125971002132158,-0.0001856661502910949,3.466679717001588e-05,0.00012190705150058861,-9.817831005376568e-05,-0.0002285525160962568,-0.003345812207407163,0.00013123692815605864,0.00031128322564072944,-7.795351690186458e-05,0.00017133779412226098,0.00019089431234935303,6.268193736281692e-05,1.7394128975954242e-05,5.15766389091672e-06,0.00012330258672852725,7.127883675020987e-05,-0.001321073796207769
2021-07-08,-3.192025016100728e-05,1.601068964825195e-05,3.6663195330525935e-05,7.124052806660917e-05,1.2483902599620562e-05,0.00010420461428834672,0.00013386836647495107,-0.0001516379092679189,6.295675236155223e-05,1.5624713474439588e-05,-0.0001537982120870413,0.0002909385766528345,0.00026007040487686505,0.0005632629206606907,0.0003800645258594858,0.00017962837504123647,7.291701392651975e-07,-0.00023918260981576966,-0.00011176896742447849,6.0064293576164626e-05,8.790083084160656e-05,6.338812975839757e-05,0.00012294486493497707,9.779833090389546e-05,0.0005040405916314512
2021-07-09,-7.406548205891482e-05,1.5963365115725864e-05,-0.00031557877288632835,-0.00011590300195713022,-5.8172498620977855e-06,9.313820688793223e-05,0.00016700979680704482,-0.00015420757694409345,-1.759917657302441e-05,9.636901255086009e-05,0.00035919304450812603,0.0004175032020636136,-2.3108606584485748e-05,-3.3618073883213365e-05,-3.115035916132912e-05,-0.00027772247302353657,1.937268350282036e-05,-0.0006168095177968297,-0.0007852879204378532,-0.00020151440672131008,7.199715647288252e-05,5.584565592233472e-05,9.480190129196604e-05,-0.0004905682062926888,0.00042040795598142323
2021-07-12,3.1944431284626804e-05,4.162706792078011e-05,0.00014156969341599167,8.97518194824787e-05,1.1971783148440494e-05,0.00010298567053791578,0.00020966129144490362,0.00017436247250415807,0.0001415859140443908,9.419057078447426e-05,-0.00010443683011545675,-0.00137845260376848,0.00029047285539154867,0.0009021656289905275,0.00043102702667142175,0.00030931378880007715,-2.0366636115610735e-05,0.00013727108331630395,5.0495332482953506e-05,6.325062345268601e-06,7.616280672455785e-05,5.5334728396551526e-05,0.00011718683205879202,-0.0015211838009848101,0.0005860910613339819
2021-07-13,3.259222379750881e-05,5.176823860789568e-05,-0.00022270852350112083,3.054534340933321e-05,-2.673471174010249e-06,0.00010191438120255084,0.00015283929907054962,-9.717089788230707e-05,9.499868583553855e-05,-8.36433178697021e-05,0.0002768325747440701,-0.00010497551218480552,-7.636388357280311e-05,0.0012268700858905097,0.0003754621651237158,1.2612419434959699e-05,8.730860647204774e-05,0.00011249830265691343,2.553794131350396e-05,-0.00011755996119865381,7.290338218573398e-05,5.148379053291945e-05,0.00010447179015814722,0.00020321615424167134,0.0005287251411555164
2021-07-14,4.25190266352939e-05,4.818458476508834e-05,-8.87457271930263e-05,-3.498855993841712e-05,-9.36395595793167e-06,-1.7755099525865544e-05,0.00011750781618642651,-0.0006363375207963744,-0.0004122530132669274,6.784362370954428e-05,8.249569264410508e-06,4.63882690333355e-05,-0.0008232142087202076,-0.0016394062101110578,-0.0004786118902750397,-3.421450426035886e-05,9.114084051346883e-05,0.000212806268432427,0.0002507205012193904,4.177243715801033e-05,1.974943086656302e-05,-3.4539895848608893e-06,7.01314388699596e-05,0.00021709978539009286,0.0003849831457773793
2021-07-15,3.288371991889484e-05,-3.0855862394033777e-06,0.00013355601725055201,-2.392482433536368e-05,7.676782922184646e-06,0.00010103100749185696,0.0002257401295187806,5.575450918875421e-05,0.00013339454476526768,6.809151532877375e-05,-0.00159542493943983,0.0005742959586530924,0.00015659163302166377,0.0009483171682043833,0.00028690857128111784,0.00025322939534987013,8.38004155938185e-05,0.00021884132435407772,0.00024215817895062333,8.94673386563967e-05,-7.869033043301109e-05,-1.904612827933478e-05,0.00011930234239900341,0.00020187060919508136,-3.926944838868293e-06
2021-07-16,-1.6961202180053165e-05,-1.9178270306617982e-05,1.3613704240038376e-05,9.935781593598652e-05,1.053355158758802e-05,5.196258464551528e-06,-0.000414851433602126,0.00023003360311648602,-4.8471664017659424e-05,9.42871612616472e-05,-0.0013398880767439513,0.0004466618059666479,0.0003533675948920171,0.0014744004340454622,-0.00035041778055156447,-1.8059315654810515e-05,9.012487813907485e-05,4.101446194717365e-05,-0.0002991981362623101,8.542324969689253e-05,7.165487326185464e-05,-3.597598562611906e-05,0.00011856719847867708,-0.000500289410751126,0.00045383333911194594
2021-07-19,-0.00017463169530636204,-1.7842625946693332e-05,-5.250539164078718e-05,-0.00036745716721640334,-3.910399778281765e-05,8.820056776013004e-05,-0.0001666594833335219,-0.0045993158635673215,-0.0005817103391101367,-8.530752808107505e-05,-0.0004771205907975855,0.0005349015065980808,0.0003122202015154607,0.001069519582338812,-0.0007739951155973113,-7.347624679813585e-05,-0.00010168909147018126,-0.0005640475208799429,-0.0008319785206120968,-0.0002550128226859844,2.1304850972077924e-05,5.138030704133629e-05,9.048179949266228e-05,-0.0010588064199731713,0.0005415023131342471
2021-07-20,-0.0001436182499975226,-8.856226139528917e-05,-0.000753008797613387,2.291965859900327e-05,1.133709661982966e-05,3.459874239592387e-05,9.859630263883556e-05,0.0002755008295948871,-0.0004626979097013614,2.5324696420424763e-05,0.0005080687765305481,4.70978415376318e-05,-0.0005629871899118494,0.0010925110448881136,0.00034775988238268716,-0.00035390512519004123,-0.0003530136602851062,-0.00036413390556977183,-6.735221743930367e-05,-0.00044208357091327706,-1.1674999920044399e-05,1.84629805623139e-05,7.484240836042746e-05,-0.0001555548482785068,0.00041174279511582506
2021-07-21,-5.1968040732630594e-06,-1.040290883112681e-05,-8.855701627618083e-05,-5.9624655870585744e-05,-6.433632367868035e-07,2.0796622603252037e-05,-4.787745707101774e-06,-0.0008844350133308479,0.00019873201906096604,4.127556063849069e-05,-0.001169512121741859,0.0004818648138572725,9.453594499797264e-05,0.0008202443256867857,-0.0006900678984605043,6.530732935539025e-05,0.00010883761449507897,-5.6684011586428934e-05,-0.00017699901929781492,0.00011569612428772043,2.1453281277888635e-05,2.4463992271535527e-05,5.280907087346427e-05,0.00033300276268182204,-0.00022820444912910725
2021-07-22,4.794498720150367e-05,6.472087967600186e-06,-6.224464640683164e-05,7.644700630713287e-06,-6.336051947538585e-06,2.351007544193463e-05,0.0001084684940749388,0.0002065069289233706,0.00012408693825413154,-0.00018792673368201823,0.0005932878824046696,0.0004616812861430758,0.0002897043483688044,0.0010419629887195004,0.0003283970363585888,0.000170788568848721,0.00010436708826190214,0.0001012973443414371,0.00010335408899113659,2.9355550956909835e-05,4.593703735592723e-05,1.9383405100394643e-05,7.362126035096486e-05,0.0002292900969632849,5.763638180088563e-05
2021-07-23,-5.3758027702389545e-05,-8.724710148606325e-05,0.00018577759534775816,5.564993489609294e-05,1.1325677067777728e-05,1.6713158874623744e-05,6.0728679888836804e-05,0.0005293799209873758,7.018194043210911e-05,-5.047411446262196e-05,0.0006505801994713496,0.0004678832767224682,0.00031004627846639243,0.0014791196509173034,0.00044530657550004727,0.00022664070418336812,0.00010620691929097435,0.0002257801784567383,0.0002698259848451251,2.674544039718358e-05,-5.756880193829597e-05,-0.00017065273126373417,6.110376898468687e-06,0.00030128466239658883,0.00036377240230668276
2021-07-26,5.0649261785989705e-05,5.42903878502332e-05,0.00019958574322796556,9.398245604878293e-05,6.505791020928805e-06,2.1439784034948614e-05,0.00014448331224483146,0.0005501224942811431,0.00021140030633446855,0.00010346465804664037,0.0004650374391991126,-6.842506010368022e-05,0.0002773899802306647,-0.006136372821933004,-0.0001375375651785348,0.00017852626248454487,-0.0010531314498185697,0.0001951168505734174,0.00022707927584151948,9.820018485062042e-05,5.853818621611753e-05,3.381652807499262e-05,7.131521361269915e-05,0.00011541921167381922,0.00046133602772221896
2021-07-27,3.421784939319101e-05,-6.98843453405945e-05,5.990972449630919e-05,-9.543384733777755e-06,-6.791335172510235e-06,2.4605725471889464e-05,-0.00015478512327284034,0.0005506957097151839,-5.425010385462601e-06,3.067742123331856e-05,0.0006365913870104169,-1.805126321997153e-05,-0.0003002669930043574,3.1589398873971015e-05,0.00040161415266712987,0.00016740055564878827,-0.00015908227819033094,0.00022178468784141592,0.0002678413373235008,6.626193580028151e-05,3.6604665815028956e-05,3.0266217914393966e-05,7.073168470570538e-05,0.00031202396182238886,0.0003608010464012854
2021-07-28,5.537162757441075e-05,4.480160023208431e-05,-7.942847504994582e-06,0.00010332950931262281,8.974774214537236e-06,1.5895114475299922e-06,7.511685646337031e-05,0.0005387797907244812,8.144039191184768e-05,0.00010750349840248231,0.00042077209408117365,0.0003728629235894511,-0.0001688155087488866,0.0011834586620189966,0.0004085376416470145,0.0001337693575824857,0.00014882250372262563,0.00021211313492369255,0.00026143040281106195,8.533684150523409e-05,4.959776923508126e-05,-0.00018690595195322752,4.655824243877634e-05,0.0003257311037860505,-0.004900477687374896
2021-07-29,3.819768293415059e-05,4.915456081849495e-05,0.00015453174037851464,6.66717396743425e-05,3.045066178437017e-06,-9.365688247289704e-05,-0.0003879112773798076,0.00021833935787772546,0.0002111229279941117,9.733769850084956e-05,0.0004688659205599646,-0.001752808457694618,0.00029775911250070697,0.0008991724526948527,0.00033870947520620455,0.0001622249066562572,0.0001749175763523173,9.176503556602605e-05,0.00019130794536176184,9.76104416812539e-05,5.770043958589376e-05,2.1568396907450267e-05,6.193535545983946e-05,0.00030786105072943567,-0.0017845197639998686
2021-07-30,3.254915782990473e-05,2.4458082097597385e-05,0.00017138320613343714,7.712408209024869e-05,1.0974169856360009e-05,-3.381143719071674e-05,0.0001684631857799901,0.0005700305801344627,0.00022344305615775394,6.198111853898499e-05,0.0004688634944302939,0.0002509039926307805,0.00012543438617290765,0.0014884920026216933,0.0001766362293221185,-0.000578026397083965,0.00015194257151668146,0.00015443755611118266,0.0002039330502323834,9.550221498586516e-05,5.7686704179995655e-05,-0.00033392372112988944,5.7039191511431504e-05,0.00014107897849141175,-0.0001506084296456963
2021-08-02,5.309775483865596e-05,5.3115844862789973e-05,0.00019283063892306973,2.0427489046486534e-05,3.242708895156376e-06,2.9503433830183913e-05,0.00015541485282060958,-0.00030890584923628063,0.00021923637063034872,9.436319900915115e-05,0.00037828778489432205,-0.0005645947924653744,0.00022413980258546775,0.0014734200720264191,0.00038408263560574344,0.00016502753689828613,6.614697261807844e-05,0.00021930256483192146,0.00025084043927381573,9.110872181714208e-05,5.6514236586447876e-05,6.122914103182899e-05,1.753001200133549e-05,0.00031026379686242226,0.00021941537234268157
2021-08-03,-9.568164901971405e-06,1.6598499140393066e-05,0.00019782542396153634,0.00010330625252367042,1.0956891836335228e-05,2.9971268447734502e-05,0.00013286878128283654,0.0005611284216037551,6.68262168878044e-05,2.941198398743818e-05,0.0005340901507325354,0.0005269221503976559,0.0002510350485821694,0.0008710021941445001,0.00013864760565907193,-3.387659845913122e-05,0.00014260331145956052,9.14203052755474e-05,0.0001346303200924324,9.35385428773978e-05,-9.589240370371172e-05,-0.00014244911423474195,-0.00011001600259913149,9.810330277912184e-05,-0.0005016405574916381
2021-08-04,3.2186409996105866e-05,4.5896143490534886e-05,5.382304845694537e-05,9.740352484379537e-05,1.158253881924257e-05,2.810385465897662e-05,0.0001223887745701741,-0.0005737411156916872,0.0002049583213513556,6.654385738902424e-05,1.1057015123853964e-05,0.0005240586491376851,-0.00032542345366925996,-0.0021728508086855556,-0.0003105799531919417,-0.00013155265535110642,-0.00030426534080080236,0.00015172633869044258,0.00015185174841758024,8.493158144596077e-05,9.003523615617521e-06,-3.515314374916988e-05,-2.650550201202894e-05,0.0003200499092658588,-0.002065393872316908
2021-08-05,1.779574650295347e-05,7.094393803252347e-06,-0.00010962701511269159,6.829927174291467e-05,-6.0370451950293155e-06,1.1140220580239168e-05,4.503087753526008e-05,0.0002919279317170702,0.0002008953671258306,-3.790355192356861e-05,0.00024349581027358937,0.0004542318366198539,-5.99510745185293e-07,-0.00041799066662880557,0.0002970719644255902,7.084274571154516e-05,0.0001685607469520715,4.342423673304061e-05,0.00010283939859680909,-4.337839326391117e-05,4.042887226287388e-05,8.344431385198881e-05,-0.0003151869887786118,-0.0002541175081049927,-0.0021118427125220406
2021-08-06,5.642578904364282e-05,2.9733990007065586e-05,0.00018297941836649525,-0.0001920664962876513,-5.618958406535847e-05,-0.0006136411813780887,-0.0010035785481520782,0.0005107918059542352,0.00016130822220619578,7.362266257335044e-05,0.0003870693746845798,-2.8629324417356653e-05,-9.831946265448902e-05,0.001309681507579217,0.00033307604517854913,0.0002154832464180265,0.00015346663859100923,-0.00017824195389885998,-0.0005155530783291623,9.585299078542555e-05,2.906427012285291e-05,2.1678626443783652e-05,3.788010788257518e-05,0.0003287790523280722,0.0006408153866363391
2021-08-09,5.4971977283073666e-05,4.4662773494624376e-05,0.0001871451883694783,9.337603205920834e-05,-3.753015987159714e-06,-0.00025828171093945733,-0.0009960466877570655,0.00019903558432768256,0.00018059830061409356,5.3925602301533276e-05,0.0005294629620638208,4.1187502422433285e-05,0.00015976256713600903,-0.005427257662532738,0.00021641451385054673,0.0002336556758712002,0.00015392433293069365,0.00021459859747778665,0.0002940826552370982,7.016635760951309e-05,2.8686841703510157e-05,5.437753540144185e-05,3.54196659958954e-05,0.0003293518923060372,0.0005239617226523435
2021-08-10,4.7951119052932194e-05,1.9725614439506055e-05,0.00019148553366921418,7.457733133658676e-05,9.904873722185258e-06,7.8781445846579e-05,0.00024158921929302355,0.00010439862394633547,0.00016022156744819512,2.6621943008310187e-05,0.0002208132556600162,0.00046522205986279045,-0.00036445936540337756,0.000128549158530597,0.0001009886333745975,-0.00039277782219636077,0.00014731746978422695,6.771028249109021e-05,9.231870958287296e-05,-5.329324691160219e-06,4.0335922406265057e-05,8.507587568385633e-05,-0.0004038348776808604,0.0002989233360521133,0.0009792244414321529
2021-08-11,4.2720810284383363e-05,4.379488234776749e-05,0.00017171564439408835,9.67089962470333e-05,1.2721330653509709e-05,-0.00010864097791045776,0.0001762393859910847,0.0004909531942053994,0.00016797179433731752,6.880183175498152e-05,0.00038531045337419987,0.0003849680441264812,0.00037167458147760967,0.0007063087380702728,0.00036146760266903607,-0.0009753772722247569,0.00014423804177325473,4.8320691401156784e-05,9.74109564100863e-05,5.2298407676438296e-05,4.029334845439646e-05,7.942617468446246e-05,-1.5050323244713778e-05,0.00017968690591661085,0.0009649942244548395
2021-08-12,3.962542791784076e-05,3.396458801481761e-05,0.00017143149111226917,9.118588901377113e-05,1.2553524759952095e-05,8.891016479722598e-05,3.442449482227188e-05,0.0006347750162174517,-0.0002547784071006354,-3.562711717062111e-05,0.0004188592523543804,-4.7616578206203294e-05,0.000330707440720559,-0.004952893067935037,0.0004218125169704948,0.0002503462748956319,5.6246371822463745e-05,0.00017581626628664678,0.00021824321169898125,7.309174544050099e-05,-2.412980670016504e-05,8.036813606814909e-05,6.06407570523708e-05,0.00016852881407867652,0.0009740242362953004
2021-08-13,4.564235259341351e-05,3.516874374970414e-05,8.062062833028111e-05,-0.00015860354949829626,-3.1185039579027325e-05,-0.00011962111949381703,-0.00017939005321293333,0.0004108850941534782,0.0001580515718830881,-4.239898036389576e-05,0.00031097026166819453,0.0003033481949403054,7.932073186109792e-05,0.0016156487778835888,0.00023194032162898444,0.00022082460606245665,0.00013321823195100308,0.00012198088587516255,0.00010709062115553346,4.571806444861147e-05,5.5531360332299e-06,5.985576379738682e-05,5.5715053908263654e-05,0.00011731576575742773,-0.0003008885834897255
2021-08-16,4.2957703484898355e-05,4.5207500157427636e-05,7.933256396102486e-05,8.803476708082864e-05,1.535203793593493e-05,6.902444030608878e-05,0.00027881772390207516,0.0005404635847643481,-2.2042549966455843e-05,3.5453538055419854e-05,0.0002690888033057582,-0.0015976370785579625,-0.0004052527434043822,0.0016497228578691025,2.424335321158218e-05,0.00026632160263386406,0.00011813612978250912,0.00017380717522954268,0.00019696780701962868,7.539433725042171e-05,-4.5467484774189483e-05,3.221927283556354e-05,1.0778205731596497e-07,9.843554828311942e-05,0.0003434434932885307
2021-08-17,2.142276055237379e-06,-3.6482533228855053e-05,1.2944039783464368e-05,9.385693359767259e-05,1.24555547444242e-05,8.769441857967337e-05,0.00019772462172461968,0.0005155710864225204,0.00011984570785585702,4.607847633700238e-05,-0.0003091918313696376,-0.0004598391137172213,0.00023780892171124677,0.0013922059462556423,0.00023595363322648135,-0.00012455652444068414,0.0001458166757246109,0.00012097797164854675,6.575729073116844e-05,7.587109881749712e-05,-4.3777046984620646e-05,7.512716684783553e-05,6.961432809396988e-05,-0.00014909633998843764,0.0011715534798095678
2021-08-18,-8.547619529286087e-05,-5.117129611035135e-05,8.212896727103217e-05,5.70159488314941e-05,1.2533028355699779e-05,8.937348541112084e-05,0.00022097781598104694,-0.0003056006043011753,-0.0005480103669478514,2.678210281985643e-05,-0.00018457679591717938,-0.0006753117627083879,0.00032780756886786563,0.0012959084775941649,-0.000164741014311554,-2.3388746192395092e-05,-4.352734323533801e-05,-2.3947808744032836e-05,7.800467594512545e-05,-2.5229468389757683e-05,-0.0001223519279975892,-4.223357932974065e-05,-4.4503977832808896e-05,9.678200167747338e-05,-0.00035682192924747433
2021-08-19,2.8794288862294513e-05,1.694957018083395e-05,-3.312488021794767e-05,9.895357073984217e-06,7.623751754962213e-06,8.129586473261273e-05,0.0001285436851137729,0.00018204838990516033,0.00011442383632194288,-0.000360059346282976,-0.001215579860481992,2.5624212510341055e-05,-1.9081173946822985e-05,0.0017377360178485119,-0.0003985424398497208,-0.00041359776804084883,8.409199285776156e-05,4.9351343019196234e-05,7.72112752050767e-05,1.0008701948567174e-05,-1.4923496797272041e-05,-5.443634858134507e-05,2.8975786411939088e-05,3.836533604325827e-05,0.0012438266701897116
2021-08-20,-3.5056397957778416e-05,-6.798039501519109e-05,-0.00017644262783427514,5.7345758240128034e-05,1.205389494980276e-05,8.934049352537874e-05,0.00020571887187775112,-0.0006109592781959766,1.65302050472205e-05,-0.0005548820824831623,-0.002218752926835623,0.0004690602943867792,-4.138990567316317e-06,0.0006680444343312617,0.00026157775159274256,0.0002774538747636409,6.098830932219917e-05,5.439186874138451e-05,0.00011962218083785148,9.664083636185479e-06,2.2868572150907485e-05,8.940428297769068e-05,-3.278553812711407e-06,4.2405857340266026e-07,0.0011301178517162918
2021-08-23,-4.574773117823856e-05,-0.00017874650952833074,-0.00024968642188083376,5.252243787473548e-05,1.1039853530017937e-05,-5.706790506412667e-05,-0.00033871795104214227,-0.002595978635440843,1.5079737810421193e-05,0.0001016191933159308,-0.0024243949122249014,-0.000840608277023107,-0.0006819503434574996,0.001978760848569516,-0.0010941969822861875,-0.0001311293315758821,0.0001426299297996825,2.0199501963086047e-05,-4.2367065675182086e-05,2.8869136687486736e-05,2.8612134902118752e-05,6.295241953001543e-05,3.611792210893837e-05,-9.084447361920782e-05,-0.00029496705250760106
2021-08-24,2.6906812699959717e-05,3.703942096792318e-05,2.7918203276513026e-05,-1.0420862151137691e-05,6.3459459174648425e-06,9.669747291217805e-05,0.00020831138437771643,-0.000560336352500665,0.00011678052142089466,4.9645448342523754e-05,0.0005273277673016587,0.0006336828904804308,0.00017586276856439801,0.001843129827120176,6.224755528108232e-05,3.5113164897116334e-05,0.00012140835073652758,5.4411464562227755e-05,8.990456086279314e-05,9.25365385386266e-06,-0.00011600056391736113,1.3040506157625914e-05,-2.8500845956815356e-05,0.00010536989425420805,0.0011648460951465703
2021-08-25,2.4836428463791628e-05,4.549727050661878e-05,0.00011616120347491524,-1.619965030343406e-05,4.88955234591816e-06,4.816159063458179e-05,0.00029542729904032914,0.0004752050607026391,4.518058418429799e-05,9.24676157966603e-05,0.0002128365812773046,0.0006029723996976925,0.00035530841306151786,0.0015016357474155304,0.00025722756433189156,0.00021153612276738124,8.008908936006061e-05,-4.595294825706617e-05,-0.0002886573985701455,2.9484204237498686e-05,6.825867076102639e-06,6.94971915945524e-05,8.434965939017575e-05,0.00011463387041781149,0.0012408966603593835
2021-08-26,-6.725895664492098e-06,-4.1455755357016656e-07,7.967117403207748e-06,4.3370046145140124e-05,1.0907293830318159e-05,9.78424253725444e-05,0.00015997189745185682,0.0005165054071288981,7.755975024815335e-05,-1.7960929682192853e-06,0.0005531974537120013,0.00039491495286408094,7.919656324108349e-05,0.00043814834031999654,7.990021788584271e-05,4.563554485542405e-05,-6.079657599775124e-07,7.424009278738713e-05,0.00012386248423411792,2.8054228360805884e-05,2.3478730846545895e-05,7.895068821994968e-05,-3.357856102868364e-05,1.721965191663561e-05,0.001183711197302533
2021-08-27,-4.89911504260498e-05,-5.1990828593420245e-05,-0.0006573085851340937,5.457754241209608e-06,-2.0032970796489814e-05,-0.00012472754926985257,-0.00019089530830341465,0.00036936129980741784,5.046227548039752e-05,9.326920187035465e-05,-6.01121320641261e-05,0.0003755521300551864,-0.0002598417300869974,-0.0002231920006677316,-0.0003698129110299374,0.00027454413980541843,6.386985709278992e-05,-7.355675970315581e-05,8.755375307566612e-05,-8.120459349381454e-05,4.869406316825797e-05,6.935821708362212e-05,5.816943243970787e-05,-0.0002833973581851229,-0.00043950771234686444
2021-08-30,1.4386432776597817e-05,-7.800149858314378e-05,0.0001383616721447732,4.546896660821447e-05,9.19007933877855e-06,7.883690729904318e-05,0.00026716375702936265,0.0005312401569738373,-0.0007944202532628162,-6.67057331404363e-05,0.0006122075877011046,-0.0001880412009435911,0.00029882508235159404,0.0013914597527588197,0.0002147697746161184,0.00029000736870836343,6.492867012949654e-05,-9.906705704952958e-05,-0.00010924778689099204,-6.55090858642245e-05,3.576585519201518e-05,4.962174833042286e-05,2.739282355796336e-05,0.00013986335111365966,0.0009284839111329312
2021-08-31,3.1197923814868285e-05,5.1193845652805034e-05,0.00015002518600737213,4.7810396029704125e-06,6.956556261846282e-06,9.72028830337874e-05,0.0002475510011775384,0.0005037803356749792,8.08563841290235e-05,7.329805946771178e-05,0.0004379094011588131,0.0004884650521380534,0.0002913288797159526,0.001388129461755694,0.00030212126031301797,0.00028503622743815843,6.366871801548131e-05,0.00010858892061848498,0.00015254597890133718,1.6653170946160705e-05,4.514118942297883e-05,3.4352857208063794e-05,8.768875189074176e-05,7.782622288142493e-05,0.0008472398348715396
2021-09-01,3.299278591891885e-05,4.915013807208295e-05,0.0001077089738235289,4.68620270914262e-05,1.0364138256606783e-05,0.0001013584492537314,0.00017057474288139678,0.0005091750882645794,0.0001360839973669644,0.0001069185732188687,0.0006084071325360955,0.0004722355445589658,0.00013808758213759286,0.0009031702817968385,0.00012934253839725412,9.661937260429216e-05,-1.6703185841946784e-05,7.735914214187873e-05,0.0001594559396828929,-0.00021296270328113054,4.261844232025421e-05,-5.3511671974003625e-05,9.042971060826431e-05,-9.101419652082391e-06,0.0008060259506774064
2021-09-02,2.0259630944536957e-05,4.982181130800523e-05,0.00010627423466499355,3.082272058187073e-05,8.912087182295355e-06,9.428436650210073e-05,0.00017421255466467696,6.880616868180852e-05,9.304468473658492e-05,9.831713048860481e-05,0.0006103703364431045,0.00047204853032391047,0.00025479532983875314,0.0015318698689639962,-0.0002839099433917515,-4.529885324269881e-05,4.867023635421208e-05,9.38026608460266e-05,0.00013326227545930195,2.6038010413240434e-05,8.760517598259139e-07,4.2681081242693366e-05,6.0799453246609344e-05,5.111542670905511e-05,0.0007310557877265101
2021-09-03,2.8821956129081955e-05,4.051229418411191e-05,0.0001267064834166274,-3.286467808722706e-05,-9.040724390595354e-07,-1.1437540014595926e-05,-0.0007959656203444611,0.0004365566358350807,0.00013329410241617092,0.00010343478124452307,0.00019534532642684484,0.0004749755268871583,0.0003006578503096617,3.48524399821238e-06,0.00030402208831235123,0.00023920130376244242,6.6598438138849815e-06,6.260446733467518e-05,0.00011258781832566546,5.4479482294938014e-05,4.7708225349054736e-05,3.664458613531802e-05,6.599489894823347e-05,0.00011129410286328422,0.0005847433721216805
2021-09-07,1.387130510858562e-05,4.627131894752421e-05,8.426847570137432e-05,-1.8016607015756472e-05,-1.0565538252010352e-05,-0.0002841144988410369,7.258552392322328e-05,0.00028982348872176876,-8.419461479185569e-05,8.725894417396629e-05,0.0005267564644837106,-0.00020164494534206126,0.00027768971988953754,-0.00043895841163530997,0.0002960513067093256,0.0001725136293828135,-0.00033082753985718896,5.826266168574835e-05,0.0001396541361443698,-8.13544540113991e-05,-0.00019734841737374334,2.3034511422779238e-05,-0.0001082215068258912,-0.00022996887387415283,0.00041177466750689953
2021-09-08,2.5769138186922635e-05,3.516585782535402e-05,1.2252731423063803e-05,-3.8647717643883675e-06,-6.475539596038243e-07,8.711236651328338e-05,5.7817741349351095e-05,0.000326953723254077,6.103283973480805e-05,9.800088341696145e-05,0.000377862488223241,0.000485321583161971,-0.0005660248930177106,0.00039879065531851993,0.00016252587070164843,0.0002315667812125383,1.9200058382975144e-05,6.939765832427568e-05,7.997849672356933e-05,2.8924241289775862e-05,5.479102835480838e-05,-2.2573230244985718e-05,7.807030498643833e-05,0.00010314408859223045,-0.00032457999431409544
2021-09-09,8.900621471961817e-06,3.5928372395894604e-05,0.00013728383503804165,-0.00010070737389853427,-3.325429761273265e-05,5.672732307707158e-05,0.00021560475386109352,0.0001362891812904939,0.00012410680868157507,-1.0100388961673798e-06,0.0005415832497803847,0.0004616912446315595,0.00027866178965405973,0.0011131244749163765,0.00032287826971595944,0.0002405096111724734,1.047452261554527e-05,6.653206368175027e-05,8.211589101272048e-05,-0.00036781594587943615,-0.00044728713049282845,1.8333938513705694e-05,2.9412619927703575e-05,0.00010634315148544248,0.0004540241937438412
2021-09-10,-3.4435129060798945e-05,-1.103586343163935e-05,4.0626851385543826e-05,-2.7722587001525922e-05,2.85526464959844e-06,5.1549897134225094e-05,7.490909532470753e-05,-4.4812191370527095e-05,-0.0009619071650703488,7.320089460284608e-05,0.00039826850521528423,-0.00015980000015096603,0.0001545156471160065,4.884556717429239e-05,0.00031062218876800034,0.0002489173221838477,-1.2158089964414608e-05,1.4345168702875833e-05,-3.981385675192683e-05,-0.00014542514508897997,4.509139348894132e-05,3.621647630744887e-05,4.478682427869023e-05,3.0222371517962427e-05,0.0003674583410564684
2021-09-13,2.4783715748174487e-05,4.9546973191629425e-05,0.00010916938052464074,1.84207641623089e-05,5.526351233578111e-06,5.723051729980268e-05,0.00023815381307660524,0.000253575124896563,0.00021800573240819067,8.283040035836372e-05,0.00036871110081852993,0.0004127139614543984,-0.00010153957896322425,0.0005820146680744024,-0.0004913990715173029,0.00015315202574402073,6.71318458619081e-05,-6.409771770807993e-05,-0.00015495439251880493,3.638387042706395e-05,4.1127184565441036e-05,-7.753508731317784e-05,2.1764030514021984e-05,0.00010543388768995265,0.0004313134264126583
2021-09-14,1.9049118016961418e-06,4.1234320855245075e-05,-2.169532613667115e-05,-8.83735835877358e-05,2.5669888702224425e-06,2.7833566797285758e-05,0.00019977393852449435,0.000442771231380669,0.00011846618235644174,9.06912034166841e-06,0.00057145796816529,0.0004737247491060299,0.00016163885762762327,0.0007392395529278634,0.00013950103470116668,-0.00017275002066516852,3.093548783593744e-05,-0.00011022022758715774,-0.00020373126286959492,8.094530731691031e-05,5.31594421722424e-05,3.9905504173339286e-05,2.8108447310379874e-05,-7.140935624969655e-05,0.000361915683345727
2021-09-15,-3.6579238068464685e-05,-5.754199796763484e-06,6.614201275370668e-05,3.899560899589471e-05,8.345523532428481e-06,2.560653468084263e-05,0.00019858183804382238,-0.000317364223924724,0.00017820977963172458,-0.00018089616534289383,0.0005581600069162335,0.000246704155134884,0.00021431626088263937,0.0004453577993615136,-0.0009901835129679484,-7.500211802415518e-05,5.9445912596804885e-05,-1.2108212908713568e-05,6.848654934159303e-05,7.25667790791419e-05,7.570641644542758e-05,3.719275286363397e-05,5.3675941211841664e-05,1.1158885459276583e-05,0.00036644847432590826
2021-09-16,3.3575535878141804e-05,5.163466799360175e-05,0.00014632080596352535,3.0595703487766644e-05,7.82959981197284e-06,-0.0004637753406588879,-0.0012349325198341141,0.0004824378831639834,0.00020526785431981584,0.00010748016762220204,0.0005515387181599625,0.00037846745229727874,0.0002067104699710191,0.00047247352047264654,0.000279691829248923,0.00010875685395044844,-4.616512476773643e-05,7.533459198247035e-05,0.00011636081094173612,8.241168154532798e-05,8.469657059281372e-05,-9.41741840671129e-06,4.222908944680431e-05,9.729489459997623e-05,0.0002903399745184289
2021-09-17,-6.195948647302909e-05,-9.406607280181792e-05,0.00013693194868873233,2.965402390825162e-05,4.8206852309094985e-06,8.682176708074144e-05,-0.0003175350623272179,0.00042059023472146236,-0.00013700892336375854,-0.00020488336489164717,0.0002980751005028728,0.0003198963696249188,-0.00035150328733301624,0.0006373487115575612,0.00035516097645480697,-0.00016294920568277595,6.482330821792088e-05,6.118057266804702e-05,0.000101734237416551,2.421956701747455e-06,7.356595732510063e-05,3.9337707800879084e-05,4.952802555552625e-05,0.00011402827338419213,-0.00016976663065273887
2021-09-20,-0.00025025865857936373,-0.00038546251909572354,-0.0004445952628726068,-9.842990341799657e-05,3.674798287176372e-07,3.876605957121843e-05,0.000249976833676109,0.00023653519296288464,-0.0002780763870260462,-0.000228650221437218,-0.000813882335971435,-0.0012833154411428284,-0.0017586250923729602,-0.0006230227065338494,-0.0005719732488140107,-0.0018864357442304018,1.6302235184515465e-06,-0.0004766101306669452,-0.0008193676049952539,4.537553837521429e-05,4.043057591752937e-05,-6.650095714690082e-05,-0.0001438783418829085,-0.0006082899961403336,-0.00024451725116058666
2021-09-21,4.693518019408798e-05,7.158656244430637e-05,0.00015596486655225226,5.81222391940351e-05,1.0197180181205104e-05,4.75643763559736e-05,0.00015258460829313728,0.0004447534352364426,0.0002016862772941017,0.00011610532493361729,0.00047597092307896573,0.00016599947783860344,0.00029853054914842604,0.0006613697482806643,0.00039921857468098147,0.00025672019145910714,5.735421379700066e-06,9.953405175264872e-05,0.0001509697147158007,8.34909720192411e-05,5.2437694936330716e-05,3.112399087692495e-05,5.1972117333130526e-05,-0.0016624021231523662,0.00014346064034557462
2021-09-22,-4.98000560652098e-05,-1.9075462686052926e-05,-9.472994601817869e-05,2.3514434222459955e-05,2.3662558965332274e-06,8.01540113345394e-05,0.0002517255003976922,7.072934584467089e-05,-7.150700120109915e-05,-7.81115159097524e-05,-0.0006561895284300198,4.247237893068034e-05,0.00029225946490341195,0.00046108884735970005,-0.0005175854496971256,0.00022160395880058392,-0.0002256030402819889,-0.0001752504871571192,-0.000209385157500576,-1.1493357510240833e-05,5.8083434341891825e-05,2.190696474819216e-05,4.636131756468926e-05,3.380328347600214e-05,7.50860739660722e-05
2021-09-23,-0.0001004505645416558,-2.432614598416199e-05,-0.00017124494334287582,-0.0004616119738774768,-3.742301642351939e-05,-4.798243694161054e-05,0.00025846884268996385,-6.123097594603699e-05,0.0001732304116295909,8.23230356388766e-05,-0.00031289936215671445,0.0002593719750058826,0.00020306220989529627,0.00034039100230813144,-0.0008046643757236903,-0.0004728777402622893,1.883656389805258e-05,-0.00047605162862218134,-0.0009436815635124974,8.344131989328577e-05,3.913070461989865e-05,1.599063823617985e-05,4.9272873492447995e-05,1.9821082434862402e-05,-5.014961391160936e-05
2021-09-24,5.053769085503024e-05,6.326013891262999e-05,0.00012483998640198512,-1.0399423276351774e-05,8.30818852494771e-06,9.261469706140768e-05,0.00017694617416773016,0.00013720248727531093,0.00022013380648159983,9.070733682684285e-05,-1.4121168105023577e-05,-0.0004734851924670934,-4.257521828164064e-05,9.303230323951699e-05,0.0003749709890589738,0.00028999876455922043,-0.00016287586639193995,0.00011344505317340281,8.818171139900191e-05,-2.9113435882556263e-05,5.499693148565789e-05,1.0306478381999967e-05,3.59040311460005e-05,0.00024963965624099087,0.00023130919389663114
2021-09-27,4.4945736600178054e-05,-1.1569669744781509e-07,-7.870548863536789e-05,7.397645665279038e-05,1.2531294294707604e-05,8.73767692753837e-05,0.00015237897759341724,-0.0002240980573706974,0.00010411657661857594,-0.00021367482652382327,-6.300619845931024e-05,-0.00016608327447919396,0.0003252209719766946,0.0007026103286914063,-0.0007899494912413214,2.8556791165939676e-05,-3.415939097633172e-05,-4.764064922742621e-05,-0.00036594317718841474,-9.061581683459165e-05,9.51705507877723e-06,-0.0001451807273323328,2.5906906479609954e-06,8.89257450401156e-05,-0.00024586256051766626
2021-09-28,-0.00036274590049667824,-0.0007586004440255925,-0.0003742188562021412,-0.000158633238341005,-0.00010245265972072544,-3.4654193732019858e-06,0.00021567498996261477,0.00013650401113037767,-0.00035917223154424374,-0.0012572733756264223,-0.0017339811792037125,9.004740449099398e-06,-0.0015090629102257462,0.0005400404204953723,0.00047346338058276054,0.0002770102122517741,7.652975611899696e-05,-0.00013384554278737083,0.00020480816013691952,5.6663762645011416e-05,5.876364112274261e-05,-1.7556823321487863e-05,-0.00011327166112177459,-0.00019429182863900385,-0.003751483705558424
2021-09-29,6.721262184718313e-05,0.00010272000739459812,0.00013716496254888226,9.583384438658142e-05,1.738189180552197e-05,6.451857330604147e-05,-0.0014096569365567434,0.00022236763462362704,0.00020830482632054243,0.00017388000879622117,0.00032493314458760243,0.0002995892993124283,-9.44951283679687e-05,0.00015711656591613948,0.0004478396506010342,0.00010089908675762533,6.083689547905638e-05,0.00014874104124795452,0.00023149510111698655,4.3587451403893e-05,8.836436121379517e-06,-5.937175748934407e-05,4.642091998628931e-05,0.0001455183140060567,0.00026976848626339596
2021-09-30,-8.208704153150221e-05,8.518895821455071e-05,5.229741685474872e-05,9.861398358471773e-05,1.0373265973316502e-05,-0.00023276607887547522,-0.00045127840720123903,0.00020241519965822307,0.00011565439638600647,0.00011384829849433084,0.0003137415197301684,0.00022995777534796515,0.0003513105344370796,0.000476155344017863,0.00020787637293446352,-0.000626871434123423,-0.00013239963514642786,-0.0001132186022002425,2.9853512222829866e-05,-0.00018060880180130766,-0.00017404083907338213,-0.00020059860781699096,-1.4309314695069721e-05,-0.00015774995376683688,-0.0002182219483597585
2021-10-01,-6.226244244115143e-05,6.121735054746781e-05,-0.00011061025240669445,2.5853618103403677e-05,-3.5074319277178484e-05,9.677765451414531e-05,0.00015935152058305096,4.641924252084351e-05,0.0001385341521057087,-0.0004633958308280477,0.0004008018216015894,0.0002866581375120283,0.0003729285366911025,0.0003088436957977509,-0.0006415201094529617,0.00018995373239821917,4.18311593649812e-05,-0.00011644329724455849,-0.00020488420031377155,-8.63952757623279e-05,3.737149327603453e-05,5.7949289261286355e-05,-0.0002383671149216709,-0.001286919503486288,0.0004251411165631546
2021-10-04,-8.354378292845632e-05,-0.0003486017575724038,7.388230971626627e-05,9.327618746256037e-05,1.743846098277136e-05,8.033492298296696e-05,0.00033915524397017945,-0.0002905319901353848,-0.0004141394295496977,-0.00023465099209824642,-0.0020897917810650856,0.00022078920137104255,-0.0009314230080282965,0.0004772868818130066,0.0002353490448375963,0.00029848235798187215,7.446500733071524e-05,8.944688164182965e-05,0.00025007809504479933,0.00010791205237177511,1.871353235968202e-05,2.272941751857081e-05,-3.252971808986635e-05,0.00014937407933299148,9.930411395160459e-06
2021-10-05,-1.3508596210208448e-05,-5.3778705131970946e-05,0.00014729963121012262,4.933796606816361e-06,3.0867169419137757e-06,8.114180609732936e-05,0.00037940874863562866,-0.0001936969667256094,3.983823262460848e-05,-0.00016302119439717393,-0.0007425639914220276,0.0002883632519602407,0.00017333373164293164,-0.0015697309836292823,0.00044421670694808833,0.0003101290339278654,7.660524087990131e-05,-0.00020706429827571331,-1.2264432442185688e-05,5.881889513057893e-05,7.556640230530981e-05,4.159803043340023e-05,2.2033396543379524e-05,0.0003260443033763051,0.0002523505593461817
2021-10-06,8.230101124997199e-05,9.455198576667967e-05,0.0001314225724059163,6.802528259323924e-05,2.0249756344970397e-05,9.079527575394182e-05,0.0003252184813305656,-0.0004606084667751896,0.00020782562480777252,2.5277282878201774e-05,0.00044066373558027924,0.0002821133077940497,0.00041441194458901795,-0.0011820967907708716,0.0003660452348679944,0.0003078569243826809,6.0730403421362576e-05,0.00018575127131227617,0.0002579442077125863,1.8552660769034277e-05,7.665623667095641e-05,-0.00011838962383516115,1.2729684628172079e-05,0.000346167888074881,0.00015571903830317505
2021-10-07,2.5637836737516865e-05,5.4057369820398264e-05,-7.65942517372036e-05,-1.3043545149082523e-05,-6.553785783623468e-07,4.8953527819669784e-05,0.0003062933526359323,-0.00019342440506066972,0.00015479283937261916,0.00022549516487970514,0.0002693356914337003,6.318802216382903e-05,-8.631834203341862e-05,0.0005525583069707655,0.0004234358519214815,-8.907378471004982e-05,5.781710106799089e-05,0.00014958007645520584,0.00022274452638415036,9.96779652956833e-05,-1.1536958622560353e-05,2.7909201805365096e-06,-7.789716565863423e-05,0.00019444877629990937,-0.00022790147164668934
2021-10-08,0.00010038721575987553,0.00011638357954325124,0.00010668878620829862,5.167879652320762e-05,-1.6860542720059267e-06,7.789590448071754e-05,0.0002965663867950009,0.00030209221649450896,0.00022800511724435573,0.00026244526374395103,0.0004624255187527013,0.0001575840954621416,0.000149925845458959,0.000327498196740252,-0.00044334390818907696,0.0003240706982620496,5.180199851233162e-05,0.00016266947699128563,0.0002630723949099033,1.6000755666686176e-05,6.526558062076876e-05,4.942032215632711e-05,5.739743570957701e-05,0.0003316382335462344,0.0003122392340230486
2021-10-11,5.009744546191688e-05,8.281477970479625e-05,0.00013381012479584368,8.933246794659645e-05,1.4875538413132391e-05,7.345104304390457e-05,0.00029027768013061434,0.00012783533345390525,0.00023296393464682024,0.00025263805632325624,0.0005596651783848348,0.0002021741535083619,0.00047698882557308886,-0.0005719960440354274,0.0005128631790654852,0.00019444747810243494,-5.9494939753263485e-06,8.643743349676507e-05,-0.00018916344655074262,8.146643905636178e-05,2.63604570240714e-05,4.938685578918678e-05,6.335486888981117e-05,2.4234417753233575e-05,0.00048132674927883155
2021-10-12,9.628002879655152e-05,0.00012995229018106488,0.00013336353033798024,-0.00019565287493835749,-2.2286123341156492e-05,5.551928896215446e-05,0.0002876055407750952,0.0002709899365164345,8.770438502793258e-05,0.000234684932527443,0.0005936158688241972,-5.891692450559166e-05,0.00029970976254700503,-0.00027412404194991614,0.0005266569626001981,9.783239060269305e-05,7.396732439848556e-05,0.0001801641475530467,0.0002206203682689365,-9.303403146445047e-05,-0.0002164139654508464,6.535831365883204e-05,6.239281441626206e-05,0.00037063958331488687,0.00047896323160888295
2021-10-13,8.943163648304989e-05,7.918385165533929e-05,0.00014088765531593804,1.1912908281998594e-05,-5.359757143864082e-06,-0.00023478331717928405,-6.47422558148423e-05,0.0002613494106607744,0.00015703039329197844,0.00012040263988665365,0.0004174102120360069,0.0002064675745915697,0.00024685784120871766,0.0004407413333523374,0.0004829531031575323,0.0003231920189505584,-1.9467876216608203e-05,0.00015046419180381795,-0.0004442657352507283,3.048784397903362e-05,-3.6416807722437544e-05,5.6011836930355e-05,8.939482651613633e-06,0.0003738262935044393,-0.0009896089315248194
2021-10-14,-0.00017681760483166333,-0.00018719102298908673,-6.115094592761534e-05,8.901078415721237e-05,-1.2979869995761358e-06,8.511600572602799e-05,-0.0001631378589060957,0.00012911192386317916,-0.00022993607688243968,-0.0002037280687343508,-0.000838557459900348,0.00017364036602009485,0.00012515048745314488,-0.0021710251013387,0.0003241236818814226,-0.00045944000964494346,8.588822342181863e-05,-9.967801556119528e-05,6.0047870383117714e-05,-6.0525268683531676e-05,2.488738307426876e-05,-6.479575492397345e-05,-5.303773520486804e-05,0.000294343014655081,-8.771030963777165e-05
2021-10-15,5.531754825069258e-05,0.00012162731188325499,0.0001529779079739698,6.869978938472363e-05,9.225177849098418e-06,-0.0001671369352176487,0.00023493487362796485,0.00019146347708677518,0.0001349029599173049,0.0002455825108720578,0.0006404693778675164,-0.0006405803028829934,0.000489753703547761,-0.005133063072342061,0.00038266422089729694,-0.00020881910251442334,-8.784752118667073e-06,-3.356669934229142e-05,-6.0072100956677144e-05,9.268228145529058e-05,3.5518949076044013e-06,6.161253823972138e-05,4.589600820558494e-05,0.0002247336556191184,0.000601830516596932
2021-10-18,0.00010715745319204848,6.309744546633058e-05,0.0001630705607673505,8.167786566888065e-05,2.207700171203137e-05,6.86856415646735e-05,0.00024747842841554114,0.00021792656162263852,5.608573523246615e-05,0.0001684236625006267,0.0004024720341140468,-0.0007068788694356643,0.00037608869555250856,-0.0009770933788459393,0.00040033655144850356,0.00036720930320225954,8.282649661279793e-05,0.00019658967367280601,0.0003216082492346229,8.681423251564554e-05,7.393820957686152e-06,-0.00014457005254186805,5.979618743307355e-06,-0.0005702095331117403,-0.0008214614874854989
2021-10-19,5.206149395650604e-05,0.00010408319068375225,0.00014944730625954315,-8.947084917251718e-05,-7.713768953731607e-06,6.47561105306259e-05,-0.00010652998592395482,0.00016182818310759076,-4.141629630966575e-05,0.0002490025776014483,0.0006613638066756698,0.0003015567373579478,5.738587521505762e-07,-0.0005890269375686957,0.00027086072842748244,0.00014632276518464712,-0.0001862915924284094,9.910548726212464e-05,0.00017603917736247628,8.895426730632886e-05,-0.0004721075780371307,-6.369968616560409e-05,-0.0003685550212706349,0.0004181391308970806,0.0006513783064108284
2021-10-20,8.351242476155593e-05,0.00013845353144997788,8.856240702269274e-05,5.986069547872214e-05,1.780257527243253e-05,-3.29989885517601e-06,-0.0005811472895512923,7.186717596002683e-05,0.00015808333459646316,0.00023249621786425428,0.0005268822838756273,0.000261385453012161,0.00032194870659063644,0.00025983027272500334,0.00028697760819554915,3.7119041322093704e-05,9.759505756935564e-05,0.00010688279993567163,9.983525849366207e-05,-0.0001569301935363006,9.106712209718031e-05,6.417743396477952e-05,5.846938089256487e-06,0.0003651343858757539,0.0006237100815992876
2021-10-21,9.28837378141954e-05,0.00010310357978247431,0.0001281598934774995,0.00010678501504694516,1.947498859581954e-05,7.378098774590333e-05,0.00022248247432368528,7.564821564950538e-05,0.0001671500492022729,0.00012235278940261229,-9.204735494308029e-05,-0.0007712378970646402,0.00031321785955456264,-0.0011280023749605222,7.99728201354591e-06,0.0001727480356209577,6.565001780427164e-05,0.00015611273866770103,0.0002265430551617431,9.856906292044297e-05,8.49359882718088e-05,2.7940763632078985e-05,6.0712569865497134e-05,0.0002589812259925312,-6.779624107194253e-06
2021-10-22,9.380606507626715e-05,6.627000197737725e-05,0.00011635981862709401,-1.3619201162220094e-05,7.688846882822704e-06,3.667757446390343e-05,0.00021587312203218912,0.00010189364433406148,0.0001260273571201005,0.00021072042440986992,0.0005784859185564198,-5.509146823733785e-06,0.00011902168805805684,0.0012670175816820238,0.00023621343239074163,0.0002731158253186145,6.579186715463306e-05,-3.272822803492497e-05,9.369802668947195e-05,7.346948061450564e-05,8.606772206403744e-05,-3.234492567060682e-05,-1.4780448158604578e-05,0.00014318457375362952,0.000620400980360008
2021-10-25,5.834445352518812e-05,3.299283244202598e-05,1.606604885266877e-05,8.197536193899161e-05,2.1846672778533063e-05,2.1040693497336348e-05,0.00021262031704138545,0.00019457329358921286,0.0001530765137452671,0.00022710064089784564,0.0001806324958541151,-0.01389995825210132,-0.0007628861655883882,-0.004969257877663795,5.169829094836233e-05,0.00017648977035044137,5.7803781987960675e-05,0.00013688182464314925,0.0001974682943444188,8.616840034505875e-05,8.353081490424576e-05,8.766703653304978e-05,-3.4326811776256305e-05,3.485191463821507e-05,0.00018259816747187547
2021-10-26,8.756273361432766e-05,0.0001324961917262535,5.182744837406179e-05,1.1343617576398864e-05,3.3489830869407066e-06,1.5866596206567135e-05,2.076080571956516e-05,8.944231691434271e-05,0.00013234194035952258,0.00019778849449673402,-0.0036489915690261616,0.00101139925611788,0.00040482467232928906,0.0012139877118075688,0.0002390184386094671,7.609254681210568e-05,-0.015708700056441795,0.00013642754701798953,0.0002083828135250782,8.317203433616886e-05,-1.4432688318740818e-05,-0.00011218725465804674,2.8541594693564585e-05,0.0002774992949385694,0.0006245286644239814
2021-10-27,6.82537535706476e-05,0.00013402599751104408,-0.00024480026417612714,-0.000242999228181509,-1.409214010451985e-05,6.694347416564582e-05,0.00028509575995975135,-0.0005366756305971093,0.00013821662176211985,-0.0014772825064896205,0.0006433783472884368,0.0006702855429307948,-1.0104248817758643e-05,0.000970899651087167,-0.0006434711914572576,-8.004461299233949e-05,0.0009161345535830549,-0.00014988529388685728,-0.0002582587421614416,8.543199125148285e-06,-5.8022429288693915e-05,3.6521275222877954e-05,3.95384214198117e-05,5.6065533965389644e-05,0.0005925522042895961
2021-10-28,-2.586295574287348e-05,-2.740001429414676e-05,-0.0003002916872256408,7.493528924591109e-05,1.627623160172283e-05,6.890992499827787e-05,0.00029460623630673817,0.00014353647348517573,-0.0004923926230987613,0.00022981925048178094,0.0002603825808539132,-0.00034306136860686267,-0.0003048724011563462,0.0010532237988906865,0.00020257961380165123,-0.0013313014571168231,0.0009226780178737119,-2.1792050829845132e-05,-1.643516315512773e-05,-0.00011013273622502589,6.901596930831088e-05,5.183377332219668e-05,6.403722838174315e-05,0.00025504781794237225,0.0003177189905538999
2021-10-29,6.713741131255086e-05,7.702646626724755e-05,0.00011063913015841941,7.758251480599456e-05,1.8361139225195035e-05,-5.151723589761966e-06,0.00013860682880502347,0.00020509221355247893,-0.0001877050695048357,-0.00024766426369319345,5.68459384919116e-05,-3.4444307452207584e-05,0.0003496366711856783,0.0016205383997833218,0.00021250649888857206,0.00032801452424133254,0.0009152365719004821,0.00011934768340545241,0.00021203063476171966,-3.788141830562718e-05,9.731206571153488e-05,7.9170613219827e-05,6.236880673890902e-05,0.0002365452369279582,0.00034029092633002157
2021-11-01,6.0235472881855515e-05,9.00325149074213e-05,-0.0005487556434423267,3.519408584344412e-05,1.5077307523204057e-05,2.7354437744223213e-05,0.00012470245113632643,0.00018012235274039942,0.00012997165236628048,0.00022127687827143796,0.0005975473751199392,-0.0054785448577273806,-0.0006078324625569411,0.00035021202705314025,-4.612079067997345e-05,0.00023320178851431736,0.0008937469366256975,0.00012192048685914225,0.00020950419516637002,5.73733989534323e-05,8.348138195224679e-05,6.454131487850117e-05,9.785371842520045e-05,0.000183538230756663,-0.0012917605901440511
2021-11-02,3.942699431091428e-05,8.281372144609475e-05,0.00012329173999407617,6.680819908993303e-05,9.260649326727752e-07,5.104658107355332e-05,-0.0002270398329131175,0.00021686069286784324,0.00010945911272544538,0.00010667930355727452,0.0002222541105478258,0.0005818509056183138,0.0001476392183727993,0.0014144374193036852,0.00011242316163990176,0.00020110212856012732,0.0007112997835232507,0.0001013293789793218,0.00017060535207004784,4.989597416257096e-05,-0.00016264721386754713,-2.7384921664326382e-05,8.852218011120136e-05,0.00013900050086979374,9.792831640743178e-05
2021-11-03,1.0325544206877926e-05,-3.497507531892537e-05,-0.00019043457188304297,-2.0759655186791115e-05,9.724891178486137e-06,-1.4989772404561794e-05,0.00017235286876256186,-0.0013179448899735442,3.341950584314225e-05,0.0002117698348747923,0.0005401709440720281,0.0003435580844395477,0.00020047671434566397,0.0011240670903463813,0.00012300138257789053,-2.8224477835321257e-05,0.0006833556904803659,8.993555324470574e-05,0.00018677474468474235,6.227702105281773e-05,8.179208346427262e-05,2.7447960550028802e-05,7.421168201819279e-05,0.00012990258416743623,-5.048045073069348e-05
2021-11-04,2.14313540980002e-05,-8.943097436961418e-05,0.00013973530853870163,-2.1435883965967374e-05,-1.184529385217293e-05,-6.981305023650783e-05,9.688905508689783e-05,0.000189282036660632,0.00011060104512985007,0.00014457920727012298,-0.0124007052059515,0.0014699434091067231,0.00034558145692737123,0.001597070770288061,0.0001922712733835584,0.0002900000143825882,0.000774823357326164,-8.939270475882208e-05,-2.301292469584484e-06,-1.966698592244515e-05,8.456283151124826e-05,7.263195244150957e-05,2.8542586344995566e-05,0.00012841264558386163,-0.0022357933163347082
2021-11-05,3.180726058782298e-05,7.853632530138499e-05,-4.584296101394259e-05,-0.00012823019825393753,-3.60620002925937e-05,-0.00010450336120544153,-7.30851822260381e-05,-0.0006441971807244313,0.00010860627817492508,0.00018694304863308767,0.0012256078408190965,0.0016108344884969042,5.6230076846845993e-05,0.0010290112964789547,2.0287589688467643e-05,0.00016432000497353515,0.0007669625403324297,9.305201540582977e-05,0.00017982470980584307,4.551909553655932e-05,4.165796296591501e-05,4.222408284537308e-05,3.329320173318025e-05,-0.0008284820221414788,0.0005294115961381383
2021-11-08,3.967375943975241e-05,7.309030805396913e-05,0.00012607425016673393,9.463442988947294e-05,1.3687093135349669e-05,5.8774911627268754e-05,1.145656031901492e-05,0.0001414505081201114,8.661421444498333e-05,0.00017873529554358932,3.3641459839086132e-06,-0.0008179253897273909,0.00024906290607503356,-0.000860087755904775,0.00011212210554326492,-0.0013138148883594552,0.0009130495179531484,6.132874297834511e-05,0.00014388579447745288,7.193694200117972e-05,7.920656969836414e-05,8.383040298926154e-06,3.5862877521545876e-05,0.0001226940589811993,-0.008755911620168215
2021-11-09,2.9298548031812127e-05,2.595028046678148e-05,9.907548422610697e-05,-7.164875337564353e-05,1.0966969580082911e-05,4.815527492674404e-05,0.00017044382758768425,2.514294212176306e-06,0.00011287027238779202,0.00017723654072927694,0.0012466249909178638,-0.014540870328564938,-0.0002206765271941721,0.0015502173785736876,0.00013164673427503104,-7.786322676128549e-05,0.0008310231502901611,6.166976831278357e-05,0.00012396233673469563,6.473101554611438e-05,8.638490997732985e-05,5.74485172561273e-05,6.662200330618322e-05,7.325092147585286e-05,0.0009981895065917243
2021-11-10,-2.7276476726951448e-05,-0.00014619176120278646,-0.00011916200300733117,-0.0002360242375247067,-8.745518647122141e-05,-4.3195012959070566e-05,-2.475474825194455e-05,-0.000593362259671884,-0.0002551893154414906,-5.15863949312187e-05,-0.0003205264714031353,0.0008546809768072196,-0.0008092359540661891,-0.005463224590091735,-0.0005689169542775547,0.00014983673018009557,0.0009425878928206246,8.478065339573458e-05,0.00015923734931747065,4.5963404150459904e-05,-2.5470957931174527e-05,-2.959900763444932e-05,-2.6345102805924546e-06,0.00014596413801789927,-0.0028607736540385963
2021-11-11,4.110424336559713e-05,7.669609453224293e-05,8.104931028996e-05,0.00010515139797342502,1.3750122861397777e-05,4.75185799744727e-05,-0.0002198666287056878,0.00028287654940688717,0.00013502251498368766,0.00017482107194047127,0.00038726334183740235,0.0027273423998038083,0.00035297375683733,0.0013837892582524245,0.0001730380515748465,0.00029619918216029073,0.0009181243810121874,7.992352605031946e-05,0.00015693771809529506,5.6742033857859e-05,2.805927298834506e-05,6.311374310370698e-05,8.358926094358365e-05,-0.005221400138021481,-0.0005610996380628938
2021-11-12,-1.6021498351287654e-05,-2.827104461362043e-05,0.00014657781997388597,8.297164557940329e-05,1.9818488375399074e-05,5.9815012503504955e-05,0.00020660615724937665,0.0002678619677167294,-6.848292190543386e-05,2.8464906210050187e-05,0.0013992784052827595,0.0019194915305599139,0.0002948777878603155,0.001580634450542353,0.0001824895266842123,0.00036685266344523454,0.0008524480439415387,8.106120773234282e-05,9.772642345163551e-05,5.617286016019285e-05,-6.0578368354674835e-05,7.028270148977923e-05,5.590779993343294e-05,0.00021773906798297198,0.0011409443759852133
2021-11-15,2.8249220071945937e-05,6.901006655679352e-05,0.00011997935072720166,-5.702848415039748e-05,-3.8370752773242206e-05,6.087034939760109e-05,0.0001305149620764107,0.0002773339757544633,0.00012328967179792366,0.00017283515259179319,0.0011749520995426453,0.002400943517954699,0.00030972063683546645,0.0017806951149112803,0.00011162270295034597,0.0002807736826490055,0.0009155413792475464,7.132710582820239e-05,0.0001030126719993867,-2.2756745797238552e-07,4.4254159176276625e-06,3.1956765610369614e-05,4.2583792769436335e-05,0.00040767122193754426,0.0011872420457550953
2021-11-16,9.618049121306332e-06,1.6554476774227104e-05,0.00013270181594828335,0.00010305028890192865,1.9457255334038208e-05,-3.363879000395943e-06,4.074081785975184e-05,0.00027274285456027495,7.60775248797586e-05,7.179271214828779e-05,0.0012924700109956722,0.0011578485639302139,0.00024108966999447488,0.0014236136446659944,0.00018066969932690167,0.00018685773176190204,0.0009392896282290432,5.835646462803283e-05,3.4321661567610175e-05,7.391172821193253e-06,6.10393282410333e-05,6.401921998767484e-05,-0.0005885984460546024,0.00045389053270693036,-0.00030777834629312165
2021-11-17,1.9681749098830533e-05,6.390069571039391e-05,-3.75391807536396e-05,4.637996418130806e-05,6.2375822968880195e-06,-3.083676248638435e-05,0.00011186094053183429,-0.00018805867191302864,-0.0001524032345173396,0.00017516788073992492,0.0003107375229069989,0.0017663568091055668,3.189953793274327e-05,0.001246229151323,-5.4962580648104745e-05,0.0001704245205811858,0.000919337048920233,-7.364621497407701e-05,6.033159706075699e-05,4.3852927494150235e-05,7.272860081900479e-05,5.426347853941828e-05,3.486020394965496e-05,0.00031923627466380676,0.0012383639603301532
2021-11-18,1.1190284773886792e-05,-4.517333728835596e-05,0.00012697270551937525,8.744713911890874e-05,1.6449722681922258e-05,4.5529824041827e-05,9.777527124107107e-05,0.0002007516811888035,-0.0006741692754670909,0.00013520123615299998,-0.004914879091759231,0.0027973916410707882,-0.0002587689828850303,-0.0033694504786155707,0.00015376053331739688,0.00025069678010486836,0.0009281509420286958,3.58328791899131e-05,7.90542736876127e-06,5.390703940105082e-05,2.895132264344818e-05,4.692019156637519e-05,1.5932727473752078e-05,0.0002890939835635039,0.0007174389414530982
2021-11-19,1.9270788065805802e-05,3.589158713198674e-05,5.982471827324549e-05,-1.051242468484939e-05,7.372511021593912e-06,-6.658587046202173e-06,5.53078298931323e-05,-0.0007514438451874639,-0.00012315660454827643,0.00014802828837479255,6.712462370247032e-05,0.0015179036543603512,0.00037968200755167836,0.0007870602508758169,-0.0013967356664115042,0.00027729148298310635,0.0009247165657199712,-6.080075559287613e-05,-9.549298247203778e-05,5.496212191697857e-06,5.0663010637701304e-05,4.193986135390388e-05,5.96562356528325e-05,0.00031612520853576445,0.0013199319726507441
2021-11-22,1.4329971572124493e-05,-6.988371114380158e-05,0.0001296695494187405,-3.3434948658192995e-05,-5.457766880895206e-05,-0.0004587435696274023,-0.00018990909714846724,0.00019299626239789044,0.00016707225242790908,7.982415102353623e-05,0.0007570369391488078,0.002563306292238344,-0.0014325955118700232,-0.0013245868660611997,-5.3925960098083416e-05,0.00020403266455120648,0.0008204291225327841,-0.0001310067882910202,-0.00036133593046612506,1.791605584292316e-05,-0.0001156019756575042,-7.801578480562093e-07,-0.0001884100271454303,0.00042377233791372906,0.0009401599422713071
2021-11-23,2.0897955949984512e-05,4.9168768783916655e-05,0.00014554838398300624,-0.0001053094024382411,-2.5749460976486933e-05,6.044086143107077e-06,-0.00020519321171374896,-0.0006523366346773297,0.0001686943953962497,0.0001354024642100162,0.0017728937939020769,0.0010778467899523992,-6.674926913096519e-05,0.0015742407768725645,-0.0006487604225893613,9.226665099421668e-05,0.0009314721846241825,-0.00017662042485036496,-0.0004603570041446587,-2.227017528763751e-05,3.11537172331145e-05,-8.215013479386099e-05,4.768965889602833e-05,-2.8077935389633963e-06,0.0010152558821858281
2021-11-24,1.407484351647962e-05,5.516365298588424e-05,0.0001426356317646323,-0.0001354015746553924,5.148375988506953e-06,8.2180861438985e-05,0.00013509251324742483,0.0003699086180383912,0.00016411376623277324,0.0001768173192376838,0.0009684239300944422,0.0021415004751214445,0.00017071546978538957,0.0010299986975871053,0.00021166863274226332,0.0002386642512603936,0.0009090795599548217,7.321220061747737e-05,6.531870756515274e-05,-9.955715639325575e-05,6.330692369171552e-05,1.8901328668050116e-05,6.847950245619791e-05,0.00042418773937156454,-0.001321186260689327
2021-11-26,-0.0004872221681751904,-0.0003008397708630673,-0.0013358568219850246,-0.0004942585566218975,-3.71378139140495e-05,7.751188435147651e-05,-0.00022113665016674402,-0.013670506150331805,-0.0008619837445156098,-0.00043291665992475144,0.0002820633958283464,0.00121888996088668,0.00043533137534933837,0.00036636429229022186,-0.001377008315077111,-0.0013852039964867293,6.163964363053408e-05,-0.0010592006956370234,-0.000805426903882964,-0.0007427300218430701,2.3591496801263978e-05,-2.769068564746487e-05,-3.608947795699134e-05,-3.680497612388868e-05,0.0010795495076449232
2021-11-29,-0.00010032926331173783,-0.00037567402496739794,0.0002023320605963883,7.96453760693452e-05,2.9534224113736828e-05,7.799012595310045e-05,8.019081412770492e-05,0.0010118298699354027,-0.00023770639755595868,-0.0003200475032909888,-0.0016549427857467567,-0.0002509944429286617,0.00044626360727136337,-0.0014363176142588561,0.0003222582400624213,0.00017733256597693387,4.881316789196641e-05,0.0001160722785088877,0.00013854889919093683,3.8192711538498324e-05,4.826278418356895e-05,-7.169019668559182e-05,-0.0001555292314026239,0.0004383570001020597,-0.0005468113230691085
2021-11-30,-0.0003346927253352087,-0.00011504002461589709,-0.00024279975622647592,-7.992794104769922e-05,2.513503343552287e-05,3.450535462189015e-05,0.00016057275991037184,-0.0009934001737461266,-0.0007437516502905056,-0.00018953612187631034,0.0013924339540182515,0.0022272464427527004,0.00027989180054171603,0.0011994138543259037,-0.00020808758967925549,0.00013021433071353698,-0.00016273528150080295,-0.0004678434479127035,-7.883839559112997e-05,-0.00028030765101683537,-0.0005266046458339977,-0.0008732341135709307,-9.407855932293451e-05,4.72950498017789e-05,0.0010807803058006716
2021-12-01,-5.243961711385824e-05,-0.00017991991780712653,-0.00031351280576420823,0.00012184890221852236,3.012161283506016e-05,6.264697058166273e-05,-0.00037358074336392026,0.0009106223737289251,0.0002470178887373132,0.00012693393718410357,0.00034299022200589657,0.00023885625653309464,-0.004401574141328173,-0.0031270199960042764,0.0002685669434030403,0.00021863676809883288,-0.00013834916378663856,2.54367103333678e-05,0.00012275044825977088,-0.00017832140897900244,-9.626750052294989e-05,-6.498747710856553e-05,-0.0005175854595154707,9.645544947844617e-05,-0.002037038216266213
2021-12-02,-0.00015205779902881155,7.84396269295662e-05,-0.0005601114195697753,0.00015732625210540085,2.453532191271105e-05,4.7043134611159625e-05,0.00017496396010836132,0.0005746346866443193,0.00021836466545023013,0.00012370995492190878,0.0014358419954693935,0.0018671921331267097,0.0006129829979771568,0.0004370940306847042,-0.00044814638713416393,-0.000434189458337207,5.101522480977857e-05,-0.0007082880207800247,-0.00027311931666504103,-0.0007621550830688347,6.202210322773831e-05,6.54353462279666e-05,-1.934182733024552e-06,-0.0007373491278489269,0.0015911599836852942
2021-12-03,1.437065008577941e-05,-0.00017582304333640307,-0.00019185181230137543,1.7212599984234235e-05,-3.945955656962043e-05,9.133724780157774e-06,0.00013041596092163248,0.0012638313533960388,0.0001163822233737082,-0.00027449625755623523,-0.00017412646938800062,-0.0024911169732353055,-0.0026361336365569293,-0.0031727249960409303,0.00034983277819354206,0.00032790482693379716,-1.4049932681198699e-05,-6.697890099197673e-05,-0.00015135084291181445,0.00014741676794259812,-0.00011919723224078729,-0.0002147524995261325,-6.700592196394491e-05,0.0005031918073001052,-0.0003627439575830402
2021-12-06,-4.5719703986946036e-05,7.893127760555652e-05,-0.00015025435822841064,-3.158179515339314e-05,7.100661233916315e-06,7.325995095970108e-05,0.000147605623854784,-0.0013783554045082144,-0.00019472604682434436,4.5283491305762194e-05,0.0015523102275022019,0.0020504617872156065,0.0005599292477495336,0.0017778938324509665,0.00019476001318520606,3.481128553700207e-05,-0.0002573590228320408,-1.2097023884492233e-05,6.311620513860535e-05,-0.00014372608256977925,-0.000386851679545394,-0.00011524711912141277,5.1959027191343126e-05,-0.00023311285427196746,0.0005483443639220968
2021-12-07,-0.00031988909865375526,-0.0007430293403972053,-0.0002593604257647429,9.835576345455456e-05,3.2585763356184965e-05,6.014304443457834e-05,0.00016815962211481824,0.0009111068964079856,-0.0009312964102246568,-0.0005539643602780517,-0.004525012970706878,0.0003565247799769465,-0.0020012435324456685,-0.00525671393258852,-0.00011094554796140871,0.00010532104594824333,8.027954767376117e-05,-9.368771673585918e-05,-2.403791679986446e-05,-3.454364360892692e-05,0.0001208273522320901,0.00011596471143147833,0.00016103785860926466,0.0005844156393315804,2.6459433962226775e-05
2021-12-08,0.00011458704001865203,0.0001654574248015689,0.0002387821280489574,-0.00014829201871258748,-1.4765554044971402e-05,6.386995770572383e-05,0.00017320407325893388,0.0010816421283944557,-0.0001597381999303179,0.00018172553476116781,0.0013074869289540895,0.0019061808857045687,7.427771096550281e-07,0.002216046832585509,0.0004445995919019339,0.0003603505800808844,4.520017950614881e-05,0.00020852924311346973,7.871749879895078e-05,0.00012851736912017353,8.926023963134102e-05,0.000101944614862086,6.632638391484935e-05,0.0002642312025259052,0.0017705203214882733
2021-12-09,7.603252141311252e-05,-3.336580387216533e-05,-0.0002376873077172765,0.00014105486408038834,3.135177401850213e-05,2.5894437466736853e-05,-0.00033251162534479945,0.0006125680383876925,0.000364996297608264,0.00014999347885303368,-0.0002285976437252158,-0.0019063212423251169,-0.002003603205960668,-0.00521816250440375,0.0003806368234049857,0.0002755743044328764,2.2586131059093926e-05,0.00023296161507460782,0.0002139987008279885,-2.948404421675705e-05,3.70854187887472e-05,8.606604767119312e-05,-1.7941391619159298e-05,0.0005466378699069304,-0.0012734513985827923
2021-12-10,3.605208835089943e-05,7.890020616576735e-05,0.0003062948132429071,0.00015887387345729515,3.0407617819185394e-05,4.647465912018564e-05,9.940255309038586e-05,0.000988426147306322,-0.00038931464958787305,-0.0005984236658149322,0.0016173597971076003,0.0012010849835235307,0.0008586314625164906,0.0015113556737442215,0.00038825313619777476,0.00024084010666474662,5.974354138673095e-05,0.00023469391615309546,0.00019741815178831343,0.00018464350684900435,0.00012484254729605297,-7.082045805805632e-05,-0.0001450309162809172,0.0005460922294333239,0.001392471904794718
2021-12-13,4.58997018517882e-05,-2.1579745236078934e-05,8.38386126217134e-05,-6.884552976967964e-05,5.643415538714024e-06,5.244974506539888e-05,0.00015986067454353892,0.0012180144655802494,-4.113817188425994e-05,0.00012741209773652754,-0.003249283256614405,-0.001323539355776662,0.0007615851283533789,0.001863200152020282,-0.00038741748444120523,0.00012050782239406752,7.042009794680544e-05,0.00011870782844906907,7.118389609493884e-05,0.00010608902039793121,-0.00018933800581411936,-7.267317523171817e-05,-0.0001225198343902366,0.00032140774340773013,-2.8593538609729668e-05
2021-12-14,8.173916228286873e-05,9.313100522541721e-05,0.00023415612917396142,0.00015235705051807854,6.311270737909858e-06,-3.065318116094999e-05,-4.8563884282308296e-05,0.0012517921657997572,0.00035429183935358963,-0.0008820155471266265,0.001803279431121058,0.0013573603090855629,0.0009505661592325055,0.0018358631880830251,0.00043168589041825894,0.00023817734503663366,7.286349556795608e-05,0.00020638613312821337,0.00016378658731794465,3.234617701709276e-05,2.1135337072814708e-05,0.00012356605190117894,0.00012336314332398444,0.00018649383769527432,0.0009753710785667957
2021-12-15,-0.00011145921691916639,-0.0003068154557552379,6.49002436719715e-05,6.381398675262708e-05,2.604753476486594e-05,4.371758960089133e-05,0.00015360132672025175,0.0011732587821381042,-0.00037855860312465686,-9.570372617409274e-05,-0.0033704845048001223,0.001056704823470507,0.0006315548670405359,0.0020557813967249164,0.00042560391621555594,0.00022117159227487114,5.56002304694045e-05,0.000235286616060711,0.00016778987239498254,1.2626779701307192e-05,0.0001130974248702439,0.000122921462951693,0.00018451756214838278,0.00018129828792022074,-0.004823001693437368
2021-12-16,6.361857082596187e-05,-0.0004495409226989819,-9.169868024210795e-05,0.00015352169645158157,2.458950763528008e-05,-8.167092868513874e-05,-0.0001645117748944615,0.0013463999164744452,-0.00114953759336187,-0.0005879714374217931,-0.0028414215965845897,-0.0012807969044950416,-0.0003394886631708418,0.0002081907648660117,0.000406961011078969,-7.431678321137379e-05,6.566293732176504e-05,8.758236406247776e-05,-1.3764334952776574e-05,0.00021495754440019777,1.663552763440693e-05,-6.106132608022202e-05,-6.550535555893076e-05,0.0001359769024333404,-0.0015637846730033938
2021-12-17,3.102233869084863e-05,0.00023851650485165704,0.0002645891720028717,2.6362245460648704e-05,1.8993391800598468e-05,6.336812053257365e-05,0.0001582319796061969,0.0009196735540133204,0.0004978128873611472,0.0003169750198497805,0.00195656510254322,0.0014014667063530536,-0.002003030405438087,0.0020069524560100893,2.5898864013433446e-05,-0.00030494071956515916,6.295816065648844e-05,-0.00024482282570985916,-0.0002924106198950296,0.00021111581476055183,-0.0006452464992599559,-0.0003776679225067005,-0.0008630718616651778,0.00026398051088071585,0.0015151231905360988
2021-12-20,3.7181839835726674e-05,0.0001698637658530313,0.00014357063974264401,0.00010032241553076731,4.755954052243695e-06,4.57023717879043e-05,0.00015493255876283454,0.0010643129963770698,0.00046154002287730305,0.00018300070457437335,0.0023518012425079496,0.00011589371287945983,0.0006700228539610572,0.0017690129544576509,0.00030375491816831085,-0.0006148238117147794,-0.00032280612161594244,-0.00011261756300643577,-6.474751513920244e-05,0.0001511474594181884,0.00017377322860447626,0.0001697642252976322,0.00023959001184975244,1.83830408175579e-05,0.0013526781015113227
2021-12-21,-0.00015277909497759444,-0.00022563985151246728,-0.000440070192763331,0.00014463614883060516,2.0771011285839777e-05,6.392531704454411e-05,8.677110491311552e-05,0.00029756492708918553,0.00013085949275615108,-0.00018527243783606585,-0.0002641876276484991,-0.00031150747569046243,-8.749289816196862e-05,0.00044743299519246836,-0.00032314266350731767,0.00010829828260662517,-1.0227802870728392e-05,-0.0001284433364832738,8.634577244692512e-05,8.988998045066475e-05,0.0001703919096344653,0.00017615018157715723,0.0002375628220349338,-0.000682658423681769,-0.002108424835447347
2021-12-22,7.49012949765495e-05,0.00014287491528060242,0.0003004824297631367,0.00013263997946036187,2.1552862272795845e-05,-2.665286756913469e-05,-6.758551616814124e-05,0.0010771797830473836,0.0002612734352340417,4.152671585878811e-05,0.0019282929004985174,-0.00374793163766571,0.001409357790870406,0.0013222180669893984,0.00038123035938481843,-3.9810966745777764e-05,4.448768451411183e-05,0.00028642230707717737,0.00026456797455287417,0.00011641746274756503,0.00016239874338916087,7.95243010555181e-05,0.00024388240174924494,0.00028156424610848856,0.0017280731565120688
2021-12-23,0.0001403919054616698,0.00023355433717134563,0.00033293894534996656,7.15417483033156e-05,1.77245449049742e-05,3.245094034561986e-05,0.00016833159902656888,0.0012399850120392982,0.0004913486600412746,0.0003543711037716484,0.00193751765708109,-0.0013933251519929412,0.0012427234416559855,-0.0007517458505297953,0.0004071827119286138,-5.0410227711998156e-05,-3.7094138030965544e-05,0.0002720357848079161,0.00024353041682412306,0.0002237901903629933,0.00016863070686546776,0.00015537037939873335,0.0002255324048069749,0.0001819286492428784,0.0014728298195444591
2021-12-27,-1.66065175539048e-05,2.3203975963853206e-05,0.0003126336347097075,0.0001341731156580725,8.704306018930396e-06,2.8071624172713917e-05,9.307920058193475e-05,0.000678034540380679,-1.097586078671576e-05,-0.00015218867780976018,0.00014839918749335202,0.0011973527431555406,0.000997789450554668,0.00014986364527903168,-0.00011020103391809737,0.00035239430055746446,8.800119632289356e-06,0.0001818503037340073,0.00019380391376676482,-6.195498082665416e-05,9.973044984239782e-05,3.901132917755813e-05,0.00014583715955677936,0.00026797634073239766,-0.0012817022796371043
2021-12-28,0.0001906349766619997,0.000284477641929601,0.00036667288576419085,0.0001106940877100492,1.4894478709330467e-05,1.526120761856815e-05,0.0001507441359919607,0.0013721999601772087,0.0004991944784964391,0.0003895883545519227,0.0016474299719377162,0.001825873177095087,0.0009431266568026114,-0.0026974343883125725,0.00037724334911796835,0.0003479465225598662,2.66783982007433e-06,0.0002921590492609002,0.00021557626788668805,0.0002154772650443842,0.00015780168797616513,0.0001510493498719531,2.8075167977883385e-05,5.581961872333342e-05,0.0016711973186993275
2021-12-29,0.00016184563733662286,0.0002871541456159797,0.00032430914419457024,-2.7436147408712094e-05,-1.7301920749799778e-05,3.4708848554406774e-05,8.13550441449657e-05,0.0005539144689373634,0.00047748102992394416,0.00036509168859259804,0.001897492306602695,0.0017953082657610174,0.0011836529648627293,0.0012631454671994077,0.00024391956626494628,0.00024505522573694735,0.0001026587751751004,0.00022850543957124742,0.00017376312014953492,0.00014117767689419356,0.00012307764889055354,0.00010961750027259913,0.00023505175631086372,0.0002819844378039123,0.0006634569013778081
2021-12-30,0.0001477672523326566,0.0002529784109698525,0.0003254388282468707,2.6518304636504125e-05,-1.3482372016407633e-06,-1.644772719703056e-05,1.8723775519336727e-05,0.00060625191765812,0.000408543241410706,0.000286076701667346,0.001640278436206297,0.0014488831197486361,0.0003983013798861567,0.002061749603165112,0.0002484028927316291,0.00020978974179389198,0.00010009387749311313,0.00022650143702323855,0.00017274907635491757,0.0001668843320195921,0.00015486376076581957,0.00010007722171641003,0.00021129497309390567,0.00024000951768287884,0.0012145994783159246
2021-12-31,0.00012833716964888534,0.0002111971908051269,0.00029763900461144554,8.37818081759782e-05,1.3004739910804707e-05,-1.1346605193866046e-05,7.8392683279672e-05,0.0003072260926117251,0.0003890202506375867,0.0002521377023679197,0.0017851332322844202,0.0015117030477829134,0.0008617029372803443,0.0020352769435951455,0.0002507734286849999,0.0002285911571301584,6.477710703610862e-05,0.00019458313253626003,0.00016002717212413534,0.00015903202598958332,9.122629406633129e-05,0.00010491607648662537,9.976882921823208e-05,0.0002226520475578572,0.0015870740938434464
2022-01-03,9.488864022687453e-05,0.0001446731278003893,0.0001098266608654774,-0.0006218765993971016,-9.902975350006183e-05,-0.0002036742358208891,-0.00012458011288604128,0.0004075527189630016,-0.00020824951733163167,0.00031329241620269206,0.0011716758799047385,-0.014531553041212064,0.00048321508615688897,0.002077752345839943,-0.0006802586241480685,0.00023256896531489177,7.2121416600033e-05,4.193151195722592e-05,-0.000279475845414408,8.992442774597712e-05,0.00012845194148240755,0.00010498527489681737,0.00018274701593590185,0.000105766442485897,-0.00039175493603050074
2022-01-04,0.00011728326291086778,6.821968327165332e-05,0.0002394157017988547,0.00010706389066277041,2.0667373122187194e-05,-5.7163649447830565e-06,8.228208826798535e-05,0.00025856139734739466,0.0002698657090999879,3.7074851305486775e-05,0.0009632688536029165,0.000625948376821679,-0.0009119539930863621,0.0020312692339612697,-0.000899919828175883,-0.0025258132826850035,-0.00037473532263459304,-0.0005223559954457091,-0.0012253759027738636,0.00010599219341705222,0.00012702213147049393,0.0001092102382879271,-0.00016727450985436286,0.00014747487891845538,2.072172253124189e-06
2022-01-05,-0.00026270850778622334,-0.0007424712945216551,-0.0009689900694948244,8.805062832513647e-05,-1.700218033484671e-05,3.818601897507244e-05,-0.00010389552915721632,0.0004481412136891299,-0.00029250916243270784,-0.0012012981459947319,-0.0018399874527004862,-0.0007089780771426272,-0.0043261792526058974,-0.002542063251828876,0.0003171846345916194,0.0002823646589836989,-1.5714470046705435e-05,3.8398518675726156e-05,-0.00012383269684235418,-0.0007361666737822027,7.905151478979238e-05,8.464550105186702e-05,7.202172788079353e-07,0.00017880186796777453,-0.0019410837373411676
2022-01-06,0.00012533123794725298,0.0002804822972262283,0.00022928513360534605,0.00010213543322580032,1.6419136288273107e-05,-0.00010435124483336027,-0.00042257233751497763,-0.00036129278753170926,0.00016596042493342443,0.0003467129031088046,0.0014181273751319046,0.0020010031815977437,0.0013228483394232674,0.0020132227196166977,-0.00018118973647086742,0.00022424338947846223,8.648101970155719e-05,-4.426874919543321e-05,0.0001160257540933347,0.0001357617967405452,8.707311815795496e-05,2.256713073172719e-05,0.00017686622638774603,2.8550023557444653e-05,0.0016592860513305792
2022-01-07,8.761621030551052e-05,0.00011416518786922268,9.911052443248381e-05,5.353840445827834e-05,-3.5354037686857555e-07,3.44288733366622e-05,0.00013549678292613715,0.0003121252484367053,0.0003974498976733213,0.00037462942532417103,0.00041506374717794193,0.001103615203332399,0.0010249715062685425,0.0015729159094809491,0.00011699906852815991,0.00022176042240822362,5.082585419244592e-05,2.6037725499077123e-05,0.00012439767216027397,8.127100135982626e-05,-8.114790519437277e-05,9.700541435979608e-05,9.420223836134617e-05,0.00011981727442430385,0.0005735804970083266
2022-01-10,0.00010223426417248743,0.00023777104558369669,0.00022742206668608888,8.574516036012711e-05,1.5916741758641358e-05,4.694622680890815e-05,0.00011957161172170402,0.00023228569173742666,0.00037067439507540244,0.0003743659886733057,0.0015551931462218598,0.0015695510314369253,0.0011633939740382229,0.0006013831560342431,0.0003031364549054545,0.00019336342817832518,1.263020406967089e-05,0.00015792709478746014,0.00021876151038197685,9.158844887578057e-05,8.24775950416191e-05,-9.242797572604587e-05,0.00018001391593342806,8.029043859859675e-05,0.0016226100785375033
2022-01-11,1.914562074506346e-05,3.876180993495e-06,9.951825296909002e-05,4.6328988514879504e-05,7.753447390167312e-06,-8.921122056511103e-05,-5.2074896345629925e-05,-0.0009461592338187925,9.316533848142256e-05,0.00036812166386071234,0.001259408602367408,0.002260302995496116,0.00026324004325275054,-0.0015151988707416148,-0.000808809652815954,0.00027279733088803856,8.165657456493715e-05,9.362172266757485e-05,0.0002185637793425769,0.00011285031379574505,-1.0710268555847154e-05,-3.113142718945567e-05,0.00016544939428694334,7.71765346977073e-05,-7.199698531115445e-05
2022-01-12,9.376182531922206e-05,0.0002163020322551273,0.0001613130181090007,7.777002680290044e-05,1.672669316271894e-05,5.4547490510197114e-05,-0.00020870380321765192,0.0001601960149974266,0.00033698446868837053,0.00022276344301260697,0.0014524443204251838,0.0008027058631936044,0.00023731229511792646,0.0012659694756808485,0.0003647348106847035,0.00021129737882019423,2.5909814181198954e-05,0.00017353192142732305,0.00018678748045599947,0.00011345031639008024,3.6105217702021226e-05,9.676989116727395e-05,0.00012808153145360464,0.0001477148759637046,0.0015666973508587064
2022-01-13,-9.538571437845111e-05,-0.0004206116891359625,0.00012352092550320617,3.349690238320328e-06,6.1895735878276046e-06,4.996785846722132e-05,0.00013200777581071378,0.0002069155979088146,-4.905278351586981e-05,-0.0015380793215375261,-0.0014944085114563092,-0.002656291585461953,-0.0020404762193358293,0.0005893732981009269,0.00029942205606315133,-8.493212109109182e-05,-2.373231934323531e-05,0.00015270298419495232,0.00021113897098646035,0.00010616532170143764,5.9202134356957566e-05,7.038467565253302e-05,-5.739940856156519e-05,-9.140181154598136e-05,0.00027554944429760407
2022-01-14,0.0001048791573941815,0.00021196490247311163,0.00020692284479833107,-0.00014631093718179351,-6.302195432378734e-05,4.904077726916385e-05,0.0001160584471411677,-0.0004998502059843766,0.00031070751068713133,6.588305553789132e-05,0.001189184851432338,0.0021892407011808598,0.0012123427569791234,0.001334725015292214,-0.00021315408848646632,0.0002845139485213252,-0.0003101624290934428,5.6818588907539335e-05,-0.00381419150865372,1.8572920458257328e-05,6.190165406802052e-05,4.040774520288313e-08,0.00013799882216926864,-0.0003748753079637268,0.0006155944121165192
2022-01-18,-0.00022738730759701167,-0.0004107809714105215,-0.0007472791838487899,-0.00010784946052975728,-7.179688654550183e-05,5.408057740334442e-05,-0.0003679719850643053,8.870768315163605e-05,-6.90085096148261e-05,-0.00023580706922820513,-0.0004446256013528314,0.002151463966904555,-0.0005979491480372346,0.00013233819656419035,0.00033754804701687993,0.0003433570061787957,8.681459913733813e-06,-0.0003358865360065535,-0.0014077446338703044,-1.6384575198192148e-05,7.254586447504196e-05,-0.00028317333613828903,-0.00016743980402783608,0.00016334985432697716,-7.354806181353183e-05
2022-01-19,-3.8652046929723205e-06,0.00010038859614093808,-4.468057643170308e-05,5.6458679228578344e-05,2.2337732732561044e-05,-0.00019920444220272672,-0.0007888098741981667,0.0003741758549533847,-0.00022460077944414314,0.0003516826491819195,-0.00016134244170488824,0.0011772033700772771,0.0009869030998002433,0.0012295289955430275,0.00029938060518878794,-0.0006505565556572503,0.0001197274929753293,-9.507477750327756e-05,0.0002710811649131062,-8.291142306379589e-05,7.695353414758068e-05,-0.0009882744079842882,4.793986427466684e-05,-4.246812105624057e-05,0.00039938594314778734
2022-01-20,-1.909635882853696e-05,5.6766622542482224e-05,-9.923177985827174e-05,6.191235357542359e-05,2.4315345425551623e-05,5.612195257323324e-05,9.124240291561868e-05,0.0003102175033439898,0.00014111221840567529,0.00032365064635602267,-0.0004388438797242463,0.00242392192374955,0.0010538400489166547,0.0012591369643293257,0.00024717725428907825,-0.0001593322467972946,8.994139733567957e-05,0.0001390528690361896,0.0004250895025480944,-5.5260342793943157e-05,-2.0043032958094937e-05,0.00010761044644209508,-0.00027034238392376465,-0.0001069619621785339,-0.0013709027275765205
2022-01-21,-0.00028775995173669836,-0.0005589305622063193,-0.00011585574490946557,-4.1390228818495966e-05,-1.9159936167612765e-05,5.106189116590006e-05,0.00010618126435242426,0.00033289686731351203,8.653452174012694e-05,2.6773595473914545e-06,-4.1066572966616186e-05,-0.0005609268272046605,-0.0024660255466883597,-0.01929812643152239,-7.071456595095959e-05,0.00020871298010543226,-6.204243440932462e-06,-0.0002685157921666901,0.00017368521319171762,0.0001109255956018245,4.198401291166728e-05,0.00012325153584407978,5.937484566081297e-05,-0.0049932788318243606,0.0007083637527335413
2022-01-24,9.189937795437734e-05,0.00022744675557864703,-0.00030141525923807884,3.751543733944447e-05,1.6055107421915775e-05,3.229417558560881e-05,7.374425758119999e-05,0.00015480578516631043,0.0002172709811874933,0.0003393846903407001,0.0009591112927625628,0.0021979045806664156,0.00035750390701029533,0.0023668406412964463,0.0002620149570795806,0.0003427029007413008,7.270070901516482e-05,0.00015329418502657354,0.0004900797155704363,0.00010685848054497119,-8.734133279933275e-05,7.219492287119784e-05,0.00011539399681279923,0.00040573840594464975,0.0008242504686151694
2022-01-25,-4.5481348196307555e-05,-0.00030868089285648556,6.058635177592301e-05,0.00010551396594290925,1.823640060654719e-05,4.8976620194393685e-05,0.00019888960573735467,6.584283851194695e-05,9.858763117711957e-05,-0.0004029645638517059,-0.001152291870910642,0.00198648170349868,-0.0002660850252665715,0.0013701302843295102,-0.0011426155251243531,0.0003238751608452457,-0.0012204505729883958,0.00014344880914149942,0.00037256573104211757,8.902611581398061e-05,-0.0007415071312796731,1.659014883200533e-05,-0.0003684613276355447,0.0003563524621455639,-0.0010314087753494586
2022-01-26,0.00010526761269703983,0.0002660101005777806,3.620696469226243e-05,-4.393362954973564e-05,-2.0002274428810035e-05,-0.00020619723445314928,2.7821346975224733e-05,0.000136354032845071,0.00023583027535992344,-0.00042739402092429533,0.0006691955982403703,0.0015610472376639463,0.0006099416978392379,0.0007639788060444775,0.0003836974192129564,0.0003023276115213469,6.088640598869874e-05,0.00015357180025530798,0.0004066937132739583,-0.00014200313562803753,7.675700440639983e-05,6.566236470945687e-05,3.625929734902838e-05,-6.439163586597046e-05,0.0013155583417820585
2022-01-27,7.660421123988863e-05,0.00015143250842235409,-0.00027319685421330655,-0.00021922795366207046,2.3302148371884655e-05,-9.484825629390514e-05,-0.0008503623788083041,0.0002327229864724814,0.00019922315804309041,0.00026624208831864973,-0.00038786866673269464,-0.013105189571366057,-0.000321518496744869,-0.00013152306959581753,0.0002437863142130884,0.00020344127477475032,0.0001407915544776482,7.182894194974099e-05,0.00018201473847474927,-0.00017443702560160596,-7.612379472555369e-05,0.00010088509006461266,0.0001423583070412379,0.00024063772832221472,-0.004620901019318485
2022-01-28,-0.0004994189039207567,-0.0006957066929531161,-9.08176756375666e-05,0.00012904380638349754,2.7475816083184994e-05,7.296801751152348e-05,6.0375382879873006e-05,0.0002381098297530546,-0.004343082530384224,-0.00038526864033592385,-0.0005651591780912219,0.0023698488545618986,-0.00011716047519358484,0.0002693081567167691,0.0003493629246614388,-0.002531869355461813,5.950759758546775e-05,-9.468835614148349e-06,0.0004364517028971792,-0.0008961250756094011,5.320191157963839e-05,6.608526648532575e-05,-1.9381169290904682e-05,-0.0001284073062962203,0.0008348016504154185
2022-01-31,-0.00018336082878017725,-0.0006802931092895095,-0.0006115583038896438,9.569028087844663e-05,2.6862005269225504e-05,4.7485392248976054e-05,0.0002712912921706739,0.00017120628306082887,-0.00020943425063560818,0.00034631802660313314,-0.0037245697921410776,-0.007475515625667148,-0.006760509159107536,-0.002570955740765394,0.0003467675660548868,0.0004585407794170131,6.797463050543504e-05,9.219075843947614e-05,0.0003383472001314544,2.215915938000613e-05,9.388770460596967e-05,0.00013976114375719733,-0.00013278370169328953,-0.0005000099575253494,-0.005289976694330843
2022-02-01,0.00010696160062831532,0.0003183492335483652,0.0002417227090896817,0.00010916547402736404,2.3457913978800184e-05,8.07956091956676e-05,0.00023969313221562373,0.00024141361435908848,0.0004887773722383314,0.0003731251916552743,0.0013341769064492243,0.003334365514767432,0.0013419414575335717,0.0008198640631480664,-0.000861769227218433,0.00011367181417097622,0.0001493432028693598,-1.587836094879978e-05,0.00024056122507273007,0.00016571141937380497,3.419955029585981e-05,0.00011606310576990593,9.291065437438303e-05,0.0003878979823005369,0.0013231060616546045
2022-02-02,6.099213463462093e-05,0.00029919834737810336,0.0002576455623502625,0.0001091812923654442,2.623869093943529e-05,6.588796226004263e-05,0.0002834825483324683,0.00023205140098623843,0.0004398164578840963,0.00019471324892478487,0.0007860664120611592,0.0025852504811672335,-0.0009437662867682044,-0.0004812916085965321,0.00042171088797205184,0.00047514885218742116,0.00017863469748839042,0.0001366089187382271,0.0004812682602661072,1.8253424950095e-05,-1.8428284034792804e-05,-0.00017945453068131818,0.00015140668838120998,0.0003337195828469528,-0.0006689347110064245
2022-02-03,-0.0004080194057693231,-0.0013497583860771537,-1.1228686960258164e-05,2.1076618617672224e-05,-4.5565443993389595e-05,6.452023798747424e-05,0.00015897368170812655,-1.8810547589039018e-05,0.00017409462631250654,-0.0011443271605817613,-0.001395754329037373,0.0022609095530579737,-0.0014025281782968177,0.001491203259873789,0.00029068678005511595,1.8998536086400908e-05,0.0001420226394175387,5.399165894368792e-05,0.00045644517747220846,6.994925845400762e-05,0.00010877736214105477,6.289309918807042e-05,0.00015060734794431467,0.00016894025348872748,0.0013725670805938039
2022-02-04,0.000166707025542223,0.00029057921500714947,0.00035518430627257336,-0.0001356709614888181,-7.634476824872107e-05,6.133002182307847e-05,0.00025950625755776614,-0.000244272608926636,0.00046219480229497414,0.00026565563051275513,0.0012460665418166591,0.001178005232281103,-0.000744590969722553,-0.0022575759877594007,8.284842706076894e-05,0.00023617983311809382,0.0001551862559465964,-0.0001369543238758334,-0.00020338075750641493,9.144132174003158e-05,6.532794638854119e-05,-0.00010097931933195257,-7.340610664472325e-06,0.0003217052242016411,0.0009662223334146664
2022-02-07,0.00015900062520813807,0.00033777798479929283,0.00028533136843332996,9.493682015089047e-05,2.374710503813764e-05,8.942211879974866e-06,-0.00025834295643188844,0.0002441395738955691,0.0004073657126424561,0.00016304768334038649,0.0010247024996554166,0.0020351679042025653,0.0018354022927489473,-0.0005295977964267125,0.00017531922339688945,0.00030879520434169195,9.056462700536018e-05,0.00014613177452713934,0.0004595490571670913,0.00014762007511201635,9.72618923741008e-05,0.00011237105984374357,3.3086430558286074e-05,0.0005192132430163792,0.0016559590140846575
2022-02-08,0.00010270484636559271,0.0002817319433605786,2.3196911115419398e-05,5.0013431484265435e-05,1.3154616052004887e-05,4.868884153123408e-05,0.00018965136214603619,-5.2633194826652514e-05,7.600614177230152e-05,0.00030265989945900103,0.0010623396588651628,0.0020738418914699555,0.001846273690403934,0.0026280007915055084,-0.00015364844311972629,0.00028595998702198743,6.500745267957195e-05,-4.732776514274634e-05,0.00011772302440919572,0.00012779414239776651,0.0001013880203222903,0.0001630467531433997,0.0001356052690246374,0.0005251040962913353,0.0003452024679915257
2022-02-09,-3.84555312061772e-05,-3.2812880094751915e-05,-3.6402237071809606e-05,9.109312184257015e-05,1.5731066080089784e-05,4.58705803237556e-05,0.00024913009403421647,0.00016044932944181861,0.0003609031084492883,-1.3939643494479575e-05,-0.0025566495380712484,0.002157110975501213,-0.0006734583370740393,0.0021012113572167045,0.0002651525367576302,0.0002470687445676507,0.00014159425138800404,0.00010641502263783913,0.000461584999704391,-0.0003513563755799838,9.878203856699426e-05,0.00016328591160199785,0.00012597575609567857,-0.0005522325847013505,0.0004207684402794372
2022-02-10,-0.00014451921195189247,-9.312370881453107e-05,9.706400455655368e-05,-0.00016215326458258095,-0.00016030870778460538,4.304303062980455e-05,0.0002350021736083387,0.0002233830547458081,-0.0001374741288142094,-0.00035034482295193614,0.00032697551284398296,0.0013372032267655568,0.0009912021814632416,0.0006743281515026885,0.000298271790275106,0.0003464936969098394,-0.0003929875275599539,7.07555691848712e-05,0.00046248225323394847,-0.00039676143379810164,-5.0026521304873264e-05,-7.709610739415731e-05,-7.573184916429096e-06,-0.0005060399130323258,-0.001257106798110161
2022-02-11,-0.000198997359726144,-0.0005916457051801068,0.00023950671292126183,-0.00011052796040519239,-1.7407880062206003e-05,-0.00030586022113320043,-0.00010734729120094778,-0.0005858245878865767,3.171069385585841e-05,-8.064693556248629e-05,-0.004180346507973066,-0.00027282533803008914,0.0013356815348681958,0.00016241653447682768,-0.0005435778758922049,0.0002685065385235443,-0.0005758396230689967,-5.066652689846997e-05,0.0003089998454486877,0.00012133231574108067,-3.6369366820068505e-06,0.00013223486104931855,0.00010735651298361002,0.0003163466704719496,-0.009303782079667219
2022-02-14,0.0002082398875963337,0.0005019931194032565,0.0003335788825133327,-3.954675668545266e-05,-3.949212919605598e-05,4.108025533170414e-05,0.00015187056964453935,0.00011181650168712872,0.00046938222530954875,0.0005503547427696704,0.0016362889392981651,0.0020065302329542404,0.0019294337104515005,0.0029183904787004633,-0.00024602257526836824,0.0003029116668504253,-0.0003339902943575281,3.203741026630417e-05,0.00040119812028642656,0.0001260930357881605,-5.9411062183839e-05,0.00015695362775956892,3.299012832117409e-05,0.000567446144816665,0.0023385560989109453
2022-02-15,-4.6937122793348936e-05,-0.00013474176369848853,-0.0003581712463071765,-8.883239262413609e-06,1.8861477377968865e-05,-2.0628608610696433e-05,-0.00015007719157671416,-0.000815942557393353,-7.258158926042138e-05,0.00011040866764174657,-0.006044992902127337,-0.0006086371800280879,-0.0010019356290845436,-0.0017087702987674345,0.00024215401608508423,2.302086027114621e-05,9.202602034510837e-05,-1.7417709397851456e-05,0.00028222743842667183,0.00013395902179745133,2.1072656060818726e-06,0.00016428488123159646,0.0001231827130385185,2.4351564776623836e-06,-0.0013652958130967296
2022-02-16,0.0002217609571368616,0.0004993226249593457,0.0003755960962758614,8.100946536123544e-05,3.904197662087948e-05,-2.9670897967687884e-05,0.00013337022045364216,7.440290552615102e-05,0.0004766375737703857,0.00044819657965787724,0.002082471929974982,0.002217036318907629,0.0009079679468653205,0.0031158961353044286,0.0002647178691630472,0.00033919401899951254,8.253964996858854e-05,0.0001689288094170346,0.00028093348368096646,0.00019241165155289725,0.00011143032600967445,0.00010240680700468631,9.375652741832919e-05,0.0005410001936281551,0.0015217237587805607
2022-02-17,-0.00026065022615450915,-0.00044715725283644736,-0.00034497606352779575,5.1921761445433764e-05,3.5746747800691324e-05,-0.0001036934442281244,0.00019568766650920167,0.00010349779210492419,-3.4504580349552358e-06,-0.00046683826916081085,-0.004179961892450023,-0.0005341282443958027,-0.002499425556838666,-0.0033722731229462307,0.0003296427399118344,-0.0016573877197453252,0.0002095107164778041,-0.00049191063700917,-0.0003590459142192181,9.53370985425392e-05,7.329681459186752e-05,1.2214382592667944e-05,-0.0014250846565855427,0.0001731962689317534,0.0003618416325902184
2022-02-18,0.0001829652391655494,0.0003762526529230342,0.0002761410402858767,-2.420608622694635e-06,3.0275798925455994e-05,7.65606438641125e-05,0.00019361599050516444,0.00012786862574042264,0.00037098153812729033,0.0003708179151064091,0.000986298023756011,0.0017849993701198681,-0.0004293225633903836,0.0032065179219393724,0.00029159757495185923,0.0001863198896016391,0.00019827643943928595,0.0001606387002036921,0.00017845755894124727,0.000168417591504747,-3.881164848650544e-06,8.890629922640585e-05,0.00015594535643098748,0.0005626844524283935,0.0024087408360765274
2022-02-22,0.00010428329264364843,0.0004037829811697097,0.00013525771665794052,0.00010441708399209373,3.480490201957056e-05,7.243068320849245e-05,0.00012754862744490263,5.7274692725038824e-05,0.00013521893227484965,0.000467282856544216,0.0021573582952943444,0.0005271615854181061,0.0018134140814298587,-0.001174117643574119,6.129979648896035e-05,0.00036219785052917826,0.00023340958630286375,0.00013233375440995656,0.0001943642774584101,0.000184825312771634,-7.212283848709274e-05,-6.609136658257314e-05,5.365284977158289e-05,0.0001855225679043715,0.0021903608120637996
2022-02-23,-0.00011479727087735161,-0.00020537459886170364,-2.884694883610703e-05,-8.871437996713853e-05,-4.8732456039890814e-05,5.6215474549222864e-05,-0.00014937268559911762,0.00010328900688218436,-0.00021977529146574408,-0.0002394184402655067,0.00029918774438212736,-0.003013293584864644,0.0005007136279578123,0.002015631028190027,0.00021443956930532247,-0.00020713286964509347,0.00017927658279176203,-0.0001727075137626756,-0.00026712779407437226,-7.938322442950185e-05,0.0001248135241790026,-6.236526350501225e-05,7.721396303723171e-05,0.0001774949687233404,-0.0003125037437175897
2022-02-24,-1.0130670436429205e-06,-0.0005887446172531264,-0.00035080772960610927,0.00011026451440516769,1.590112407649162e-05,3.402872130412305e-05,-0.00013839162342465958,0.0002133312976160252,0.0002295489866317901,-0.0019966966808246042,-0.0011578177901077182,0.00032148802830435667,-0.00344148682379039,0.0010741194302878684,0.0002609874667601524,0.00028815560029220506,-7.266672913337188e-05,7.1553888431842496e-06,-0.0005922389315587196,-6.436777577185413e-05,-0.0002543562450440638,-0.000645060520309305,0.00017451237077797049,-0.00015364844701344253,-0.0011160022942065338
2022-02-25,-0.0002502318768544733,0.000296597889467505,-0.00015010352911951693,0.00011004593479582805,2.257440677993047e-05,6.650752090984582e-05,0.00021138379585790396,0.0001378809189536643,0.00034504976516275797,0.0004981710073741468,0.0021091589092163236,0.00251055017045384,0.0013213203139974955,0.0023681648205602437,-0.0004308551503491897,0.0002455167108745463,-0.0009991324650134201,-0.0008449816445301617,-0.000304441334124854,-0.0003395401373269964,-0.002258374964368753,-0.001613883123908085,-2.2818943306081465e-05,0.00044603782677179516,0.0012237691989308791
2022-02-28,0.00024523249450452155,0.000537376969438978,0.00034514217346638725,-0.0003675912852369907,-7.566478582875046e-05,-4.263682689622588e-05,0.00012265231544319837,-0.0004346179432967818,0.0005174008555593289,0.0005193916603419114,0.0023068525652554313,-0.0025781309708174747,0.0009640375851783943,-0.003222669176555705,-0.0003106023922227304,0.0004092899082161377,-0.003933635032101294,-8.814141813856015e-06,-0.0015466239529357828,2.019741712862367e-05,0.00014747571651149233,2.086522246585597e-06,8.742453938256377e-05,0.0003698368085786939,0.0023542490612267564
2022-03-01,1.5265986327270194e-05,0.0003030179080024906,-2.816638131938453e-05,-2.2035877066005328e-05,3.1648602394129146e-05,-0.00026372123777019466,-0.0014247106410891397,-0.0036498975659778584,0.0003829484457171523,0.00037204655967733454,0.0008848390974709626,0.0020326852401192155,0.0014573668665768622,0.0019429501161821773,0.0002097585829730348,-0.00024585099212620545,-0.0021690028892644465,-0.0011886055618444246,-0.0011296913296657697,0.0002144766249402712,0.00020507151826934687,-4.2375789601038836e-05,0.00013508423133744624,6.205075948178488e-05,-0.004033723013473832
2022-03-02,-0.0001015424392408026,0.00022498425605861188,-0.00022082236325483997,-0.0010923534472404698,-0.00019084378978616033,-3.188051046500704e-05,0.0001870518073452211,-0.001944206941803875,-0.00013722592339629892,0.00019642259366558498,0.0013345281882539985,0.001744250326197555,0.0022779502880324706,0.002592997130768249,-0.00019661583041187867,-0.002422983864539505,0.00038242066558085824,-0.00036243313159392885,4.694869495643853e-06,-0.00015586216206929648,6.225744175713648e-05,0.00023758277398382065,0.00016478566886945058,0.0002781519947991492,0.0012511249073453407
2022-03-03,0.00020659339234873063,0.00025577796302010507,0.0001711518489150926,7.941927641306661e-05,4.339817041891296e-05,4.639763433395555e-05,0.0002296732919757084,0.0004343350960044216,0.00026048188879838256,0.0003140406810167863,0.0016587644044226608,-0.0007170114066893029,-0.0023658143585043624,-0.005414780819815032,0.00033386165891945087,0.00030733408443269617,0.0005773323559709955,0.00031181024231613166,0.0003883286270020155,0.0001326371344148023,1.0165771719335321e-05,0.00023419506295655517,-0.00036503480290542425,0.00021219948710410392,-0.0005631085443362281
2022-03-04,0.00016382948931016074,0.0002585222120846893,6.594551588317638e-05,-0.00010585337424861378,5.635785803536837e-05,-0.00016623162654519474,1.712297243122829e-05,-0.0035197304350540514,-8.063629718496954e-05,9.95889626930903e-05,0.001014085848179033,0.0016335713759728328,-0.00023896285808595007,-0.0023491788265223544,-0.0005347210561948469,0.0004121327260750494,8.049811825814885e-05,-4.486939462462422e-05,-0.0003879464946418637,0.00018104353038423388,0.0001959191986493716,0.00022215197965568922,-0.00044993694185763134,-0.0007880665327528041,0.001520773892684271
2022-03-07,-0.0006664400800018735,-0.0009324513947572946,-0.0003109116433462701,0.0001438862372875174,-9.16345903286127e-05,-0.00012118360074521698,0.0002453569300808883,-0.00048606751155307504,-0.0002953867080993168,-0.0009442889920939037,-0.002965529253151304,-9.203063441834847e-05,0.0007922202736777098,0.0020844749899828793,0.00010380014605555632,0.0004019657057497411,0.000329347135930051,-0.0010558275160891862,-0.0010836903626783496,-0.00020420115444679261,-2.9115173423091014e-05,8.609457365802347e-06,0.0001453455939239439,-0.002360469668758473,-0.00017906511915873188
2022-03-08,0.00018903799546485543,0.00044151406292375133,0.0003075702734638617,0.00010017960803044666,2.5986334778609062e-05,-0.0006202462515023946,-0.0007246245154647727,-0.00046557227612559573,0.00015883223768942562,0.00041171752192194135,0.002227307288780782,0.0010782872832275216,0.001948008536241262,0.002836814104457088,8.183640395535908e-05,-0.003874411814735455,-0.0007633639575453144,0.0003636344936984767,0.0004983944039183701,0.00018624988749015047,-0.00017897355619047857,-0.0013921745973592284,-0.00022252102248505022,0.00037312822387712395,0.0019983503082699997
2022-03-09,-0.0004510816475246602,-0.0007948978760917286,-0.00043396266133311086,9.895253866031286e-05,5.543346542646874e-05,-0.0007616587245064252,-0.000427656573266026,-0.01445484761310431,-0.0008791190104624987,-0.00148344714566613,-0.002267981845771685,-5.340155177178192e-05,-0.0007402020466522022,-0.007338488609027947,-0.000638342807868527,0.0006331874700328544,0.0007200282018516036,-0.0009171140374922898,-0.0010278496040962521,-2.7543167831840565e-05,0.0002464806881398374,0.0001347887913830652,0.0002036773736446376,0.00034086256806003596,-6.610648675400496e-07
2022-03-10,0.00026621062474247126,0.00039601802091788617,0.0003763000453308137,-8.20742153648539e-06,-7.373401454845785e-05,0.0001851843089143104,0.00023241315139688803,0.0013968776553962999,-0.0003917058488095753,0.0005195232348438686,0.002265108173173144,0.0011164178728190212,0.0007609633031065255,0.0018049215705375197,-0.0005391341394218835,0.0005406651614073397,0.0006218242753432623,0.0003843382858801318,0.00045712891888460947,0.00021218376864219065,0.0002578622828464656,-0.0003592097181107579,-0.00027857394984020665,0.0005564483600639575,0.0009593872505865239
2022-03-11,0.00012038028361297011,8.154698348800457e-05,0.00010533005835580835,0.00019905213553072536,6.469369289822847e-05,0.00014517720329908904,0.000275725945699277,0.0007894352155644341,-0.00019436394313630074,0.00023920957404063284,0.00188695287082835,-0.0010379440586249335,-0.0026243451876106533,-0.0029873102358475784,0.0003285243238657918,0.0004296260118682127,0.0005724905653638199,0.00039799228191962686,6.874610826207005e-05,0.00015393861278233773,0.0002574435574597547,0.00021551036752487642,0.0002387756344416022,0.00035357403795098627,0.0023428489938015075
2022-03-14,0.00022773851033940453,0.00014465666855411008,-6.739567789841946e-05,-0.00034754578996587954,-0.0001484323896647449,-3.367876199276306e-05,-0.0006007498448603046,-0.00047093639154116487,-0.0003051807387842352,0.0004452671508027369,0.0010769217338512987,0.0004955710507477714,-0.0014888274513280698,0.0013782206380690534,-0.0005304134975341157,0.0006299385266285042,0.000574725868613022,0.00029150320759753707,0.0005175661414618576,0.00013210720197666203,7.265455827787923e-05,0.00020434965661490445,6.327318506067924e-05,7.347330765144263e-05,0.0023313248302475106
2022-03-15,-0.000206666180769433,-0.0004413038510280834,0.00011929452506933007,0.00022409152386772328,4.449972791807473e-06,-0.00014770127590931246,0.0003114741070365782,-0.0016143474588512531,-0.00042725127049676335,-0.0008654213934175079,-0.0031645850860478816,-0.0001529045649378228,0.0008340294949346777,0.002970186012249881,-0.0009505859121433004,0.0006157370164701735,0.0006137333500897791,0.0002573562949558651,0.00031020386408228305,0.00012104588991834709,-0.0003915719282030624,-0.000888511304821347,0.00011523539553234162,-0.0010703235684475275,-0.001903613753860397
2022-03-16,-0.00021032606936649713,-0.0008181723544066889,-0.0005825912397076354,0.0001201896184484761,-6.415989123076968e-06,0.0001699125133638654,0.00031971369230720994,0.002056825681571574,-0.00036608329587968155,5.41587410225633e-06,-0.0017882215555393966,-0.0003088011970718155,-0.0073338991348141855,-0.006999722349072623,0.00045125135794723626,0.0006316931379816171,-0.003283429387355122,-0.00031398677005037783,-0.001283960642946361,2.416815015755561e-05,0.0002080573613818732,0.0004166498703034179,0.00025515926136341705,-0.0002971277250592998,-0.0006766656899608449
2022-03-17,0.00014184518727505018,0.0004356316550870316,0.0001863945348874432,0.00015610431677227446,-2.956375600309117e-05,0.00018565731225842258,0.000248450116672303,-0.0037138465577937884,0.00045533219138035527,0.0006514915579237626,0.002428129158359486,0.0006302906995522305,0.0007555996504975235,0.0030064543096946436,-0.0007021331446860682,-2.6812039176803268e-05,0.0005612877313626616,0.0003344219580103806,0.0005691566688440129,-6.87376098008866e-05,0.00012085181229905715,0.00041856907584751846,0.00025630517108181356,0.0004896065422459873,0.0013173717933203954
2022-03-18,0.00017222090946251794,0.0001448276796665187,0.00029420572499204114,6.066818689701449e-05,6.551272762423527e-05,0.0001278066239818366,0.00014195102781569205,0.002173717126001719,4.167158065231162e-05,0.00033532613938024963,-0.0022101880603938528,0.0004531588178287448,0.0009841971908167216,0.001206277288117999,0.000498162707279362,0.0006391400139822939,0.0008281415589082903,0.0004815854065594308,0.0007240243683536195,0.00017516486589958397,0.00016849218925069334,0.0004286289864941993,0.00024943466476950755,0.0005160998611174047,0.001974116210666537
2022-03-21,0.0002972280851883262,0.0005700683648180323,0.00033107590684296044,-0.0003347312062767743,-0.0001257015447479168,0.0001463494888537493,0.00019671155933327742,-0.0016997328694345884,0.00042138759864836694,0.0006401042552192735,0.0022584867971423626,0.0016808143935799062,0.0022199373172788767,0.001103512762918125,-0.0010662776167468281,0.0004938702487546893,-0.00016486816918498523,0.000486226525266627,0.0007136313495183483,0.00013643509074470433,0.000267674840455729,0.00041144174344666547,0.00018673548993585243,0.0004020973099024366,0.001720042799556692
2022-03-22,0.000136447259867577,0.00014953228914269402,0.0002776005053692837,7.49339829070319e-05,7.431594759439658e-05,0.0001444113363900489,2.6094762182583267e-05,0.002405497246312745,4.847549830120225e-05,0.00034670997250920446,0.0019757322475171825,-0.003943048440636062,0.0006945243534664503,0.0008131554705255954,0.0005264384623700199,0.0005317656679993769,0.0009062739720417872,0.00019324713425380064,0.00025195401516278014,0.00016331634756758213,0.00027686548942477236,0.0003607008568621438,0.00016692223149839027,0.0004143859375615352,0.0019904892804727594
2022-03-23,0.00010887213397312858,0.000332307050884654,7.221070632140389e-05,-0.0002256419977095287,7.212709955943952e-05,1.6170225978987072e-05,9.847896218933213e-05,0.0007785490191133521,0.00042343618289104483,0.0003906447203376167,0.0008057475159886369,0.002108758314545691,0.0023690674118620704,0.003297101726895807,0.00029093818110303456,0.0005356413955665453,0.0007955268867361617,0.00011770149216783638,0.00031329763026297146,4.086673444150693e-05,0.00027984060939544085,0.000373634461548689,6.398534416193958e-06,0.00021262715328861662,0.002027824222742474
2022-03-24,5.585471456072291e-05,6.448374733118392e-05,0.00025354984897535567,0.00020784438646175528,8.033059783554817e-05,0.00015774814777523937,0.00010205181470001516,0.001912283504726405,-2.6184936866051377e-05,0.0003991733281723419,-0.006738030995498721,0.0018224625025007974,0.002625656030612234,0.0018792405727779918,0.0005771503421360581,0.000541007116101899,0.0008120323539256035,0.0004207933237108349,0.0006977385090662942,0.0001345918977197158,0.00025813361995258766,0.0004139890714250778,0.00013815183848234192,0.0004290787987632263,-0.0011075074599949434
2022-03-25,0.0002506952403405051,0.0005366410178067743,0.0003700373675466192,6.735125827823379e-05,1.302824485345988e-05,0.00019499756303384302,0.00031567651474942573,0.002534966592482315,0.0004527131114730863,0.0006057006825257455,0.0021338954219158467,0.0017521061847222857,0.0018313027765284131,0.0030272220118160976,0.00010720527182373342,0.0004827726209208515,0.0008393899977340064,0.000308858153804697,0.0006418604525576621,7.412459224948774e-06,0.00019505423237304372,0.00027585553235795647,0.00015385524216193324,0.0005109961403814505,0.002047008099868364
2022-03-28,0.00021327203000722744,0.00024181421986186705,0.00033518587020344803,0.0002007072846366554,4.7736934120276375e-05,-0.00012704425442019787,-0.00023304268513856343,-0.003709793847233013,0.0004271382680482253,-5.05487903522817e-05,0.0018715819995469283,-0.004329827579802635,0.0009000819837142575,-0.0024387018132346287,-2.8477597150557686e-05,0.00045863787643391277,0.0005295278046250756,0.000464104404014598,0.0006229654273079708,4.264033113281897e-05,0.00024437828267232425,0.00032806045937401764,-0.000137647075081345,0.0004723137150650225,0.0018778129064498553
2022-03-29,8.90106963913171e-05,0.0001863339195493928,-0.00038984015859501664,0.00022050591914491964,8.632880380340577e-06,0.000228142188260564,0.0003579007243143297,0.0025800936483022082,8.542863616784602e-05,0.00026934499242124303,0.0019943141074298077,0.0019127381643993554,-0.0014892667664017718,0.003370190044681418,0.0005907193004420224,0.00048488722706646804,0.0005438351739676939,0.00041206776430122985,0.0006463569881844952,-0.0007066139834779509,0.00014303042740300943,0.00017741065371235722,0.0001092309150610746,-0.00019627502413245243,0.0012214876402592409
2022-03-30,0.00020973100103214694,0.0003695899085270635,-6.576101993556894e-05,0.00019408101643596533,7.127102100727195e-05,0.00015842884292435923,0.0003517603387176868,0.0025109146549646393,0.0004196861425162427,0.0004824880002187139,0.0010626709053259866,0.0016545686297642533,0.001062018816809966,0.0017803974151297842,0.0004318952834500204,0.00041418243152412554,0.0002509840509938847,0.0003547199153043459,0.000531464006174605,0.00011034326206604516,3.1979092267254546e-05,0.00022751886268617484,-0.0001367989457568458,0.00041575780506874707,0.0007443750539512914
2022-03-31,-3.2899495690590867e-06,0.00033111525116311303,0.0002355716647241959,0.0002446630799238013,7.092539942988468e-05,0.0002081458052676288,0.0002596717386643416,0.0003619215026098017,0.0001374624120555523,0.0001806169218178435,0.0020080846173739985,0.0014513332713356516,0.001334120884805236,0.0020922529617215225,0.0003810363368266007,0.00046581554768184563,0.00042097224778837503,-0.0002080943070874459,-0.00045719524636810216,1.347440844999369e-05,-3.0568937549962087e-05,0.00015542073264545843,0.0001538562598408576,-0.0002443781425258098,-0.005937524300397553
2022-04-01,0.00022426777310841336,0.0004763978155249284,0.00019988182819460614,0.0001701890568848126,5.248889470277747e-05,0.0001615278701860735,0.00022635898196455802,0.002853566192741659,0.00045106153394435867,0.0004864570334681311,0.0017301774144664285,0.0016325282080062193,0.002301678175019275,0.0031725732639460544,0.0004841044740710509,0.0001285765767818082,0.00041370527649648564,0.00031778121120091624,0.00044476157176229057,-0.0002179233570190955,0.0001164466358498373,4.663718903709423e-05,2.1901743355294697e-06,0.0005351168216844812,0.0017636500716292822
2022-04-04,0.00015858951345184066,5.3562273524596906e-05,0.00032037469804784664,0.00013115355360062997,5.1608422650804015e-05,0.00017923775576999602,0.00024193541488529602,0.0015771269531993344,-9.438603415900236e-05,0.00017278257473420284,0.0016080220568595036,-0.0014262655976033077,0.00059315429203824,0.002379900557193313,0.0005508493914227001,0.0002993374407516782,0.0005052116240791832,0.00030456098692204474,0.000480730308055899,0.00014663884143195817,4.1494767986371837e-05,0.0002365998010063511,0.00017872979158757354,0.00039706543933048415,0.0012596337014458277
2022-04-05,7.009860219746295e-05,-2.4241890421608124e-05,-0.0002639702370117777,-0.0003557803326485365,-0.0002485434581227264,0.0001507232276646523,0.00011048657033407353,0.001953081182597316,9.937492203251956e-05,0.0003118611930047354,-0.0007245022576812254,-0.0006312597882209654,-0.001045283268172798,-0.0034242028886104932,0.0002584658540455863,-0.00015909280278846786,0.0004448676288703664,0.00026595204479915675,0.0003197780796908851,0.0001465737906115863,9.734273067483004e-05,0.00026799466334605937,0.00013638832000263998,6.707590608187629e-06,0.0005194335431314232
2022-04-06,9.051524389029157e-05,-5.158580049876291e-05,0.00010205179976117984,0.0001257427302944289,3.8586388022521496e-05,0.0001749840260665918,0.0001747066753476798,0.0021002921847615608,0.00010674934865885472,-0.0009798925272667324,-0.0016384216291754207,-5.989272956601413e-05,0.00026580547703641,-0.0005668954032151557,0.0004753385310501139,0.0003459303127244706,0.00021887368207067708,0.00018472034021250783,0.00018416531416304578,1.077890473725698e-05,-0.0005323485937583669,6.727127274825409e-05,-0.0003864205722222744,-0.00017089094546580904,0.000706738075314678
2022-04-07,0.0001686040517526223,0.00044979970996053277,0.0003051822337425342,0.00013264773648567516,5.151560763750785e-05,0.0001265944089248877,0.00018073445607344308,0.0026178948590302145,0.0004617543246673763,0.0004416007572471171,0.002160947668770773,0.0017012207737163903,0.0024962579264555156,0.0032229253265801824,0.00032972139437309115,0.00011026163764508042,-0.00014318481590669158,0.00023192083253359018,0.000378041793176976,5.693910100846977e-05,0.00013357936037980243,2.4990670780496323e-05,4.729483941134935e-05,0.00033725529770339786,0.001617968623967145
2022-04-08,0.00014974967770146934,0.00018907706653221613,0.00020998491837595496,6.904184423286735e-05,1.1644143972455918e-05,5.281173617235139e-05,0.00014797130001650605,0.0015925406292660108,0.00025685420049151655,0.00015605322107601534,-0.00013575462845097667,0.0008041067451501102,0.0014341424867797686,0.0016644228689346537,-0.000281685679881711,8.512191026817513e-05,0.0003781340874098739,6.02407541575545e-05,-2.5812371490542432e-05,0.000146665845446388,0.00013591453620664405,0.00012915806784214633,0.00011955656034503745,0.0003555923645765479,0.0007696584871009292
2022-04-11,-0.00014102656248731314,-0.00018192000753807305,0.0002318828097621176,-7.179002993860982e-05,-2.523994830711722e-05,6.895950056855997e-05,-3.307059171107061e-05,0.0011563397294966577,-0.00030143412800977845,-0.001239865110102956,-0.0007651489828242436,-0.0007002459288758607,0.0023043993658202542,0.000669460008285991,-0.00048506736043132367,8.84038729788711e-05,0.0004162921686730542,0.00014330438558988603,0.0003000693460294941,3.237805238380208e-05,-1.883916444188013e-05,0.000141101534288419,-0.00027650407296516777,0.00026919892473555723,7.722806510787562e-05
2022-04-12,0.00014971745009666857,0.0003807016769864156,0.00025577288741190934,0.00019407355667413545,7.50462206530993e-05,3.356748611680606e-05,-5.983018093841353e-06,-0.0007165068713386583,0.00023988042943215153,0.0003190881946903047,0.0018457608184234745,0.0016102765270845434,0.0022356744574001807,0.0017683007976649733,0.00022255375627986166,8.985997216854373e-05,0.000394866735306784,4.240804779668102e-05,0.00016406655649428607,0.00014990581726675767,0.00014826920482605122,0.00013958280631099098,9.786724839099021e-05,0.0003471010899176113,0.0009106485039486024
2022-04-13,3.1607636456120185e-05,-2.592774676023641e-05,-0.0001121077221000108,0.00016139537244849711,3.7349655367059955e-05,5.979962327924802e-05,2.22137838361584e-06,0.0007593878625976069,7.588020013643169e-05,6.296577127309233e-05,0.0011353397873540363,0.0004245927811124535,0.0010648417434837966,0.0013498227494038982,0.00023834384061171863,4.6823623029821895e-05,0.00042730798574082694,0.00015976146234425207,-0.0007862596171791753,9.876488238436942e-05,0.00012030040834418816,0.0001323514086236839,-0.0005232912997875812,0.00019382617702115853,0.0007264325492443674
2022-04-14,-1.450115827018216e-05,-0.00018616831219276595,0.00015352712721303065,-0.00024444367217816405,-7.53181841470912e-05,5.339497646567595e-05,0.00012638918340785227,0.0014071741921843801,-0.0006208120073123782,-0.0003681808519204064,2.136265895007856e-05,0.00023688852052186865,-6.151995730538807e-05,-2.5116028777735343e-05,0.0003828067996240549,-0.001729479692303985,0.00042468093670492893,2.084987491324396e-05,0.00024235082295978816,0.00013052120679515569,8.541677735193221e-05,4.09977982953737e-05,0.0001650925352036656,4.350761685006509e-05,-0.0011357156125352678
2022-04-18,0.0001245856129725427,0.00030504587622221554,0.00015564351079679555,0.0001580042672258366,6.944970288212413e-06,5.3248054850445565e-05,5.412718734425211e-05,0.0015190082871888117,0.0003103989652886904,0.0003870153740884588,0.001195852985165069,0.001203827008006583,0.0007828619330141691,0.0018075840756563962,0.00018128399444084615,0.0001156239480758601,0.00021941323390318454,7.864911773691535e-05,-0.00010879108532003094,0.0001260675004040721,-5.7506339089362113e-05,-1.8147290986553552e-05,0.00010664092846699106,-0.00022375236505385875,0.0011664471879501968
2022-04-19,-0.00014013491225329963,-0.0001908796126164506,-0.000199181712275604,0.00012457524890880864,-1.0919722197312283e-07,-0.00016986780828242402,-0.0005673394531156067,-0.000720723914440265,0.00011354309801075508,0.00010750400050728813,0.0014608979124502764,0.0009756697427657788,-7.23106156154073e-05,0.0002921104390866038,0.00027487364205088085,7.516760601782618e-05,-6.0747905555047174e-05,-7.879569904241469e-05,-0.0001810211991508954,-0.0003341972390932012,-0.0008042612645880233,-0.00014268545124458584,4.1064901285371393e-05,-0.0007795534289232851,0.00017667122446850128
2022-04-20,0.00012329295433564,8.616983209297694e-05,0.00019131856556619487,-0.00022091171722646283,-3.9970379304291886e-05,4.661940714374263e-05,0.0001745142615064192,0.0013962177638045844,0.0002962578138676387,0.0003780981946875449,0.0005237745443712281,-0.0011052216517118702,-0.0022606604292222847,0.001188701266738141,0.00033056418724725415,1.7386680746930654e-05,4.2253757035026995e-05,6.997955488131277e-05,0.00024976217341243843,-0.00011598409949208348,0.00012202410239553626,-0.0005991414283067831,1.926114850477268e-05,-0.002983163739311941,0.0003050016109702158
2022-04-21,-0.0001031335615319271,-0.00012374740904388644,-0.0003103793633278851,0.00011267489467405606,-5.2211829554558935e-05,5.5894352635349365e-05,-0.0002818047020652963,0.0010721382386840313,0.0002698129872865042,8.581847361042517e-06,-0.0022390960058832335,0.0005914935648653407,-0.0009564642156735484,-0.0028992524094882443,-0.0007793098529183001,5.825317536976621e-05,-0.0008590512203953593,-0.0001349570193824882,0.00020156961221364934,0.00012039100703793396,0.00013250237784314292,0.00012628552198547997,0.0001774993300534548,-0.0001016977273922399,-0.0007982510582592974
2022-04-22,-0.0006452155048569623,-0.00038748444802983085,-0.0004628206325574591,0.00012187431864915697,6.661339782906404e-05,-2.9054721297764365e-05,-0.00027407409955882854,0.0006495534889775626,-0.0005246363076271761,-0.000199202826920802,0.0007283548466437543,0.0013277679344097866,0.0013942533727677436,0.00011748230574979107,-0.00029825238209162883,-0.004410124602111999,2.7121896249708035e-05,-0.0007939519439637955,-0.0006081114059401793,-0.0001421769089923346,4.055028143559572e-05,5.317187144355791e-05,-0.00018188664326239073,-0.0003172676440701519,0.0009979461790512766
2022-04-25,0.00012866003865273374,0.00018077659516750228,0.0002092138895231722,3.915901647431758e-05,-5.449802874074307e-05,-0.0002673192395998806,-0.0002825292301484448,0.0006477348611463121,0.0002663017532160581,-0.0001634781733525804,0.001473801615842991,0.001291521516386645,0.0004123995606257827,0.0013304031948152893,-0.0007987138043802717,0.0004262541878468567,0.0001887401547509981,0.0001478943575096502,0.00026545338305789906,0.0001747542473511475,-0.0004469446367826469,6.040921810012879e-05,0.00018973419287485421,0.00030883229433594677,0.0005708610147198421
2022-04-26,-0.0007120315455762047,-0.001154230229376847,-0.0007850000388920285,3.988248053737836e-05,7.395838907065276e-05,7.435929807810067e-05,0.00013421386667124022,0.0005434356000694986,-0.001160927291181468,-0.0010158629013524373,-0.0019174925297220239,-0.015549615666794098,-0.0031608443239111105,-0.0016849310463924235,0.00039203005272736373,-0.00046887099190632897,0.00017635351750648723,-0.000499816016015097,-0.0006384004996793562,-9.53743804323076e-05,0.00012418676315513005,-0.00016502364410601758,7.756587272965415e-05,-0.0007444010532623086,-0.0027037022316149873
2022-04-27,0.00018976306862413626,0.000405739465292033,0.00027944923132803277,-3.162121326547685e-05,-2.2192716619704868e-05,1.8343118754237506e-05,0.00014982965927930748,0.0011390896963767324,0.0003626538069094352,-0.0016909894498272952,0.0011653286178780241,0.002221972587475067,0.0014496180910015077,0.0008561279425999878,0.00015701724904472445,0.00017991283942877894,0.00022066764123754374,0.00017314709340912298,0.0001370947388172885,0.0001423103565402127,-2.4411241355166193e-05,0.00012979006501136455,0.00014602256919303132,0.0005589740331471298,0.0014599395318449597
2022-04-28,-0.00042697052306107377,-0.0008236618861882775,-4.434149689806695e-05,0.00013796748045828442,6.528037600852968e-05,3.156930063802841e-05,0.0001664542172935957,0.00029943689714264103,-0.0015870657686399615,0.00010829014450109461,-0.0035575432642246862,0.0019096054425142765,0.0016974940987299462,0.0019724565267611885,-0.0005470415650517522,0.0004405637153608043,0.00015237192304450134,1.2929822346587484e-05,6.869657457063703e-05,-0.00015067637711915058,0.0001275488863918667,-0.000494955954818545,1.7422748700230702e-05,0.0005827921389520266,-0.0014708747229544965
2022-04-29,-0.0011968473981855945,-0.0016748123062503373,-0.0005805096084680816,-3.330298118708536e-05,-5.297157569280669e-05,6.211825595254544e-05,-0.00014275680254147898,0.0006508367238823468,-0.0009399600208399603,-0.001200063897489318,-0.002317796363412496,0.001869068508306111,0.00037609177252027545,-0.005237397286922131,-0.00028249539423143234,0.0004127302870684032,-0.00028930796155177596,-0.0010445179237230703,-0.0007478173201916985,-0.002052647733068163,-8.591390534682739e-05,-0.0001481046450907235,-0.00025037386254069807,-0.0004946048682322532,-0.0006181269732290966
2022-05-02,0.0002606597689509243,0.0002802729363990273,0.00019385301815938756,-0.00016252682098031237,4.200317584539544e-05,-0.0002916119167506031,0.00012927656146140157,0.0005243283515124309,0.0005205487725470528,0.00011095136711107849,-0.0006819168695934661,0.0006135974276349912,-0.002127707949868738,-0.0031716041574981224,0.0001725982929151845,0.0004408090042166573,0.00018790844104572837,0.0002463006980119963,0.0003032076438987292,-0.00032479906266021005,9.219307056529883e-05,-7.061060726270521e-06,0.0001460582497799798,0.00032166543257152954,-0.0007715125792239288
2022-05-03,0.00026455808231030475,0.000559793476931661,0.00022986444100884227,0.00011450887275723959,3.770172547988329e-05,7.079263074965213e-05,0.0001946398532150624,0.00017258879410534734,0.00041528767144090783,0.0006485638870025041,0.002123696916583745,0.0019416883706221074,0.0017931966250201046,0.0021724164519981363,-0.0003370384561249861,0.0004430102310048046,0.00010814871297617048,4.9122026457521254e-05,-0.00010969629685925018,0.00014479969657503093,0.00018714345551667749,-7.942574037826374e-06,0.00017799776321218542,0.0005716764906113734,0.0011769246614215282
2022-05-04,-0.0006137258442370866,-0.000544960577465034,-0.0003938616997544475,0.0001311457182251037,-1.4209332531504217e-05,-1.9600520128864473e-05,-0.0002603649860226891,-0.0013514274057950895,-0.0011033672809361238,-7.979194118775074e-05,0.0007678888769438305,-0.0001806347450079705,-0.0007033354989915035,-0.00019376531820364295,-0.0011906879083545064,-0.0012033782486018563,-0.0004303066912573245,-0.0006826627243394545,-0.0006981888407701529,0.0001546710928408137,7.605505679129986e-05,0.00012689740654843874,-8.659503199433293e-06,4.356711407109144e-05,-0.006195344179888779
2022-05-05,-0.0009782247014616804,-0.002071875199844876,-0.0013772304784341331,-0.000611443001973371,-0.000153499822826024,6.531419584482855e-05,-0.0003451423216134736,0.0007046351377354346,-0.0027163224219554755,-0.0012122779692097631,-0.0036370119017020675,-0.005615803230265881,-0.0069031402913327594,-0.014357323619645672,0.00032613770222483346,-0.00034281227142260863,0.00018959254928023115,-0.0005998610104843479,-0.000224036069208508,-0.00043957983915314844,-0.00018083142259788892,-0.00016468417908638628,0.00011643159106255266,-0.00038591939568460105,-0.0015243913750448241
2022-05-06,0.00035850620486069864,0.0005719595671952732,0.00011839897896999792,-4.6373922256673616e-05,8.245895525087543e-06,7.579273093824523e-05,0.00020971514669669073,0.0002633908041596633,0.0007079969689505601,0.0007799816316600478,0.002232609088908841,0.0021546968790362186,6.665869886266678e-05,-0.006100357249673077,-0.0003077377724956501,0.0005688177412825478,2.451798082883354e-05,0.00026860381039100735,0.00044302118722920446,0.00018715596465683054,0.0002038596566967037,0.00010115441123981156,-0.00024856644896862067,0.00018827960344339044,0.0016506527627856975
2022-05-09,-0.0006681299698159235,-0.0008942568522271307,-0.001442493192815927,0.00010573232455185261,7.087796413586517e-05,-0.00013435232007939616,-0.0007187249899718085,-0.004246601540940581,-0.00042675057687109445,-0.0006182964476133096,-0.007275743003968992,-0.006909817463590767,-0.008661394361259345,-0.043530389046134974,-0.0068566934599859335,-0.0009720847992463193,-0.000349731802599528,-0.00026451988780360874,0.000205617751018987,-0.0016990313559985988,0.00014342810161277974,0.00018767427680424525,5.410169865719132e-05,-0.000311456261440526,-0.00792985877483705
2022-05-10,0.0004420603341594117,0.0006399118680258735,0.0005047618588480394,0.00010199350974534812,6.492527909776098e-05,1.731967542025541e-05,-0.00029732943250700144,0.00020697587897366596,0.0005192062670370859,0.0005348613934415339,0.0012332346865034525,0.0023599597732654573,0.0027000868470746114,-0.012028547918777397,0.0009177484732267825,0.00043231143546847357,0.000218653390013328,0.0002732241536783991,-0.00016167085620647024,9.742611343368834e-05,0.00017230957611187505,0.00015731224035270256,-9.577286854972725e-06,0.0006238165710296503,0.0016591775195527695
2022-05-11,0.0001908472164200078,-0.00012354884861386257,-0.00013261420304134326,-0.00018289082560988114,5.8682563155938825e-05,2.4889130652754795e-05,5.81150799284815e-05,-0.001320004194942333,-0.0020529881661203453,-0.00025957711790718346,-0.0005933441927191939,-0.004833272177597289,-0.008698213181323616,-0.08692813705535254,0.0007857084168683847,0.0005868039891184289,0.00020658411693588952,0.0002650896564295128,0.00042240703321762594,0.0004493465544031725,0.0001444855988797432,-1.7745703683261373e-05,9.024420602024185e-05,0.00013018976265921807,0.0023095131120381305
2022-05-12,0.0004439623702978611,0.0007955104572024691,0.0003977219066173305,0.00018402175196689075,7.602051499874805e-05,-0.00014545289652708322,-0.001155548957653696,0.0008797151326318145,0.00015617186947850296,0.0004484917249667195,0.0018369319238592543,0.002793724239982044,0.0003081942900391879,0.004805902125473582,0.0009042373182040568,0.0005964061234931327,3.664688755174747e-05,0.00029775958788658217,0.00046319126059133226,0.00038735248603074044,7.03194706249164e-05,0.0001770940073989233,0.00018394728377770268,0.0006196316200748173,0.0022282315349134445
2022-05-13,-0.00011385270995117847,-0.0005237677826205166,-0.00043296064926030614,-3.4152977392710434e-05,4.84252407038723e-05,3.690457374770413e-05,0.00015323592602465265,0.0002799338296185385,-5.413862256846262e-05,0.0003708927995318017,-0.005549927007081059,-0.00022868137874808465,-0.00907248462951949,-0.009640753854085431,-0.000221422596396848,0.0006754880558953173,0.00021877996030712424,0.00014320825679874232,0.00037884791488574423,-0.00022845345534400414,0.00013916680705834857,8.028700436110889e-05,0.0001674129742676843,-0.00011721623449895808,-0.005539970475158784
2022-05-16,0.00045129386515409655,0.0007148410502527277,0.0005514339445471141,0.00019843927144264014,7.446798219999113e-05,1.5465736969866116e-05,-0.00027079997221224594,0.0004177640108289296,0.0008574571788213861,0.0008745518196230026,0.0023815923713255208,-0.0007081553335072854,0.00032624396906414006,0.00449859219305998,0.0002808211267260459,0.0005223972914890507,0.00019023577869471065,0.00029217853624033803,0.00035386956424846683,0.0004454324987568686,0.00012504269625065868,0.0001054466974999878,0.00014575730389183473,0.00032530690606662947,0.0026015409576794174
2022-05-17,4.5534101777646276e-05,0.0001750161106883919,-0.00033713783096125656,2.9320417018435216e-05,3.589181385240192e-05,7.024515975799166e-05,0.0004365526128084253,0.0003356885834115294,0.00029786932212268376,0.0004298769174895267,0.00029634174694233295,0.0005704563063653719,0.0017368685323652907,-0.0019842863526157405,0.000862138554914035,-0.00016243929907558874,0.0001593474253137134,-0.0003384155818356966,-0.0006626805701792366,0.00030352577514834093,0.00015754009843768925,0.00019525507828590502,-0.01443711712225451,-0.0003016085551778055,-0.004449119607276484
2022-05-18,-0.0012102286472905621,-0.0016690243810759653,-0.0006547705836033467,-0.00026109052652097,5.389320175334866e-05,0.0001112906080752069,0.0003398322613047352,0.00044046382711180037,-0.0024099529509279813,-0.0013140729381652114,-0.001919120337719123,-0.0017606743499733297,0.0021691893470153715,0.0038049544594949483,0.00031595495239754767,6.59495220864903e-05,-7.870623450098531e-06,-0.00038391365289008704,0.00014274545885448387,-0.0003722630460656607,-0.000184133952166696,-0.0039420739899337165,-0.0040033914972079886,-0.0008826535977034762,-0.0009420909492796337
2022-05-19,0.0005237591047754002,0.0009478241210731472,0.0006632003949484075,0.00019939842108622016,5.748841627095518e-05,-0.00011398708660042798,-0.00033155491639039577,0.0006115976076152661,0.0005139429593852188,0.0009469182815454942,0.0031990658536569898,0.0034419371955589986,0.0022996779716967335,0.010781586776774921,0.001010090284270765,0.0006597275822777802,-0.00018774203010605756,0.0003838890299359106,0.0002107333959554221,0.0004980136459708276,5.7137898361656595e-05,-0.000129326605399083,0.0004318570960999663,0.0006899119594410996,0.0030810459552748607
2022-05-20,0.000563345408062988,0.0009567637727229488,0.0006587404158593724,5.630934784803799e-05,3.519224766684478e-05,0.00010875399754369148,0.0003389768077517905,0.0007109673858402166,0.0011674462739042258,0.0009553924817866305,0.0026192316629839343,-0.001097037431065559,0.003943687097304505,0.015159490140559909,0.0010051482214119844,-0.0012683948220820127,0.00022359590935603442,0.0004246024002792176,0.0003775055318384278,0.0004636958477845435,-0.00016005216099653258,0.00040501477041761743,0.0012389178322471045,0.0005937470823523906,0.001935735517853268
2022-05-23,0.0002074903376376797,0.0006711031483521606,0.0004929508099668947,-8.76275871121526e-05,4.1604350477789074e-05,8.704617655281555e-05,0.000415672456316098,0.0008721799277725212,-0.0003779305198425586,-5.415746258414253e-05,0.002940849536682619,0.003216190601918833,0.003982723736489699,0.015279618997385665,0.0002878122161144908,-0.00020606976072033484,-0.0002494540191267763,-0.0006089677997339995,-0.0031582695053998184,0.00037052779978413177,-0.0002522755343867123,-0.0001113054873119534,0.0004490606491973039,-0.000457792299804073,0.002718285473183152
2022-05-24,0.0004688185291966891,0.00045750137624850644,0.0003850342099057567,-0.0001812769430684126,-0.00011502937181356878,4.83682287563121e-05,0.0001880137391879164,0.0008580901173927189,0.0008340247851783939,0.0009460168032843921,0.0010069428000234579,-0.0016506005958952202,-0.001182853553151713,0.009641304847685404,0.0009567861072160952,0.0005354563026782244,-0.00030332901536520566,0.0004158812286677521,0.00039978215031658264,0.0004229721825615788,5.503818102038142e-05,0.00011899917372144685,0.0011097687264548734,-0.001041996560560328,0.0012267749385484513
2022-05-25,0.00045155499322099585,0.0007425876094902978,0.0002997677139323172,0.0002004504860186041,-4.7642702787836846e-05,5.300895369975163e-05,0.000372515209986732,0.0007976761525407994,0.001227355226775618,0.0008072939147509956,0.0006667675059522289,0.0015114936150803669,0.002167805371705697,0.007256521573096414,0.0004922361582742703,0.0002806061064931895,0.00010292483303762257,0.0003573514345487738,0.0005591253161312294,0.00042593766007943933,4.988173157595134e-05,0.00017014787193113645,0.0012342757302948987,0.00044472886780737335,0.0027797308142981725
2022-05-26,9.444147310485782e-05,0.0001183298135710814,9.176777225146599e-05,0.00019081353822406492,6.323480211427559e-05,8.804160902272082e-05,0.0003729402329582816,0.00016410329323414267,0.0006234929658074823,0.0006942179515863757,0.0005453246634043291,-0.002153268771813835,0.0026080375652351613,0.014132757790563876,0.0008121899801591798,0.0002558529516922691,0.0002196802547766966,-0.00013359014440182947,0.0002666892111082561,0.0004845208548635863,0.00014882930162995293,0.0003664016710263882,0.0008230668229825786,0.00014986399806697073,-0.00122543606716088
2022-05-27,-8.131648061077829e-05,-0.0001255011109480734,-0.00010100432459135089,0.0001974380327242168,3.098571874609148e-05,8.823141456423036e-05,0.00036617905625157795,0.0007323416570490611,-0.00041769782499072794,4.4363476007646015e-06,0.0004499304689740344,-0.001749586138630385,0.00013328006679296303,0.010055174985412042,0.0005995061728887863,0.00018757911928101063,0.00018768186730349316,0.00013698918220922022,0.0003701745495796647,-0.00021686972325842766,5.707438024037528e-05,0.00021566286349878233,0.0009098949475002214,-0.0005093702548173684,0.0018424715267666323
2022-05-31,0.0004733431161442029,0.0008888181513867671,0.0004687775270792719,-0.00025392701596408995,4.4525126548721234e-06,-1.1918436789828404e-05,-0.0002973929097651748,0.0008159109696326472,0.0011299946641573158,0.0007338369829803995,0.0030083040799719026,0.003528508080631362,0.0034618282854208832,0.014691790807609965,0.0006679409617410468,0.0005420587891109502,-7.77447518545191e-05,0.00041535822320524156,0.0005114780813490835,0.00035159674868447306,6.542129669108204e-05,0.000392026731677254,0.0013004318108203216,0.0006440423153098341,0.002952896593359061
2022-06-01,0.00036312687814059666,0.0007250649048073645,0.0005541442207147739,0.00021799742987325312,2.1204118862438618e-05,5.2035020760286155e-05,0.00018051180509888858,0.000807561861415071,0.0010833849295109879,0.0006565032006608804,0.0024765446632072016,0.002958603445255069,0.0029587009688032333,-0.0010250415265943766,0.0006116589064142756,0.0005120910360049981,0.00020570128193325544,9.409231020635333e-05,0.00019524135855128526,0.00032222429591009674,2.5661699765848725e-05,0.00017581400884518134,0.0006514712270922954,0.0005670668779317604,0.0028081375297371717
2022-06-02,7.486490343647343e-05,3.8230840197826885e-05,6.127802402988974e-08,0.00020236647647060163,5.517751859101623e-05,-7.430110816005138e-05,-0.00011149314909624452,0.00040301138904869506,0.0008060424192207916,0.0005649304429570967,-0.0017944793076098554,0.0013980982442171335,-0.0008766655662329993,0.01098567436726157,0.0008631176421854659,0.0004523058797792811,0.00019187013723484558,0.0001843265785213614,0.0002664684059112351,0.0001761282526612743,0.00011958384401431094,0.0002964405760525422,0.0010447438926050553,0.000455481376072866,-0.0022226378126605864
2022-06-03,0.0001752429403787043,0.00011302939844632634,0.0005282908183933164,0.00019554141319966858,4.303625851933594e-05,-2.093598171659738e-05,0.00011563442936244586,0.0001589206180322223,-0.0004517747794336609,0.0003453333153362955,0.0008848951298427352,-0.005756000094048462,0.001351035934622422,0.006255699667958765,0.0006587215189536882,0.00040801994848967636,0.0001923321644262298,0.00016112231416464965,0.0003134910176325002,0.0001834898138346708,0.00011282767692786791,0.00032615406695302266,0.0010237517032042566,0.00029966595639134195,0.002522140269168584
2022-06-06,0.0004055387059245339,0.0007745347499852386,0.0005579688687905235,-0.00014776242912520636,-1.8287076882453565e-06,6.41747432959114e-05,0.0003712230896039845,0.000566408810929436,0.0010631963808006826,0.0005738475453704433,0.0029852672284553148,0.003739548627303499,0.0044224574608001,0.013630189519581268,0.00074937374303206,0.00048556692286808284,0.00016917377143465295,0.0003255516964856264,0.0004523833012643076,0.0003569778661003335,0.00012458264426744027,0.00039345265747968823,0.001317043326407332,0.0006342338484298193,0.0025485584095218264
2022-06-07,0.00025242907938076816,0.0005661902136412896,0.0002277661283654847,6.009520183076087e-05,9.813262235838007e-06,4.170701070513188e-05,0.00033660466884706476,0.0003793302885319409,0.0006079765551425655,0.0002966636955697479,0.0026260761350411633,0.003586290863750743,0.0031504891059509826,0.015998423400438257,-0.00012775029831240488,0.0002092221780282796,-0.0006510304691642912,0.00022717427180296627,0.00042192342756673234,0.00014016228788417352,-1.5381909576593793e-05,0.0002677695595650925,0.001180592163196473,0.0006439707803591253,0.002395236868853476
2022-06-08,0.00022708832339706517,0.0005838720397905869,0.0002398108683097144,9.053057162597141e-05,2.4381260799096277e-06,8.522655796382155e-05,0.0003223361568864154,0.00025851413992088017,0.0009017497316206871,0.00043499248837498204,0.0024670168388214683,0.0034351993278419913,0.003227877535328519,0.01571959733250309,0.0007335756033757121,0.00031767060278112166,-0.0006169076151907097,-2.831985716060173e-05,0.00017164451224293545,-0.0002142940012397863,7.49999669571465e-05,0.0002349661828453366,0.001234512414226807,0.0006028819732800899,0.0013301821841048519
2022-06-09,-0.00028422607448770604,-0.00018544092090162746,-4.432330067882887e-05,0.00015882187497509294,-6.805575924549025e-06,6.431515799272849e-05,-1.2500423563507543e-05,0.00037479927449226343,-0.0004745458760377087,-2.1171724410572873e-05,0.0011074891469034173,0.0030214384362995976,-0.0005293386406852543,0.006469292689169091,-0.00016954045317960542,-0.0003524460490114242,-0.00037750068108988925,-0.00037578265808548987,-2.059437842823409e-05,-0.00032697197679875984,-0.00030298036873758913,6.827132734597456e-05,0.0011964409350681585,-0.0009012898987118595,0.0009629429943211755
2022-06-10,-0.0005391915680172505,-0.0007053059690730252,-0.00033792224164580774,0.00012731155302085704,-5.628176061728362e-05,-0.00010640756137282725,0.00021001225637807936,0.00032917489996111963,-0.000626153732787164,-0.0016527110464911036,-0.0016048551781861014,0.00208766911211765,-0.0019060958439585923,0.005738211374496312,6.066843745083662e-05,-0.0010930739903567428,0.00021625412874927568,-0.001052405393666887,-0.0017923539835702058,-0.00024101035585330163,8.854029942725708e-05,0.000402505653048017,0.0012707989230526337,-0.0008323517006728186,0.00023890013551004828
2022-06-13,-0.0011383553884927278,-0.0016618988308941026,-0.0018901283118371046,-0.0008682582055008745,-0.0005026100685845072,-0.0006392956818646404,-0.0008869689818120671,0.00031345377116354507,-0.0006683419428842614,-0.0014014047440349016,-0.004435435970870098,-0.002686919954956646,-0.005204542712072115,-0.006908895457341327,-0.002514022664356221,-0.0010674181995238936,3.7179488299616376e-05,-0.0005437562298391412,-0.00037294046993399557,-0.0023409283608597487,3.1544262758399506e-05,-0.000329607118139223,0.0009370165686148539,-0.0007306795839255748,-0.005410727588445123
2022-06-14,0.00043283950131912875,0.0007255553105237379,0.0005212619078248298,4.252167214645886e-05,4.5074496188632014e-05,3.8788103651124e-05,0.0002625957689574829,-0.00014587563482171246,0.0008540887763941401,0.00047346572867206416,0.002367701127891775,0.0024765662164051377,0.0034614516595729743,0.00811151252670725,0.0005121221475706012,0.000557542914866416,-8.716159810038827e-05,0.00034591916039620335,0.0003094228692633359,0.0003712119495343049,-0.00010432656388022091,-0.0005584767465024046,0.0013173985416043783,0.0005285273779342365,0.0024190004103930712
2022-06-15,0.00021149397476526212,4.814308841094388e-05,0.0002812750076514477,-0.00014133849129964042,-0.00016879003829098192,-6.486949154639639e-05,-0.0006037674878236574,-6.550678233857013e-07,0.00045021040343653997,-0.0003239168037437799,0.00024776679057497784,4.657230238599725e-05,-0.0011396175307989125,0.0028305864974394407,-4.4441295641183616e-05,0.0005450205867008013,0.00024786524303465046,0.0002886606904242495,0.00046364192130884295,-0.0001532978942982401,3.255440536967054e-05,0.00039515062393858855,0.0013163195130641452,0.0004385674998345468,0.0013028074549106775
2022-06-16,-0.0007107973435872658,-0.0010136485420407892,-0.0017461464473489396,0.00015644671813728675,8.395695469790097e-05,-1.7469641892764193e-05,0.00011495491607115579,0.00021919413361816235,-0.0007748615343108065,-0.00016591520670295064,-0.0011879396190424846,-0.0051198553565591585,-0.0011561634263830725,0.0011235146517288392,-0.002916565273766197,-0.002584627066252358,-0.00024460450592965564,-0.000240525925856607,0.0003075339397512857,-0.00028624572665267127,0.00014917395249307194,0.000458038553209783,0.001209943658476704,0.000454678133122792,-0.005146890145552262
2022-06-17,0.00045663366755459387,0.0005933724468597094,0.0005158205750101191,0.00020396730383916782,7.937828676269814e-05,4.403032942822806e-05,0.0001524689776342839,-0.0022935412190142296,0.0007857273776706788,0.0004819160803980332,0.0018592053138739798,0.002859356836441077,0.0007104975566702369,0.00612729541042014,-0.0025396907163932904,0.0005513270484306191,0.00029367951239499956,0.0004045334000343247,0.0005526833393254298,0.00039527452954907726,0.00013519016997883343,0.00044454384221631556,0.0001434459186951915,0.0006956004046015671,0.001996880729969795
2022-06-21,-0.00024931160942456946,-1.2126148235428597e-05,0.00019452320333136687,-0.00010181346644470539,-1.9164310080666366e-05,0.00010190724122094547,0.0003237542190282924,0.00030015435823271494,-0.000299392461115206,-0.00010231148027848718,0.00012904729828825735,-0.005103139214693403,0.0011935633938595775,-0.007799316995158298,-0.0017939021125078884,0.00028069890868389496,-0.0010354038646424733,-1.9676558212958217e-05,-4.925690943304408e-05,0.00021707876210611224,-0.0002998190821524424,-0.0006179268193813123,-0.0007676862603573883,0.00047974526173077985,0.0010995425066111504
2022-06-22,0.00039729993759909677,0.0006389839885892602,0.0005234747771906221,-0.0005297628349767665,3.530289408056095e-05,8.921454066616659e-05,0.0001612375922974598,-0.0011162461032366725,0.0007478575987517195,0.0005136483834572097,0.0018524999955739814,0.003315302728758685,0.0028026947789746765,-0.004405761116952764,-0.0007729164263363287,-0.0013101569176440931,0.0002639291074322731,0.00038477701390065677,0.0005384537669289472,0.0002578374221795268,-9.592143082590003e-05,5.172478451713583e-05,0.00014001057423235547,0.0005999645307286762,0.00185894216222638
2022-06-23,0.00030560818841947535,0.00042216417432134517,0.00038519144280909165,0.00017260486492046143,3.087459867126205e-05,6.807344313803737e-05,-0.00011221497890001066,-0.00013188985466149115,0.000307621793985621,1.8417328481252354e-05,0.001913582275056282,0.00307285478919542,-0.001681791017322463,-0.009303871870477595,-0.0004401324698394462,-0.001831540862671722,0.00020118600292124968,0.0003751106244264696,0.0004471518285160957,6.961965859555948e-05,-0.0003404850886959915,-0.0004275725301832559,-0.000278746562663295,0.0005300233963871203,0.0015459178649811197
2022-06-24,-0.0005924774603484605,-0.0004972216604999126,-0.00040359394553167644,3.3837241015976675e-05,9.0803732645858e-05,0.00010576605005075205,0.0002549316292598337,-0.00035362368237590194,0.00011673619653579923,-0.0006351299488648152,-0.0009428690159585637,0.0011192032710974206,0.0016770828773300392,0.0034674040880142984,0.000856514239810849,-0.0006526051490767969,-9.00991275633831e-05,-0.0009763348660929891,-0.00048747216336978273,-7.299173114107087e-06,-6.072775439324972e-05,0.00011229682674629153,0.0002841642647506636,-0.0007654195972251754,-0.0012146315093657378
2022-06-27,0.00042294064051122133,0.0006204882512788792,0.0005518108568295659,0.00014449192163994796,-1.9751317046505295e-06,0.0001024941864871513,0.0002973464834889954,9.92012204985536e-05,0.0007149258178780522,0.0004420083500143641,0.001798221915302959,0.0028926078950887455,0.002569331125370813,-0.005616392382558055,0.00020014147886686113,0.0006978567594749247,0.00031707347772938737,0.00039458592260178125,0.00034928719154264214,0.0004540811723569466,0.00015469841133341326,0.00025255067056378634,0.0002660107787391052,0.00038328966679650607,0.0017524648192311074
2022-06-28,7.953391483505332e-06,-0.0002902962281445186,0.00018952435262080479,0.0001994203577257386,8.178429549579495e-05,9.90881193690234e-05,5.749875706483187e-05,7.254357735228111e-05,-0.0001997306428483109,-0.00048827205183722125,-0.001012786228518399,0.0001435384862905984,-0.0006585628825676033,-0.00035724421040450333,0.0003488875983208774,0.0008138511524742472,0.0002989901158422542,0.0003038210629539725,0.00039164547314725313,0.0003030505951919577,-0.0006823134157510495,3.038196225779846e-05,7.330161516724427e-05,0.00047020058149613953,-0.002300184615696423
2022-06-29,0.0004353917893823212,0.0006777053340875308,0.00043780352197211533,-1.8792036589733365e-05,4.6543765311279395e-05,0.00010118225212543402,0.0003043770852940197,7.281349994398538e-05,0.0005687030228769471,0.0003866952381239248,0.001146530404682591,0.0023148978471980827,0.0028730360077340485,0.007163624002218594,-0.0001598114780738027,0.0003419276913027353,0.0002928876432205793,0.00034826554011847414,0.00037984256267909903,0.00042192257019507657,0.00019576345620103794,0.00022813018881339336,0.00024803923926187537,0.0004887142019474035,0.0006266347863791272
2022-06-30,0.0003373356965516016,0.00046633596984326864,0.00044770212511654876,0.00015744913665550548,7.328273346452659e-05,6.463114606488986e-05,-0.00038946593864986874,-0.0004768798167122284,0.00032696376008587254,0.00039585169509258263,0.0011957367327138887,0.002071637846454105,0.0013121989268291435,0.004516549249386232,0.000687748380495303,0.00012326387034301497,-0.0003694429942312503,0.0002881337621651769,-0.00016687880720127308,0.0004209546817280255,0.00018276492062064658,0.00017810467222727195,0.00023375192451304406,0.0002587727744985678,0.0014755403623411593
2022-07-01,0.00029509950069192244,0.0005869658971578793,0.0003589309860298145,0.00010869602820918876,-7.798261859976363e-05,9.771770856531654e-05,-6.126038800214793e-06,0.0003273032841007425,0.0004173435171180676,0.00046668327971061976,1.2358913887906614e-05,0.0022506506446017477,0.0018649617727252586,0.006034901465860828,0.0009334607738544333,0.0008307874586216283,0.00026392479778410274,0.00018615216327998803,0.0002565642882172505,9.801657555985377e-05,6.096603829363077e-05,5.057270867428514e-05,0.0001679547515962678,0.00010201156722720189,0.0004917912499915488
2022-07-05,0.00040468210145722366,0.00034145232064832924,0.00044178366091830984,0.00015741997530514207,8.649104798343569e-05,-0.00036333979619849343,-0.0007172644815481202,-0.00716067857230007,0.0003368069110326053,0.0004293814910087185,0.001035335494738866,0.0017445708434573695,-0.004638417487359039,-0.00792807938425733,-0.00048754095683208997,0.00017229296159458922,-0.0015184775307980768,0.00035434502588025936,0.00039517826488938006,0.00042204692837668475,0.00012945217388402475,0.00021399614823072543,3.9397790754124495e-05,0.000331008024968708,0.001534791769755456
2022-07-06,0.00037758099355409737,0.0005645446827499339,0.00042643681689989927,-6.47282609248821e-05,6.192531398463724e-05,-0.0001417989377689795,0.00034256652688955297,0.0007876113561631527,0.0006011210512909706,0.0004299329563879036,0.001610688682832397,0.0022678398607741423,0.0025657656091989224,0.002735797937726156,0.0009445400553631594,0.0007939430078779123,-0.00020406019168466624,0.0003503699420056612,0.00035425601286711656,0.0004167761649912275,0.0001909092170359722,0.0002206514385108744,0.00015673599009223272,0.0003107538046579867,0.0017059835756206502
2022-07-07,0.00015357475029919432,0.00012127513407272298,-6.688932044717719e-05,0.0001593259123212686,8.734613220374333e-05,0.00012116569215829258,0.0003194439875344578,-0.00048167580675233853,5.0428552449769564e-05,0.0005176245713401181,-0.0005829452825198474,-0.0011047727687969076,-0.0010593783136348955,-0.003908760377069328,-6.612418846452988e-06,-0.001185858153173159,0.00039426914918097437,0.00013784475947231325,-0.00023583702671646983,0.00040313699708005807,0.0001895685513116387,0.00030705540302458694,0.00019053071224024422,0.00023075750811783898,-0.0009253292387628989
2022-07-08,0.00038549573196581475,0.0005919494551740113,0.0005091653987455103,9.870709642077023e-05,8.194359825136256e-05,0.00012023764737987157,0.0003238648218208617,0.0004027544785182173,0.0006200790581312791,0.0005795839149796005,0.0017442202534838547,0.0013040193212200224,0.003155864273005317,0.005321756155543854,0.0013162782153904689,0.0009268715209685281,0.00045535346148085844,0.000351704014003807,0.0004117596712249655,0.00038213925215906986,0.00018937270288645885,0.00026098296422750436,0.00019184295546337791,0.00016889600935184284,0.0018257997257471279
2022-07-11,0.00024921264990224775,0.0001231787318727088,8.272879539626433e-05,-6.909687377725692e-05,7.532422720084872e-05,8.92323986776659e-05,0.0001852540686370838,0.0010630852668396988,0.000405714165681485,0.0004369568584627752,-0.0002178010441505039,-0.0026172314647267903,-0.0020240286334063514,-0.004889033477523076,0.0011763052365977376,0.0004283462779362452,0.00042120942187942834,0.000287251087998173,0.00024747995309552903,0.00039685877710035844,0.00018427157430072512,0.00025297140566210954,0.00018411602954489635,-0.00010176002181341403,0.0008822804515291883
2022-07-12,0.0003029039967218507,0.0005174879087824885,0.0004926659860483177,0.0001998109166805313,7.971279096076855e-05,0.00010579181598060846,0.00026626660848822056,-0.004100793245701636,0.0005910914737020445,-0.0011694491200377778,0.0018171604347280508,0.0021821335863251665,0.003098244756155901,0.008392306951571912,0.0008862294030852127,0.0009716012397127721,0.00023730483653576693,0.00030009173488923264,0.0004163084103098126,0.00035662844744324207,-1.6785175445539156e-05,0.0002174647586970243,0.00017092358818154559,0.00047617876614109404,0.001759647402372
2022-07-13,0.00032677617991403433,0.0005728167743918988,0.00048031404168148137,0.00010623380260027258,2.38464687846659e-05,9.704728449914316e-05,0.00011165582674378978,0.0013042432970661007,0.0005601349500023945,0.0006391910444004713,0.0017518055553075581,0.0019237654234172173,0.0031018251517032453,0.007620773168084785,0.0012651813409894385,0.0009286030582729396,0.00014915913075897952,0.00022743731082878555,0.0003037325972796548,0.0003181388397391096,0.00016528791368390885,0.000239523241194946,0.00016882969718284366,0.00034569780642236373,0.0015425510605551413
2022-07-14,0.00030269622460876483,0.0004939943501542259,0.0003330566108340432,0.00017410782946325498,3.669658956412858e-05,-8.873897942520911e-05,-0.0012641845904523843,0.00130512321934769,7.085469705064222e-05,0.0005114282743197544,0.0013910868590090698,0.002140970126566467,0.002415617866749731,0.007687728723529364,0.0008878459124676653,0.0003372668149106853,9.269312494240292e-06,-0.0001370095643749832,-0.0009885696710981336,0.00023332228122375858,0.0001667084514008151,0.0002751318015442062,-0.00020139264757324286,0.0001756494444007879,0.0014983023151647116
2022-07-15,-0.0001312709911957991,6.0090111188689605e-05,-0.00010582521847145581,0.00015773251785480873,-1.4065044726700501e-05,7.906962694271687e-05,0.00021569332994108315,0.0011801872857645037,0.0002913878074219193,0.0003321039756633387,0.0005962579474468356,0.0018203059133296514,0.0018747698864581667,0.006874083879766689,0.0008530519151501361,0.00040223924006040036,0.0003560386936529826,-0.0009001156136672507,-0.0017128727452286525,-0.00010695999750229529,-4.4616696430990386e-05,0.00024212638375453927,7.920714231778129e-05,-0.0010443053884820303,0.00030529595052208847
2022-07-18,0.00017725042274371034,0.0003285481865096451,0.00033267894689249273,7.244812498840658e-05,2.8025069376306447e-06,7.890797996445111e-05,0.0003405001166849265,-0.00035306323576148393,-9.427715509102057e-06,0.00034673602216465563,0.0007976331572628757,0.0018424754722101851,0.0024237978602900476,-0.0006207796262556299,0.0006163698398312161,0.0008253970832040335,-0.0004365518523339951,0.00024920018546582844,0.00028342231960199415,0.00013734357251371444,-0.0003538846739652177,4.0123108886272755e-05,0.00017367817383126286,0.0002765828933955914,0.0013320373200356637
2022-07-19,-0.0004719960011109978,-0.0005460570889196444,-0.0008728240885100965,0.00014017308876394403,3.351796661843578e-05,6.495225574573446e-05,0.00027794721598387175,0.0011288963926166019,-0.00026763741699473127,-2.4173738072489086e-05,-0.0017256914732059713,0.0012702242087831292,0.0005500511376335252,-0.006152319640788994,0.00020987753212726534,-0.0008508903379998124,0.00034078686114813234,-0.0006165574685346468,-0.000210854578458788,-0.0004929995300573633,-3.2314838779339146e-05,0.00016599566751486706,0.00014195690825248165,-0.0013147237025528046,-0.0015202288026274686
2022-07-20,0.00017531847882156247,8.127968926258209e-05,3.052475325799754e-05,0.0001607402924429595,4.048744306674879e-05,-2.513182137523378e-05,0.0002510338718563624,0.0013678476151133606,0.00019616454980307828,0.0002702164457251513,-0.0010426610022313575,0.0012133706598700588,-0.0003614775139708895,-0.010430599950019083,0.0009028229273413005,0.0007384110621401751,0.0002276865593252775,0.0002559789115024502,0.00040462166129752767,0.00015192337709602906,0.00016237687650221908,-0.0001128934145889358,0.00010665266864020666,-0.00099742680446253,-0.0005674827290373485
2022-07-21,0.00011498791021458425,0.00013118372321815124,0.00025607498034039113,-0.00012596327563798275,-0.00014269625825997454,-0.00013107235200353952,0.000129931871260712,0.00046861384193224755,0.00015446050622190495,0.0002849795144450791,0.001071425738049238,-0.007442365482579408,0.0017880728051778419,0.00821093914021051,0.0005148563869879287,0.0007072460891320129,0.00038762382783381997,0.0002288387884936567,0.0003579080706260504,9.221248568997976e-05,0.00018390041702451323,0.00020409179859535504,-5.216811429707715e-05,0.0003715213316345167,0.0008228967069202836
2022-07-22,0.00010252292392690649,-1.5078391827357093e-06,7.766557822826375e-06,-0.00011045611839719544,-1.3081522675969196e-05,6.902872297493421e-05,5.877977228345882e-05,0.0011326906737234037,0.00026796675639418135,6.189092618122036e-05,-0.0005418792329948581,0.0012998675330943943,-0.0012391416982297306,0.005890221415888503,0.0006368287416049285,0.000547050640441365,0.0003139683787523479,0.0002171403623714702,0.0003500049815012723,0.00012059876902678174,0.00015109645653399174,-9.520057514023433e-05,0.00010640315726796058,0.0002329622707738144,2.627068394151508e-05
2022-07-25,0.00019251283943215285,0.00029585672284228553,0.00025361372011360457,4.57038221369959e-05,-2.564747566963631e-05,6.719573897925719e-05,0.00020318075985036065,0.0007217656004890555,0.0002819763203268643,0.0003338414288690735,0.0009571165319771674,0.001104456581850715,0.0019980799848440508,0.004369478865550508,-0.0006805296652992121,0.0003086946165173173,0.0001492857477373666,0.00021131002733690968,0.00035726178173500864,0.0001375053476535419,0.00015724598314224175,0.00011117866337689835,0.00010315907848360971,0.00044269354258638926,0.0011605189282074104
2022-07-26,4.721293667423734e-05,-7.55138910841131e-05,0.00023593667586545834,0.00014343496562956387,4.702277081793468e-05,7.165001304879538e-05,0.000163001695225201,0.0010249751572108591,0.00023658799226217636,-0.0003935032819787136,0.0004082057724067302,-5.845954262855132e-06,-0.00047433324599405777,-0.049436237093721073,0.0005270361576011841,0.0004921112051195253,0.0002565646964587567,5.6063352575934155e-05,0.00011959502238026215,0.00012001132144859212,8.501028020710001e-05,0.0001154757906925327,-0.00618241696880312,-0.0003875891985999658,0.0004869268393852816
2022-07-27,-0.0005141747482720007,-0.0014355156709835353,-0.0002809482810918368,0.00010167659286661732,2.9470385814853753e-06,-2.960688269857431e-05,-0.00036354655222359765,-6.757879528258284e-05,-0.0008457656126956119,-0.0038660505831422587,-0.004218045877712869,-0.0023015975008167768,-0.00223541771290226,-0.0016940702450358742,0.00010714217847995766,-5.529442364479839e-05,0.00027451750595720257,-4.047679135768108e-05,8.031519548039507e-05,6.095506462434042e-05,0.0001181995317345067,1.8925087285715357e-05,-0.0009597383744472756,-0.0009276971063486864,-0.0016637353510033197
2022-07-28,2.2788929561309965e-05,0.00027387683679579915,6.589999986545921e-05,6.82612516904453e-05,-2.340519139433364e-05,-6.805758409258647e-05,-0.001810955292460626,0.0011422550709941422,0.00033670908834179767,-0.00024706063897247715,0.0013155326683468465,0.0009945380167992236,0.002146231884690256,0.006182931038030962,0.0005556130551324094,0.00025268183503149733,-5.681041340100231e-05,0.00015223215827794064,0.0003300866289648174,-0.0009186106762903533,9.308829533242181e-05,-0.0001616503996785106,-0.00011672271888729711,0.00029706007890640163,0.0007906477415878987
2022-07-29,-4.616255999500757e-05,-5.29439214712866e-06,0.00019258138516785143,0.0001259894326536328,4.290380811982917e-05,7.863934036842078e-05,0.0002040760963888146,0.0010728511669913202,-0.0007411298324507459,0.0002896090403305935,0.0011817371447876924,-0.001807488823406602,0.0014365111221699804,0.008985575159969821,-0.0012529755621090873,-0.0024533932154710276,-4.253218931430183e-05,5.031638358430799e-06,0.0003207131939774698,0.00011744690256737189,7.908160779290452e-05,-0.0039592674619032845,0.0002046868634871333,0.00035527554610376784,9.616197410239585e-05
2022-08-01,0.00016596051059355866,0.00033880328271726143,0.000239533928115639,-0.0004456759818743813,4.293755623074531e-05,5.498231684737652e-05,0.0004037556347560076,-0.000257143331073796,0.00030977743758921694,0.0004372336526364056,0.0010117942379835676,0.0015103367885436112,0.0018287515183643735,0.009060136721498841,0.00014432339441564524,0.00029284870452673254,0.0001590302188029182,0.00014163981937623024,0.00024332007572380136,7.9858035568347e-05,7.037046725316866e-05,-0.0004735104902847193,0.0005158833744255282,0.0004900283321864186,0.00039970872509939386
2022-08-02,0.00012777625620151803,0.00032173937528026387,0.00023540494881245494,-0.00030990063503015335,-0.00010463146256362672,5.1159087324094776e-05,-2.772137239339577e-05,0.0011086267417092421,0.0002447756815363635,0.00039512381899394064,0.0011999225689459932,0.0013706945664323095,0.00120688456694969,0.0040375701836866664,0.0005735650386975896,-0.00303204456205491,-0.00019832055226860816,8.685471281997159e-05,7.193294077289348e-05,-1.7747472925739075e-05,5.024083292063722e-05,0.0003211039347487777,0.0005288120117589651,0.00027690098015536525,0.0003384724558101761
2022-08-03,-7.351097848433646e-05,-0.00039313869322992617,1.5329550924346577e-05,-7.722653477583007e-05,-7.067658754354685e-05,8.260709750833945e-05,0.0003762840264206105,0.0001808284247102666,-0.0010863007067881247,-0.00022443059286461078,0.0007368290965230481,0.0009897733647815077,-0.0015992081543170457,-0.024775668502483562,-0.0002814729276923529,0.0007540594407891565,0.0003259661264766154,-1.791643290402687e-05,0.0002143372966132242,0.00013066962891101385,-1.4701475334478098e-05,-6.342158505466761e-05,0.0002514756935046458,-0.0011521884404762208,0.0008059109051090626
2022-08-04,0.0001804998005832701,0.0003307619833179059,0.0002319449827410095,0.00017672281589538926,5.0120120768609714e-05,-0.00020541897393325082,0.00027409128572853097,8.3055485009933e-05,0.0003766988906285797,0.000544714100128205,0.0008080909317121079,0.0014682082160717511,0.0015874853922857068,0.0010069213517867343,-0.0009042396987906377,0.0007130063248709561,0.00021854307867912758,0.0002083076853154978,0.00020611693813372365,0.00013861370645865196,-0.00018192107249310284,0.00036919052405208014,-0.0009514653062333036,0.0004889002095370251,-0.0023836230919044225
2022-08-05,0.00017749753395738548,0.00028420103645632145,0.00017542304020848608,-0.00041925630404314034,-0.00013414969119693226,-6.344376887948648e-05,6.141216682444553e-05,0.0008728989888130672,0.00037368084068582655,0.0005473868624778987,0.0009626859641179355,-0.0032230061153911208,0.0016262698241485145,0.00826561395768565,0.00020093768207671373,0.0006378284858936356,0.00017513877424276802,0.0001682186560383871,-0.0005557971155170803,0.00013322628630147432,7.801163153235329e-05,0.0003668963228897858,0.0005458465397729837,0.0003617185605583967,0.0008796410795066429
2022-08-08,0.00016706409811867621,0.000320138286634598,9.59279023233273e-05,-6.775877157748589e-05,4.575081388049403e-05,3.1695314657027146e-07,-0.001047131467075078,3.213014995864056e-05,0.00033646602665103587,0.0004663279725606632,-0.0032426933792086736,0.0015219357884105884,0.0012019249324877633,0.0071448512744134605,0.0005114622806469166,0.0006156299133691518,0.00015208625973104167,0.00021040150126539167,0.00019721360892418135,6.177864564673568e-05,6.60983684674736e-05,0.0003527464336510589,0.0005477269526461825,2.555185835289935e-05,0.0005005995253407954
2022-08-09,0.00015261878227506578,0.0002015257663920903,2.4302395911654262e-05,0.00018072800579561123,4.1964090696734865e-05,6.600843869242914e-05,0.0004063236433444877,0.0007964514482175078,0.00034407730232575864,0.0005055853099283706,-0.0004228763204939469,0.0009405208334588101,-0.0017210303709459178,-0.0025531385435575427,0.00023678305527108243,0.0006172683827464352,6.790033590010543e-05,0.0001851501651709982,0.00027467859675731976,0.0001136824819130449,9.599357157166749e-05,0.00035994960213382547,0.0005204406377131642,0.0004872632915339448,-0.0011285164372571387
2022-08-10,-0.0002699856602511806,-0.0004451506494857982,-0.0005917943711239223,0.0001377675111294242,-2.5952006830821077e-05,6.794385990319148e-05,0.00042676642569014977,0.0006585207557343572,-0.0003365334990707259,-2.630782571001538e-05,-0.002100971988391454,-0.00012312480995466937,-0.0037433210384965024,0.004809066984989885,0.0004995212961664815,-3.0262177691998677e-05,0.00018385453040706254,-0.0002850089590315455,-0.00031327949112505286,-8.216401993886395e-05,8.77335781592326e-05,0.00027452616869890216,0.000617881606182064,-0.0009776705369611398,-0.00021840515849066077
2022-08-11,0.00018142324938071383,0.00031657067862624956,0.00022953247819086062,-0.0003751223148957039,-2.6274290159330658e-05,6.687813553818394e-05,0.00020284854264721923,-0.00015513671187248332,0.0003464184982085144,0.00043066243703646654,0.0013095273298410525,0.0007042700149779722,0.0005195478473841576,-0.0028512396198849977,-0.0006109581382444259,0.00033234058918729995,0.00018053154704416336,9.433426788884382e-05,0.0001709039239363365,0.00015100647157605715,-0.0003512757978600928,0.00031268699304046107,0.0005298767967160641,-0.0014642938549306872,0.0010623960560772671
2022-08-12,-0.00010190612472411016,-2.1343759365596718e-05,-0.00016459940072323988,0.00010268367499987784,-6.323852335909496e-05,-1.0842266154142239e-05,-0.0002729878663213194,0.0002626094812059083,-8.251984963608043e-05,0.00020269206261970958,-0.00036633811793228667,-0.0006526473610383528,-4.996630510934906e-05,0.0052849047519593585,0.0005384869626400725,0.00042713069831134187,2.0329729138338304e-05,-6.594564811661347e-06,0.00012324881046653428,-0.00013503870999930057,-1.3372073897769977e-05,0.00027071226382905126,0.0002911752812959722,-0.00031403834500541474,0.00040153955711000257
2022-08-15,0.00017810098357691666,0.0003054023244488838,0.0002481542669072004,0.00020563620728588288,7.435233531496752e-05,-0.00010109511047206053,-0.0002934055273931852,-0.0002338962006582018,0.00032910301243469143,0.00047374035613711893,0.0011787652302109332,0.0006178241281988108,0.0016884777778346323,0.010861760696404056,0.00019090864966358714,0.0006007453203457325,9.031971865399139e-05,0.0002291428400731047,0.00033137535601875844,0.00015106146465081118,9.303895195963514e-05,0.00020473274063282363,0.0006163541368739966,0.00030892969217594703,0.0011707974451547083
2022-08-16,0.00017249828214129157,0.0003505340054933205,0.0002379442079223933,0.00018748854634825432,5.6461464242054264e-05,7.251596883569543e-05,0.00037211625015597083,9.118394024630703e-05,0.00036319700499268205,0.0004911260309062216,0.0013882763561371527,0.0015155425085941632,0.0008777825498950001,0.010836466426943123,0.000580068898577646,0.0005367277713982701,0.00014388777977465756,0.00011550665454596181,0.0001386626733457278,0.00014564739788068066,2.6937116073935026e-05,0.00029327710972452926,-0.0018597144091945053,0.0007118919224430836,0.0010552160115689885
2022-08-17,0.00012203087617387718,0.00022078464073342326,-4.9958898642819946e-05,8.955995208524303e-05,-1.985726261533708e-05,3.3591894646144755e-05,0.00010659824565641807,0.0004186230440336849,0.00026376937412232564,0.000486132607812065,0.000577316706687782,0.0015291639684823458,-0.0012981787399779943,0.00756836455087434,0.000488865741357611,0.0005385521639478683,0.00011492616493461871,0.00014533442169465148,0.00015682764502896983,0.00011419673261059358,8.173415613229566e-05,0.000352717674834816,0.0007541881605547584,0.0004424696938151394,0.0007444625577931027
2022-08-18,0.00012820327165280474,0.0003035713609031516,0.00014391990253124107,0.00020187120226674522,6.736600485591654e-05,7.083463256769922e-05,0.0002904402918946652,-0.00033312303440488254,0.00030111278270597314,0.0004547015587336522,0.0007628056276878685,0.0015669101503247602,0.0016654183117552884,0.009643682113988443,-0.00019201362360487942,0.00046351983496804785,9.668091705805382e-05,0.00012299193132754536,0.00013877095780211716,7.238019202751163e-05,4.6451745548005635e-05,0.0003611775690927271,0.0007429231137909084,0.0006710540704221506,0.0005113615786155692
2022-08-19,-4.815964482098923e-05,-9.157509483426473e-05,-0.00029415191137206287,-5.971463976750589e-05,-6.819002761280077e-05,1.92007833953352e-05,-0.0003284434852374111,0.0005815700367281801,6.523799521952146e-05,0.0002705362486599739,-0.0013169886353716301,0.0011496920988252584,-0.002056994428493237,-0.005072729461596655,0.0005445978880294546,0.0004388018382325791,0.00011325191819820679,-0.00028064060112750706,-0.00042521507475852224,6.31553840948225e-06,-0.0001590709767593086,0.0003577094807494668,0.000529616812749106,0.0001637184559550015,-0.0011668367167322361
2022-08-22,-0.00030350201371526247,-0.00040562342139462853,-0.00023222685811668793,0.00019083328999630836,2.6521714439566615e-05,2.1045972904540208e-05,0.0004551927226276145,0.00047319934284256266,-0.00024563844750244543,-0.0004171192245529605,-0.0008243352549669937,0.0005943353839730878,0.0012503553381672007,0.00873415622555116,0.0005239677427734976,0.00012760746136833916,-0.00019588067010171235,-0.0003525438975486774,-4.309848862002832e-05,-0.0003647165809130789,6.890496886494463e-05,0.0003505797794607108,0.0004251749070767619,-0.000647978651157656,-6.496200206107549e-05
2022-08-23,0.0001529018895913294,0.0003273665100934664,0.00020801259908716634,0.00015711737731348847,7.00741772019471e-05,1.8947697503341902e-05,0.0004046651208993252,-0.00026805116427653763,0.0003191628387059742,0.0004809378078726845,0.001312099311479799,0.0006557693324564778,0.0016735605106864503,0.00994986292085292,-0.0007310037951744344,-0.00025263357656374373,0.00012943231101533864,0.00015197210504634974,0.00015024322315777244,-2.0583494710701728e-05,4.1545319420140385e-06,-3.491209343623922e-05,0.0007501455293564918,0.000589157818365772,0.001004904725018955
2022-08-24,0.0001487952900625028,0.00031793314136767685,0.00015131905103057041,0.00012999038842588265,5.849988308750614e-05,6.105590728005952e-05,0.0004487844953932293,0.0003099393001366917,0.0003172815920520856,0.0004970675341833933,0.0013681356358285887,0.0011650827385684724,0.0010347628032171732,0.009787523103647576,0.0003724027636896702,0.0003156501237308111,0.0001222119381468241,0.00013969769605536627,0.00024700185612776834,0.00012285320791882563,7.369863755672487e-05,0.0003440410463211054,0.0007170115362897266,0.0005018587361316217,0.0010110089673148782
2022-08-25,-4.471892247320198e-05,-2.010245298029545e-06,-2.7358034031710777e-05,-4.675969146625736e-06,-3.722122493732857e-05,6.0772168500149116e-05,0.00041104266258259483,0.00015951608955614387,9.69542393038137e-05,0.0003408251843475449,-0.0002203450500004396,0.0010858364400526963,0.0007972705925443321,0.006733944312265272,0.000466515561865547,-5.582680974358569e-06,-6.681902649561974e-06,-7.789191250740483e-05,-0.00031124308049119254,-6.157119937350638e-05,-4.239573587658623e-06,0.0003627585108147924,0.0003851142796865562,0.0005654921802871589,-0.0012174501299609044
2022-08-26,-0.0010592052105709365,-0.0015233480717935738,-0.0009203410162443786,0.00013922789707431472,3.5048891150136445e-05,-8.44903026881569e-05,-3.5076087153454905e-05,0.000436983600988397,-0.0012104010150398882,-0.001308592794716646,-0.00825589873776917,0.00015590740030377043,-0.0029900863707496483,0.0016260159117361854,0.0003628777459991908,-0.0006924251037851514,-0.0001711967506319196,-0.0007643500409793436,-0.0008514293761915844,-0.0004832705956094813,-0.00021100948682786381,-0.00020228217446034892,-0.0006632669286986055,-0.0002804789606681436,-0.0031108303086168536
2022-08-29,0.00013900670499971345,0.00022082709024307608,0.00016109724717072846,0.00012624327029676482,1.4576916653874392e-05,6.478489857270991e-05,0.0003014318157987265,-0.0008423908955534494,0.0001564806348570843,0.00016631717327285632,0.000804830287140271,0.0007868016512161148,0.0013765087926357056,0.006160203069763816,0.00028274427869427385,0.0006349762027691519,0.00011278555726569915,0.00015499279294339775,0.00030979359436441965,6.543388768891532e-05,4.117077687071399e-05,0.00035656839803942307,0.00028520195677898976,0.0005917280815539527,0.000253484187306485
2022-08-30,5.210489860946218e-05,0.00018099987125418313,5.002818664341649e-05,0.0001924793871254999,7.053203973181519e-05,-5.393670037691909e-06,-6.429557787442932e-05,-0.001170556188975497,6.199446810489559e-05,0.00020119235140666125,0.001210658341037315,0.00011015379491303534,0.0016147174506196491,0.006084209993428726,-0.0007682679271699127,-0.00017715891423096498,-9.048929148441508e-06,0.0001689561814543175,0.0003148157206828714,-4.383728105980062e-05,9.225334804089822e-05,3.7750710795403557e-05,0.00035802050076503986,0.0005135986164577956,0.0008375122685444812
2022-08-31,0.00012180591139923313,0.00027926945082419694,0.00022243587628224034,7.56697247702369e-05,-3.949663319654541e-05,6.704087831560115e-06,-0.0001873537669136608,-0.00041827543608291085,0.0001965142092049459,0.00024048167910347074,0.0010774732575745721,0.0007290670090173941,0.001634789440265006,0.0061843877771964725,0.00037811687916615205,0.00035169194963441614,7.482178912763962e-05,0.0001390026715917276,0.00027381264486100364,0.00013467930777131312,5.918857094404968e-05,-0.0001445516302898742,0.00036657517506446526,0.0006037932445436795,0.0005542355332930188
2022-09-01,0.0001711265398037579,0.00031444869470237093,0.00014134679301137742,-0.00019346143796001585,3.3383844534899406e-05,-9.75170907123537e-06,0.00018411724242916084,-0.00025919639030519827,0.0002902754190255268,0.0002508847072607167,-0.0046519148363764334,0.0007510992709494413,0.0015826520041029273,0.005561914603105491,-0.00015407452688343936,0.00015345451856014317,4.0903791256837915e-05,0.00018299421635915088,0.00025106685954119103,0.00014569858788687114,-0.0004945227074249496,-2.3339013324147004e-05,0.0001578483927538583,0.0005867650095738349,0.00020756997972125573
2022-09-02,5.5886993529143396e-05,7.26532255700163e-05,0.00019552007830850115,0.00012148173415280296,6.489378190999857e-05,-4.701843448663514e-06,0.00020543348346407632,0.0005874897043627911,4.856573294491641e-05,-5.513589258018082e-05,0.0015932616897752832,0.00011185436966382656,0.0006536127786665087,0.0040798595564234385,0.00012336013761739018,0.0002355030768600752,-1.4313034508892309e-05,0.00011828020388329782,0.00024522170960532383,-4.873513212404925e-05,-0.00011821800863595438,-0.00020905544735111268,0.00024075642263547876,0.0003732365794087871,0.0005121058329938772
2022-09-06,0.0001600961406688684,0.0002330482703559174,0.00016077482816426186,-0.00047399429882153147,-0.00012112825996481805,2.731547800404938e-05,0.00033886367647382293,0.0005937777123698264,0.00017841790523898636,0.00012009325729417288,0.001863731947414602,0.0005521995469248705,0.0012915767012302152,0.0020983186598545933,0.0003070374242970175,0.00031652529347067616,7.902946005893795e-05,0.00017715927880699355,0.0002902933997256502,7.84660179613129e-05,0.00012515944658732331,3.662843392144107e-06,0.0002639712716008123,0.0004179354538532386,0.0006617980096527029
2022-09-07,-0.00014202205757128268,-0.0001158297650123225,-0.00020173137890214953,-8.852872743213928e-05,-0.00011856856867415912,-4.587084304526352e-05,-0.00042556771637238905,-0.0023954575481233828,0.00016523403193209434,-0.00011023078578266567,0.0016994714260439958,-0.0005594835184731685,0.00030802898872432085,-0.003411555789574711,0.0002406854558901035,0.00031130843875584567,5.017536058462936e-05,-0.00020421453421567368,-0.00011221002006770988,-0.00021050257747230326,0.00010240252498558238,-8.866178389435231e-05,-0.00035691358450456697,-3.132891750513335e-05,0.0009080080704562366
2022-09-08,0.00014985297460750485,0.000278762287897424,0.00021192261721383502,5.0833406527116216e-05,6.925954777816934e-05,2.1953407654988228e-05,0.00028810679960034904,0.0006678855890598843,0.00016086651993961547,0.00026037438954997904,0.0014363954713920756,0.00022713619602919322,0.0006503409079968396,-0.0008740165381364217,0.00036435955277171395,0.0001539948059219253,8.031240528170215e-05,-0.00010386237327361981,-0.00027746534937021485,0.00017193190292871842,6.784174594956333e-05,0.0001462067321129425,0.0002924885544820803,0.0005041954373864258,-0.0005101634373088772
2022-09-09,-4.388804496038883e-05,-0.0001678376164363431,-0.00012108259866857734,0.0001572153862826682,6.844035486107766e-05,3.1900880722441926e-05,4.7506583725868425e-06,-0.0011527622095962439,-8.898748483633591e-05,-0.00025548030828538424,0.0009821232138191313,-0.0006613924240939766,-0.0005160123660767871,-0.006882362809708414,-0.00023849701333216806,-0.0008371667033620395,5.513646982870106e-05,0.00013487859224427414,0.00025450570122057654,6.142114577831655e-05,0.0001318299889007228,-8.084272089903125e-05,0.00030531460740120035,-0.0001172252424107539,-2.727979184840245e-05
2022-09-12,6.882374743704894e-05,0.00014436714595765304,0.00010769479007709509,9.197832088158644e-05,6.428321971998656e-05,3.528962967719489e-05,-0.0019899501061129837,0.0004998305258278955,-0.0011858705474117278,0.00018926364755834989,0.001560326628688501,0.00033353745477391494,0.0006336230733206657,0.0032392426884832698,6.683386369617928e-05,0.00011812080694069687,2.8267293359153496e-05,0.00012862679939635977,0.00010408027855960452,7.888258621365083e-05,0.00013514013244286097,8.956905458928295e-05,0.00023449728095068927,0.00035242380308859143,0.0008736439201886435
2022-09-13,-0.0017869868251008448,-0.0028908426885714883,-0.001332668278209402,0.0001279175119479006,1.192095213654173e-05,-0.00010966036494386443,6.217030077867097e-05,0.0007684723879391304,-0.003337871832380105,-0.002939658844897787,-0.00827708003513857,-0.00114366648805405,-0.0037591432325439576,-0.005598699180585573,-0.0002990238297649727,-0.0014981483934931453,-0.00042798965108417695,-0.0012497867224032773,-0.0010125817750700772,-0.0013437865746099061,-0.0005836906924941712,-0.0002811181671574344,-0.00012113852855273903,-0.0012946481305091597,-0.00791145209730217
2022-09-14,0.00026765977467795065,0.0003812287490596436,0.00030955475808619785,0.00011627331259670273,3.744827848943907e-05,5.180485435188519e-05,0.00031022466414748506,0.0006795403309878547,0.0004041509701623621,0.00041662720939989655,0.0020729835796458136,-0.0007090429992118384,0.0006231084559304977,0.0011305569201074213,-0.0003898749945749873,0.00043326919732608946,-0.00021551716485743714,0.0002470538208224907,0.00028654097584285656,0.00011304471996837035,-0.0002746566111294823,0.00016933918677618915,0.0003144279713456099,0.0003421972693040582,0.0013802984637063462
2022-09-15,0.00015165495665930015,0.00016150419627279693,0.00027157982076101155,0.00012822525654252972,3.775902952796563e-05,-0.0002972457381245487,-6.289704601715164e-05,-0.0009985705593917023,0.00013211978215899945,-0.00033995574374349997,0.0018236796677436123,0.00053619684258321,0.0009263434406082136,0.0028801516281503786,-0.000274285425685804,0.00029727269103052784,5.6343132329258065e-05,0.00024565108176190925,6.808577686838411e-05,-9.736681552408781e-05,0.0001578867910590062,0.000106221261390166,0.00020242993564979772,0.00012173563488272071,0.0013061986604345197
2022-09-16,0.00023031293782428659,0.0004210649696846539,0.0001133498046383791,5.765988009084582e-05,5.61346437891674e-05,4.697503257843717e-05,-1.8408103475454256e-05,0.0008025588044740548,0.0003958559227496697,0.000450156077852342,0.0016421463082453081,0.0005449852558982393,-0.0010028575602730704,0.0014134413930856958,-2.0791287847907115e-05,0.0001613520066095562,0.00010874037308835312,0.0001726455032132674,0.00025390815158858035,0.0002693098962377719,-6.909910602819914e-05,0.00012791384241298695,0.00018537592047030213,-0.0001562474611788355,0.0014096807550780471
2022-09-19,0.00022971790978219684,0.00039336465959155195,0.00025126177221182066,0.00012009610478961435,5.415470842530005e-05,7.637587791814351e-05,0.00039603144973199863,0.0007952032735629235,-9.396906948254142e-05,0.0004561591969480504,0.0018509206824072586,0.00019398326806481752,0.0013408166424214655,-3.525654436086281e-05,0.00046563403338715495,0.00023824854047073898,8.236342042432289e-05,0.00013013695098979902,0.00021338757223536982,0.0002652712983473141,0.0001104679803501498,0.00016150416719626693,0.00011732211503571759,0.00031421318853575226,0.0013815032866672547
2022-09-20,0.00015891949323762976,0.00039247419536139375,0.00013702057986975612,2.5304825911781742e-05,-4.371494825634658e-05,4.387309212996896e-05,0.00017676265307727998,0.0006101954594389202,0.0003114894981951377,0.0003838757121578185,0.0017819141069903258,0.0005600891247447091,0.0007126866322620613,0.002476935694183869,0.0003787770212905635,-6.332869169198242e-05,1.724783019645163e-05,4.393861101341078e-05,-9.764831065342929e-05,-0.0003396348499265531,0.00011257108779448997,0.00015281027684280535,0.0001594574259205711,0.00017169448822924974,0.0009675973891703435
2022-09-21,-2.0203627798509355e-05,0.00011233185233620278,7.284684914389539e-05,-0.00015925950106830482,4.0341399664823004e-05,5.400465800112975e-05,1.868887055425563e-05,0.0006984876899936164,0.00013438425632196689,0.00023801293218963238,0.001854911346111021,-0.00013920883866982373,0.0004456752276462511,0.0025529780148196156,0.00021216273258080974,-0.0007072607523514929,0.00011554738115093855,-0.00018554875759243557,-0.0005697537764024575,3.8353117907325535e-05,6.0008701026573487e-05,-1.7142137091567258e-06,0.00010045808098352049,-0.00046608841503895646,0.0011690947836858496
2022-09-22,0.00021103704190072098,0.00026432646396105724,-0.00022010761330081512,-0.000538522977780943,-0.00014802385138635026,7.38748600049202e-05,0.0003741981098077759,0.0007416234501089492,0.0005059799401717433,0.0003408560823001812,-0.0011620562091061183,-0.0011711973663871634,-0.000744959472661131,-0.002682300043935384,0.0004292231888636034,0.0004615578095687237,7.941378435051197e-05,-3.694268340884334e-05,0.0001870574260212716,0.0001157938287412688,-0.0001387580971513251,0.00016249104105202093,6.392034774088021e-05,-0.00015384229710527957,-0.003567963484922626
2022-09-23,2.5980824273447124e-07,0.00015657878329955498,-0.00025316325458743245,0.00014967126235078992,5.5515024538414364e-05,-0.000232159486114721,-0.0013221160594985223,-0.0022402300136342202,0.0003166510028486737,0.0002518017261120473,0.001923042442402313,-0.001599706148679676,0.0008633383624553185,0.002498876402836044,-0.004731098027426772,-0.0009322246796536828,-0.0003653425740222678,1.0728555980946716e-05,-3.319329932857304e-05,0.00010005058262019094,0.00017342627155864373,0.00013337354524683021,-0.0004644676301965125,-0.00031827170691912834,0.0009806087048353587
2022-09-26,0.00020200133367791212,0.0004231643955597936,0.0001658944345514201,-0.00020806510539340227,-0.00024321726475019372,-4.919584783033921e-05,-0.0001916300813533117,-0.00022383634576032656,0.0005563410012370026,0.000419845666965503,0.0013943866261938213,0.0007275559714673531,0.001153438794674515,0.002760674090072169,2.7615034641285865e-05,0.0004553042310721763,-4.881217710656424e-05,2.534409950663753e-05,-0.00013497467578062173,-0.0005219987969139568,0.00014626299088220358,0.0001541084061333767,0.00011533207469564545,0.00021097973870357273,0.0008982909862858696
2022-09-27,0.0002889555195472919,0.0004243131775270074,0.00034174758309580514,-0.0005379069262824056,-0.00015525856114608017,9.052003056665846e-05,0.0005003824494467315,0.0005370580027010709,0.0005068639036855884,0.0003980359321791882,0.0016557696260677797,0.00011839032322775458,0.0008032054619796431,0.002653345471474978,0.0005518069946534764,0.0005261293793541737,-0.0002557478337778713,0.0002611259402377051,0.00025644914725228324,0.0001397214795668238,0.00016010307811864825,-0.0006216933259175029,0.00020187510602929978,-0.00013556847859547323,0.001253048120127554
2022-09-28,-0.00014876501382063453,-5.938922293818313e-05,-0.000676714913580199,-0.0008745830570473028,-0.0003111245398181179,-0.0003365154506392733,-0.000548168598998824,-0.0007793504905350641,0.0003090631625048334,-4.746550540386238e-05,0.0007203774394049556,0.00043487353913399673,-0.0010625602448349199,-0.001708401223263887,-0.0012041960229960266,-0.0005805846542400648,0.00013247466939303495,-0.00015148258503819737,-0.00012236760061321022,-0.00012791598322175487,9.259552958410455e-05,0.00016686189820178902,-0.00011366783775470005,-0.0009272667073278293,0.0009015055520891285
2022-09-29,-0.0001963461711643587,-0.000511195660647408,-0.00017287771557778067,0.00023873284758065783,4.8232776041390845e-05,0.00010987643932076547,0.0005116611256466402,0.0009087354471491093,-0.002067127220073933,0.00012552654350436913,-0.0003390310875499836,-0.004239601489113445,-0.0020631234016150234,-0.004114349423509919,0.0007657071841293279,0.00039046500513222797,-0.0005362482320516283,8.787396729062317e-05,7.767720168743103e-06,-0.0005771461517776611,4.445732258907134e-05,-0.0004674560166286389,0.0001215035564192626,7.399386804589543e-05,-0.0028825178255752963
2022-09-30,2.4155020101479605e-05,9.195489717991992e-05,0.000305113229875692,9.793084176658738e-05,0.00010055593580200697,0.00010607039456708475,0.0004579997787863246,0.0003343173986672177,-0.00033468600695967876,-2.623113753908574e-05,0.0013960936527010936,0.0008490870750053006,0.0012776203557979431,0.001543398656787239,0.0006362652480277043,0.0003641169708285137,8.12890629869576e-05,0.00017073723699812297,6.74746720271029e-05,0.0002257654104060593,0.0001219006626223814,-0.0001751306110180903,-0.00021376829179187417,-0.0005760118490972983,0.0012332178725265955
2022-10-03,-0.0004019327090149514,-0.00013916450538597184,-0.0003245112656628203,2.2471830513863013e-05,-0.0002347795813556031,-0.0004741314928708545,-0.007165538091394941,-0.0007206226667607255,-0.0002772100615902374,-0.0007206933000875978,0.0004939788947008895,-0.007139186631551333,0.0012610051815550255,0.0027583575315209205,-0.002322483300870601,-0.001334753386739906,-0.0010058067083128742,-0.00045375230953298114,-0.0005991417936672967,4.34003163707952e-05,0.00017217587731466758,-0.0001144990809342658,-0.00027985739222473555,-0.0003153153169724558,-0.00044584646252235826
2022-10-04,-0.0006174599371030413,-0.0005302894431455488,-0.001120626878661176,0.0002580848585421069,9.642399169379785e-05,-7.228651783985711e-05,0.000716794301084513,-0.00034589020652386557,4.9147581678285436e-05,-0.0006712177174924242,-0.0014917797073419482,0.0005989017728994685,-0.0041186448282274826,-0.01159337977328401,-0.0009394398810527475,-0.001717769376519617,-2.2108928248939938e-05,-0.0010393754681480658,-0.0017148002292596476,-2.7821749139869418e-05,-7.631409055160659e-05,5.8113204326052243e-05,3.386577555462015e-05,-0.0012987942690464373,0.000693871092175609
2022-10-05,0.00035318862037685356,0.0004691266552038061,0.0004147699521464232,0.0001722846453302386,6.115209438278341e-05,0.00010613720884776928,0.0005299738707360616,0.00036923035195548734,0.0007098171392877486,0.00047800179219963183,0.00122003099993779,0.0001883416378858434,0.001191554442856506,0.003649034810267177,0.000491533310434942,0.000648368726828492,0.00015719007908868312,0.0003043653867018057,0.00033315134992634556,-6.942381284146795e-06,0.00012894079768391227,0.0001518299482211313,0.00010340517284501947,0.0006417036537927972,0.0014101487985450623
2022-10-06,0.00025061572430302206,0.00040410927982456395,0.00043570269176770074,0.00020412926057678226,0.00010633640086320306,0.0001355211009864542,0.0009156293163768898,0.0007341156056181715,0.0006663397382905453,0.00037863640753849634,0.0011848742396793686,0.0013576517968921572,0.0015358942522674425,0.003857174857269323,0.0006176079168710201,0.000693958173823337,0.00018832391653663742,0.0001681264531123173,7.188392237376657e-05,-0.00039452506153260687,-0.00024446008294335986,-0.0002569629647976244,0.00011875886370633962,0.0006211662472738899,0.0013887276316853128
2022-10-07,-0.0004536873030246193,-0.0010611791083069348,-0.0004477177318492203,0.00012825000084545744,1.7929963930642876e-06,9.74016780088328e-06,5.392434026254265e-05,-2.0268454223058624e-05,-0.0006912052797301764,-0.00226533683909357,-0.005798422364459232,-0.0028389641881317244,-0.003137001918081304,-0.0059867222785551216,0.0008769163957303953,0.0006499977335718518,0.00012451778989462197,-0.00021808792616794697,9.270229475429e-05,-0.0001695106444893719,4.519289587368876e-05,-0.00010248756531111927,-0.0003988084994183534,-0.00020153334051834946,-0.02090647213750964
2022-10-10,0.00032942557347668866,0.0004283512778866267,0.00045748554926076154,-2.269270586169672e-05,2.5699528850016458e-05,-9.872258795141998e-05,0.0004246038459327436,0.0005192673351305764,0.0007742890018446975,0.00014396170785171514,0.00039600149491131353,0.0016420498656230956,0.0005801266348643298,0.003919004227238277,0.0005093061730154283,0.0006545294146981742,2.8539486343935643e-05,0.0003515628013494103,0.00040495614535645413,0.0003665253846641868,0.0001588709002639184,0.00020824393327647413,0.00017151732602918983,0.0002652928790823132,0.0024033381679759674
2022-10-11,0.0003380081605081871,0.00031783361947404357,0.0004687040791418317,0.00021647842001450775,0.00010699469010622904,0.00014300921451531546,0.0004132013814264425,-2.992690060691619e-05,0.0006547981599647417,0.0003194248229897721,0.001534542283880249,0.0007092530343484683,0.0013210845302940193,0.001288318343967863,0.0008660235916168548,0.0005965018532512121,0.0002522174410895102,0.0002059113163582289,-0.00036097943708693976,0.0003524004708289699,-4.571883806002243e-05,0.00019919945362871912,-0.00044640299032392057,0.00020824463694958526,0.0024623396324860067
2022-10-12,0.00036340581122130077,0.0005119132263324982,0.0004533162392977991,0.0002093580976674819,0.00010984455061368193,0.00011762358900624701,0.0008158042004191926,0.0006418138976706914,0.0006673799754410888,0.0006143987910794213,0.0015304186994428452,0.001595933076399825,0.0014625401866785615,0.003438738942245207,0.0008514151676934783,0.0006201530650202379,-0.0008819748009830871,0.00036881595301866126,0.0002782800371963993,0.00034482411959160846,0.00017169792692656028,0.00020816346525647837,0.00010981040377555613,0.0006964214479021999,0.0024531124206097626
2022-10-13,-0.0004118558225848868,-0.00019953906218206076,-0.00022376458306760705,0.00014192882270631354,0.00010529620854591375,8.998296864221926e-05,0.000692971120088253,0.0002883495180903805,-0.0006033983360005099,-0.0009212490037831109,-0.0004916400789325189,0.0010985431092764115,0.0013681105703938427,0.002880496637426435,-0.000716712451983941,0.00011810860629522774,-0.00016057647293582457,-0.0013397301765900103,-0.0024455168958529535,5.0643980897967786e-05,-9.1540669608422e-05,-3.792896731143083e-05,0.00015135176204216682,-0.0005377669053932639,0.001633923928253087
2022-10-14,-0.0002283521891352342,-0.0005675216698433936,-0.00033084690315947146,0.00017012129834744185,1.4908459038766607e-05,-1.7098646116068503e-05,-0.00032469344338549306,-0.000283841561446667,-0.000529448081860957,-8.630034255908752e-05,-0.0028692226018607204,-0.004685041877151172,-0.0020965819698482175,-0.0044209929061515985,-0.000515933231801624,-0.0002077602049324321,-0.0014332938360401767,9.743187966202783e-05,0.00036923689523961557,-0.00024429166775716396,0.0001056419624114944,0.00010318901495391275,2.761427047158992e-05,0.00015331705326888283,-0.0007292228013759303
2022-10-17,-0.000318740099684315,-0.0006560608391025496,-0.0005422103893528603,0.00021865734950969918,8.842773367207323e-05,0.00012097028904732603,0.0005314343276341883,0.0007652060985848852,-0.00024075636429508006,-0.0009740030538745855,-0.0019356010801086568,-0.0027780035975866224,-0.0031225094038260636,-0.0038205291409830083,0.000817211072503068,0.0003651210477194661,-1.2345268471375371e-05,-0.0002173737955633095,-0.0010484094117885574,-0.0009647111699583299,-4.181705267352259e-05,-0.0001197628277336607,0.000178876003126292,-0.00020783926143222377,0.0008851520720150822
2022-10-18,0.00022061392130494776,0.000393123967006571,0.0003468337163930012,0.0002344700449611094,7.695645297124649e-05,0.00012337716755797908,0.0008202462480017829,0.00034090843381962113,0.0005340733632862334,0.0005720511204138604,0.0014492609698526684,0.0020426333952332293,0.001358647862854878,0.0016287836019203918,0.000877733942256416,0.00034501038042068766,-0.0065323175315234695,0.00017577699140125899,8.956203128966081e-05,0.00036213172662030436,0.00010811295814262974,0.00015152457741134817,-0.00020237221909421841,0.0005767908182238346,0.002211740650674968
2022-10-19,0.00031068722071559915,0.00044192065090615645,0.00019546127145720786,-9.763485100123693e-05,-7.638323081495893e-05,-5.373684578107753e-05,0.0006983734536218066,0.0004151587571625827,0.0005923955288712714,0.000517180305412146,0.001436112620422077,0.0019689309320751855,-0.00030109589235988426,0.0012915651121276415,0.0001113543015976463,0.0005518383061968572,0.0004446920267531188,0.00016225475095618056,0.0003731174453131041,-0.00015097896048340485,5.378670947880858e-05,0.00013458960454874733,0.0002448460598582965,0.0006917199963312311,0.0020679852034181647
2022-10-20,0.00028582594024062486,0.0004263259591837795,0.0003308457647566642,-4.429048080703703e-05,4.2578224801429273e-05,0.00013387735317974437,0.0007732969595773474,0.000796986716678769,0.0005690733532109284,0.0005875772592103249,0.0013353784844929504,-0.0026889497494559885,0.0016893750796217308,0.0035049917681295607,0.0010002763034185084,9.637002050765089e-05,0.0007074380677469693,0.00017701564464793902,0.0007542616678982019,0.00046823827456491876,0.00011109565750835431,5.564034886092084e-05,0.0002454072661388754,0.0006915289693634599,0.002109379941951101
2022-10-21,-0.00023285671644373743,-0.00010113864691416549,2.969435860817899e-05,-7.667014447934915e-05,0.00011428482182304406,-0.00017690305165987203,-0.00029430594564051036,0.0007671226017652711,-0.00015544687720986795,-4.525830085995962e-05,0.0009932131544367969,0.0011114882337118896,0.0013502254282424864,0.0017021144196604557,0.0001787555871473975,-0.002963398863278604,0.0002887892940809728,-0.00043029415290438296,-0.0019022436378208743,0.00041313559916050834,-0.00035311261229477363,6.888937124470786e-05,-0.00015308543613768599,-0.0005204168588500767,0.0018721716809099401
2022-10-24,0.00022340967709102996,0.0003373545458978769,0.00046962627270144775,0.0001666700048101372,0.0001114143678915611,0.0001418729520499658,0.0008890988579774899,0.000791274508413743,0.0003782838638492652,0.0001686807421270595,0.0012328644831001328,0.002009220494256602,0.0014167112131436143,0.003362840911709688,0.0010108357517257635,0.0006598276744800525,0.0007993410193032577,0.00028438328826494607,0.0008534874708919385,0.0004689316954974931,-5.7991393357149066e-05,0.00019399446242894766,-9.376826918952412e-05,0.0006896754533063295,0.0019479468025047906
2022-10-25,0.00011281361420605474,2.9650848628836734e-05,-0.00026683574631393756,-0.0005850831440663152,-6.532643418743141e-05,0.00013119609997654439,0.0007150773771296091,0.0006263943123620713,0.00022647557639268522,0.0004357776304527603,-0.0012715034325916019,-0.0005298516257161642,-0.0026649975050030126,-0.01168569527112388,0.0007535702269081822,0.0002795988509601682,0.0007806673249200493,0.00031488809018161937,0.0008289233065210112,-0.0010258966306960513,0.00012734545637610955,0.00010125493066981609,0.00022565697687278597,5.443334084508479e-06,-0.00020123878393516989
2022-10-26,0.0003149341620635453,-2.8363387088733408e-05,0.0004620816941522167,5.847547851856375e-05,8.334809688382177e-05,8.891936773282671e-05,0.0007423701440540253,-0.0005028641116139168,0.00022020335390560012,-0.005813878934800089,0.0006859034839523151,0.002171409636842748,0.001782739072313734,0.0038904469078058094,0.0005380997304358538,0.0005117236338702515,0.0007800846616499267,0.00044415211509178025,0.0006796173364795268,0.0004957797059048059,5.138028609770077e-05,0.00019044254977369356,0.00018626533137670382,0.000680560132198443,0.0011832457687462683
2022-10-27,0.00034623756788053795,0.00016059924723955596,0.00048700146156219003,0.00012682649928193553,7.118180329906417e-05,0.00012873098521504368,0.0007895908451065155,0.0005385324449073929,-0.0003249366026575798,0.0005873098766354356,0.001033815700184862,0.002237769315941321,0.001763877622534128,0.0038392709008534787,0.0007110886968634447,-0.004877241313163878,0.00038565777159972164,0.00038329549015321995,0.0007975107420028748,0.0004841545524971608,0.00013061405705900496,0.00019910013089574594,0.0002384719794625001,0.0006542951606307004,0.0016788364281678076
2022-10-28,-0.00019713793965336023,-0.0004130874950137944,-7.100594958930759e-05,0.00013429093923667418,6.784982617106501e-05,2.7522645415051195e-06,0.0005528422591369013,0.000409120637691505,-0.004629019581699846,-0.0005685280761749314,-0.000890510023146242,0.001997326056551146,0.0009442573157143426,0.003928608433214773,0.0006097760599033493,-0.00023381317077315932,7.813832490534097e-05,-0.00017187223953927725,0.0006525159553613701,-1.1162239205323842e-05,-9.053783152307977e-05,-0.00042583048628939464,7.476038617289485e-05,0.00037930048163074847,-0.0011524178431824694
2022-10-31,0.00030899528055704754,0.0003615564095988013,0.00043259481730543656,0.00013182471162413663,3.999401191784882e-05,4.669500918362501e-05,0.0006960884608766847,0.0002139853546035127,0.0005862320867044064,0.0008039069683305627,0.0009124955428129006,0.00194768480894643,0.0012656778624555057,-0.0035076761137628532,0.000552517097086599,0.0007596793536956198,0.0007994164779299133,0.00041843131558848485,0.0007810669234513942,0.00043947415452810486,0.00010553172392780627,0.00018266667685603235,0.0002374938823263378,0.0005442993412008528,0.0009786703283563973
2022-11-01,0.000331898431894581,0.00038434055503879547,0.00042871941287436733,9.001980924152918e-05,1.9141881908908557e-05,1.4470995156837322e-05,0.00016029497185040707,3.971641186133147e-05,0.00047645296674343903,0.0007563542367026823,0.0015400149743868986,0.0019589101548489955,0.0015290508242746831,0.001792268358466618,0.0005303049835268188,0.0008492906971233899,0.0008049400824360513,0.00044685482621904457,0.0004507027106983784,0.0004337581410450445,0.00010510666838482258,0.00017753126568654756,0.000198109016544345,0.0004930215484754983,0.002002626959755777
2022-11-02,-0.0003310138236261587,-0.0007503430342678827,-0.0007449172871721104,0.00014876230118910836,3.16557128771648e-05,4.2621739440169296e-05,3.435410853197437e-05,0.0002952278757260054,-0.00068881059783685,-0.00028804903213313585,0.0009157130139020329,-0.001849153757240619,-0.0009243893271839798,0.0022363293245052647,-0.00013270412601384826,0.0005079570935910093,0.0006912685958669857,0.0002540106407416814,0.0006512974167884223,-0.00036001715043620805,-0.00010767110421791248,-4.704349799216308e-05,0.00014971034880865479,-0.0011452535190452202,0.001647580209047182
2022-11-03,0.0001922529739828242,9.108817999272766e-05,0.0003275548330808272,0.0001390109635815245,4.238587595244511e-05,6.863574871684984e-05,0.00022318354650880073,0.0002941795714899143,-0.0010768191405984792,0.00029337239346606666,0.0011616043540361603,0.0016531612017588015,0.0013229276512441962,-0.0038627683905966587,6.22707749784407e-05,0.00026160806065677765,0.0007024118093436924,0.0002479125707570224,0.0006237999855247087,0.00043550878196237704,0.00013055947573722471,0.00011888942291964831,0.00018729203570130046,-0.00019473535184081595,0.0013069038956511044
2022-11-04,0.00010072896006598853,0.0002469629829006692,0.00019246591953659951,-0.00012223648623957677,4.8684975256958257e-05,-0.0008318457613006143,-0.004691618825709351,-0.0018272617081428794,0.0008994850912312413,-1.598390957093486e-05,-0.001439177933515603,0.00021192875658177174,0.0005968952677130831,0.0008373124916544656,0.0002470055587980893,-0.0007183701273281545,0.0006899610513558301,2.394569909180001e-05,-0.00010971481604261566,0.00023212658357684118,0.0001133560059091781,-0.0001611909507543229,0.00017876083643745272,0.00048138960428413936,0.0008051867127496642
2022-11-07,0.00021960752883519273,0.000392551728365311,0.0003599303046529289,7.831807425822638e-05,3.908957173154797e-05,0.00011651124856826258,0.0005918808103057148,0.0004837656595501636,0.0008859039376183949,0.0002800976217110378,0.0014534919240098486,-0.0009833620430176303,0.0013478680589076664,0.0027373619904825725,9.461955593532842e-05,0.0008279199843879438,0.0005260978759051182,0.00026104859148653054,0.0006077440887764256,0.0003825671083203845,3.7347395376394825e-05,-7.20999420311577e-05,6.819646402614847e-05,0.00041763021291973365,0.0018237714814050812
2022-11-08,0.00024241955801594417,0.00038328318214836133,0.0003325415417033106,6.08782603239101e-05,3.047454730595495e-05,-0.0003950148854598064,-0.00022064184872809197,-0.00031467569302076414,0.0008079078554376008,0.000989615952381846,0.0007457254124394281,0.0006809866125828726,0.0011240031237743815,-0.009717741538295473,0.00039617875929885726,0.0008094677015338802,0.0006119301659290302,0.00030061643164837223,0.0006143301968675437,0.0003407145724934483,8.65757562569021e-05,0.00014963820097902745,0.00014607570593206095,0.00041910537713409616,0.0006688871609345391
2022-11-09,-0.00016362286875364328,-0.00011170101447139313,-0.0004440558393104517,0.00016141634780668775,3.76465110195402e-05,0.00011689167631719772,0.0002944624216130454,-0.0009925933861654871,-0.0003133652135459121,0.000614510118961669,-0.0022515087662986146,-0.003914649720266365,-0.0034979335266317395,-0.006057049293604891,-0.00213819118341231,0.0004844547702525745,0.00039820427134842207,4.6939100591856695e-05,0.0004384452624009793,0.00023940247557004108,4.797912484124861e-05,0.00014830809800112486,-0.0004032814408119229,-0.01949534835282695,-0.00321786541759801
2022-11-10,-0.0025707230760711247,-0.004615688519661469,-0.003195211381614245,-0.0012535078145544925,-0.0010410649763832268,-0.0007560647276257508,-0.00037699229729462006,0.0004511989604628878,-0.006382763400159539,-0.0052612018589643615,-0.01661043405221637,-0.003216743838901549,-0.017074856130832324,-0.0059775869697135985,2.324921108608338e-05,-5.719282091479975e-05,0.0006182278812150058,-0.002083866219724457,-0.001054551268145007,-0.0046378157036866905,-3.095135753257799e-05,-0.0009926707971877836,-0.0002759819179611704,-0.0002641228288321896,-0.016753482812316155
2022-11-11,0.0003546193755418184,0.0003969260394933194,0.000501758214957329,0.00023497223275684186,9.657111516484917e-05,0.00014768229709860025,0.0006356428938506972,-0.0003420884397014099,0.0009149105473763293,0.001047160018320596,0.0010065479169166151,0.0014116420286656851,-0.004063324651252899,-0.009594427499543041,-0.0002900092887036052,0.0006063423579542702,-0.0024858686983194036,0.0004087784815895104,0.0006446535353584371,0.0006127266245334938,-0.0008106125114546344,0.00021409184852433822,0.00015822745966207936,-0.0008232880801314548,-0.0010570430583219724
2022-11-14,0.00034233065259366775,0.0006418575159819885,0.0004128919156354316,0.00023809837132113897,7.816269621984305e-05,0.00018599482801844744,0.00042126820062496036,-0.0006106152431345546,0.0011484218477580707,0.0007542693386117492,0.0022838997317919645,0.0014932086971652066,0.0012471655682161989,-7.551172052404267e-05,0.00048781492462923,0.0008974370844010924,0.0008282288996948519,0.0001836673607281911,0.00038051424950624686,-1.3908197542087265e-05,-9.290397355224948e-05,0.00020410979921378077,-0.0007328315488560038,0.0015941279991889433,0.0019078015573750346
2022-11-15,0.00031808518690079363,0.00048345895044839466,0.00028933247106963415,-1.6920905351804262e-05,-9.123961260508642e-05,0.00017009922671892087,0.00025585073220133826,0.00019206570280436277,0.0010461987616000629,0.0012644969211859415,0.0015621099229281969,0.001542095781453375,0.0018264032378710934,0.003917399636508546,0.0002991682102986223,0.0007905738061929525,0.0006239291679191317,0.000379123110594971,0.0004252234906135277,0.00047723537228068486,0.00015486502124323443,0.0001867492313743073,-0.0038179630124335036,0.0014600936372665902,0.0005889152714283002
2022-11-16,0.0003002639244065257,0.0004360020694554282,0.000148682654561252,-0.00021447466673933386,3.7409719269969845e-05,0.00017736323046512413,0.0005273411609093075,0.00027414602483494596,0.0010779396548976177,0.0011832110873564211,-0.0002376319464431028,8.550223312372507e-05,-0.00046440408984425863,-0.011098260051504428,-1.872581311450545e-05,0.0007619799077988876,0.000729773818616636,0.00032759673613052935,0.00038644480212796247,0.00044145166874849114,0.00011570495929524868,0.00010351514966821014,0.000360312107086472,0.0013166915219993166,-0.0003906320004407166
2022-11-17,0.0003452586627965164,0.0006269483773419983,0.0003865340890465811,0.00016629410991740942,8.274276491053262e-05,0.00012948214596732123,4.600392886049804e-05,-0.0001708582811343598,0.000980859893924043,0.0011857592207161892,0.0018153951754159554,0.0013063812759886305,0.0020311943608317443,0.006234091037785817,0.00042086791861806335,0.0007673998874328508,0.00016093097128981872,0.0003089323554058172,0.0003339900581494165,0.00047615676007379176,9.080756192065595e-05,0.00014481379974826575,0.0003792216602644341,0.0008677998728270237,0.0018995655561436485
2022-11-18,0.0003318729689302649,0.000631365101369093,0.0004206247237964518,0.00021886896692974002,0.00010275017888372991,0.0001277815341123127,0.0005935428424541177,0.0003077623507617313,0.0011417709689716025,0.0011782134486306493,0.0017449795729710454,0.0014666992186295328,0.002162062821469339,0.0004751653396282609,0.00031651745067608813,0.0008250318077499423,0.00027320470268070825,0.0002569390091160986,0.00023736242298943712,0.0003321379512574578,9.71945271733243e-05,3.6235911774716784e-05,0.00016711837577173345,0.0016189756933222747,0.002154373783047626
2022-11-21,0.00033636525578832095,0.0005230060722889051,0.00042797686372044797,0.00023513710801917442,9.629408650272058e-05,0.00014669345046658077,0.0005865239700044776,0.0005759474072218817,0.0006757744533929608,0.0011701361800275061,0.0020150920683053544,-0.003524387728969885,0.0009679830124292011,-0.0022748192501377265,0.0001972465240134956,0.0008095891070323565,0.00027055727309364166,0.0003044446462237819,0.0003022208842176531,0.0004708106422747447,0.0001320179733005054,1.9660852646923862e-05,0.0003654246540855664,-0.0020948777759922273,0.0019395502674844042
2022-11-22,0.0001401050936023939,0.00040187931363753023,0.0003190184546832547,3.710386522244287e-05,1.980800042823466e-05,0.00016136196966902132,0.0003893517741287391,0.0003874415553135175,0.0009316488740688393,0.0009987230684682573,-8.94996584543525e-05,0.0015569858733357228,0.002456825284783977,0.0041900129556170125,-0.0006017513259507047,0.00016005241672844742,0.00031104665890926064,0.00016563351302339126,-2.4740525664900128e-05,0.0004667721351623972,0.00011105222115187366,0.00010590614890537043,0.0003700915517115971,0.001572938479108095,0.0007381391256298872
2022-11-23,0.00028101366948201625,0.0005112806612454432,0.000430094753920373,-5.6202770955304955e-05,2.7939547896687944e-06,0.00012364011901375347,0.00016265942202700915,-0.0008158665490970324,0.0011083489319076414,0.0010253835619096923,0.001262741430625566,-0.00397294675159706,0.001662995474669292,0.004537192886315938,0.00028082633106594763,0.0006523145527177182,0.0003077062259748529,0.000246038135217652,9.51380215610486e-05,0.0004974843426784384,0.00012460981010823744,0.00014869367273170073,0.0003408992989874939,0.0010339471181491076,0.0020134682527787077
2022-11-25,0.00030884144650624763,0.0005499561514518314,0.000393127728662294,0.00020253693068493812,9.730950164125391e-05,0.00016332900819564255,0.0005319902421581608,0.0006153167890798651,0.0007335233940653466,0.0011280364516489136,0.001809494992460263,0.001860326736336161,0.002192135149719874,0.0054239462337160906,0.00039229509933815676,0.0006094194468268874,0.0002925345623561231,0.00024562789957058024,0.00020981222303449967,0.0003766726577272484,0.00012400214103011224,0.00017218723861867614,0.0003458787147632019,0.0017883354604908796,0.001863122387414365
2022-11-28,4.7006845870652646e-05,0.0003500681560345548,-1.8016473595987607e-05,0.00019557071207296643,4.450674218433846e-05,9.89395523507396e-05,-5.692076925368486e-06,0.0006020171920568689,0.00041663981786571787,0.0002263990522859095,0.0012480653802165135,0.001858457183410766,0.0014647201610305791,0.004614410936881299,-0.00037690929594867776,0.00041999503004372114,0.000316677585296855,-4.29598322818711e-05,-0.0001044401701044191,-0.000317226199389445,0.00012133260978608638,0.00017240921579896937,0.0003535710049179479,0.0007192112703917604,0.0014182744927227345
2022-11-29,0.00031540768165311245,0.0005043051140791018,0.0004106904391838711,5.8848474253982565e-05,7.432863694473258e-05,0.00014093075762806182,0.0003430175967933447,0.00013286225862173392,0.0006544823636345402,0.0007481557625715089,0.001883815881199034,0.0017262964645961376,0.0022891781295551437,0.006154852102862744,0.00021344653551529512,0.00019521334014205088,0.0002915496658451712,0.0002349918701351238,-4.354585615010473e-05,0.00019053340938826716,7.234744332197333e-05,0.00011427293102665625,0.00034937825923931016,0.0017359630134549458,0.0021200972316917335
2022-11-30,-0.0006736666978596063,-0.0014716943790845944,-0.0003396033028134674,0.00014929999692434351,-4.720529222001081e-05,-5.330524770246956e-07,-0.0013086920599349045,-0.0001260028099250276,-0.001405608751179625,-0.002875862857952496,-0.004362223019564397,-0.003608525034163989,-0.0032224115798255054,0.0028794278523711953,0.00042548790075079367,0.0002578379826014888,0.00018338459149496515,-4.841361385864398e-05,9.053252933224798e-05,-6.368953084203436e-05,-4.015245995284914e-06,-0.0004819817343397742,0.0003408527143916637,0.0007499975148565724,-0.0012018856875881396
2022-12-01,0.00033750652832080394,0.0006152760116968757,0.0004271901210222044,-0.0007857296252749489,-4.804567512644842e-05,-0.00016595320989295777,-1.94166742663723e-05,0.0006316972585465566,0.0009524193178265241,0.0008788491948882824,0.002059255791051622,0.002151133101629201,0.002445317290711555,0.006060519357473651,0.00043662229941854465,0.0002705458773032987,0.0002486274593077283,0.00021863241960215138,3.7171858528877236e-05,0.00047125128723221203,0.00010007443374569313,0.0001749486998129842,0.0003158416583702279,0.0018454241739965043,0.0020658679034894385
2022-12-02,0.00033569304909590006,0.0005951525518542103,0.0003983564244896367,9.6372491840303e-05,7.561708872397961e-05,0.00016648471748139006,0.00047795308238669744,0.000539919677934043,0.0009276279689241782,0.0008642471389543009,0.0019901221903061315,0.0021503754775249553,0.0025295553799795137,0.003385403797087255,0.00040747815142505605,0.00027206292318160337,-0.00039663589509707366,0.00023145219016432216,0.00016719550497805137,0.0004673858964279094,0.00011620946641436865,9.291141426355604e-05,0.00035449272416804176,0.0018286985906630715,0.0009916311926371935
2022-12-05,-2.7810911122990714e-05,0.0002588643013807708,-0.00040856174578923516,6.10899944206345e-05,4.008944320757936e-05,-0.00012311705476289662,-0.0009726899201563471,-0.00033982776315092886,0.0007962621476288185,0.0004309090864530382,0.0019502779827043825,-0.002363526566570275,-0.0007280953499781508,0.004833500275909477,-0.0004951312297621298,2.664108683872983e-05,0.00016441909293852432,-0.00038301194850050204,-0.000579612345559801,9.454370660064951e-05,0.00010340835167120291,6.531365196497471e-05,0.000246996657338673,0.0005318293399247361,0.0017746068291739883
2022-12-06,0.00010308134500866867,0.00010131652488916913,0.00017384709727584098,0.00010557096106831305,0.00010701879919184702,0.0001845784894997415,0.000770676732135747,-0.0007472941029662238,0.00010084813083455321,0.0003544372734333809,0.0007424652249946829,0.001992983714730791,0.0009324402289340099,-0.0008173834896767406,-0.0002699887021707489,-0.00010089934195895656,0.00010921760449301637,0.00019595514247799331,0.00027063752300481985,0.0003631048614025446,-0.0001245530365285416,0.0001696399520052986,0.00022261722872219953,0.0003541336370713531,-7.495382510091988e-05
2022-12-07,0.0003113634373377363,0.000533043484062129,0.00040642276314159894,-0.0002797871219034464,-5.7363286357503e-06,6.142808157886856e-05,-4.414888182092101e-05,1.054431866799382e-05,0.0006044882211597242,0.000730007150020994,0.002059632425348842,0.0010725974025561414,0.0026055467922523365,0.005239054535585806,0.0004692301902308595,0.00017303030750009024,0.0002708176407552917,0.0002448849717891157,0.00023322767489973782,0.0004434542799838188,7.829724234307536e-05,0.0001123409344038313,0.0003389514057793522,0.0019295478810343828,0.0021459579018314493
2022-12-08,0.00024856675620916623,0.000405731815411807,0.0003624159832186895,0.00027926934846169983,0.0001123457157922745,0.00014526412982356396,0.0003328172061759434,0.000422711590507296,0.0006614444235882902,0.000542476321163184,-0.001848254969380389,0.00204198768399879,0.002124632020246718,0.004620245718970895,0.000439144325180402,0.00011084851035242714,0.00022024579392644584,0.00025589223975506055,0.0001232101784487227,0.00039861697625201707,0.0001128194339220864,9.171619347664704e-05,0.00035929732174174963,0.0019092613250645386,0.0021164848636340467
2022-12-09,0.00025498726919448417,0.0005079217308096034,0.00026473822972451647,-0.00041405550166158703,6.578842705429178e-05,0.00010493583467458322,0.00022094257686769225,0.0006092765924135645,0.0008020560272221468,0.0006370300918966378,0.0022235481964473615,0.0009926798515670831,0.0024832288467109536,0.0015096982016438417,-0.0001454494939623969,-6.662782007085959e-05,0.0002785083867065909,0.0002480526015092209,0.00020863162737406527,0.000446347913974211,4.305400345134813e-05,0.0001385412603503984,-0.00019541458529158786,0.001847805760092897,0.0014004790430200296
2022-12-12,8.565632345208628e-05,0.0003656560776981371,0.0002466050556329249,0.00030800211112026044,0.0001231678934979959,4.794810088907842e-05,0.00046527928058233176,-6.704382307281848e-05,0.00048786362860967636,-0.00012622266026468976,0.001183373294526959,-0.0024368607734925746,0.0021016886130870455,0.0017536094993864438,-0.0003153748840470584,-0.0004495603343709411,0.00024288753698600724,6.427473169330823e-05,-6.5506057839793996e-06,0.0003855046155177834,-2.937691093651891e-05,4.120285555110684e-05,2.026488000869041e-05,0.0006556562756997515,0.001058225736581014
2022-12-13,8.817378428596087e-05,0.00013785851127440203,0.00012723758853503536,0.00014836706275529822,-1.0221428439944434e-05,-0.0002155912370425148,0.00014315442172773904,6.796232857705388e-05,0.00032307355071289055,8.72412578661741e-05,0.000300294042590237,-3.726513883540094e-05,0.0014699307796812416,-0.0046591524953506075,1.2740102192862208e-05,5.5871134911083235e-05,0.00011004194947881988,0.00010955144452902178,0.00015332355036876634,-0.00016150258423645416,5.31296768172073e-05,8.627498732989577e-05,0.0003444967777962474,0.0007549435187628503,0.0008356065706056762
2022-12-14,0.00010193775079068961,0.00018482513004722451,0.0001520243869291882,0.0002268574268985373,6.839440347290282e-05,7.866756475369883e-05,0.00039799465467589865,3.6889294778742017e-05,0.00010614255431607382,0.0003865163479593737,0.0006932391852882067,0.0010827329737058576,0.0010160872339810482,0.002870537447752978,0.0003026590650705164,0.00013461517941559033,-2.0677069276514056e-06,-4.6414342493637556e-05,0.00012907547417943105,0.00014617617470119208,5.532876567682579e-05,7.30841633616589e-05,0.0003268540312606228,0.0005893195786045581,-0.0006302069407739528
2022-12-15,-0.00047199585017856515,-0.0009274261234006578,-0.0004517128920100582,0.0002305265073746955,6.714968861866245e-05,-0.00018740680051247726,-0.0007613636592898481,0.00018079054207691911,-0.0019430006750526887,-0.0006926762783945196,-0.0005235518980371634,0.0017350008123058055,-0.0014697746203305496,0.0008759443547396374,0.00030568659220433944,-0.00011569355429322408,-6.741305191605345e-05,-0.00028267350434914496,-0.00048149226650819526,-1.915499156338675e-05,-0.00010958799125932182,-4.018733763844223e-05,0.00023042800076691677,-0.0009502653542867196,-0.00032010154810105124
2022-12-16,2.991937446657225e-05,0.00020075345912621092,0.00015810390638759214,0.00010623241581937686,3.890838847541556e-05,2.3702693950425916e-05,0.00045391100371986864,0.00014474316121222507,0.00026256851862792465,0.00011076774118091792,0.0007668888760361563,-0.0005869150576335675,0.0011466099366572785,0.0027812681707676456,0.00018553377852174733,8.622155619325355e-05,7.265928238334564e-05,7.258113398149382e-05,0.00014236891764888405,-0.0005193913765359657,-4.589958737003538e-05,7.609121964014021e-05,-0.00023270314627534542,0.0006781173094382337,0.0006376739551328069
2022-12-19,0.00010296779867463263,8.690888373365395e-05,1.4244656258387376e-05,-7.356417458828483e-05,-4.8300714237572225e-05,9.475465783436339e-05,0.00035197174617349877,0.000194187452775238,0.00022903744968790537,0.00012808979538362378,0.0008207977520583243,0.0017869720569263776,-1.4397597572150811e-05,0.001732382035154737,0.0003236266038876296,0.00016145464718832396,0.00011355798955381633,0.00012637353804331576,0.0001481528695660269,3.4610309788098815e-05,6.288356752562266e-05,9.255141194057202e-05,0.00011062947124426209,-0.001707400839934541,0.0006497265560375102
2022-12-20,0.00017707375436795146,0.0002973152121784964,0.0001774999769265703,-9.773074317488825e-05,-8.151297292093335e-05,-0.00017063573192435016,-0.002154803799976044,0.00048663904229795954,0.0004909425071532512,0.0004190247668100284,0.0010931588417168537,-0.005279541995485852,0.001023375667995011,0.0033752127638834372,9.902114716759671e-05,1.2354124436643156e-05,2.1810639104354043e-05,0.00011492009914558133,0.00016094636401766508,0.00019861514437475252,5.9409076835871846e-05,9.039122676537083e-05,3.4175763680956096e-05,0.0005702137040093776,0.0007525562825934197
2022-12-21,-4.2353296337320994e-05,9.053837108240063e-05,-8.735390889596034e-05,0.0002319317387289936,1.9681059952916706e-05,0.00010970614519819808,0.0005601755534703549,-0.00027301989794689235,-6.32367997153258e-05,0.00033486289524827976,0.0005401271518326416,0.0021391044546166344,0.0007361577775923129,0.0030742846133578216,-2.191707909360714e-05,-0.0005957933533867323,9.393199956537415e-05,-0.00010704739456127336,5.525108787056678e-05,0.00012381232798239374,-7.198007019908688e-05,-6.835227925429193e-07,4.098984693974751e-05,0.0007853555162862746,-0.0007663104009180141
2022-12-22,-1.7199582481212456e-05,-0.0003100702343135696,4.583992632740982e-05,0.00023757293132227074,6.85234185169217e-05,-3.6958088497283185e-05,0.0003131990810377472,0.0004911354915326025,-8.441718879892088e-05,-0.00021109864874886117,-0.0041064324260079105,-0.0067859255647589895,-0.0002421412677653305,0.0023679002641314524,-0.00020202140117878088,-9.626224892021805e-05,-0.00019841250110169507,6.382133131484178e-05,5.499626670751802e-05,0.00018145150927861712,4.9669874713518714e-05,7.323005454128853e-05,-3.539068604406876e-05,0.0005742828138679813,-0.002497373154964868
2022-12-23,0.00015788163749581543,0.00032081029886162055,0.0002017787425780634,8.614422599939359e-06,5.483641295946412e-05,0.00010994035267174441,0.0005695783744108122,-4.862397003220541e-05,0.0005067185330960031,0.0004809479400279221,0.0013261437594368796,0.0020197300585440624,0.0006089335524705442,0.0018373719644135568,-0.0006658917739654676,0.00010517702490991671,4.700421360227077e-05,0.00010929995590603555,0.00015794808130987855,0.0001199865341019137,5.6120318530486734e-05,6.685375602175538e-05,0.00010617452046080247,0.0003366871171054071,0.0008789001619708008
2022-12-27,0.0001748071282167149,0.00011791932455052084,0.00017783897169838597,-0.0001765308772730372,-0.0001089499693494162,4.6810080962631545e-05,0.0004660822387918061,0.00045538029506766813,0.00031777242338833233,0.0004251076643777848,-0.004121701643025498,-0.012634635381101395,-0.0005420854387164942,-0.004554879610942966,0.0002537047192080849,2.2223805444686784e-05,9.809665070823314e-05,0.00014148146981847324,0.00016318795354325837,0.00020265179857403463,6.277550691652465e-05,-1.80779491336631e-06,0.00010913497203285231,0.0001901219311344668,0.0005950655749073429
2022-12-28,3.4874655544603496e-05,0.0001527516159009101,-1.9565384881226343e-05,0.00020859822740225512,5.8740367044807644e-05,0.00010070531234579856,6.793556672430472e-05,0.00027331024199448155,-0.000468975013465756,0.0003772561084645801,0.0016093242057756767,0.0017835407534095185,0.001050710773928525,0.002723938000400545,-0.00014067350079809403,-2.8751227282116856e-05,9.654943366432759e-05,0.00012842098439141936,0.00014618714137375836,-9.506027329663755e-05,4.3852121122077455e-05,-9.18574029347962e-05,-0.0002043063467555658,-0.00010241737010199836,0.0008598541557866513
2022-12-29,-0.00013261038805167035,-0.0002528903260976448,-0.0004097492777604451,0.00011759749335206194,1.584405095150329e-05,8.760247880991518e-05,0.00032337837541785553,0.0004723283578493625,-0.00026337804513089445,-0.000283557182106593,3.776339722995586e-05,-0.0031401120059918806,-0.0015034511364980278,-0.0018257957165666023,0.00024942655554830156,0.00020418729707177542,5.758050363600562e-05,-6.525681760612229e-05,0.0001277622285774825,-0.0002926110704707914,3.796847559876755e-05,6.953506717936951e-05,8.806444561468152e-05,-0.0006933153370956754,-0.00029554207071747147
2022-12-30,0.00019597729844701963,0.00035533550669796904,0.00024204520158885748,0.00011921280415352781,2.7442735786033195e-05,9.73570366814858e-05,0.0006093995682078076,-7.220898840641041e-05,0.0005283583956722304,0.00047353387631753513,0.0016835349435425262,0.003101630375587163,0.0011618566563854301,0.002578994415498376,0.0003115902791625754,0.0002014300193083247,0.0001218101722088192,0.00012684670417386612,0.0001043587598443666,0.00013489657029770478,3.610664788541327e-05,3.8493277421591225e-05,0.00011979517254682309,0.0005909269236671067,0.0010198887061286651
2023-01-03,0.00013284293234257414,0.00020088879883164152,0.00017980675633319767,-0.00010910227532484959,1.4089811644295061e-05,4.2018480491117695e-05,0.0005092890273042817,-0.0008513169179247225,-0.0010418368063507735,0.0003025458943779042,0.0009136230017665994,-0.014121194580105642,0.00022641288734872396,1.3278861925309152e-05,-0.0009243013210974103,0.0001992175437879356,-0.00022628138852894626,0.00010614430310514323,8.505590963104063e-05,0.00016135312727949436,-1.7759979947181666e-05,5.270316628687796e-05,-3.503125460759438e-05,-2.137365911857069e-05,0.0007121098337080939
2023-01-04,9.244119432385477e-05,0.00022674523597501517,5.843147572272606e-05,2.853438623390221e-05,3.620301990884525e-06,9.377221996199325e-06,0.00041956060454495964,-0.0020594368069985535,0.00038556706023068526,-0.0016972446079204012,0.00046381545852304453,0.0013685625460135536,-0.0009057433937834507,-0.010406704163207003,0.00042150906996608244,0.00010055890224425317,0.00013301742904452655,-0.00013551966783665573,4.8510120775852327e-05,-0.00033956993355234487,-5.650070842815394e-05,3.381153229027002e-05,0.00013132362148650606,-0.0005353103319678678,0.0007560364748328717
2023-01-05,2.2979704011625375e-05,7.455979393863931e-07,0.00010231946088637379,0.00019786749760368388,5.614290876326153e-05,-5.570752522078841e-05,-7.018463875375024e-05,0.0005859336373732863,0.0003823442089082054,-0.0004922490023205111,0.0002787134682659127,0.0031347725685400636,0.0004040698526502904,-0.010311493972337068,9.253710230785052e-05,0.00019277300509496138,0.00010063047050761555,7.385023369295157e-05,0.0001358639920421817,-0.0005537181108666224,1.2224847766292798e-05,-0.00010685838471156093,0.00012092202100146289,0.0006279680901218096,-0.0005453907715371149
2023-01-06,-0.000370153439769556,-0.0004936832948151961,-0.00031128245591289925,-0.0001269820564465745,-0.00021117621446307088,-0.0002500569593742122,-0.00019702249765642875,0.0005916448086119257,-0.0008069104936483007,0.00030525740803112773,-0.00022520375576371744,0.0032205914273197894,0.0007224094602304824,0.004046381403773909,3.468473440520467e-05,-0.001029634366666596,3.0213155716527024e-05,-0.00038569961026611963,-0.0002676685862964517,-0.0004933916120189809,4.9021095666301165e-06,-0.0005017066460029568,-0.0004584188045551243,9.478368423187388e-05,0.0001904910172740305
2023-01-09,0.00016020539100904612,0.0002225914847544007,0.00019297834081796452,0.00018636058263911333,5.1076800906337205e-05,0.00010685088443686686,0.0003668672189635607,0.0002572912303977512,0.0005174001403375497,0.00033312288629327807,-0.001095779464659935,0.0005104985971024346,-0.0012513375631891203,-0.015933393696866117,0.0003554663746416954,0.00016810602761512937,-0.0008463025988972588,0.00010711774734501909,9.39928336696557e-05,0.00024471737984605444,-0.0006278583924839159,-6.866045636455565e-05,-5.374247488691697e-06,0.0004203500500946083,-0.0017264165439212905
2023-01-10,0.00011154872783966782,0.0001945543750036767,-1.9908901229339325e-05,-9.209883097313683e-05,4.9295555841567945e-05,9.425753100580457e-05,0.0004088634390870702,0.0004965380782951337,0.0005046377985449212,0.00037405085969166336,0.0012683663403169107,0.0038986669790159615,0.0002751891886650856,-0.010061429761485104,0.00031829490279907535,8.907874796609122e-06,8.650966977985191e-05,8.850633376904715e-05,3.2591933282695836e-05,0.00023957705648468015,9.121049083003291e-05,8.74129094046962e-05,0.0001587702839047057,0.0004369282365375517,0.0007680092674314258
2023-01-11,1.7573134843711286e-06,-3.2282978945142465e-05,5.1004215699964646e-05,-5.86396156006082e-05,-1.1702458875403669e-05,0.00010794785573420973,0.00032951856580306434,-0.0005461739053479813,8.103228086682213e-05,-0.0004609743586576046,0.0013524354427695365,0.0026568553360614452,-0.00023919080776080347,0.005363655409083384,0.0003606682526769156,0.0002625860882053405,0.00013419068933960776,3.6372537462102056e-05,5.561730536664848e-05,-0.0009963454091135547,9.469765623470951e-05,1.952171872108512e-05,8.285445828991103e-05,0.00044417716707159747,0.0007009857138639575
2023-01-12,0.00015208955645095012,0.0002467206159085466,-7.300583947243475e-05,-0.0002024729671534068,-6.477341305173196e-05,-2.4526600653592106e-05,0.00015687332596628643,0.00047351606973487705,0.0005404244355610054,0.0003380279209400108,0.000397773861231849,0.003969046320378525,0.00049001129308479,-0.00145736038467112,-1.9066350307691312e-05,-4.48624879291262e-05,0.00012849253281895672,0.00012273801550499074,0.0001108143549966391,0.00015138665769462038,6.819963164030414e-05,5.6857440553904814e-05,5.0383462269849104e-05,-0.0007516780036399284,0.0002707060817096022
2023-01-13,0.00013980796314783933,0.00022183010876473863,0.00016939949260088083,0.00010898897377787655,5.8078866085299136e-05,-3.109616516054212e-05,-1.5162376885746124e-05,8.000682349362548e-05,0.00042496193633593344,0.0004253392301666568,0.0008442146242252119,0.0036583267611690817,0.0007304091436018318,0.0030380806393433125,0.00031810480397534007,5.704665721619997e-05,-0.0005483185442424873,6.088208758121139e-05,-0.0005221826903551894,0.00027666490991148446,7.65499487673625e-05,3.424868295029035e-05,0.00010758097822030283,0.0005496257744968029,0.0008669655851548611
2023-01-17,0.0001491443950150713,0.00026105240243864866,0.00020932329704690178,0.00015541811287875256,5.1935209464626196e-05,6.020209128155191e-05,0.0001976395986622997,0.00037575106992006866,0.00045337199795333384,0.0003966922400917331,-0.0007916486533036274,-0.0014752866423879455,0.000109856763808063,-0.0012413641954334368,0.0002965104302556228,0.00016194315830729642,0.00012780995552215835,7.545771005544911e-05,-0.00010968540225193458,0.00029102876092066375,4.6383427944342194e-05,7.902259192880186e-05,8.151741615980528e-05,0.0005412953514179806,0.0007964883568420711
2023-01-18,-0.0001028185271043923,9.113232756197001e-05,-5.706441656798069e-05,-0.000374467565235861,-6.999988429320361e-05,9.708788592552976e-05,6.69765787707845e-06,0.00011739021554906854,0.000491122274277707,5.5975063060711484e-05,0.0011109483525574807,0.0034664588057227714,8.419146354123042e-05,-0.00025748484061776863,-4.217135902807504e-05,5.5354049882567964e-05,-1.643509054549764e-05,-0.00024172117610715514,-0.0007856795824163932,8.0972144559587e-05,-0.00014477533149623848,-0.0006501444198048974,-0.0005078473943470659,0.0004905703551389917,0.0005641753259477696
2023-01-19,7.733541867860027e-05,0.00011037007001449073,9.532687078585994e-05,0.00018990700094964733,6.889354876313569e-05,-0.00015695903399722016,4.976450356842762e-05,0.00025195376181439235,0.0003954011881738946,0.00010666385187563314,9.233850086971828e-05,0.003763951309918215,-0.00018852830806125758,0.005305814091371476,0.00016318331201752446,-0.00032397308809879787,0.00013954031332285376,-2.564858177986938e-05,-1.8835780893379397e-05,0.00026831594760491563,8.823376385293766e-05,-0.0003364324346883866,-5.796983124816961e-05,0.00048499626976687113,-0.0009348788312530845
2023-01-20,-0.00021476786558845168,-0.0005207883212167782,-7.727848353454025e-05,-4.2545730773960936e-05,4.500826775355548e-05,8.920673940535636e-05,0.00037895935155699955,0.0003002799218625178,2.1349599005688355e-05,-0.0008531575725824558,-0.0024356731182209853,0.0015011270295688054,-0.0013562062715020437,-0.0065781684439069526,0.00021807027770468635,3.87944283940136e-06,7.737184097666534e-05,-0.00013007534399426857,0.00016289535073666002,0.0001233779135076641,6.253701020569051e-05,0.00012953650995762048,-7.875423716787502e-06,-0.0014039360562177175,-0.00036830475886378417
2023-01-23,-1.6527440101453937e-06,-0.0002457021219280019,4.309381813469312e-05,0.00020121116953815564,5.985956811931163e-05,9.695445054018836e-05,-2.8172810117544635e-05,0.0004747706568923,-0.00015002696061033465,0.00033545127050459535,-0.0037414974545671533,-0.001632546090131035,-0.0007789191988777891,0.005862971490264464,0.00031938214011094623,0.0001315521705986373,0.00014228807578994362,-4.092316574776323e-06,-9.138255647170673e-05,0.00024093156788777159,7.89736385153005e-05,-3.7592182840481635e-05,-6.979338630380084e-05,9.86124442203714e-06,-0.006916068242957268
2023-01-24,0.0001471384010971643,0.0002593432373934777,0.0001965617519391836,3.2665999500779586e-06,3.3512542594966286e-05,7.286058606519265e-05,0.0001888618856445157,0.00014868698600823397,0.00031884197958281335,0.0004295783161770494,0.0018837597480935754,0.0038462019257516004,0.0008628753121328903,0.004158407089188777,0.00029396617467021785,-9.747893052126444e-05,-0.00015940912032344398,0.00013489833963841212,0.00010689386228228526,0.0002562075778288262,8.577764477891612e-05,0.0001255643413567592,0.0001509978937324226,0.0004610105052996075,0.00069842635440204
2023-01-25,0.00013615152491085363,0.0002474550574703176,0.00017767565069367206,0.00021207557919174965,5.9812664693541604e-05,6.537176878310344e-05,0.00016653551605852782,0.00043475417585268184,0.0003720609554227631,0.0003932934969420976,0.0018538075901260724,0.003833017597904354,0.0011131046951417375,0.005957178124218489,0.00029036298033047463,0.0002409356391391428,5.722682208077502e-05,6.15053616032391e-05,0.0001540173058728127,0.00025857250002068495,2.821520606979171e-05,0.00015176253361815444,0.00013240759526296085,7.784330253643792e-05,0.0012223712684266285
2023-01-26,5.515906494146176e-06,-0.00015379497944059562,0.00014147475103066512,0.00019652040034796907,5.9892743205184334e-05,-3.2161575851106958e-06,0.0002464854540763903,0.00041585928187853064,0.0001478354711752326,-0.0005214419249034055,0.0009717343289406798,-0.007455580434400819,0.0006461513552347591,0.006157769882364219,-0.0007057821804390153,3.519884986200652e-05,1.3680954258888398e-05,9.368902284967235e-05,0.0001334797770091232,0.00013364616746055333,6.729176892690888e-05,0.00013575501481738548,0.00014793039301148732,0.00028053241699329135,0.0010347444740481464
2023-01-27,0.0001244678792695669,0.00014108785082059337,0.00014800382498994969,0.00020112021298641456,5.11492733705857e-05,8.162782577591574e-05,4.282879531698438e-05,7.635160403920158e-06,0.00019044956551829574,0.0004431270300098769,0.0008140716504405082,-0.006941530152023207,-0.0018585840416341457,-0.01524248709005167,-0.0001564725159269818,0.00015638102397313487,0.00017093921071283146,0.00012109412110969485,0.00016643004777548397,0.00013641839288763022,6.576938673212367e-05,0.00013549656490133725,9.028777681804114e-05,0.0004875109316799715,0.0010304999302669902
2023-01-30,-3.0257002499980642e-05,-0.0001837366442842554,-2.0432991731956536e-05,0.00017261117280689892,3.6250432014102206e-05,7.32132826715146e-05,0.00024692467556777716,3.054844259496809e-05,-3.677051390723154e-05,-5.258568253898921e-05,-0.0023644420517675725,-0.0005169647010421206,-0.0011484358086703466,-0.0009330807152842617,-0.00026091418750482005,0.00010182996364951652,0.00016538989656506478,9.631112746102172e-05,9.943436379095566e-05,0.00010296776773825614,-0.0013420520958362598,0.0001394890494015422,8.685269151275658e-05,0.0001477431820283879,-0.000572601079436107
2023-01-31,-8.372081007271222e-05,2.539506594567497e-05,-0.00040221278625013823,0.00012143176848677009,-1.2585940010598673e-07,6.588902165604704e-05,0.0001568797093081849,0.00014168070234077791,0.0002632841083967405,2.9287920086145584e-05,0.0011683624372338217,0.002427410814038314,-6.452251713314795e-05,0.005729140093518644,0.00019967734831256726,-0.0010561421402877013,0.00013564828004094815,-6.030287948918728e-05,0.00013893686621121185,-0.00017065071376648916,8.271393736461908e-05,4.703599469292415e-05,-6.440985873732178e-06,0.00038219818081700686,-0.00023808180091741595
2023-02-01,1.181161571773301e-05,-0.00022064968198560054,-7.244713119262738e-05,3.854124877725114e-05,-5.095966594248731e-05,-7.862581686408806e-05,7.588451549555246e-05,-0.0003484595006263717,0.0002436947309064425,5.511523759264684e-05,-0.003350777240692264,0.001534483775637563,-0.0006807574277287523,-0.006339671417945904,-0.00011928309745358012,0.00017907662488024948,0.0001627124934198006,0.00012129803860124226,0.00016744910386627126,0.00022019622708825077,7.815490523445776e-05,0.00011252074742958213,0.00011337412187172952,0.0003195345389890094,-0.013036484826034015
2023-02-02,-7.954890594640156e-05,-0.0009918528530570678,-0.00019656642748821444,0.00018062781907479168,5.2392666622987e-05,-0.000354286693996393,-0.0003337323518712243,0.0003516230740806042,-0.0010157171269609304,-0.0016346052897157478,0.00045270061782320243,0.0024010838189261552,-0.002713329385040101,-0.03829252501686363,-0.00023660115856510258,-4.69002470346493e-05,4.651322818828613e-05,0.0001134571303068088,0.000150685008873552,-0.00024697821318864005,0.0001506831404766985,9.284887807380688e-05,9.23913985393535e-05,-0.0007873273425935748,7.840306409105375e-05
2023-02-03,2.5587465348157873e-05,-4.497465387485501e-06,0.00015760559742247022,-6.424657926684847e-05,-7.855340278849926e-05,-0.0005330575264691517,-0.0020112067811901267,-0.0006703051760023404,-0.00027952369956890535,8.224813274488262e-06,0.0009807652610509263,0.0028385869121081973,0.00018637275064222977,0.002653883488468833,0.0002496697802736994,0.00018942880837612475,0.0001383562465202377,0.00011700408006981565,-6.52775865646073e-05,-7.50406317452823e-05,0.00012966988969484168,0.00013720575236084262,-3.969317601958426e-05,-7.419486932230877e-05,0.001323115394120617
2023-02-06,0.00010520855581145442,0.00026127406137144344,-1.541716314121155e-05,0.0001098967262115986,-3.3504925942480387e-06,0.0001316203919061448,0.0003434384749640299,6.0847075652420847e-05,3.838154159241944e-07,0.00046371811184182693,0.001785592543806142,0.002170542559867925,0.001230970287500217,0.010016044872250808,0.0002341347979507119,0.00011073567655547854,-0.0003101417426220601,0.00010694045884367448,0.0001443025407676278,0.00022323125079448452,9.861998034680186e-05,7.36378872568367e-05,9.607958506550109e-05,0.0003331252517999137,0.0011952366878568454
2023-02-07,-3.120775603995552e-05,-9.677552576312358e-05,0.00014764075154794398,0.0001022498292928165,4.86590631973463e-05,0.00012671061818227665,0.0003105222034396767,-0.000790327179419389,-2.396589394477208e-05,-0.0012405581481011636,-0.0007874687252519784,0.002664647051836997,0.001114100819621096,0.0073778625479676225,-0.0007841408597841904,0.00028710171497564575,0.00017880405001319038,-2.637089063507843e-05,3.379483282626441e-05,0.0002341677859326774,0.0001568396573147624,4.548336217968187e-05,0.00014703447419453766,0.0001417318326388526,0.0012800964184894177
2023-02-08,-2.1634684119328844e-06,-1.5678360341610915e-05,-3.877389195617724e-05,0.00013000344536548167,4.459492291934399e-05,0.00010269709687025986,0.0002790278557345971,0.00024148151158679922,-2.942480088509924e-05,0.000529464872721332,0.0017692709670409249,0.0022412102069330362,0.0005683207486813967,0.008573156252001939,0.0001939976636088749,0.0002616970175598489,0.00017017084345477342,4.9008442150379293e-05,0.00011917264468691636,0.00017825850817431213,0.00015168019658828722,8.249186207105218e-06,9.052213877693821e-05,0.00038094184969546116,0.0017686180756365136
2023-02-09,4.95144530635398e-05,0.0002427360877834545,-2.2694578382043807e-05,6.163141468929673e-05,-2.6460189676089716e-05,4.574375354923751e-05,8.28140188832763e-05,0.0002953547703247535,0.00025613993213353036,0.0003969437554299269,0.001596908328761036,0.0017222762877736543,0.0004524686167962894,-0.01486781564997663,0.0002043999140432382,0.00015836981534722707,0.00012645892565046364,-3.98805498502275e-05,-7.530882652754254e-05,8.12728201109021e-05,-6.927129134056049e-05,-7.384843770375559e-06,2.7556329794428073e-05,0.00021494318061705025,0.00153660841085535
2023-02-10,0.00012137059389809722,0.00027860174017977724,0.0001858178156535941,1.5329215467402155e-05,-1.3174281839552394e-06,0.00010793710249645531,0.0003036752797545043,-0.00037527153163844794,0.000299775201219662,0.0005349854212110554,-0.0008022847264097023,-2.6473288066079185e-05,0.0002298920583149039,0.006890903042976931,-0.0011962700597392475,0.00022871886711582154,-0.00038570859371048725,8.005778301007106e-05,0.0001604565652632184,0.00019629335509670174,0.0001040094138774809,4.361509561345695e-05,-0.00012059764595214183,-5.9995991482905675e-05,0.001415179961588993
2023-02-13,-1.7753299483376023e-05,5.576897214321807e-05,3.8560615505705794e-05,6.44357810946194e-05,3.3077003154125434e-05,8.584161417737582e-05,0.0003052695710424864,0.0003851939574745256,-6.494144445026376e-05,-0.00045595473153394817,0.0011568854465396046,0.002580386498408005,0.0010933098429657612,0.008732584052812612,0.0003535060562330696,0.0002583386177648822,0.00014677957960590931,-4.417430496428722e-05,6.150803586182704e-05,6.264769639706316e-05,0.00011289187177914876,-4.767451969471466e-05,-0.00010248292802594698,0.0003905879725180072,0.0014669600826365723
2023-02-14,0.0001249749587148572,0.0002662625979508786,0.00017404824668848921,0.0001123790849496488,3.4377300368483923e-05,0.00010534682883360334,0.00028100259750908375,0.0004091789291690575,0.0002832856175827842,0.0005252316084670146,-0.0010699478583097513,-0.0025192716120262183,0.0007581803374995526,0.006439710599184296,0.0003407456003593204,9.286609142776346e-06,0.00015163346746608042,6.424271290579649e-05,0.00016480679504408654,7.321298558961471e-05,0.0001067711891330791,9.701188725036377e-05,0.00012592669229174628,0.00033612410825459825,0.0007440889568293325
2023-02-15,0.00011386477463368457,0.0002626152761321898,7.036057186818265e-05,2.5351340044945213e-05,2.58910535923726e-05,-2.1419588503835785e-06,0.00014272726315414799,0.0003575925581906222,0.00010599813808402704,0.0004706509922957153,0.001767234499564102,0.002445894677501642,-0.001867639810766402,-0.017418658749030678,4.68197385720171e-05,-6.033861645772694e-05,0.00010998047329287551,9.111266935773866e-05,0.00013381696452331233,0.00012208445956090895,-0.00014969267219756724,0.00012268872964979805,7.939424943975769e-05,0.0001229394858176776,0.0018365100137346438
2023-02-16,-6.746286666670719e-05,-3.498599911374553e-05,8.504264975457465e-05,-8.798557894421056e-05,-2.4083991716502396e-05,0.00010061039736180882,0.0002644102199536726,0.00031338225251167624,0.0001930018611678165,-0.0001907216195341933,0.0005764422609504378,-0.000686925904455796,0.0007369341934212854,0.006472457786697673,0.00025895836840774853,0.00018504811460099034,-0.0002654015137073544,-1.2462943996593382e-05,-5.325169909547412e-05,4.274686968630099e-05,8.873586771078568e-05,-4.6013280419418095e-05,-0.00011509702017550969,-0.0006603354503685081,-0.0018937136036159305
2023-02-17,0.00011517060380908706,0.0002839536200578728,0.00016037449921455288,3.538107400187824e-05,2.110177067719242e-05,9.197161414360345e-05,0.0001759657241458372,-8.008051894506667e-05,0.0002499653932458425,0.00031008046799772273,0.0009792328441125238,0.00198118140194283,0.0015097948403600425,0.00938639494505486,-0.0009716760720279414,0.00023040132427721945,3.877804514139099e-05,7.600283850991688e-05,8.980449937375846e-05,0.00011650494380777666,-0.00029743357475391644,-0.00033202352564618503,-0.0001084317864112012,0.0003628548579261746,0.0017176310131626058
2023-02-21,-0.0002918213555058684,-0.0002425701102750546,-0.0007342129219163447,-0.0002887650410401449,-0.00016738697074098833,7.376155229095467e-05,0.000226200306136338,0.0003526842330432967,-0.00042081092036061045,0.00011027292892460018,0.0005377058455241274,4.7375240165994405e-05,-0.0024841068618718194,0.006989826018240592,0.0003820725249556261,-0.0006126043711790737,7.236034420761244e-05,-0.00036513875164880807,-0.00025381911092477383,-0.00028016245590048954,-7.263011234334959e-05,9.490477337702792e-05,7.862945390143674e-05,-0.000513866431939098,0.0015486967939655706
2023-02-22,0.00012077709655139328,0.0003224600460113785,0.0001904022657130968,1.976399425962238e-05,3.8810886381836964e-05,5.609907440874942e-05,-2.308283747545973e-05,-0.00035518444477673615,0.0003223139717231596,0.0004914959582426484,0.0015863828254706538,0.0026837683849045123,0.0009743357063916841,0.008672884146561224,0.000358248410178398,0.00012088547017932732,0.0001260779775074167,7.759456765285207e-05,4.8446762578270194e-05,6.34055993059461e-05,0.0001619724308285874,7.692204496960831e-05,-0.00034013370010907147,0.0003284508840134688,0.0020038687835259414
2023-02-23,8.684493773625354e-05,0.0002209834506860608,0.00013943123734521935,1.175848273744132e-05,-1.4188342797741243e-05,8.920081038857119e-05,0.00018994075854931783,-8.663231173872864e-05,0.00029079589117860205,0.00034274093696490455,-0.01590019816339057,0.0026672088420344885,0.001257043325294512,0.008516584702225112,0.00018100603467657178,0.0002595438336505158,0.00012460686158676326,7.093230096675563e-05,3.303251234867662e-05,9.334838569286944e-05,0.00016356338698154406,7.529837518551195e-05,-0.00010383479089474258,0.00032083559269937103,-3.098904648942942e-05
2023-02-24,1.122356871064418e-06,1.5385359116343734e-05,0.0001041502437467743,-7.091237466290526e-05,-8.006746897933513e-06,3.6645055636945354e-05,-0.0005527534762339852,0.00030081761331495925,-3.343729768203477e-05,3.229722402109912e-05,0.00200021198248841,0.0020281762706704665,0.0005127431154416498,0.004581238857297489,0.00041504043246877193,0.00018294926495078908,0.00010050639204157607,7.095502964037714e-05,1.5521966513782978e-05,-0.0001610571318162029,3.775672550787682e-05,5.2527895538391064e-05,0.0001265335664394462,0.0001202163391163056,0.0011963903682023045
2023-02-27,0.00011121884869915705,0.0002649464901956927,0.00018448684162427077,0.00010172611024036094,5.1701812645212636e-05,7.51740720574874e-05,0.00019205771242711885,0.00026012176731986865,0.0002460865200706596,0.0005278752817890097,0.0021887376949346967,-8.4818206514666e-05,0.001445625314501018,0.008936244693516228,0.0004081231845831939,-1.4270080864878227e-05,9.837420997172615e-05,6.829610923764073e-05,2.379991223264853e-05,0.0001668358564032654,0.00016303744708678718,8.551220199183747e-05,8.016383206974699e-05,0.00030788793665330566,0.0015874782876730308
2023-02-28,0.00010315874142694659,0.00029656263321387857,0.00019559581577445004,8.80762264662835e-05,5.1636756024207246e-05,6.612737256273842e-05,3.558899576065031e-05,0.00022264286379477814,0.0002934901627677257,0.00048393285856133624,0.0020961255838103164,0.00221693348017747,0.001109558715145907,9.928118713862719e-06,0.0001549205661478956,0.00024171463512592564,7.178831518197405e-05,6.301781055424789e-05,3.188188998312767e-05,0.00016050123533610858,-6.815543666266184e-05,-4.5023853020456577e-05,0.00011196630415630625,0.00022820039026073276,0.0016603276227385845
2023-03-01,0.0001025625565089232,0.00022780642168392735,0.00019238068710499613,-7.259675590468232e-06,1.222041068480216e-05,5.4688748474142164e-05,0.0002551344131742928,0.0002565752107299295,9.008471680342493e-05,0.0003316306207801071,0.001700939812567633,0.0015043184805126702,0.000837265454134981,0.00833353487406737,-2.8114478052541816e-05,-0.001155620222955643,9.496660966926918e-05,5.5753311600536185e-05,7.353548374857017e-05,-4.978914535165498e-06,0.00015902156225136674,9.109223941229096e-05,-6.305352471992984e-05,0.0001858191285264416,0.0016522519456412142
2023-03-02,4.9394372102470305e-05,0.0002057438377296737,0.00017763418276432454,3.571850368632546e-05,5.19411623614154e-05,8.892444784373102e-05,0.00026229214119612805,0.00039303197719984465,0.00026772679403516767,9.622636946331024e-05,0.0013179536017406083,-0.0021492024764363025,0.0011431186174143985,0.007680570037250492,0.00026795474361066354,0.00011315858486835411,2.4916188349303253e-05,4.342790443300085e-05,-6.3289143410586205e-06,2.0367599992912914e-05,0.00010189744511509856,-0.00017638249775226821,0.00013475651632234966,0.0002763677153474737,0.0008454824391831725
2023-03-03,-0.00015211899658568425,-0.00015344127884588338,-3.913203960940589e-05,-0.0004570592622559618,-7.713380186132253e-05,-2.519869666978928e-05,1.0567985301027734e-05,-0.0001222434698044877,-0.0009082475965715606,0.00019951566152346713,0.0014580210857358404,0.0003501307693825383,0.00019813941705630785,0.00767207871123983,0.00016222972956371606,9.781647453942861e-05,9.595796569387768e-05,-0.00018831486638985767,-0.00022437754275834792,-8.760173634130196e-05,-6.594529722548417e-06,4.789244723465571e-05,0.00013193382782707142,-0.00020439566140840597,0.0013684520786739355
2023-03-06,0.00010829349754828945,0.0002624088299958446,-6.769812182410117e-05,7.890140376628856e-05,4.380542797691513e-05,6.064425964763125e-05,0.00013288645898270265,0.00029004993596686067,5.5236691255436095e-06,0.00042759274971167135,0.0016211874949946983,0.0011460301882554441,0.0007461505717810412,0.006350695982136277,0.00033257715628509367,0.0002244532739974116,7.38577222649364e-05,7.039972249000578e-05,8.997871692454805e-05,0.00013444122803239625,5.792043311798472e-07,8.357229922165042e-05,0.0001317723337196885,0.0002887996960870312,0.0007620221378563098
2023-03-07,-0.00014126701730105554,4.335296968881866e-05,4.034579194309276e-06,0.00010533228895314666,4.353598248774256e-05,-0.0002474637244752013,-0.0018723302793551531,-0.001089621650106164,7.567512106960213e-05,0.00023945422226453282,0.001636970836005932,0.00048369920788188725,0.0007094558331513864,0.004408262638698245,-4.8501127549047335e-06,-0.0007492123536719419,8.119774592499404e-05,-0.0006135274320380013,-0.0007658999726175258,-0.00043415038092400025,1.4064144296191321e-05,-0.0003032031946417622,2.881188033485519e-05,-8.582829098608324e-06,0.0005485924092913817
2023-03-08,0.0001015167881775853,0.000161588020793873,0.00014506055804350648,0.00013135728858685919,4.228204165947105e-05,4.535550208167598e-05,0.0002362020891850324,0.000263535295245459,0.00019917056956327684,0.0003245580437344268,0.000308698966931776,0.0006036619898381382,0.0009354271186574442,0.003876919918303472,0.0002139679163930344,0.00017165915714691926,8.76543421491693e-05,9.421576003092366e-05,0.00012573789143219144,3.794207887026222e-06,5.3229648451815384e-05,0.00012150241303999093,5.5782861660746486e-05,0.00022904474494035853,-0.0008599946387706063
2023-03-09,-0.00024451874057977464,-0.00012165863411086751,-0.0006619884524862864,0.00012333673708708103,4.085827190271178e-05,-5.0704447882887205e-05,0.0002382011297694696,0.00021174564043534468,2.884217170842285e-05,0.0002960604363673683,0.0008228747491398642,-0.0010427556047784563,-0.0008825609603316424,-0.0023934947108073985,0.0001223425523872562,-0.0007301227588787549,6.979635179968405e-06,-0.0016106772147109246,-0.0029367245165827006,-0.0003992552825944503,-2.0695106718706508e-05,6.325997520156747e-05,7.974845769379814e-05,-0.0008138422685373275,0.00044450291840741717
2023-03-10,-9.924476328677654e-05,-2.250815220062577e-05,-0.0006815221539547027,-0.001023426063313204,-0.00016146539147385899,-0.00040455350884040583,-0.00026533505476981933,0.00014211308663164232,5.180511123884833e-05,1.283979669357277e-05,0.0013060464875510789,0.0017048046388822861,-0.00019225267436447048,-0.002486385935624307,0.00011457997354862856,-0.003229686581807842,6.787550994305328e-05,-0.0001411180819080662,-0.00030632548262775095,-0.000968719086426657,0.00010821873526240501,9.474112852468359e-05,0.0001255263255616139,-0.00045868973352516853,0.00040438439533550336
2023-03-13,0.00011492280595620983,0.00011624942905223701,-6.0510167718442895e-05,0.00018268724708363855,5.1550396155606596e-05,-0.0004396227788537661,-0.003176068190363112,-0.0004910714390888252,6.677188948606296e-05,-0.00020377883316908982,0.0017406786091819645,0.0016508311045751517,0.0003354030501335355,-0.005561689825622074,-0.000137190482842534,0.00041649136214551335,5.3259292214545455e-05,-0.0014100555957817897,2.594220042332918e-05,5.8365704545483235e-05,2.382144173144816e-05,6.2821830506967e-05,0.00011766814912067676,0.00020700634565779438,0.0006097611951902482
2023-03-14,-0.00015588117167336435,-0.00034667127370938556,-0.000124439968330567,-9.168277476489389e-05,3.9410345447077163e-05,6.616480693088072e-05,0.0004146053099051588,-0.0009485363888811656,5.1584811733979675e-05,-0.0004493000375779181,-0.0004384314164509941,-0.0007695778261473231,0.0005685149580749109,0.000844594540519065,0.00020709941375445925,0.0005022788790456276,5.8396307759024185e-05,-0.00010705887613444618,-0.000283924520764527,0.00013866967580683588,7.786268685456882e-05,-4.497121364971608e-05,9.388448082878152e-05,0.0002457791427189286,-0.0034644651158463984
2023-03-15,8.79777962227727e-05,0.00016803235901968706,-4.573266436841994e-05,-0.00017454282833577754,-4.452229635920253e-05,4.1112321654045096e-05,0.0004157883732200037,-0.0018515419678640358,0.00025086413377493167,-1.016395472587452e-05,0.0016788236003267762,0.0013881359586670062,0.000914266698099901,0.003365661344332979,-0.002818287450263676,-0.0009222910141707896,-9.49923949138881e-05,-0.00041402216857306734,-0.0019492936640014274,0.0002347644268689523,0.00010201855278233813,-8.7202165176078e-05,-1.2497592433251042e-05,0.00028418145658831473,0.00022816267260515383
2023-03-16,-0.00018047859092956307,-0.0004939308842334747,5.404039083496676e-05,0.00014578915577242971,4.818446751733082e-05,9.93634705995389e-05,0.0004315931517940117,0.0005109804447391697,-0.00010396416744683706,-0.001311503040059968,-0.0010895609572397552,0.0012251776044282688,4.823129604523198e-05,0.0017157919899300528,0.0002781257893138641,0.0005546513152803809,4.853684626057515e-05,-9.64540238607305e-06,0.00014512260742202237,0.00022626963245997195,0.00010517250615194794,5.656406712899799e-05,7.223943599941838e-05,0.00013031774186820458,-0.00465015052238207
2023-03-17,2.5392699346310954e-07,0.00019474599939831868,-0.0005007755475028761,-1.1383075963703843e-05,2.5047904818816452e-05,-0.0007203075564356403,-0.0007788678898508842,-3.73415295868417e-05,0.00022697782334007942,0.00021822530492119228,0.0016436616975963867,0.000885808684939851,0.0007743922435628999,-0.0059457429662834495,0.00014978108348664374,0.0002972286976251501,-0.00019784153743180905,-0.0007033352364848649,-0.000949335123411306,-0.00029889008397962507,-7.322797793116016e-06,0.00011321317853301872,4.093908879350591e-05,0.00016526778388663323,0.0009538756543714665
2023-03-20,5.4008811537783916e-05,0.00020267868214778498,0.0001174393048948698,0.00013981976233587006,4.195423186540418e-05,0.00014311097474649595,0.0004991690830376268,0.0001754539357324163,1.199845525027418e-05,-0.00032415845625302035,0.001647563574198909,0.001069297522801425,0.0006704465277678111,0.003380544305855765,5.894382530345014e-06,-5.656998954460101e-06,-0.0003742651130001456,0.00030245790699402834,0.0005036883245069417,0.0001268109506612957,2.6771170188537964e-06,-0.00012031249715108382,-7.967769390964432e-06,0.0001777652901854407,0.001009029041310128
2023-03-21,-3.0092308561187244e-05,-4.843023584418334e-06,-4.6786119744989094e-05,0.00013656079267159918,2.449594856916142e-05,-0.0002198858796467616,0.00045477453153894737,-1.0698400313833146e-05,0.00011401386326958211,0.0003224890702550604,0.001500810707703188,-0.0044768299622243045,-0.002136340759118987,-0.00918158334624932,-0.0007433852579984377,0.00018668027142148278,6.0972949538688954e-05,-0.00020046082140832766,-9.071707829541803e-05,0.00023799806166841683,0.0001024550718902896,6.353946205955726e-05,8.751171570775638e-05,-0.00034404169200287184,0.0008350355558594321
2023-03-22,-0.00014655737844055847,1.7084009756674555e-05,-0.0005224744031584996,3.638340240467449e-05,1.4422712634650115e-05,-0.00012222120548110101,-0.00021691445959650735,0.000524013983714371,0.0001759327589938194,0.00031316653112478015,0.0014915558548958647,0.00035675600484956905,-0.001518073389292047,-0.003344860738465234,-5.58815602145105e-05,0.00013830960269136988,-9.384447049914381e-05,-8.849552430946451e-05,-3.6286208123405186e-05,-0.0011916756085109605,-0.0002678879428688212,9.52705485339133e-05,4.624410092907585e-05,-1.533179869197453e-05,0.0006104074884274826
2023-03-23,0.00013546582630045382,4.439810604984628e-05,0.00028169113891434675,0.00020032660308085977,3.068454819657383e-05,2.219872470326549e-05,0.000473604485364327,0.000460755998560931,0.00017586320828644127,-6.122756374362645e-05,0.0008087515623263282,0.0013207928846528433,0.000615027528126832,-0.01877480486060127,0.000235742466396005,0.0006135241830746723,6.125693503264525e-05,0.0004210480436408246,0.0006591952362780472,0.00027507193273740006,8.54529896929088e-05,9.372170482743733e-05,2.2773248347701745e-05,0.000149264536251005,0.00014502583597655752
2023-03-24,0.000100271842724531,0.00017744638596943132,0.00022107427657861494,0.00017795648780231517,2.9104751132590742e-05,5.615971055010003e-05,0.0005275955687354611,0.0005287899001388156,0.00015787873193379663,0.00023120832718762053,0.0013404363516152226,0.001247326284261858,0.0008327207978309904,0.004880696055664624,0.0004236767736631738,0.00048759954476114057,-0.00013252794243324515,0.0004686072994403946,0.0004284128615113248,-0.00032881283496463486,-1.4501343857401553e-05,-0.00031213146834974397,4.933893289233045e-07,-9.098910320409515e-05,0.00037784748114986046
2023-03-27,0.00014036098501315849,0.00014027598650757033,0.00018157496535028362,-0.00037349767674701377,-0.00010895858765960918,0.00010472491040378511,0.0005339708276816209,-0.002099675379985772,7.644293715881835e-05,0.00011037673402482462,0.0005568773367437524,0.0012860962772595639,0.0008229549271428576,-0.0011834301120070565,-1.760112128612281e-05,0.0005976709636758722,7.097509754826127e-05,0.00027911564051610676,-0.00012559754286801624,0.00034309876401595897,7.306580073863968e-05,8.882199885399048e-05,-0.0002166664817403152,3.6511819327158775e-06,0.0006826852878774497
2023-03-28,0.00013267489584390575,0.00014614879055783756,0.00030362157480340085,0.00020982299120512422,3.8022943047463216e-05,0.00012657660712485407,0.00039438332239335447,0.0005994165763640755,0.00020383751038356864,0.00030522193519916995,0.0006130923185782685,0.0011164664616279706,0.0005388047022749835,0.005476541389892548,0.00021593454648305738,0.0005192251572348607,5.973056944043117e-05,0.00047926640461837223,0.0007030269495317819,0.00032149143052523317,-8.894286344378533e-06,0.00010840462229506117,5.759008224088563e-05,0.0002001494973840038,0.0003985873437023677
2023-03-29,-7.086659810861591e-05,-0.0001532352389738644,0.0001775842203244679,0.00020884977549031912,1.960057705462361e-05,0.00017116510187566758,0.0004925746457348852,0.000592632320283058,-0.000167139055758454,-3.831679246818888e-05,0.00016820257614275525,0.0005615642350828361,-0.0005880185007916305,0.004298494082557468,0.0002741857033085918,0.0004434559247913574,4.3676444290886775e-05,0.00026799413157856333,0.0007045173810143546,-0.000152987883342939,-5.26851596849199e-06,0.00010724147538980345,5.2123692792566196e-05,-0.00018303485752130033,0.0006220422800769854
2023-03-30,0.00011393713469226132,0.00010231587939812233,0.0003102438800781131,0.00019091558626643627,4.019648298003131e-05,0.00011513846089882516,-5.1299859654142885e-05,0.00029537845423148685,0.00014044996416257032,0.0001848099995882119,0.00043221667939315553,0.0011375513005282343,0.0008213766398905394,0.004803599481553158,0.00044345783499159704,0.000569190058058655,7.360732120592093e-05,0.0004858987576424742,0.0006958484784167355,0.0001847499397294755,8.182244749768099e-05,9.111593429510475e-05,-2.8291777144626975e-05,0.0001364740788555141,0.0005527947421584058
2023-03-31,-4.6817817736793775e-05,-7.968880019014175e-05,-1.9626843312597452e-05,-1.4341662414138641e-05,-4.058849476914416e-05,0.00017143065057955044,0.0004417647023862829,0.00034205386445509576,-9.643820633329752e-06,0.0001212833624059542,0.0004274934030014503,-0.0024799473761026062,-0.0014285680992295264,0.0024488459799629405,0.00039518858523229035,0.0001828635894790983,7.749608546413444e-05,0.0003705596294730193,0.000558737289716552,-9.425565743018273e-05,-2.2295096883312952e-05,4.091345549114e-05,-8.248272937317496e-05,-0.00012150814000986486,0.0009096002774286369
2023-04-03,0.00014205542518289785,0.00019761644995413898,0.0003297874736240404,0.0001924992906067791,8.18164305312838e-06,0.00014868514518468577,0.0005044348029052003,-0.002494813941787578,0.00018473389757222333,0.0003193561831108005,0.0005579954015574759,-0.0028020242430905435,0.0005517029452295714,0.0016174157704545956,-0.0015192987963838051,0.0005314734654733357,-0.0007640089696058023,0.0004922087582037939,0.000704433266961011,0.0003076598775001385,-5.378190454769096e-05,6.999194008085298e-05,2.6401377499117395e-06,0.00030646204011523695,0.0006491069177511435
2023-04-04,0.00011249645699749306,0.00016951616155179831,6.5008899181158105e-06,0.00015975184337148796,3.785444989899071e-05,-0.00014430745543891102,-0.0011357926923153967,0.0007903787771107328,0.00017108574157829472,0.0003189808993030542,0.00023191710210930907,0.0012034723396043745,0.0008483646372744721,0.005167982180671532,0.0002037865731895999,-0.0025408420385231757,0.00010500422305254718,0.0003948465771302802,0.0005065839572722997,0.00036060708873670357,-1.9233337220129137e-05,7.592441436106406e-05,-2.0839689733880275e-05,0.00029030799325702487,0.0008222616614903639
2023-04-05,0.00013824458212985055,8.305196660844413e-05,0.0002276235018893551,7.420878213225685e-05,2.8490718010338187e-05,0.00021345206972104487,0.000578330509558908,0.000785782809868989,3.486390129947399e-05,0.00021815517552149983,0.00013773821097635373,-7.923247503420559e-05,-0.0004568866501431702,0.004615737167893155,0.0003336654620469507,0.0003809447211560148,0.00011133735856746615,0.0004855903957726442,0.0006935210233131863,0.0003328908193850705,-0.0018416440733923234,5.258399062318442e-05,-0.00018831230205518885,0.0002812811130630098,-0.0003591094908937664
2023-04-06,0.0001172687571424609,0.0001333842923862783,0.00032040769213022887,0.00017957823735337107,3.8475422967119716e-05,0.0001458327057915365,0.00045910922580869187,0.0007061026272669286,0.00012912575009832022,-0.0003195330483968973,0.0005650200270794053,0.0013299313303192653,0.0006646406321691382,0.005347648710777287,0.00031833340974627225,0.00025055553508107674,0.00011992184912315367,0.00043565516721070575,0.0006458670973611977,0.00028619623114198176,0.00018253797101794913,3.972459623382385e-05,3.46021419044878e-05,0.0002791194703218518,0.0009346780898335614
2023-04-10,0.00013205844826139288,0.00017932935334760496,0.00020955197149258306,-7.76882542365559e-05,1.7731499813231452e-05,0.00014472195163464362,0.0004635369600930162,0.0006484160112113354,-0.00010225649121974617,0.0002928900145488111,0.0001288392766832223,0.0012753143773053899,0.0009227453082186048,4.178974010982453e-05,0.0004958154133573815,-0.00020366110111310958,-5.7916773726495816e-05,0.0004450196338613874,0.0006343903833174186,0.00030696249576000925,0.0001623473015340966,1.2854608373590406e-05,8.680017959261016e-05,0.000209164288314675,-0.0001734237226443014
2023-04-11,0.00011410575372830593,0.00012148701006461641,0.00022332524463044147,0.00019647116523963898,4.024997256458785e-05,0.00015795032950702037,0.0004149166995638787,0.0003469760579015919,0.00010076323709099855,-0.0001734445306221182,0.0002664012592619652,0.0009903982291866087,0.0007862856222740426,0.0018372575548890515,0.00046314218576858275,0.00014701404231201847,-0.00020115783633847624,0.00028028709458793486,0.00045201862513790536,0.0002820630171749491,0.00018202661358924014,7.879393485809681e-05,7.963677829535893e-05,0.000210712872710703,0.000660963402751734
2023-04-12,8.593047791182317e-05,7.552213386746544e-05,0.00018766088986570486,0.00013692914367856358,2.4831806820440868e-05,0.00015115062048543263,0.00015661508252491597,0.0003427814269182143,0.00013228077656447527,0.00036352092237155087,-0.00015059114823847759,-9.224920568060317e-06,-9.809317341451706e-05,0.004040975000251328,0.0005470213105229554,0.0005222554253129966,0.0001440620782259624,0.0003368981408703523,0.00044302498358723627,0.00021536823164730883,0.00017724812378004496,7.445901651115932e-05,6.478243549897892e-05,-0.0004389544327540251,0.0005605179835496442
2023-04-13,-7.070317194004311e-05,-0.0002205110775101125,5.6833602085961304e-05,7.55177829297655e-05,2.642916721774708e-05,-3.2225591325914054e-05,9.240419261649568e-05,0.0006007924723319074,-0.0009817438144194331,-0.00014611255930380114,0.0005135545624030988,0.00035451917133058326,-0.0007759073906304922,0.004432626029200029,0.000485719178274345,0.0004887355379692241,7.560550981375698e-05,0.00017296894379405993,0.00041058462581427597,0.00022145214491611567,9.474343228980161e-07,5.827095698369236e-05,8.838900356886104e-05,-0.0006368120675216549,0.0009013237856439913
2023-04-14,9.224825792890515e-05,0.00014436555418344024,0.00013354080856628465,4.1690350770633015e-05,1.8308638406642104e-05,-0.0001632699166709581,-6.115269916546969e-05,0.0005932692894569109,0.00018923130403584654,0.00016738106862754858,0.00027296489693421115,0.0011017876083833425,0.0007404618518375563,0.004340406401234706,0.0005178746857802893,0.00043578196607028003,7.499310641770385e-05,0.00013977124581225956,-0.004908399671241174,-1.862243768503707e-05,0.00018236474464072621,4.665217992700243e-05,4.195585245284241e-05,0.0001699119870429765,0.0006688967059832881
2023-04-17,8.357252745791177e-05,0.00014588278494078355,4.754033951014425e-05,-3.250091565256713e-05,-1.5313901066015747e-05,0.00015028338851744483,0.00013287308075192784,0.0001817003183636749,0.00019356516198838634,0.0002387608682091397,0.0003176412577634873,0.0009932867356887648,0.000810659102911435,0.0034841915636905324,0.00021349996505606254,0.00039442956242904487,0.00013176994149094863,6.866118998648051e-05,0.0004902110762027517,-0.00018498739612182117,0.00018367817921073636,6.300657279096617e-05,3.4978673231481233e-05,0.00024602984671503656,0.00021997918638661413
2023-04-18,8.011384357522967e-05,0.0001095607074737435,0.0001915556366000657,0.00010252227988448744,1.5866831590627028e-05,0.00015607390307284256,0.0002655894982792537,0.0005019801232608906,0.00011889440392829061,0.0002403867736487496,-0.00033989618363712684,0.0008816320752795246,0.0007788659654416126,0.004368904661642817,0.00034043714598443474,0.00044292489684957136,-0.0004204457675299582,0.00017930792773747538,0.00041109355615632094,0.0002571505461034587,-0.0006294743557224595,5.896530496759462e-05,7.972630516886029e-05,0.00021483342485609447,0.0003685087297785279
2023-04-19,7.295811475142607e-05,0.0001081145095150061,0.0001680285420888708,0.00010279284891608092,1.3857555749532927e-06,0.00010383354516361676,0.00021996943310174634,5.731472697853546e-05,0.00012799840525453882,0.00023524923028650136,0.0001914310984123443,0.0006674969054004107,0.0007714105565417337,0.0020252767199928573,0.00033095903331548343,0.00042103639037462505,3.86388812096265e-06,0.00012450096854469813,0.0004597322487305389,0.0001989575203056893,0.00013449295215068834,6.0103760250161256e-05,8.014998449320909e-05,-0.00022802349628644835,0.00035748836640048015
2023-04-20,3.802831190399783e-05,4.9079095674030434e-05,0.00013392424976995038,2.7015972804905584e-05,1.2669324155423791e-05,0.00011257687943119628,0.0002253717649352451,-0.00013947571724971168,0.000131551311125833,0.00013166118263665072,-0.0006193132399871575,-0.009424665097648706,-0.0007228354732485022,-2.0507749638116676e-05,0.00024381087116454703,0.0002814312984225145,6.033663054457532e-05,0.00011487662728469084,0.0004469348366063071,0.0001305621109121412,0.0001808200740132543,3.397759197273984e-05,3.4384901599606485e-05,0.00022065907057380597,0.00035113309892935435
2023-04-21,5.969070219084375e-05,9.876785223692576e-05,0.00014218490357292265,6.762112976070277e-05,2.5983222313930982e-05,1.0245637618733102e-05,0.00016172684218456365,0.00039946737210484,6.347937975614879e-05,0.00019838451769495842,0.00032598708366729387,0.001192874454209441,0.0006451005440414895,0.0029023218579476043,0.0002286039331889544,0.00036445465709351367,-0.00012331660682429155,7.703129299709097e-05,0.00041380456724388623,0.00023299635209514814,0.00019479348376255922,-0.0011120529528239676,5.145435654237466e-05,8.204297379761486e-06,-3.859617467643576e-06
2023-04-24,4.305139102958314e-05,8.529552984340354e-05,9.816929609120986e-05,-1.1833729353157723e-06,5.266560593221949e-06,8.958616083629738e-05,0.00017476260491321806,0.00025351165542832283,0.00015727998325764387,6.129781336058633e-07,0.0003125101479107382,0.0010656281609986115,0.0003676413424686959,-0.0025554905723424257,9.107087429233916e-06,0.00014808309360726457,0.00014550008951215012,5.487603732380009e-05,0.00037840976052688676,0.0001394153142022354,0.00017038296474392842,0.00010535466711927978,3.001532537079332e-05,0.00023393989850524092,0.00025828951638948833
2023-04-25,-0.0002122440746046067,-0.00028039148985097413,-0.0005271522060178575,-0.00011649834029738353,6.049890153694786e-06,6.505822033072927e-05,0.0001754326329674885,-7.793386311556532e-05,6.847519927362837e-05,-0.00033127787346395757,-0.0006228259139773308,0.0011801893655971512,-0.000547352428672767,0.001980809025833097,-0.00011771716190847159,-0.00010985330682015227,3.264831108585535e-05,-0.00024248204432037365,-0.00010333006373179106,5.384169333467467e-05,0.00012596990998140644,0.00010857170988748782,1.3568759520855134e-05,-5.544107380943484e-05,-0.001618244596725797
2023-04-26,3.7462073284043386e-05,6.484320655029435e-05,3.331622123251068e-05,-7.541437149454237e-06,6.568103853522565e-06,5.546816394924193e-05,0.000142323043146032,-0.0006350677947729625,0.0001595261164821291,-0.004679633661162863,-0.00040467516870204524,-0.0006201424394429351,0.0002344383528633682,0.0012538267860229403,7.984507582943219e-05,0.00025486921686355306,-0.0007343441411988697,-1.6493570320985607e-05,7.3743615282686e-05,2.9463314568409894e-05,-3.570996503691353e-05,-4.916261615178071e-05,5.5403462405473705e-05,2.005537863985013e-05,-0.00024185263530698858
2023-04-27,-0.00033231150089554787,-0.0006189256353496699,-5.037204134600496e-05,-1.6813481518524086e-05,5.4171242869480725e-06,8.208367633386315e-05,0.00018687970028256898,0.0003942140948690139,-0.0006328195180180841,-0.0005276626872388925,0.00025351084546491523,-0.0002624572284677337,0.0004482042744445227,0.0018367509790769526,0.0002330907902703687,0.00031193149006870826,0.00014834250678784952,-0.0001861157860775862,0.00018858731395945234,-0.00037265644297790524,0.00021518481186854653,-5.5425155069058484e-05,5.0775030866744166e-05,-0.0009176649386175653,0.00011903271256809669
2023-04-28,5.045879586635925e-06,9.141228476785833e-05,5.939615766296253e-05,-0.00016817232634830677,-4.0858262316859546e-05,7.837097819627028e-05,0.00016585157341182587,-0.0002011645403991789,0.00013677248168021753,0.0004566122285376161,-4.895749635792663e-06,0.000858202152708195,0.0005910647870095945,0.001812049073803289,-3.0418013290787625e-06,-4.0697438621816785e-05,0.0002021463235505197,-5.63052625886846e-05,0.00030185633715163124,5.79387991801763e-06,0.00019741455070250978,9.958795335281006e-05,5.278972482481074e-05,-0.0003621912110806338,-6.699747764896938e-05
2023-05-01,6.880824459233019e-05,0.00012206470342090685,0.0001321726028649629,-0.0007543684863547311,-0.00024316064275333566,5.683064042310429e-05,0.0001670982731012916,0.00027394268952496425,0.00017498958997289244,0.0004725534283238854,-0.0013283350584932917,0.0012742492265319886,0.0005308566622787389,-0.003141284162978226,0.00010772359369268884,0.0003504509621781771,8.802272284513925e-05,7.228500029784202e-05,-6.83644518940317e-05,8.063319302843949e-05,0.00021118733578135392,9.794675081789969e-05,4.2735256459472165e-05,0.00028482744515124304,0.0004088670577681626
2023-05-02,-5.9744268201577486e-05,4.185950320333998e-05,-0.00029815282650514047,-0.0004584545773715388,-0.00010779896617159256,-0.0002915311374638985,-0.00023364899654029918,-0.0024508013794671867,0.00013140730454412302,0.0004961663816592429,-0.00016893023429899928,0.00142632111930906,-8.635292764404843e-06,0.0015086940859703587,-0.001734092503212668,0.0003036452801240105,-0.0003079284531336811,-0.00044613299319247576,0.00013954865876272246,-0.0001613936037601192,0.00013580843731554707,9.766445643504016e-05,4.771158805654088e-05,3.248764247305722e-05,0.0003976844454844714
2023-05-03,1.6849748489767617e-05,6.479203963466771e-05,0.00012441152172209253,0.00013750402585352927,3.665583806709762e-05,2.0987972669095204e-05,0.0001685626832597148,-0.0013620675155599582,0.0001168046370318251,0.0004733690217286965,0.00024132968776285034,0.0013162893513769757,0.00044982299073290533,-0.00128491658733311,-1.534198036392463e-05,0.00038017955225581136,7.301853534141976e-05,-3.0444506879958777e-05,-4.6442644725400075e-05,0.00010610516118107966,3.643846377534009e-05,9.303260591560485e-05,3.359846225210274e-05,0.00026874473676361443,-0.008953711967969437
2023-05-04,1.5565896419282727e-05,9.743062224833052e-05,1.1701094266438597e-05,7.042338363091421e-05,2.9978523696538056e-05,4.424297891372244e-05,-0.00028319227942748986,0.0005065071984131411,5.8716889406789874e-05,0.0004732129302903046,0.00038753713837001946,0.001088358198442477,-0.00032596771584842847,0.0016857543822522013,0.00013497195124450906,-0.0002253009559828452,0.00019259104444443157,-5.7600250804902594e-05,0.00024641718978939803,5.1108173037167466e-05,0.00019108045852506432,7.17627522645877e-05,3.6471972637100035e-05,-0.0009079295737418944,-0.00261715094304039
2023-05-05,-0.0002693144594579567,-0.0003323370423185771,-0.00042340943353288193,0.00016193145144655763,2.222758593286347e-05,-0.00017137633615878497,-0.0001262043057645108,-0.0008684781641128881,-0.0019402412570834874,0.00019538998378509866,-0.0011328961215958788,-0.001767300171057514,-0.001549129093313661,-0.02641008991397309,-0.00046813052417321604,-0.00024124902739017744,0.0001351337583297292,-0.000482994947589163,6.228802448666923e-05,-0.00015036262802561195,0.00019555887954012208,8.186064851860373e-05,-3.4625977306194645e-05,-0.0006224689450322262,-0.0002464430294265103
2023-05-08,8.514309626946821e-05,0.0001227029457490054,0.0001479776747320893,-3.149021213185081e-05,-1.388074598770948e-05,8.945274048848688e-05,0.00011804101076299804,0.0002544993563446956,0.00027078247730369484,0.00045350781139178874,0.0002450911920234886,0.0010734780467293002,0.0003968399544072501,0.003405698288844623,0.0002760563374531528,0.0002557508438429425,9.931473373178145e-05,0.00014363384735243287,0.0004511395057498203,0.0001023850500491979,9.67197224803001e-05,6.906566302560191e-05,-1.0299480162214843e-05,-0.00018824128109896438,-0.002066017626523208
2023-05-09,6.507107823800387e-05,8.632391738278217e-05,0.00014445943217149154,0.00016541198488649725,4.079950831177432e-05,3.837121822432493e-05,0.0001297913973237539,0.000559203782372002,0.00016888639770126047,0.0004339673909603287,0.0001192343639052169,0.0009413503549202736,0.00039347663933004195,0.002132871821086519,0.00026310174913689327,0.00019764492808230694,0.0002012846072071263,0.00013159277813772343,0.0004339042710366276,0.0001172544013514769,4.102699412314818e-05,-1.582806560031141e-05,2.4777880667644858e-05,0.00036407095328559356,0.0012733071127508239
2023-05-10,6.365833267489544e-05,1.1749318419497379e-05,0.00012211677787121974,7.12266812612301e-05,-2.2007335248827696e-05,8.589744852872938e-05,7.716950595574512e-05,0.0005954020547316001,0.00015313352959384833,0.00016703290197035367,0.00040419337043974405,0.0011807914319283087,0.0003317019611112095,0.001613338492509258,0.00012974433911960127,0.0001851361922917499,0.00019156637036779004,0.00011456780843112466,0.00045762139129932304,4.358458238101305e-05,8.987124865852497e-05,8.776292572503613e-05,1.970306628847468e-05,0.00031814475197683347,0.0008006417701152601
2023-05-11,8.352779714227854e-05,0.0001224296009820814,8.622391366592012e-05,5.876714521203336e-05,2.8241440801080353e-05,1.1577811372653256e-05,-0.0022502701933850592,0.0003155340609171877,0.0002621207667294801,0.0003984410686013224,0.0004037474292209159,0.0007542231848406136,0.0005336324245046573,0.001683037131373178,0.00011696781464263907,-6.230795033183143e-05,0.00015033902099887122,0.00014101226368141723,0.00044661793335238915,1.7515049488521026e-05,8.771247455304765e-05,8.666084909892855e-05,1.3681060713689142e-05,-0.007917706707998521,0.0012264693869793398
2023-05-12,8.410785275338125e-05,0.00011638131473917108,0.00014189425145899343,0.00010472702871231688,5.698460215799116e-06,8.571771944373182e-05,0.00017885585950648523,0.0002777687516379853,0.0002328307442648717,0.0004372899546829309,0.0004196777829536814,0.0005650198344530535,-0.0004608513282450974,0.0004649415537536293,0.00026761955919705815,0.00016449700075293194,0.0001815297200934213,0.00012678204833645182,0.00024871021641896984,0.00014456936564679037,0.0001034160537326381,-1.0368528092998008e-05,2.6944378118019112e-05,0.00083841944062062,0.0008429491354370533
2023-05-15,6.452339902339422e-05,8.024051473872821e-05,-1.070904151226717e-05,6.742528454547488e-05,1.6818940977239216e-05,7.436232287431328e-05,0.00022615167185586365,0.00043118931571079687,0.0001939539995563447,0.00042221302085368673,3.542779824661663e-05,0.0010364259357405238,-8.760434715009027e-05,-0.0001638942001295769,0.00024214759252734813,9.954613897115453e-05,0.00017159263492450293,7.395175043908671e-05,0.00039733422818412204,0.0001411661327733797,3.65894989841343e-05,9.633592951011587e-05,-3.3912268245490676e-05,0.0007159027991971529,0.0007350697686676561
2023-05-16,3.1750098919121605e-05,0.00010952906393810172,-7.588385470692742e-05,0.0001680822112667145,2.13811439812291e-05,-9.650781759437506e-05,4.724659529156897e-05,0.0006072298991079266,0.0002025874561443283,0.00036193482007399,0.000431791932687744,0.0011343789041339926,-0.00013964352963238055,0.0010117691732754847,-0.0003502665177570585,-0.0002140474605315778,8.751055607641713e-05,5.0378692123310905e-05,0.00013582081688910105,-0.0005118992713071742,9.691787790011715e-05,9.202840119464179e-05,-0.00016603337961153025,0.0003862197567261671,-0.00042900691263868967
2023-05-17,-6.711588059437702e-05,-3.391522134813717e-05,-0.0003430794692115951,0.0001612584321004911,4.580983604742545e-05,5.724899133251882e-05,0.00022248822939878183,-0.00040558573083148905,0.0001896506506305426,0.00032559114213846004,-0.0005446291472235685,-0.0007317292049672526,-0.00011976162069152977,0.0006346479374471502,-6.725909552644847e-05,-0.0003599887715333885,-0.00026888893428270806,-0.0002597707509310176,-0.0007366493300825898,-3.773821544969812e-05,9.385381190917623e-05,7.714855954441774e-05,3.297824230501027e-05,0.0004469832415204561,0.0008342506323668795
2023-05-18,-5.493649998388009e-06,-0.00021990190674287015,0.0001318131548672051,0.000114263806091783,2.7524363910830434e-05,-0.00010139367412485142,7.72792216633049e-05,0.0006262742784073803,1.5987774128484265e-05,0.00021453986550304247,-0.0018161539822160535,0.0009204271589519713,0.000356530048156399,0.003447160848634576,0.0002620094297689609,6.55091764380122e-05,0.00016047245712641476,0.00010282922793832162,0.00016680520442956395,0.00012905699746236442,4.405340338100577e-05,-0.00017878071520595053,-0.00013050923384277273,0.0007325553360798685,-0.0002097519576025153
2023-05-19,8.932914070789728e-05,0.00013221215571008265,0.0001330414419184602,0.00012218215147516764,4.335412975961281e-05,-1.9832481096775572e-05,3.723157310477732e-05,0.00067859325706781,0.00020728836872506448,0.0004296711301738711,0.0004878717970974092,0.0008810582018304073,0.0004437643925206993,-1.7230844137357693e-05,0.00025749392439842773,0.00022408659289914525,0.00015635197622858104,0.00014124782982119068,0.00022164970576902266,0.00014915413335321253,4.2766219900171826e-05,9.363044811204122e-05,-6.247752553177686e-05,0.00014720671298534826,0.00104586004689904
2023-05-22,8.9760218332036e-05,0.00012313365725684,2.3761780319918888e-05,0.0001586023126961516,4.4002238099799964e-05,7.616491531257179e-05,0.00016207400640247507,0.0006498393659198849,0.0001756152752604893,0.0003474911322958193,0.0006129906418967463,-0.0015847353953118775,-0.001764924531992826,-0.0018082228869923875,0.0002983182119275549,0.00021208039746867206,0.00015949235705777425,0.00015674635169323872,0.00015791455341071097,0.00010961371045061245,1.9038289696773924e-05,-0.0005923931953228928,-2.9891600686973187e-05,0.0008334781820584121,0.001040989164232975
2023-05-23,-3.74815326942944e-05,-2.7818212840166346e-05,0.00015666270705366175,0.00016202371060146113,3.987570410930308e-05,7.511403586903993e-05,0.00018382099879612836,0.0004231537628142021,-3.1012171638441816e-05,8.451040010243696e-05,0.0003724428365109674,0.0004947502729861397,0.0001255396657812643,0.002679618377140399,0.00020097170958377714,0.00016484560220948703,0.00012354918677761454,2.2635705225716626e-05,0.000120336117416183,5.943672671300103e-05,4.8060912915724885e-05,-3.121536659464374e-05,4.7677981176228445e-05,0.0003636523916847211,0.0014589522068518782
2023-05-24,4.394662693334935e-05,0.00011715188805937286,6.668629294381737e-05,0.00014104963302156526,2.7775296593747332e-05,1.0499532928565138e-05,-2.8418661738519176e-05,0.0004985572006302826,0.0002121039642250305,0.0004186435962328929,0.0006105322078022283,0.0005281536415308893,0.0005855662558327779,0.003343263997551882,0.00028924012694718433,6.21981058440235e-06,0.0001452684347426012,-4.736416415514297e-06,0.00015171745235659703,-0.0003181769213222315,4.528390218294466e-05,2.38925581598468e-05,2.7805799390381532e-05,0.0008048186858098455,0.0014531008946494389
2023-05-25,1.1338623339808649e-05,-0.00045280735379803433,9.078288165008905e-05,0.0001491419994333754,3.224370175446561e-05,-1.509108143127025e-05,5.072610016469673e-05,3.631284743331757e-05,0.00016549525658604333,-0.0010126886821504304,-0.046975915686650854,0.0007033814902758995,-0.00020591406620610892,0.0028303149480055903,-3.1593963360996614e-05,0.000192849228531581,-0.0003493926317640775,0.00015959434459550406,0.00020847448599224254,0.00017303362374288962,-0.00016758271734951637,5.506752813649923e-05,-5.341495387879644e-05,0.0007531832248597057,-0.009839495238158717
2023-05-26,-7.679867211912043e-05,-0.0004816967838207281,2.26053051467182e-05,8.467183255485004e-05,2.471423118968732e-05,6.589909640935481e-05,-0.0003431479688762015,0.00046944697771141594,1.6246642230284883e-05,-0.00022618029674608266,0.0025205251973158885,-0.0014494122003390981,0.00024032811314665057,0.003484651535637723,0.00028186048078897633,0.00011335068214457129,-4.245198397416418e-05,8.859235300191006e-05,0.00011040115233066417,3.7673395182286204e-05,3.9641606367038756e-05,9.145011361695828e-05,4.80137033629391e-05,0.00085515576967849,-0.0009910955707913337
2023-05-30,7.641861375009561e-05,0.00012980997932932585,0.00013407022937758246,4.8662463374405973e-05,-1.3137339660737477e-05,4.458364507747341e-05,0.00028188309259920014,-0.000953070662993107,6.78084974263864e-05,0.00016605983177233214,0.0023117332979976845,-0.0009442835219986875,0.00027079852040448236,-0.0017014594100549117,0.00019058705036631863,0.00010661698807246689,0.00012123979372887074,0.00014420920017151274,0.00017782016199909358,0.0001334387481885263,3.9485859753500807e-05,-0.00015335200562982258,4.475615561341692e-05,0.00076719873064071,0.0018757168825616914
2023-05-31,4.169461541453773e-05,0.00011630040079325913,4.618935122160092e-05,6.354751183860017e-05,3.2060478334753535e-05,8.23899918556784e-05,8.66695257787245e-05,-9.38339170762179e-05,0.00018322011350398575,0.00011649372105674373,-0.00020729321076575847,0.000566003681619828,0.00032345792973212015,0.003486418167828109,-2.402475693977148e-05,-0.00022983448531031098,0.00011770734422286265,2.326399077612393e-05,2.4715242157870575e-05,0.00011520228650427016,1.860768881768237e-05,7.36495294109091e-05,2.0160853093054718e-05,0.0007594009332231697,-0.0013100777997194684
2023-06-01,-1.5166393507924755e-05,1.8601454832269267e-05,3.388906953274606e-05,8.079651607381221e-05,1.9377755771200862e-05,2.1880821890848606e-05,6.191972503702848e-05,-0.00029807787789704315,-6.937983996533413e-05,3.118314831078862e-05,0.0008127789780087054,0.00044607979715358684,0.00039371154406253443,0.0030354624616011024,0.00014851114719032386,-6.815494840665823e-05,-4.405551525561004e-05,2.906905152740512e-05,-1.4000092784246664e-05,0.0001386322416226137,2.828193563181518e-05,-6.431531614284569e-06,3.8030167155999505e-05,0.000710704123520011,0.002126089079423654
2023-06-02,-0.0001339833518885866,9.77178121541701e-05,-0.0011365694812105979,-5.761084705872557e-05,1.4115379223860362e-05,-0.0001535817303856625,0.00015530152572617843,-7.068181750277648e-05,0.00017231682030180575,0.00012942270820117627,0.0032812747429783328,-0.00017443816382970345,0.0004542973712789958,0.003272437728868712,-0.0006983474025299572,-0.006307521023135613,-1.6728164040514265e-05,-0.0003455107724122698,-0.0002631222888946418,-0.00045714646586621894,-0.0002073824535578127,-0.00020757828914130404,-3.8787204624045464e-05,0.00015965249562475384,0.0020602460449762007
2023-06-05,7.716553576785553e-05,0.0001537476051920507,1.9069089098738427e-05,6.526199355294003e-05,1.7047215477150982e-05,3.931260948820704e-05,0.00029909675069278565,0.0004906073855114332,0.00013619057542096325,0.00020143023461006358,0.0033862032838471237,0.0005289777896340837,0.0005031553318046364,-0.0056496467633883095,0.0001856094571967565,0.0002095215782769984,9.405572312843126e-05,0.00011109265828789766,7.016676199168864e-05,0.00010487231983633067,-3.3470212194443524e-05,0.00010431196194352332,1.2965138416328003e-05,0.0007762155211938047,0.0017416184422480838
2023-06-06,7.354758366626394e-05,0.0001535579088300474,-0.00047167950901058327,2.9002050707232234e-05,1.7649785812970036e-05,7.341988935617256e-05,0.00027910896336200017,0.0004779281423545397,0.00018742382139143397,0.0001579968508199657,0.003222216162738411,0.0005441174831172764,0.0003633422291067442,-0.012790479389780797,0.0001609571242330508,0.0001867014977148885,1.9468930761968987e-05,-2.546988034899227e-05,0.00015936599010581837,6.154965296722223e-05,4.195956210683479e-05,2.002840326944646e-05,5.795802223790959e-05,0.000557741316558851,-0.001159369379887457
2023-06-07,4.811312883778924e-05,-0.00016342170008082623,-0.0001326107305596304,-0.0001588343053641619,-5.99408445729223e-05,-8.493657071062866e-05,0.00022396075782615138,0.00021006380868224153,1.6114330459329858e-05,-0.0007929059356385004,0.0023686957820482427,0.0004733332096640221,0.00037511442116867417,0.002192158465901516,-0.0004942001117148915,-0.0009427705711987292,4.855775393816688e-05,9.089570146098523e-05,4.930123826648981e-05,-0.00018903020563518954,3.754664171966359e-05,0.0001199944752679435,5.176984306369977e-05,0.0006590935695141309,-0.0011734797320939083
2023-06-08,2.439767732941989e-05,-7.1379603320268685e-06,0.00021553228778939542,-6.908321802770214e-05,-2.1872163987581083e-05,-0.00010327701188537584,-0.0010332304579550348,2.5397002806174158e-05,-0.00015546545792251932,0.00020815552522647336,0.0026172557275863763,-0.0013139606952624191,0.000373569337565407,0.002316664716029669,0.00020892664387200087,0.0005892163902617396,6.412389646219901e-05,0.000106213430566475,0.00014696282503537454,0.00012001731240051807,-7.70458838641387e-05,-3.212453727140653e-06,-0.0001543843813149069,0.0006433559741392412,0.0008769979605965346
2023-06-09,5.84852048156311e-05,0.0001366307775738923,0.00016377961821363514,7.097352989573524e-05,1.797568328523484e-05,6.84583349177171e-05,0.000337140458815426,0.00035148942967147794,8.279649049554813e-05,0.00022000073931299343,0.003332757258560023,-0.0007953095345822925,0.0004587943478083025,0.0023199787490646535,0.0001977149385137502,0.0006042018625875626,8.24326742744977e-05,0.00010623106263960155,0.00014182040642562915,0.0001264991600741142,4.288845424105481e-05,0.000124109818705701,2.671633134289486e-05,0.0005978004980747497,0.000653336143130937
2023-06-12,-2.0872071330536983e-05,-0.00013518741308962532,0.00021480975810697988,5.9213771929120875e-05,1.171897218278834e-05,7.519511029526497e-05,0.0002627447283916602,-0.0014858422609103404,-0.0001589779935625813,-8.966181544648626e-06,0.003042791842751861,0.00039327713299085854,0.0001425854756457948,0.0004347427077463339,0.0001298373967620949,0.00046320861547209614,5.548536379774625e-05,0.00010452175837674942,0.0001459690776512928,0.00015677228255891665,4.4228249813171265e-05,6.252805571633639e-05,2.1360405464883774e-05,0.0004657209648142235,0.0005454304130753109
2023-06-13,2.1801890150253357e-05,0.00010177137953285535,9.980896461115905e-05,-3.633242202162132e-05,1.388064173054885e-06,1.7258108966476768e-05,-3.099781770705596e-05,-0.00045460893361287506,8.810377378276573e-05,0.00018365394557702695,0.001921741433672374,-0.0003409589994031702,-4.984535711990382e-05,0.0019771679510012957,0.00019769513849846978,-0.00036704097723838603,-0.0001771033051276191,6.82835279855052e-05,9.347129859963643e-05,0.00010936034253051637,1.6356544090233294e-05,0.00012187126525445994,6.040390943740979e-06,0.00013138957790749273,0.00038728621948070285
2023-06-14,6.583855188714104e-05,0.00011043106130621609,0.00011984268504649449,2.5790623057367725e-07,1.1037923541111287e-05,7.446915696185064e-05,0.00010862519639129877,0.0005180711615816468,8.155310898016031e-05,0.0001570267461794637,0.0012511541707972136,0.0008584082277192039,0.00043457564998918626,0.0023849737993173682,0.00011465969734016889,0.0005842865413438761,0.00010792993207196719,9.0298034006442e-05,0.00012288188630497665,0.0001385824895508693,1.9328578471611943e-05,3.5308977630497926e-05,-3.167978743924661e-05,-3.433630212301198e-05,0.0012963829473294879
2023-06-15,-8.513088398556244e-05,2.382884964751775e-05,0.0001677781137612793,-3.0044818918763204e-05,-5.5430156066172636e-05,2.5458280525120453e-05,0.0002228573741161409,-0.00010409948141347665,-3.0113832027150723e-05,-0.0007419741216323436,0.003493680451619325,0.0008996740506824712,0.00031834688629795154,0.002998450337238614,0.00010595160487618068,0.0003458863620516021,5.1728696247224334e-05,-7.04548051494162e-05,7.327319792715129e-06,0.00012540696262726327,-0.0001345985130149755,-6.242975911957853e-05,4.181495265760713e-05,0.00017113146515685768,0.001187310863410819
2023-06-16,6.0893860800296604e-05,0.00013190368157820807,0.00016225302430925928,5.071371717122819e-05,1.914771285481802e-05,6.619325548125127e-05,9.690788630947961e-05,0.0003481085536773649,6.615555299666241e-05,1.5549311583296338e-05,0.003556523908260568,0.0005894208248877573,0.0003761851399978553,0.0023172529176842815,0.0001957523017112636,0.0005613276862548721,5.6544618800596904e-05,0.00010312948805737049,0.00013678938021933852,0.00011880436540148718,4.37636140896981e-05,8.38540723875234e-05,-0.00013456836937683278,-0.00013151125766990972,0.0005718080299541358
2023-06-20,3.81419105738537e-05,0.00016395769833969055,0.0001846746631125551,1.8656899410024226e-05,9.3552051507221e-06,-4.0219936356846554e-05,-0.001572933532616806,0.00047404035459649074,0.00010164217919819056,0.00014709825581889262,0.002833672720157177,-0.001877198220406543,0.0003684104529765779,0.0020815669813707043,-0.0003341804134407889,0.00034443586824759424,8.132199600706265e-05,2.9693347355440874e-05,6.195565751609575e-05,-3.137055552981253e-05,5.2935496829873995e-05,5.3363968529447287e-05,-4.9022916602871775e-06,-0.00012689935498892495,0.0016757967010639064
2023-06-21,3.526008275949343e-05,-4.069985050990035e-05,0.00019736184565030508,5.995117939855844e-05,2.093715024027213e-05,6.253342976489618e-05,-8.597558792669915e-05,0.0002155790010830968,5.941139842168309e-05,0.00012408325784783283,0.0030984447475264822,-0.0021947651462399733,-0.000996507301338336,0.0025127214251553574,0.00014129149673883278,0.0006370118217129169,-0.00019084400947596655,8.470727277155548e-05,8.418167882634321e-05,7.931708987050199e-05,5.043767237416087e-05,5.4971539744300984e-05,6.478496599272773e-05,2.9264367027194888e-05,-0.0017994042929955687
2023-06-22,4.999375752073689e-05,2.0020995529966177e-05,0.00014559153922667848,-8.411508573368331e-05,-4.886457206970651e-06,-3.9900708979018195e-05,9.888902673982033e-05,-0.0010279478316941291,-0.00017508119404606383,-2.113301486514937e-05,0.0034143804381964794,0.0007282312247825134,0.0004269792753466262,0.002531928847766651,2.0993729765932383e-05,0.00033993410786219505,6.689884105127625e-05,2.3196896541787857e-05,-0.00029173521725575885,-9.01408326130519e-05,-5.906043403686125e-05,0.00012045480610627569,-6.270114834986781e-06,0.00015261788834705756,0.0016974755402966208
2023-06-23,6.090775928357676e-06,6.52747575501216e-05,-3.411907728924208e-05,-2.767866174469332e-05,1.5852001949486467e-05,5.698712851651792e-05,0.00032570786211548854,0.0006165112034723682,0.00010367771298221312,0.00013333191433380695,0.003047523001976493,6.818209518582175e-05,0.00014759780402250097,-0.002121818257280999,0.00016060008214395345,0.0005038936560114348,2.234143023855867e-05,7.024316988718727e-05,7.561473092645735e-05,-6.556526714699223e-05,5.6280838178695074e-05,-5.572172888823395e-06,5.893392389085231e-05,0.0001346910537047591,0.0018045755092116202
2023-06-26,4.30945750642792e-05,-2.110443916199684e-05,0.00020637752110227802,7.453901059068352e-05,2.258381319079488e-05,6.188397616397316e-05,9.087436247116494e-05,0.000582497985198142,3.6523268522085077e-05,-5.614644158120013e-05,0.001970722792786704,-0.0028582287405096917,0.0002534249961017378,0.002487384913282983,-0.00010788451177492193,0.0005470144664420036,-0.0001036386040398702,7.736348664408616e-05,9.261373806125278e-05,-0.00038821025258540604,-6.936510383179665e-05,9.21485835642159e-05,5.5427775020500965e-05,8.264350328062396e-05,0.0013173221349665899
2023-06-27,-6.100883221763988e-05,-0.00012106460219199296,-4.33041071447329e-06,6.75534043238295e-05,2.180137327496114e-05,4.0278498720049195e-05,0.00031264402621316006,6.859916738072541e-05,-0.00012640040723000447,1.3462050791573585e-05,0.002589260605949781,-0.00014048995883471317,-0.0008249711991084115,-0.01204222741079064,0.00022036106027566982,0.00041025396597914944,0.00011398257563293952,9.966814359002439e-06,9.428816279626543e-05,-1.4398096441631475e-05,5.957190427409971e-05,2.7929238230222275e-07,4.853630324411556e-05,0.00011097670401263076,0.001175730926036434
2023-06-28,6.0064267227339675e-05,0.00015004062093153058,0.0001851298164068313,5.630526611491309e-05,3.5520954039572283e-06,5.218580751994028e-05,0.0002720456934085158,0.0002090528752440703,6.70138634259544e-05,0.0002628176419245241,0.0006093457018603109,0.0007555892488771361,-8.195509023258143e-05,0.003152227447761947,0.00010657367650902995,0.0006449291387183637,2.811892573274828e-05,7.032242015852507e-05,7.468072409018099e-05,0.00014165230957905627,4.858299110102964e-05,9.201845187554765e-05,2.7456618545043682e-05,0.00011556185063723646,0.0012961573681140165
2023-06-29,3.579076157468147e-05,0.0001151730207454754,7.254913606203657e-05,-0.0002598658713434657,-3.533892613211473e-05,5.579381188639364e-05,0.0002527795173639155,0.0005628428048736471,9.501547927623422e-05,0.0002479903190906617,0.0008758340155476151,0.001213385308262082,0.00022810136313990248,0.002759198942947485,8.136593128813883e-05,0.0005709919512999677,-0.00021180040774158572,-0.0002229920432605446,-0.001088076829823758,1.3322510656196872e-05,4.2926952514635975e-06,7.5451921886872e-05,1.2291192594649696e-05,0.0001206339443110428,0.001047136319112984
2023-06-30,-8.552358047338343e-05,-0.00011587714827205051,0.0001871421323801246,-5.287651487101057e-05,-3.109068700524332e-05,1.0815149422529177e-05,0.00022041703774608419,0.0004429493706946802,-0.0004294047876396304,-1.1572863657876014e-05,-0.00038534625953318363,0.0008783209444530171,0.0002299146099868777,0.0029067158102440514,0.00017304900133224772,0.0006123211456379866,5.7467103191699276e-05,1.4497729412141629e-05,-3.966025353345444e-05,0.00011222595912832424,-1.868115377981567e-05,-0.00016570070579843583,-0.0002863130845534931,0.00010728303025452253,0.0005724364171928691
2023-07-03,5.66257291338606e-05,0.00012379956811059536,0.00020159672334044354,5.570406986107679e-05,1.7165261031883753e-05,5.594972637979191e-05,0.00024659842041583474,0.000487928765556446,5.974158152494472e-05,0.0002065553220955614,0.0007584944589983317,-0.0032928913144736486,-0.00020115217588221766,-0.009217548557932026,0.00019393387385433032,0.0006210635855256776,7.777587737383932e-05,5.542674768690764e-05,9.142999131631482e-05,4.7623025751619845e-05,-0.00011562820594558506,6.725857841403524e-05,3.596064872347671e-05,-6.25988562833498e-05,0.0007050367980686263
2023-07-05,5.090893061162161e-05,0.00012241035240702385,9.928320238651924e-05,-2.2022627990598203e-06,-2.6729514859267468e-05,4.138122353476956e-05,0.00017809881730868087,6.610926470957556e-05,7.565057889086067e-05,0.0002571174907143064,0.0006242202353454385,0.0012906723950112517,0.00028219419354126596,0.0032961925623008776,0.00016061593731247895,0.0005322132248844025,9.280943704787236e-05,7.827007559514583e-05,0.00010421505485007598,0.00014315337861639404,5.648188412600222e-05,8.498533731341452e-05,7.903144924869087e-05,6.687128464866255e-05,0.0007255740426558716
2023-07-06,-1.984695226017423e-05,6.0911244796933545e-05,-0.00012944908243457253,-0.00011558923047151087,-7.607973935165056e-05,3.357509273721972e-05,-6.183195681108299e-05,0.00041835325327460555,0.00010470525543610375,0.00016909405110785905,0.0005970578635787558,0.0008821256637455549,-0.0012343792913357358,0.003693604274269932,-0.0003737722959978509,-2.175881414288465e-05,8.087271767122347e-05,-1.6829837802234304e-05,2.8947169399757506e-05,5.720887665867291e-05,-9.264946191720269e-07,6.834244404998257e-05,3.415447880972082e-05,-3.842159923022916e-05,0.0009778783252357352
2023-07-07,3.874888997220055e-05,0.00011146570620517824,2.9795696122095712e-05,6.176545673820642e-05,3.190256646642057e-05,-1.4847731118427886e-05,4.9464674732856975e-06,-4.119434543317245e-05,7.325134846176816e-05,0.00011540071161137382,0.0005338995041840773,0.0012842712960555148,0.00023747143794145372,0.0031493930498368507,-0.0002825140928521294,-7.583372323450086e-05,4.6511671607931e-05,5.765407424970297e-05,6.596555436442398e-05,0.00011219106404232255,-0.00016085116690214255,-0.00037961095351015945,-0.0004691351542131974,0.00010589568984350178,0.0009883937199591376
2023-07-10,3.883974642031629e-05,0.00012302389334734138,-0.00017858859908273717,9.66058592241113e-05,5.623122857225302e-06,4.3376640888786606e-05,0.0002897966297947784,0.0004299204042165144,-9.294948071708348e-06,3.6158388781838214e-06,0.0005603458755836516,0.0010165920144378927,-0.0009957945178369512,0.0013357682164084192,0.0001306508164312414,6.728146918961498e-05,7.199182563476255e-05,3.160199338572778e-05,9.962740949754983e-05,9.422147921546903e-05,6.279582340294504e-05,8.934613719040957e-05,2.273987728683557e-05,6.111035937291748e-05,0.0008348847557685493
2023-07-11,4.622433202521331e-06,8.281283867933454e-05,1.6338540700203434e-06,5.9881185501146593e-05,7.583692433249609e-06,2.2036287899504672e-05,0.0002923792428913565,-6.315477418362584e-05,0.00010512843541428277,0.00021990478099553573,0.0005412235677975932,0.0013356216954337138,-0.0008937432026458687,-0.006397118696656324,-0.0003160798724830843,-4.5000906818467196e-05,-7.93020980307259e-05,-8.720317037689185e-05,-0.0001132373001177711,-0.00010529220205580287,3.474698199805951e-05,6.166479226375059e-05,0.00010613635423278144,-0.00014539495235201173,0.00029152987734468167
2023-07-12,-1.9082389620722964e-05,-5.7425301158252565e-05,-6.61289868551073e-06,-4.2324445528249286e-05,-4.8615169134409936e-05,-0.00015355597478819346,-0.0016967334327419408,0.0002939155371190154,2.0560990353100464e-05,2.242250240508739e-05,-0.0006732104244632725,0.0011602156059595586,0.00041230031091612395,0.0013943091242497611,9.689632542012217e-05,0.00021866429163325656,3.777392024453401e-06,1.800396875467382e-05,0.000116350763250634,7.540979756741101e-05,4.843615743743886e-05,5.693214238610875e-05,9.082524725308376e-05,5.908584766229129e-05,-0.00015535496980448457
2023-07-13,-1.4015731618084116e-05,-0.00017552355795740144,4.9137524974244456e-05,-2.256183787039904e-05,-1.727464881052434e-05,3.6362701151459174e-05,-0.00045653395176887515,0.00013625391804313237,8.831601262942096e-05,-2.6302451530630614e-05,-0.0015388818004837082,0.0006808862942555699,-0.0014626014657096642,-0.045234059934654305,0.0001701452291466162,0.0001488697936020969,4.349801208923448e-06,4.936010527130017e-05,0.00011836319190721374,6.321817063313477e-05,3.980070605568658e-05,8.48163511173411e-05,6.087453921828965e-05,0.00010116689783912426,0.000534000257363414
2023-07-14,4.704765695514431e-05,0.00010803105463881185,2.005045779583977e-05,5.744831026585717e-05,-2.6150443540920753e-05,2.6671567633149376e-05,0.00035677934184445486,-0.0001964396556230416,9.180312250078312e-05,0.0001766358860208031,0.0005690739496954976,0.0009869551672481093,0.00012238641540794382,0.004978722992126773,-0.0005362905207016979,0.00022294625491793164,7.815754193641632e-05,1.7380740244972327e-05,0.0001068280028679016,0.00010244097860759977,1.7907124773539757e-05,2.7758163469693593e-05,8.327235188525954e-05,-0.0003218195386100589,0.0006146973027165424
2023-07-17,3.307809346538e-05,1.8468506831186883e-05,1.2898464279369301e-06,8.859625861399024e-05,3.390184507551611e-05,3.390895691660152e-05,0.0003471492873698197,0.00016821991298661691,-0.00020229843634334325,0.000231033142761028,0.00015330258931174173,9.224105419896223e-05,7.427617869214969e-05,0.005170909529472729,0.00021460292320408907,0.00011911853497604776,-6.258279309890943e-05,-2.930235008543251e-05,-0.0004249800032069942,6.175880157198128e-05,3.791694159077995e-05,3.428037743840317e-05,9.089858767827018e-05,-0.0011095436856729873,0.0001279178273703896
2023-07-18,-9.133977983360069e-06,4.034626260274582e-05,-3.6121681589970894e-05,6.486267601779963e-05,3.005679584949654e-05,-9.532499523688464e-05,0.0002746615452618094,-6.803310562309946e-05,0.00010573885731757168,-0.001294554155640938,3.996860983100978e-05,0.0010318913320885566,0.0005983949301368648,0.00504927003521891,0.00011211998098979603,-0.00042438794641886675,-0.0008584783807947838,-5.892704665809083e-05,0.00016927441916901817,7.554302158351279e-05,6.304060741950298e-05,7.899876277477174e-05,8.367195354467863e-05,0.00015983067358021357,0.0005254548999696885
2023-07-19,3.5426378321990274e-05,0.0001026261961631059,0.00010115624073456476,-4.468981432882401e-05,7.921291823158135e-07,3.8824557940942945e-05,0.00033229850035542676,0.0003251670880863912,5.118546438982407e-05,0.00010570780044861852,0.0004687083951891193,0.001089085294282374,0.0003589053133945229,0.002452289994251392,0.0001778664091896405,0.00018373593849835393,5.592383666951866e-05,4.59258168126963e-05,0.00015117271426304794,-1.9806434357348584e-05,4.924104208835872e-05,2.5959211146889354e-05,8.538571257705573e-05,2.130299969122903e-05,0.000340035999458283
2023-07-20,-4.3158383538677335e-06,-0.00044339557914143237,3.9404445426700506e-05,-6.165629380925163e-05,-1.1423254265787369e-05,1.2954429204276719e-05,1.3157829015985386e-05,0.00030188797969344603,-1.3233301596406893e-06,-0.000296127986645187,-0.0005804700175378283,-0.009369687455999373,-0.002833565578076862,-0.001832153281538922,7.724222470995208e-05,0.0001392560252259144,4.4859111773263644e-05,1.0607998967008888e-05,1.6705652922192817e-05,0.00010227433632937887,-0.003422776155298956,6.725127705935698e-06,-0.00026122151080233864,8.007266724207239e-05,-0.0025252233261668505
2023-07-21,4.093770724907276e-05,0.00012114994628658796,0.00010950274352534634,9.305310317011834e-05,3.282031523127354e-05,2.4785275901237973e-05,0.0002463685986817307,0.00014089801878696033,6.90970799896726e-05,0.000191817596187313,-0.00015089789450709696,0.0014300275538449282,0.0007944185419028389,0.005579348536314566,0.00011525108418554174,-1.0003490675991096e-05,0.00014089864182725633,5.336304744175721e-05,0.00011384768960912169,8.412058668303668e-05,0.00012901201422236083,-0.0001731347677318041,5.703916380134607e-05,3.524948097140325e-05,0.000567122932891535
2023-07-24,1.9625103402449742e-05,0.00011780992421339047,0.00011381725382683605,7.954768063364567e-05,3.4573011815378654e-05,1.6196828166834795e-05,0.00013521190279736523,-0.00026967721831992606,8.988159036818927e-05,0.0002518945746244437,0.0005526324842044447,0.00021725875362828447,0.0006145018396721296,0.0051931099914464575,-6.228942967620384e-05,0.00013117003374247372,0.00011377299765628868,-2.6637998123146413e-05,-0.00020345685073351022,3.7622189754810064e-05,0.00022225724796520217,6.988235295877846e-05,5.605252598542131e-05,0.00011425531412916857,0.00040897584786883103
2023-07-25,3.243662256483913e-05,6.73324660073217e-05,0.0001171824757548481,8.195552125022908e-05,3.213440471800073e-05,-6.540809730383745e-07,7.695867419293777e-05,0.00022591048022125763,7.359997611524827e-05,-3.489610701977566e-05,4.2960887763432085e-05,0.0012278760568372946,0.0007312623374651404,0.005455963916131602,0.0001704187539271147,5.5027285974838374e-05,9.932393029233912e-05,2.5087817370040092e-05,0.00012042127009145612,4.596602915440801e-05,0.00018665900667165183,7.454788584761032e-05,8.775584682154036e-05,3.421685463505543e-05,-4.6850792119030444e-05
2023-07-26,3.709940001894555e-05,9.892315912301898e-05,4.266069723762167e-05,7.930397947196202e-05,1.2866900724179875e-05,7.758216800484906e-06,8.996969120664283e-05,0.0002223691911286581,7.4262476674539e-05,-0.001217242591239611,0.0005873065836279804,0.0013749438507228951,0.00028496937547773906,0.004920373708301741,0.00019640427167879604,-4.757629260730687e-05,0.00012203465596659839,3.336180306875547e-05,0.0001424749049383404,6.91607902529086e-05,0.00024433354077574575,7.379726753475903e-05,7.549052084729853e-05,0.00015978065727596623,-0.00024764581866135887
2023-07-27,-8.043782432441873e-06,9.496210453667495e-05,-6.141596601668186e-05,-0.0003056339675824019,-0.00011530933996669546,-0.00021822132614254905,-0.001015236855267795,0.0001559997544557717,4.920718004375386e-05,-0.00013024176812527407,0.00043788221602937365,6.971009905452712e-05,-0.00012387782232883447,-7.476672368461439e-06,0.00013813613100692782,0.00016413862918906216,3.4319471411987443e-05,-9.193548072271488e-05,5.681375282398806e-05,-0.000418952667875446,0.00020990571035281414,-6.813644390643083e-05,7.535485115429536e-05,0.00013073528906441286,0.00035795824541460196
2023-07-28,-6.280112404325112e-05,-0.00024077258786631934,-5.944727818403981e-05,7.478744337272586e-05,9.916517973088118e-07,-1.8044088466049494e-05,0.0002271235963423526,0.00016618913836281726,-9.707411521706392e-05,-0.0002016462562232323,0.0001528607154187738,-0.0005313888191875052,-0.0021077283402457367,0.0043897429579406,0.00017192689499025864,8.327046532732338e-05,0.00012392601809556086,7.154440177121579e-05,0.00015419337093901497,7.953852450250748e-05,0.00022215853356422576,-0.000699275643054353,6.649237033204275e-05,8.517211436490435e-05,0.00013199575828927104
2023-07-31,3.368502547027434e-05,0.00010241786985854128,-1.9485639135161266e-05,9.570706277925511e-05,3.716521438689375e-05,4.10820274195464e-05,4.861044351005359e-05,1.3022989422155655e-05,8.064936494097722e-05,0.000296314158717109,0.0004894652603090281,0.0012059549599359347,0.0004678200868991682,0.0033100394130134714,-0.0001776997915674557,-0.0001722341801751013,8.681850548583978e-05,6.181129354675126e-05,0.00014278445554304154,3.8262541511069086e-05,-0.0014085802624672348,0.00011989068398691793,8.809594707024001e-05,-0.0008250253519898005,0.00026207480649976156
2023-08-01,2.844157824170914e-05,9.709087318935017e-05,9.275042796932482e-05,-0.00018937491130661038,-5.811645685452271e-05,-5.9894819211471594e-05,1.5553506309575122e-05,0.00023530051318921207,7.264966929212343e-05,0.00035014038036345404,0.00046416065244007574,0.0006398177268673753,0.0004940537749768461,0.0028106334496565614,0.00016615667932923722,-0.007032735958728811,-1.2569494154245309e-05,5.993893198764159e-05,0.00010066903546073647,7.297891305672668e-05,0.00026610070816714636,0.00011940034981251924,6.356386096787592e-05,0.00022177271900952018,-0.0003348866174243769
2023-08-02,-0.0001666654942070807,-0.0004023698291356859,-7.376975546934297e-05,-2.465589501058836e-05,7.186875832145214e-06,2.936533911158753e-05,-0.00025588024562602743,-0.00018073819796592192,-0.00018025544058310514,-0.0003720727002977506,-0.002013647908798804,0.0005059044793218232,-0.002385084650203519,0.003436759271619341,1.3479018745625709e-05,0.0005428705606769059,7.486634688297328e-05,-1.6869359635005983e-05,-1.3809091853819258e-05,4.082777807662671e-05,0.0002947321945194434,0.00010132836768777776,6.74218345816649e-05,-0.0007462975162576853,-0.0048533438197378865
2023-08-03,3.200321623228261e-05,0.00011404232336868588,0.00011580359295597812,-0.00044922554811206944,-3.506669446329896e-05,5.325412058340766e-05,0.0003460979852263251,-0.0002651538895321952,1.944591089152686e-05,0.0003664783738243295,0.0005207376651133115,0.0006206449060535909,0.0009516627595619643,0.004466689158133539,9.49095586091796e-05,9.346989971383327e-05,0.00011013120015822911,5.777750739790784e-05,8.235067874958027e-05,-4.8713035396285084e-05,0.0003050559929179449,9.810655157401084e-05,6.557121056758164e-05,0.00017773249274291214,-0.0004553002439007357
2023-08-04,2.0022844941529526e-05,9.473221130454502e-05,0.00011468901964849297,-0.00018779536704441476,-5.9059882508042594e-05,3.9627014481856705e-05,0.00037154684000258187,0.00019192711878598923,-0.0023472436580136433,0.00036170795597676326,0.00053915870680066,0.0005973767608228528,0.0007602413272002567,0.0029647015972771476,0.00019834888467161945,0.0002533175547237024,8.803087438158867e-05,4.1868419138591686e-05,0.00011462136626190148,1.0502513000262254e-05,0.00023508778420540586,-1.6194435883048095e-05,3.205546663068744e-05,0.0001792052542655291,0.00021708830529748753
2023-08-07,-3.721439705018423e-05,4.367767012572487e-05,0.00010397395564708434,2.8408257119627215e-05,4.213292382738608e-05,4.772525288875831e-05,-8.50941819601102e-05,0.00027385832577871746,-9.612376668526748e-05,0.00031927389168779507,0.00028452321870988333,0.0009592873381984834,0.0009812402035995016,0.004296411959086817,0.00017069466236586175,0.00022817228251133562,3.105879876402473e-05,-0.00013957209406498483,9.153504647365458e-05,-7.753721797060237e-05,-0.00023766291192061202,1.2731049033559125e-06,-0.00011664348820985801,0.0002279410341409535,0.0007174533794324094
2023-08-08,2.3104435276217442e-05,4.51408916088513e-05,5.873091262876464e-05,-3.734967643839786e-06,3.271400065917958e-05,9.674677279527562e-06,0.00014782352173609367,0.0002378412175219162,0.00019339497210115134,0.0002112424342333736,0.00028243440791183075,0.001003270089129161,0.0009731114031808124,0.003977462794307468,0.00012302626138333494,0.0005569233223005822,0.00011508609802829336,-1.723060127958142e-05,8.007885526182822e-05,4.408848591330322e-05,0.0003445381598500223,9.189040170636728e-05,4.446426039185588e-05,4.656733592662768e-05,-0.00017546553970615268
2023-08-09,-2.2079292788185356e-06,-1.8828741084510195e-07,2.317510279368488e-05,0.0001101875698612953,4.695180087589397e-05,2.9574076578813825e-05,0.0003530373042565088,5.3271427709421806e-05,0.00013556565382444747,0.00021967096946552117,-0.0017679053245074185,0.00010497517569656699,-0.0004208892849162186,0.002683891617525183,-1.0907976972907761e-05,0.0005320397392849631,6.005343540409978e-05,1.3306532008789782e-05,-7.04224752019109e-05,8.686617316487249e-05,0.00034421399542512607,9.149518474973586e-05,3.8446749723844006e-05,0.0002243373062277097,0.0002368354645403229
2023-08-10,4.2915262323915314e-05,0.0001239883209519069,6.269947195878774e-05,-0.000138740226215341,-3.5900651219456756e-06,5.1659201593780326e-05,0.00037502853687362137,8.535303087386188e-05,0.0002189448956828959,0.00036125171631094566,0.0006854967103448377,0.0009215764858795707,0.000878713295542096,0.004023428733613069,0.00012799432783591023,0.0005468338655480279,7.157513526441156e-05,6.333321544335497e-05,0.00010634002477532761,6.115098270542452e-05,0.00031577819110862855,6.685381483050455e-05,4.08344658286881e-05,-0.00200376493249697,0.0008522952638940892
2023-08-11,3.9194034494999384e-05,7.804745796476733e-05,7.511260300868688e-05,0.0001398799657660021,3.350619901194137e-05,4.2957555552132145e-05,0.00026991084386068196,0.00022972320859235117,0.0002160582052138125,0.0003197298460454855,-0.0007212237474793629,0.0009725493515722643,0.0008998682479027904,0.003247163808023438,-0.00010900402994139274,0.0005287235928901515,2.793785174734583e-05,5.7830779254974005e-05,7.396762842268516e-05,7.2671506030017e-05,0.0002494952194523799,5.7798158222140445e-05,6.545508813910817e-06,-0.0005306868987508209,0.00021496517577088918
2023-08-14,5.826390904480465e-06,-1.886643814878786e-05,7.068795400492162e-05,0.00013463061176934948,4.298881238173421e-05,3.3656235291859846e-05,0.00021417897723168762,0.00017749408967101475,0.00012787068343458283,0.0002548489535810402,-0.004103298686729129,0.0009318905373017345,0.0008070790904563463,0.0014974534000643058,0.00011734648188696002,0.0005442542480083721,2.843646182299766e-05,5.7385567302950954e-05,0.00010362513607436855,2.91499493269249e-05,0.0003422184625378029,3.156227888877604e-05,-1.5105659039815029e-05,0.0004324022383512789,-0.0007773808456715312
2023-08-15,-9.952665012301717e-05,-1.3220465989916452e-06,-0.00010847028207474478,0.00010046636352061854,1.2241822611870928e-05,3.5814577503168604e-05,0.00022333205090893649,-8.025975948970936e-05,9.316860770776025e-05,0.0002992920511274501,0.0008254486798102048,0.00024702567324323135,0.0004873910796951938,0.001074798605035909,-0.0003438274033469971,-0.00010114042746448861,-0.00010292476595227912,-0.00028437357190709165,-0.000558796681981466,-5.245995434914686e-05,0.000337340830232397,5.236149978186172e-05,1.6737390342144854e-05,1.8830083542216284e-05,0.000893502310741161
2023-08-16,-9.615523050442045e-06,6.77757971356992e-07,-7.924879521548553e-05,7.818214444947741e-05,2.0842822039194112e-05,9.682111223298725e-06,0.00020050124087070474,-0.0001127280294281394,0.0001861438917883646,0.00034133457802612273,0.0007112546570381984,3.526123110422774e-05,0.00028991932008373233,0.0015072932265891886,4.512739968484752e-05,0.00047564872159858,0.00010007939265539098,7.081682663068561e-05,9.342157391601562e-05,-7.430745342354377e-05,0.000334604500192824,-1.1914605418512816e-05,4.424828749531802e-05,0.00030192581548209654,-0.0005452702170575426
2023-08-17,-1.3910995639738732e-05,-4.070433896346932e-06,-6.843488821104181e-05,0.00012388656268613136,3.4676853717833445e-05,3.5601451640634844e-05,9.166381009497222e-05,0.00010976653429726739,-2.8584555613235605e-06,0.00014212024186240253,0.0007878569508747082,0.0002936986637717289,0.00021118000846769415,-0.00047392049812499185,-2.1945934947752797e-05,0.000550675730766735,4.8767361757992244e-05,4.1298251438937444e-05,3.2913506934193653e-06,2.14567303541414e-05,0.00025781917636336923,4.6999394555483644e-05,-0.00046964992035198314,0.0003465974250466932,0.00030776762591741785
2023-08-18,4.730103231012421e-05,0.00012159141217053348,4.931666257939482e-05,0.00012379153325587223,2.6516494960055596e-05,3.806911873696825e-05,0.00022119200730534477,6.007561548422238e-05,0.00021325998050228197,0.00026090130611549814,0.0007938013058779642,0.0008644718967906293,0.0008211444094249444,0.0004542360516163518,2.85648556081132e-05,0.0005317988156810701,1.1178309087706852e-08,6.645913588607771e-05,0.00011225573683074327,7.362277669975998e-05,0.0002729043153052197,9.125569991168921e-05,-0.0001315881618748398,0.00036397024987594006,0.0009186530680498889
2023-08-21,3.059733147727314e-06,-0.00016198886073559923,7.406074678840762e-05,-5.137395202677958e-05,3.1988390054252738e-06,2.92145079107701e-05,-0.0003239172392901597,0.0001822665618552217,0.00015656282249892282,-5.362677059464024e-05,-0.005879230094419744,-0.004400139218351759,0.00033249725139070113,0.0003448955340204456,8.330790567312606e-05,0.0005411146271057965,4.450120921863764e-05,6.21838551631626e-05,9.787314275971861e-05,-2.1535927330895846e-06,-0.0007514262411315388,7.047860210967437e-05,5.81642561121091e-05,0.000358304142829114,0.00018112515605762003
2023-08-22,4.0064652524734076e-05,0.0001049196723018108,6.683938306661019e-05,8.014862261884753e-05,3.113197491519242e-05,3.386576523462736e-05,0.0002210447584410104,0.0001636085556033475,0.00015512645837195737,0.00024063811249938377,0.0002686167562863808,0.0007999629412683266,0.0006564559545992903,0.0011544000727343293,6.141519869853472e-05,0.0004588236163118928,4.442333142667408e-05,-2.6726423015057866e-05,-0.0003322463699078678,7.844855093108876e-05,0.00014394045587592914,8.397610630956122e-05,5.379656056840382e-05,0.00035126347333419344,0.00031496658643618246
2023-08-23,-7.594630324656769e-05,-0.00013784647134263214,-3.6559763886773565e-05,-0.00045797693775855757,-0.0001539801664580803,-6.655647796317206e-05,-0.0012022164976439487,-1.4840721739786412e-05,-0.0002518435285890412,4.775461788209952e-05,0.00012143823598080605,0.0005634988415865613,0.00013056008572748853,-0.00026349567146655736,0.00010417592813121102,0.00044090434153684253,4.1264403212245226e-05,-3.252650387988353e-05,6.474273894887213e-05,-0.0001611104001736155,0.0001283311325727562,-3.0779006915236e-06,1.4718997273508962e-05,0.000349765758638859,-0.00031016062624786875
2023-08-24,-0.0001417210012947905,-0.0003490490602239444,-0.00011195206032532316,0.0001299056313359987,3.991938214615116e-05,3.9585114830850586e-05,0.00024179346132321836,0.0001553448270874931,-0.0004590052439310835,-0.0002339699320527111,0.0011175850847409698,-4.3839656245583426e-05,-0.000623987416308492,-0.001731727988901075,6.183625125772804e-05,0.0003603582734998339,3.31863565906768e-05,5.327168878097774e-05,0.00010868455059590733,7.947485907245089e-05,0.00019932490271227761,6.64605535979073e-05,6.138098476327693e-06,-0.0012516826666660436,-0.0042624363674854384
2023-08-25,1.4362995036474991e-05,8.317562706941379e-05,7.126632511352083e-05,0.0001653866632680628,5.0795880246031864e-05,3.666636696659077e-05,0.0002776204434802186,-5.591323456800805e-05,0.00012378086027339404,9.594318505171371e-05,0.0005132478205794472,-0.0004759610218425023,0.0005795823771435228,0.0013025929610037397,1.908260795625308e-05,0.0004038340373752083,4.3190182527221105e-05,4.231469454889823e-05,0.00010618513855139201,9.324710282017956e-05,8.635098068920228e-06,4.6449927294678464e-05,3.276781002280324e-05,0.00031476519132007073,0.0011905604915254699
2023-08-28,2.4033592986868327e-05,8.952522954664744e-05,2.288341591429597e-06,0.00015436778430400884,3.3031012404639066e-05,1.6477405413528234e-05,0.0002344150561320242,0.00015785009026013095,0.00021032456057368292,0.0001590988310362622,0.0008353920877297356,0.0008673394009981715,0.0006833189673324299,0.001021660554189738,6.970721768188524e-05,0.0004901516022414133,4.210193296609263e-05,2.5854922947919873e-05,8.904143849590827e-05,-1.9858731361203246e-05,8.003943939169039e-05,8.121440869739701e-05,3.655043826234099e-05,0.00034319840688042336,0.001194160021137718
2023-08-29,-0.0001449779541853313,-0.0003357760649006878,-0.00011568540385617405,4.7331415735051024e-05,-2.205254878002633e-05,-7.280402995004513e-05,-0.0002462664118751302,-2.434732463974155e-06,-0.00018323898948395312,-7.298806954845213e-05,-0.0005187280553236718,-0.004709986673935408,-0.0022595569902130247,-0.01826139787465658,0.00010935635217663208,0.00019967893616900908,-2.5872611752814447e-05,-2.3112078736128354e-05,3.431216722011469e-05,-7.285071675147525e-05,0.00022724214232548915,4.08883170086807e-05,-1.8700745396865238e-07,0.0004268950221033466,0.00018411474732255668
2023-08-30,5.516678154264617e-05,0.00012561125326775605,6.532693905341545e-05,0.00015854400787043192,4.212202360053569e-05,2.022213692482112e-05,0.00020253504443748936,0.00012856676662212322,-5.342836420817393e-05,0.00014288944859070724,0.0011387601466683608,0.0010742633582383554,0.0006178309729584499,0.001917490696293173,7.313253693298096e-05,0.0004913105391266683,-2.7120712430942044e-05,6.17928314728269e-05,8.473588311981752e-05,6.476938039585645e-05,0.00012427277835067426,4.000337808933003e-05,2.1996000987622226e-05,0.0003789415736916939,0.001198744314850739
2023-08-31,7.039366710558814e-05,0.0001489736594202194,7.606837304263081e-05,0.00012484695358491051,3.5859806813686854e-05,1.8090770719857917e-05,0.00016142911113754225,-0.00020379461178389197,0.0003245969056854751,0.00013436842232379358,0.0012352281602722771,0.0010227889042731433,0.0006358684676136793,-0.0007682288015933613,9.74607474188985e-05,0.00014953849589244007,4.4356257523357755e-05,4.790158718328614e-05,-5.38448289194812e-05,2.4026617433217702e-05,-2.4869887966184098e-05,3.749806075873926e-05,-9.935825300750895e-07,0.0003298961583696878,0.001131835926316103
2023-09-01,5.843729792003128e-05,0.0001303466974131863,-7.036952755749277e-05,-0.00010702968518293594,-1.4192181071196024e-05,1.9515751285118052e-05,9.861526709267803e-05,-0.00045207465290603404,0.00024167022053765198,9.838675644774762e-05,0.0008066918664246643,-0.0016959836375907535,0.00045721855200190036,0.001552901497941067,-0.0003220872817410566,-0.0001578447005127768,4.809198218002935e-05,-2.1634271082255178e-05,9.080067930370488e-05,7.67238860497209e-05,8.50926832400219e-05,4.002122798068798e-05,3.780978764824915e-05,-0.0002785090159120941,-0.0002892973271898082
2023-09-05,4.288957646667076e-05,0.00012977421081381943,-0.00037699234708055173,-7.62692904898933e-05,-1.6181306500570468e-05,-4.7387773555518e-05,-0.0005029863719067313,3.308652348945434e-05,0.0003120285408955499,-0.00011216967573463797,0.0011196677985376164,-0.0009664754835645845,0.000380982148854952,0.0019528868132732678,7.7517284943505e-05,-0.0001043542052800631,3.325180568520022e-06,-3.949231777097789e-05,-2.2544731320204664e-05,-6.37089625705253e-05,0.00014107258813075412,-0.00014098942961908982,1.5965329047044156e-05,0.00032855766227633516,0.0007690128517899133
2023-09-06,1.605306718744808e-05,5.2000644530592936e-05,8.672865728078414e-05,0.0001111565114594008,3.120887503376981e-05,2.082785751939864e-06,-2.896694691290622e-05,5.862952600019309e-05,-0.0011474676354196124,0.00011321744335374885,0.00015698782638248147,0.0008971215519574584,0.00043423965308871836,0.0018647950348365324,0.00010658046194939172,0.00013699410373191302,-0.0023428511103621213,6.775481094282025e-05,0.00010431376792495793,7.272448544237672e-05,-0.00014293512616470627,4.036021212835591e-05,2.7320451766093084e-05,0.00034920491976445046,0.0007072479700035118
2023-09-07,5.045180114782561e-05,7.915240851278201e-05,7.131873057646045e-06,0.00010449238164924934,1.2438227681582946e-05,2.2442233727467007e-05,0.00014791052244493124,0.00010531616500831516,-0.000643971411421836,3.441342248978069e-05,0.0008486827642241587,0.0012301311405097186,0.00043354700185408975,-0.0003003995772421213,0.00010573742333072603,0.00011211035767638067,0.00015360089578560733,5.057824194295132e-05,3.216755478680259e-05,2.98091943330185e-05,-3.899533432324623e-05,-5.1566131588921644e-05,-7.54886884039203e-05,0.000328461419037186,0.00027812151591104337
2023-09-08,5.7119777498842706e-05,0.00012754173093796096,9.960699838029514e-05,9.06721285156683e-05,3.1464953042534975e-05,2.1315517941146652e-05,0.00021758513224912635,0.00014065739674304446,0.0002718374011415398,-6.162520734747358e-05,0.0009468807788879992,0.0010874870047702155,0.0004452758388595927,0.0019782691225488118,1.316029924581704e-05,0.0001305857819285287,0.00013186890052467766,4.916243579324017e-05,0.00010769520981108687,5.336669649184132e-05,0.00012026979398417742,2.472660500025104e-05,8.093415103712501e-05,0.0001883499288248788,0.000858163135417458
2023-09-11,1.407636194344576e-05,-1.4309301049414321e-05,9.575082223768745e-05,5.2324374070241344e-05,2.8377276869171564e-05,1.6761857203614332e-05,0.00016953107389590497,0.00015038002930764922,0.00023665233844920812,-6.650941109322321e-06,0.0009672520169587307,-0.008057747186882501,-6.244945879832194e-05,0.001564955979715993,-7.316244064888507e-05,0.00013768655201379569,0.0001432273677702024,2.8874594877376215e-05,7.923321981823973e-05,6.95174861401468e-05,-3.707507785106313e-05,-9.576286005979855e-05,7.226424877439079e-05,0.0002178804940812287,0.000795070939988438
2023-09-12,2.913332909125674e-05,5.900579512162766e-06,9.973644024923631e-05,5.9369511171877986e-05,2.939764178113649e-05,-6.414198066594914e-06,0.00022078585044691716,-0.0001399298496686576,-1.3583252280153807e-05,-0.00022067430781514696,0.0009991416552294294,0.001175969667905747,0.00021562234509631036,0.0018275716106778436,-0.00043066493053698827,0.00013732082268663872,0.00013061071582102173,7.426682764093262e-06,-6.792691867526616e-05,6.848616678641257e-05,0.00010772770416569695,-0.00026395327860417503,8.378594357030839e-05,3.710819052517235e-05,0.0008507715489134544
2023-09-13,5.967080705061442e-05,0.00012034710211236037,5.718609058699099e-05,9.387312635849283e-05,2.400732018966722e-05,1.6429849154735637e-05,0.0001323506616992568,0.00015868253295116068,0.00015651202513029168,-2.95702211953102e-05,0.0007888727397401391,0.00150454229362832,0.00022510220204468085,0.0015322683046555049,7.137466623178625e-05,-0.00030938696422231417,0.00011761672501112846,5.388244053140888e-05,0.00010635560831586881,-5.181526195798164e-05,0.0001298467657464805,1.759767945913006e-05,8.311747550282108e-05,0.00018658978648071494,0.00031032092191153864
2023-09-14,-1.4262280296749732e-05,6.244843050818093e-05,-9.32131176833503e-05,4.116826304863209e-05,2.580167242298142e-05,2.1305253445371095e-05,0.00013474343473211624,-0.0001639879504143997,0.00022527538462738012,7.847311712493359e-05,0.0007227104551586884,0.0014087697114101474,0.00039276782603949465,-5.5452244686171387e-05,-4.760547378017589e-06,-0.0004046125935178135,3.935829693444044e-05,-3.0649129012747836e-05,-0.0002627371947324019,-0.00024900159304163614,0.00013382438760982284,-5.398673021194711e-05,6.261357233473571e-05,5.052816141639131e-05,0.0006559522883406564
2023-09-15,-9.096667954266912e-05,-0.00017212777303545943,-6.576672003175436e-06,5.711938192284437e-05,2.5424225135331624e-05,-2.2133471726772458e-05,-9.83027390921015e-05,0.00015553234500266473,0.00028164739457314417,-0.0005023461540462565,-0.0006856007470240135,0.0016439271500341044,0.00023270659510040597,0.0017147636754880546,-9.82658406992029e-05,8.757666482609767e-06,0.00015026539969854302,1.2898303539671978e-05,8.144397720211819e-05,6.912299449919444e-05,-6.254879595295735e-05,-1.7652265979470517e-06,6.59589554493353e-05,1.1040504877320265e-05,-0.00167948906104391
2023-09-18,6.069331861363928e-05,0.00013521701291832941,5.720982004372302e-05,6.083066846011667e-05,2.312036229356872e-05,-1.2735830631228325e-05,0.0001678901719881564,0.00013977979484820663,1.727230684901639e-05,0.0001630588926977383,0.0007955621489019349,0.0004853498025708847,-0.0002340612670346774,0.0019309984317209018,5.015818916727092e-05,0.00011751054588594463,-1.5811877382542448e-05,3.331934766979328e-05,8.531766290451833e-05,-4.561371217992922e-06,0.00010646478124070685,5.328274396010663e-05,2.50510286444113e-05,0.00014079186934401615,0.0007410641435623346
2023-09-19,5.354242529147504e-05,0.00012520403785327148,8.118083193615055e-05,3.9046537447614155e-05,1.5348117355938182e-05,2.258414094480082e-05,0.0002432087417194306,0.00013951460095022988,0.0002642338038144108,0.00016788443203333853,0.0006933994327485893,0.0016217104093748653,0.00023239696508667282,-3.068830185208268e-05,2.9523481367876327e-05,0.00013975968084259038,6.561764590014003e-05,3.8525365463571035e-05,8.228980544526642e-05,5.5682589422318516e-05,0.00014074514975478847,5.689075600651202e-05,5.519324967783303e-05,-0.001176663702484098,0.0007271628461503435
2023-09-20,-2.722697711302931e-05,-8.07812807433587e-05,-5.7556216856008684e-06,8.650936230686454e-05,2.628527618152872e-05,2.300483319945694e-05,0.00023389053548485323,-0.00015012447219515032,-0.0001039785918341686,-0.00041955291775996466,-8.962889812696886e-05,0.0014093290921758505,6.814819291217947e-05,0.0015608746190167372,2.9443413873108456e-05,0.0001456280686725339,0.00016713058981296066,-8.169381070179117e-06,6.574700977740827e-05,7.646589116513402e-05,0.00012037103670339074,6.476371371832979e-05,3.359199806173673e-05,0.00020261718171627504,0.0006224647986034269
2023-09-21,-0.0002173290026199958,-0.00021457324339694167,-0.00014336373299310542,-0.0005895668112701165,-7.796910338293803e-05,-2.9772747145675944e-05,0.00019392669488609316,0.0001367917199242883,0.00024319904892700092,0.00017101375454633462,-0.0003720844635843188,0.0006589375829328514,-0.0005704244638883736,0.0010055917464530761,-7.113302945308438e-05,-0.0004112002333879421,-0.00031448205257527697,-0.00023523123498455108,2.2399260806497113e-05,-0.001127063206694266,3.105245838011327e-05,-1.1640476122329351e-05,-0.0001049430031515419,0.0002582681909967031,-0.001102606366072827
2023-09-22,7.018417801990886e-05,0.00014606698139723543,0.00010882533910108646,5.650003053738263e-05,-7.456835934513506e-06,1.5683893009152274e-05,0.00017342379992353184,0.00014032013549008403,0.000299574793979691,0.00012396461133193807,0.00028785173914539516,-0.0004684763951108774,9.731020007450083e-05,-0.00032659110933513816,0.00012397739948455098,0.00017220052462711124,0.00012122368529728691,-6.439623253486822e-06,-2.9329470411228677e-05,8.021310605238295e-05,3.8273653404106596e-05,5.46597222259461e-05,4.485137597781053e-05,-6.31857659447795e-05,0.0008218339996288335
2023-09-25,5.1201463705941985e-05,0.00011023068920600378,8.81535549927818e-05,-0.0005293715479174237,-7.46111656767049e-05,-5.807915997489336e-06,-0.0001763738605720989,0.00013032128837968697,0.00024534494453713415,0.00017659694928370527,0.00023863631744489432,0.0014163328001218331,0.0004245433285773907,0.0018635501838861353,-2.8703865011705452e-05,0.00016176533699589887,0.00020963613721004874,4.5149994531504674e-05,4.168696853707562e-05,0.00012676151025308062,8.628857758707924e-05,2.7192611787245328e-05,3.006717728185149e-05,0.0002717538201104402,0.0006068170320148254
2023-09-26,-0.00015993739315696618,-0.00012057781442503737,-6.893694881164559e-05,0.00011094912317124891,1.75313597396173e-05,-4.2054451394485295e-05,2.330408840237817e-05,0.00010274024939333726,-0.00029671297172318664,-0.0001405175244457985,0.0004087813095535773,0.0013106199738743384,0.0002614255034793197,0.001531638762156555,9.92594226796253e-05,-0.00013319680008138927,0.00010997731229456101,-0.00012987692477471935,-4.159068099745465e-05,-0.00021145846690555695,2.768571035407093e-05,-1.4709530817611123e-05,3.522829184391414e-05,5.153711287398974e-05,0.00026175274072760693
2023-09-27,6.824276076845518e-05,0.00011213731231214717,2.0123586928202055e-05,9.62212007053487e-05,3.9121842095027736e-06,-0.00012909819873070275,2.8791050178596266e-06,-0.00047829555801100654,0.0002060484664637122,0.00016065784130604168,0.0002590457356217862,0.0011585821723355874,0.000307961870971424,0.0016451377165432155,-0.00047632677662103333,4.236433132270921e-05,0.00021703423183386258,5.6801942474906576e-05,3.894433447917695e-05,9.993612805408512e-05,-6.579692205080889e-05,-0.00011105579097617147,2.30957421499046e-05,0.0001916083088580949,1.5216249810781298e-05
2023-09-28,3.280446562156117e-05,4.5438791393700986e-05,2.6247270332873824e-05,0.00011527130931988359,2.348838507581396e-05,8.681011981442748e-06,0.0001634867672246377,-9.803405956483155e-05,0.00028372460589356124,0.00015758376573316555,0.00021519967778276374,0.0008104880863695777,0.0002239745124129812,-0.0006131049346584647,0.00015876914676455348,1.9346814613760535e-05,0.00018676256770552895,5.72198940617256e-06,-7.791085996868772e-05,5.1823022371868974e-05,7.837258653819238e-05,3.038557185727438e-05,2.0164769892769503e-05,0.00018206125141537435,-0.0016687502747234043
2023-09-29,5.086934139406065e-05,9.254810678042585e-05,7.857563424677119e-05,0.0001192207227982012,1.866558729698227e-05,-7.66999490632385e-05,-0.00023790513709912928,9.290528634590085e-05,0.00025142939138943194,0.00010897114079805073,0.00025676278926741293,0.0008863111867064456,1.0975776681573367e-05,0.0009273487191446063,-0.0002552775427515875,3.507308443549781e-05,0.0001903204301196544,-3.068508013186898e-05,-0.0002294861791162724,0.00013158786849553725,2.8375161131465286e-05,6.849035077192663e-05,-0.00021871411826647399,6.000331643781054e-05,0.0005774769935326078
2023-10-02,5.601358128774006e-05,2.2337613534164825e-05,-0.0001302107816962848,-0.0001658246642326581,-6.126216314403478e-05,-7.591321198059184e-05,-0.001982349593038558,-0.0001642616724451406,2.456935874000686e-05,-0.00020389691190272362,-0.000498861454192016,0.0011082743720140897,-4.2308595126507064e-05,0.0009133521485799903,-0.00022361920035535553,0.00015614990676145708,0.00020329182324077877,-1.1290197467616703e-05,2.0166439163363982e-05,-0.00020402322039882553,6.791262242447388e-05,5.861196385554739e-05,5.374649571074047e-05,0.0001392872767816875,0.000556588284695328
2023-10-03,-0.00012555528586965294,-0.00021878545322651506,-0.00017413902280550447,-0.0003391934251462737,-0.00010632766312394334,3.306011504372794e-05,0.00027278843110091266,0.0001254138938845258,0.000192400862249963,-0.0005257732226116963,-0.0004288913563814642,0.0007246291045962981,-0.0005448735245710349,-0.0006906459456666142,0.00020264790912666273,7.49741786931929e-05,0.00011454082088357324,-0.00019023559806604826,3.598748834086567e-05,-0.00023306948699584605,7.343640995357946e-05,7.650083352463103e-05,1.0732605898548685e-05,-0.0005006277631648611,-0.0004114910461614136
2023-10-04,1.3173307666235408e-05,-7.09026292790816e-05,0.00012196115510352893,-5.01593264743648e-05,-4.3253257186671e-05,4.1856692077104156e-05,0.00022354572173204933,-0.002975617001794189,0.00019965331798080363,-9.686755743857324e-05,0.00027752050003224273,-0.0023096576431441617,5.4888861609105765e-05,0.0006498368439282932,-0.0008373152545057004,-5.1489089098977594e-05,0.00017792566028137106,1.86612225027125e-05,7.31138995888221e-05,2.922225911618017e-05,7.063515168993775e-05,7.008096084925387e-05,-9.170427581191561e-05,0.0001949581725253722,-0.0009672292850020544
2023-10-05,6.753223473384299e-05,0.00011301656765497648,9.679669066180491e-05,0.00012094326908629252,3.239410276346177e-05,3.482831179523823e-05,0.00022286247872821348,-0.00015241798088806653,0.00020405970603051178,0.00021697225774644271,0.00021590352929046582,0.0010628494653379219,0.00027657170826425083,0.0006005641850312022,0.00019643443159722733,-9.515167556606234e-05,0.00011681874910525948,4.952068854111522e-05,6.978926549156612e-05,0.00014660685700997142,-3.5413883295679934e-05,-0.00015277311319018111,-8.898412290487417e-05,-0.00014497127874259019,0.0005111666522878886
2023-10-06,-7.411616944586109e-05,-0.00015819757750987353,4.794827272374094e-06,-1.6685050311687928e-06,2.4875152552604658e-05,1.082880013524818e-05,-0.00038815031629692016,0.00031990373401000904,-2.884509170146657e-05,-0.00037869949103076886,-0.00017648703443315665,0.0010608848534187198,-2.1127319993979193e-05,-0.001665705822110456,0.00020136556119561427,-0.00021895032580329215,1.8844491411427146e-05,-7.133784352643722e-07,-0.00014510701013913178,0.00017156099598759436,5.2375872409970626e-05,7.957456835157971e-05,-0.00022672438479480727,-0.00045689939138468993,-0.0010651215226248152
2023-10-09,3.157453131995486e-05,0.00010433757196120363,6.326953298608451e-05,-0.00038349623785259557,-0.00011864907343789996,-0.00029328182666945495,-2.789790470541793e-05,-0.0012193685994927568,7.822068364470022e-05,0.00018598943637305836,0.00028607620339585915,0.0010533800628409764,0.00027688795158658803,0.0008036281790790229,-0.0008380462772619509,-0.00018636750886515674,-0.007228769425452636,7.493887157996907e-05,9.186761322150527e-05,5.9583496277577954e-05,2.1777316843075368e-05,5.313335742359981e-05,5.3844870194141417e-05,-0.00018528178736764426,0.0006861562002374559
2023-10-10,4.7458076777572905e-05,0.00010102463385464581,-2.87143426597757e-05,0.0001814286490920074,4.141248529701415e-05,5.398036264764423e-05,0.0002461471251813483,0.0003760780687451364,0.00014098228042437336,0.0002217134881424499,0.0002632541915691108,0.000829157379158824,-0.00014324453141910664,0.0008295712981148451,0.0002912448446126346,0.00016823665104759988,0.0004810449433672278,2.2778815251268896e-05,6.057905380576183e-05,0.0001598283558783493,5.407113584362481e-05,-1.7822274657371695e-05,-5.840116617164887e-05,0.0002595952735038916,0.00033477052358006425
2023-10-11,5.681853927670565e-05,7.512987660531872e-05,0.00010175494568961078,-0.00024670537335543473,4.115778189680139e-06,3.820298766818462e-06,0.00016101095219687506,0.00022114992982980982,8.850399091262827e-05,8.63240349114153e-05,-7.463964414463546e-05,0.0005575568034507842,0.00023984485560548305,2.0334092081350248e-05,0.00011594941427164152,0.00021817219850005375,0.00047793856436774526,7.452471592458824e-05,8.652325456938975e-05,-0.00011206243117059146,-0.00014596632142445327,-7.60549970937604e-05,5.8049569456088525e-05,0.00026201260911462733,0.0006667840963340262
2023-10-12,3.539494989518953e-05,0.00010952358426396391,-0.00041773821495483905,-0.0005542279581833609,-6.597897421957671e-05,4.887484122063231e-05,0.00014537949224570883,0.000391225187525959,0.00011218076326191315,0.00021023069832572824,0.0004139379537160069,0.00028642702714488125,-0.0010277253601071585,9.654955484217776e-05,0.00026144970329508257,7.92212861602697e-05,0.0004555473055752383,3.457287721692313e-05,8.433243017813878e-05,-1.5696787205783002e-05,5.4044337786049416e-05,6.314468262886761e-05,5.4159395370228596e-05,0.0002192792968822491,0.0006910042002672413
2023-10-13,4.9826773893007966e-05,-3.849734618894648e-05,6.106444211605637e-05,-7.09097450232859e-05,1.8455628684660766e-05,-0.000942814753135797,-0.0013537635159897939,-0.001736175650716532,2.4233386671480083e-05,0.00010800518697188275,-0.00061875843166443,-0.000385469226778043,8.895823901799841e-07,0.0003636421180891698,-0.00021458472579824407,0.00016485695758279117,0.00023741780782479937,7.220816875109026e-05,-0.00013219814523977882,0.0001990316040312415,4.36451321041584e-05,-2.47339422012431e-05,4.541353769719224e-05,0.00025580748643031615,-0.0005135001014301307
2023-10-16,-3.7457763485051226e-05,2.4230311626048727e-07,-0.00013259385389226925,-5.290817781531266e-06,2.63205931221551e-06,8.945391354840568e-05,0.0003276141663509459,0.0004441992830578902,0.0001324205730638692,-2.1524424226182374e-06,0.00027750478995850977,0.00044960442289554783,-3.1105721827163764e-05,0.00027581026811473845,0.00023370143871682676,6.266079435144154e-05,0.0004916783600452146,-3.762393158393566e-05,8.097148658110326e-05,4.7615344884884686e-05,3.643752624247846e-05,-2.5904113506729706e-05,2.699315497641476e-06,-7.785916191333365e-06,0.0005760674882887209
2023-10-17,7.004214399429685e-05,0.00010646743126101534,9.05915094683276e-06,0.00014748796708962975,-1.0506080308152263e-05,0.00010873503044537008,0.00020095064117123463,0.0004780680895785215,5.4174719077301975e-05,0.00019284393196324423,-0.0018942981323012095,0.0005639551056573606,9.88230396656603e-05,-1.515169950569678e-06,0.00016157103094521625,0.00012581259983373164,0.0004902772182967681,5.42295397786438e-05,7.688337065689008e-05,0.00019290442501721425,-3.9016974510548904e-05,6.35532251583496e-05,7.821105455146614e-05,0.00022039024530523207,0.00046368701087224316
2023-10-18,-0.00010992742185293257,-5.6608081458754236e-05,-0.00029588428928669166,0.00019718207408871838,-8.247896400627958e-06,-9.594619238935647e-05,0.00033493024740833307,0.00033464758258406566,6.579960128748929e-05,0.0001606871734911994,-0.0011083786359299735,-0.001878669132339043,-0.0017272873391134265,-0.0012629573637928527,0.00018885756684935653,-0.0023784233530730545,0.00035893418920709735,-0.00022335312829223233,-4.031267468903744e-05,-0.0002701024089239747,-0.0004257974359115961,-0.0005831245006621175,7.641720468834856e-05,-6.420134649442219e-05,-0.00019729922424683243
2023-10-19,1.759212558090996e-06,3.8684827946105864e-05,-9.869237779129531e-05,-0.0001513582918681298,-6.370534907836288e-06,-2.710078309777786e-05,0.00027910270396487596,-3.1836239627994244e-06,0.00011714595885555669,0.00018380424866101718,0.0006070057256877169,-0.008883347650048234,-2.353793812034439e-05,0.0008002802348208545,0.0002677144397222153,-0.0002996045880634346,0.00043526892101770583,-8.454973023436445e-05,7.005041053001747e-05,-0.00036088396199975394,6.631435230084857e-05,6.770624316684174e-05,5.4167080001802314e-05,-9.498896984070604e-05,0.0006606607579976268
2023-10-20,-7.363365658394877e-05,-0.00010555127100524021,-1.5033209379438663e-06,0.0002673766823605469,4.7258902405108125e-05,0.00012240571134551457,0.000153407149031085,0.00038317517456809856,-0.00011968924506756296,-3.410491409591926e-05,0.00027091280214320234,-0.00025743631196958015,0.00022173710867850945,0.0004693538985412361,-2.009727690992604e-05,0.00025316263353152355,0.00035956688478966056,-0.0001361830479315199,-0.00017543784435292088,0.0002007719362189475,5.304984848130283e-05,9.943797876017418e-05,-8.061537425477234e-05,0.0001555302749907541,0.0006239408693670896
2023-10-23,6.938899851107472e-05,0.00010492318449320561,9.134503185827378e-05,0.00012153338203721011,-2.2404550471222557e-06,0.00011590913683511887,7.663112449266652e-05,2.1667884910099035e-05,0.00010691821879419456,0.00011051285045274408,-0.0008853402316245237,0.001193920133502755,0.000433594309386233,-0.00023683472852532113,5.400888842641818e-06,0.0002606348404128338,0.0004450807547679833,6.021675543459596e-05,-8.939685821321246e-05,8.594577861516958e-05,-4.117757023666251e-05,9.67556625517269e-05,-0.00011987674772779743,0.0001810014580806352,0.00023937208763485473
2023-10-24,1.5869420296597533e-05,2.0774783957730412e-05,9.192622905817634e-05,9.708583660139172e-05,2.7929292646501077e-05,0.00012740759885127934,0.0003591016377799805,-6.894781988085036e-05,9.964220176007851e-05,0.00016248263646915324,0.0003464057754044298,0.0006624459210121707,-0.00041677677794344767,-0.0028975909221873168,8.476996912936156e-05,0.0002397629226580421,0.0003207125960730298,5.097718061059205e-05,0.00010305580626889217,2.2633892718293885e-05,7.289591950760954e-05,-4.140614343486162e-05,-0.00010226019937103773,0.0001517513486181619,0.0003039480065757066
2023-10-25,-0.00013457014006340327,-0.0004956678724003258,-0.00010702511868757833,-0.00026299845559785346,-2.7606560571749074e-05,0.00010832000812952205,0.00032942268826867177,0.00021036522441977086,-8.102427999832127e-05,-0.0007365470779193647,-0.0013446349061047658,0.0007457372292423336,-0.0024377813064468063,-0.0018425610327323968,0.00028490794604966557,-2.399820355665147e-05,0.00023531338380933437,8.625912337814824e-05,7.33432016916404e-05,-0.00027761115931181123,6.890899276910466e-05,8.030614602240357e-05,8.89745885558768e-05,-0.00038715015626903645,-0.0026399682296054834
2023-10-26,-7.126619893791988e-05,-0.0002311176872216999,0.0001699043314555383,3.9201980695362964e-05,7.694306958387844e-06,0.00012091332822512363,0.00031910792728927933,0.0002088253117485256,-0.0005377812509954646,-0.0012515818396513535,-0.0005486427421589912,0.00010900697058185038,0.0004472678426806015,-0.0005752974544147565,0.00022559294280144766,0.00021991132394557624,0.0004612664826043144,8.630692787871181e-05,9.237814805270335e-05,-0.00015810837425840054,-0.00022152971871679649,7.046107092595025e-05,6.060835530106995e-05,0.00011821491195659874,0.00011146448890508214
2023-10-27,6.115847462549015e-05,0.00013654600723235174,3.2186931704186695e-05,0.0002639998231928031,5.774751661182896e-05,-1.8638454645902286e-05,8.354799965780191e-05,0.0002478049644260424,4.950128366867007e-05,0.0002561438004964833,0.0007448718052559529,0.0011114948514505843,0.0002597854739344762,-0.0015257548171601092,-0.00033274292235314034,6.527142026434453e-05,0.0004432338795972961,-0.00024272523469086072,-0.001248253777342135,-4.221841190228467e-05,-0.0004538872678003289,-0.00022552337287800407,8.479636395324328e-05,0.00019366179487243656,-8.817749357809207e-05
2023-10-30,-6.014930405592175e-05,3.145509582144448e-05,0.000144703912285555,0.0002622333506743886,5.272230611680803e-05,8.900833089282362e-05,0.00028680525789051754,-0.00028359907241307114,-3.374792924820452e-05,-0.00021392042965231523,0.0004907902132045856,-0.001276310407165943,0.0006095147126576506,-0.00025789013620592066,0.0002781045165411029,0.0001050217735867271,0.000446738747850583,-0.00020483256443668923,2.269215939817434e-06,0.000188246054381739,1.2484205896476786e-05,-9.536924518073094e-05,-3.23027303770158e-05,-5.778433333267189e-05,0.0006750463580143551
2023-10-31,4.931372951143999e-05,0.0001410221517965075,0.00010167692769954306,0.0002597829113216758,6.007369405539557e-05,8.697741553078742e-05,3.631162667558298e-05,0.000470655397112359,0.00011559178355378849,0.0003113094952068691,0.0006758479675284424,0.0009517957590536889,0.0001125942760472013,-0.0008305566568914346,0.00025605324820627233,-0.00440525300245264,9.542198599348889e-05,7.217478524911789e-07,1.3914444019263322e-05,-5.508410381057993e-05,3.16909019006734e-05,8.932810155459878e-05,8.503293281213692e-05,0.00010961365151040045,0.00011402310630812798
2023-11-01,-2.189001109563786e-05,-0.00013486220234618215,0.0001346698974528323,-0.00019068785974151213,-0.0001443679543346112,0.00010249628443627593,0.00022407978821663242,0.0006353558697716136,-0.00023260312154031927,-0.00024399040710322122,-0.0006620245662471904,0.0007099496711364537,0.0006030761393327,0.0013916539445047542,0.0002398053940801179,-4.513220782958083e-05,0.0004731218120336589,7.967676659620114e-05,0.00015752389749729576,0.00018849886759658672,0.00010831478616459689,0.00010823466041286062,1.1874195348406154e-05,0.000198241057448797,-0.00783387392646215
2023-11-02,-0.0002734844829941337,-0.00016336043267758797,-0.0005387702551107931,-0.00023936424794499922,-7.809757784349352e-05,0.0001015285279342279,0.00020141263373319146,0.0002874576985244489,-0.0002918918042218555,0.00024675504412056417,-5.837541466285185e-06,-0.002392764159583987,-0.005916556754800143,-0.005604720071379804,-0.0006418634436720737,-0.0003370063872203952,0.00033942012934399005,-0.0004360689702507346,-0.00015770356391753225,-0.0008373800757863967,6.542188571516034e-06,-3.151478299027548e-05,7.765286149177377e-05,-0.0005267276869152154,0.0011225021376251878
2023-11-03,2.1231759407613278e-05,3.159375798248752e-05,-0.0005290508451987115,0.00024017242254922172,4.05308473832506e-05,9.994996706908859e-05,-5.355411328228176e-05,0.00018532633405420496,0.0001207014500177866,0.00011073705341549221,-0.00036232084053115874,0.0012559049691112456,-0.0020618439772083674,0.0015698564097692232,0.00013643170054829056,0.0006159987527243787,0.0003939954286621939,-3.507987873184207e-05,4.792338109393585e-05,-0.00030090380529757416,6.669421969725413e-05,4.120946423088734e-05,5.904612546574126e-05,-0.0002044876432425055,-0.000571036973633366
2023-11-06,0.00010294434946541313,0.00015843672939671983,7.234564857593292e-05,0.00019193299460877811,3.7738978743918035e-05,5.248131712208772e-05,0.00019384801500262581,0.0004868206217001577,-6.389501705409824e-05,0.00017230339204462987,0.0005660969956979363,0.0012911804531973018,0.0008371618297850146,0.0017220488927573946,0.00011265454131675171,0.000544151928101221,0.00047752848702850646,0.00013628780972968222,0.00012053088105036698,7.367491873440488e-05,0.00011129456150271738,8.261533034383963e-05,7.800293855843693e-05,9.393467874019388e-05,0.0011043672154445012
2023-11-07,9.280697004837369e-05,7.228274999872919e-05,0.00022145441349522222,6.96156338954842e-05,3.673937627129113e-06,9.833306780280414e-05,-7.347673317508114e-05,-0.0013107983966326184,-5.97271702604664e-05,0.00013179645399490777,0.0008004942547059275,0.001127589252460759,0.00031656479302616435,0.0006828577900566531,-0.00025557583364294636,0.0004329741056557731,0.0004930841076582481,0.00013938411993130343,0.00016722740745918265,0.00022781631238550965,8.873865630012856e-05,0.00011224506511540343,4.248503745294564e-05,0.00017384772256599925,0.0008044202003909141
2023-11-08,9.85607426662098e-05,0.00016381451480704733,0.00011808411319118143,-1.902140426057698e-05,3.640550987809499e-05,-1.9980555244004835e-06,0.00019217808334651598,-1.3087090455140833e-05,0.00011908389629699626,0.0002053219382931787,0.0006360332925823358,0.0013102267870565853,0.0009613584473907367,0.0016071695791407994,5.663621833884602e-05,0.00062452857112745,-5.316356299072585e-05,0.00014027901374384335,0.00014300057103225887,0.00028273984467729903,0.00010312026790749003,0.0001016269281676362,-2.3124204783405827e-06,0.00019678729364280804,0.0010429822708388238
2023-11-09,3.635231345573722e-05,0.00010289954046215812,-1.1229211664569603e-05,-0.00025971480055357414,-4.002542892269502e-05,8.789531736537898e-05,0.00020332792513625778,0.0005270357676316718,0.00014787353263898224,0.00021362033743462292,0.0007529192926870732,-0.0018561504179778654,0.00015436828630050023,-0.000832419085902727,0.00021509336781867517,0.0006138607836826201,8.046527055471612e-05,0.00012154363357113699,0.00015764988040586556,4.020954057181158e-05,-0.0002701984337618599,0.0001068879687851248,5.605162763906474e-05,-0.004268744486644419,0.0010242674877300397
2023-11-10,-0.00013966997284041937,-0.00033123225750089234,0.00012177399477843867,0.0002568630693165968,4.216376036173917e-05,-1.867213051332942e-05,-8.923649516289709e-05,4.7367269606108796e-05,-0.0003751535166631702,-0.0003485559170564113,-5.00707111249064e-05,0.000986409807050448,0.0009328127550779629,0.0017716023943612717,9.524888064220202e-05,7.747943078257181e-05,7.621383932884679e-05,1.2735366962740786e-05,-5.039453887893265e-05,0.00020398168340502495,0.00012646798432628536,5.4553411263688474e-05,-0.00012831711875158986,-9.554569109455636e-05,-0.0009094424056584286
2023-11-13,0.00011026448101865289,0.0001797325832300726,0.0002234529797039898,0.00024315649456897593,6.257609213342467e-05,7.688013037348909e-05,0.00019171278930479917,0.0002988399532703993,0.00010490454292261343,0.00022257200559961467,0.0008064023456548125,-0.0002260485966757912,0.0011186432741843461,0.0017190074693842828,0.00017072749255190686,0.0005761190062906592,0.00010538884597339713,0.00014232319613391838,0.00015812998573811013,0.0002134131336680465,0.00012117908340748548,5.8581555699234736e-05,-9.601281229391139e-06,0.00029588822569122776,0.0008936289871086707
2023-11-14,-0.00025935703947199077,-0.00027234686457837127,-0.002638290631882737,-0.0002710298660966293,-0.00018048838108463246,-2.4246487155937373e-05,-0.0011424763330858956,0.000428997723856586,-2.3770682032565757e-05,0.00019127782277513115,0.0003418037673024153,-0.0020067757853927783,-0.0013639730029643548,0.0016624334168270183,0.00011994846219045007,6.487794580459488e-06,8.851134967155113e-05,-0.00020624912382485657,-0.00016013315007862934,-0.00263025027644736,0.00012754058527390642,9.901730671139398e-05,7.272582928110674e-05,0.00015259241330200672,0.0003928702778726829
2023-11-15,0.00011960600348263002,0.00019861130281395115,0.00035919846873994245,4.4732925242488655e-05,4.428020185231525e-05,5.065215517549913e-05,1.8911845723892375e-05,8.490032424087835e-05,0.00017920043110230098,0.000279123109999802,0.0005572311326118569,0.001201436417228823,0.0006128514506487976,-0.002393173769673352,0.00019726003016297443,0.0005073783204366563,8.761210929730757e-05,0.00012739292124640554,0.00010865103602190895,0.0004305897195389369,6.74086197295981e-05,7.80660540456543e-05,-9.068006593081223e-05,-0.0004735012359420902,0.0008531072016416009
2023-11-16,0.00012282843103770437,0.00019788684742566993,9.001496029060379e-05,9.618707121492953e-05,2.2707004465063557e-06,-6.814232498011352e-05,-1.2162294948364855e-05,-0.0017750998918699954,0.0001036332849389498,-2.4690365941938924e-05,0.0005428434240233001,0.00023192541884232802,0.0009018177332270193,0.0016842155608274506,-0.00019279830916313072,0.0005485401967485321,9.096110054027856e-05,0.00014174839696065838,5.9654856589574223e-05,0.000434764389372966,4.9517608838947554e-05,1.4501357978927482e-05,-0.007044531233105036,0.0004953088008963892,0.000871277824348077
2023-11-17,0.000113005142230519,0.00018905555030194107,0.00016129165947199154,0.00023092574475523425,6.135725275480198e-05,5.339229101789297e-05,0.00020467536247043605,-0.0009472135206333164,0.00018607043783275902,6.78005341891465e-06,0.0005924552375374822,0.0016823740777623655,-4.4162740191737914e-05,0.0012602445856697106,-0.0002190804869463294,0.0001731829623116225,8.106627765929676e-05,0.00011580718295194962,0.00010787750593259332,0.00041380616353875666,9.91178115187109e-05,-6.45113717271881e-05,0.0004476859672108536,0.0005033816644897305,0.0010329397304992168
2023-11-20,5.1568303759582725e-05,3.7834400366356215e-05,0.0003086991280886027,0.00019345995882760745,5.037449713318498e-05,4.258267638201139e-05,4.569054909503675e-05,0.00015157524240945024,0.00010053172985615154,-0.00010381500923089084,0.0001098279932805771,0.0011396514191909758,0.0004884238351152053,-0.0029758319621205095,0.0002333112191310207,0.0004280121642350957,7.899677983615754e-05,0.00011811735265901844,0.00018299246088468126,0.0003295392274580061,2.6194094272167967e-05,4.7056667509162085e-05,0.00046704717343479,0.00041630806239019896,0.0010217156585742013
2023-11-21,0.00010045758632084605,0.00014597324074245842,0.00016701936606849222,0.0002306286336682338,6.643850824292986e-05,-7.03539980764826e-05,2.0233373260167276e-05,0.0006288881419461612,0.00016050381627106446,0.00018489475483977912,0.0005317940824895817,0.000542745507293604,0.0007051555834198378,0.001952950899107499,0.00021472147658803086,0.0005199420521088215,-1.8548601025431504e-05,0.0001215927967790674,0.0001741344924819775,0.00033360034060852763,4.1735787257592415e-05,5.732227471296658e-05,0.0004455316130590655,0.00046725587320743916,0.0006916182604719876
2023-11-22,9.046480919271055e-05,0.00016459808069145077,0.00030127231701317406,0.0002105786619093674,4.723240232493482e-05,3.2439516696872156e-05,0.00017383845609123487,0.00044839100447352265,0.00016712997347814737,0.00016228639778763745,-7.501676109001579e-05,0.00025993393932785905,0.0011471989036927297,0.000699661196487326,0.00020524061666779916,0.0003466585647793328,5.516217109937373e-05,0.00010398985214479408,0.00016288333375985383,0.00035655853122575683,9.982432062139377e-05,-1.0262744563810811e-05,0.00038960983581896153,0.0004623631771781457,0.00031458107047691085
2023-11-24,0.00010265944419789976,0.0001750733197455904,0.00029327822985428676,7.401644914889464e-05,3.591045035826553e-05,2.4765958998459553e-05,-0.000549842593350334,0.00046255040461671334,0.0001303511804243571,0.00033126925149434594,0.00018524141819798102,0.0011207498654461786,0.0010535526683167122,-0.0013441721727195895,0.00017741709522091186,0.0005110191293560044,6.118332002856588e-05,0.00010840691302281255,0.00016676014368121144,0.00036480070960677685,-1.878044623152125e-05,6.933127767664415e-05,0.00036107458592288835,0.00039786882114639524,0.00110787110891863
2023-11-27,8.836503702342599e-05,0.0001427834981391927,0.0003143954436942248,-8.01769465305962e-05,-6.115438243804722e-06,7.096322154533255e-06,6.874832787804051e-05,0.0004218384377467967,0.00017146114378754513,0.00027282891000079095,0.0003849048205901703,0.0011230044020831096,0.0009015446501252566,0.0005110031485265909,0.00018269781107538627,0.000523555046065657,-0.00014928618410008722,0.00010632818524304076,0.00016188972943704163,0.000334594696329113,4.5855133695289323e-05,7.326513925055061e-05,0.0004243978245152285,0.00039248322029127546,0.000926558883923364
2023-11-28,8.286594695819804e-05,0.00011644158877318103,0.00031092155606639386,0.0001927125693517959,4.417788853794233e-05,-0.00012087361076073782,-6.347947832868316e-06,0.00021792843072647986,0.0001281217688460986,8.759173443799303e-05,0.0003388389088169025,-0.0008683756453691969,0.0003239704921366949,-0.002921789094311385,0.00019250891732361,0.0005175631133236602,3.3870497533397943e-05,0.00011816384753603066,0.00016181585514134556,0.00028525690104053505,9.254864923354065e-05,2.4750545412506478e-05,0.0003034915563546941,-0.0003314707942755412,0.0008725535037152678
2023-11-29,8.227338220284796e-05,0.00012146199269997843,0.00029131231590228735,3.9740523940958106e-05,-4.719880384011752e-06,5.4621865781333844e-05,0.00024145823325380516,0.00024863644819214447,0.0001061083874353211,0.00010526548381219376,0.00037465694320573174,0.0010678352670283682,0.0010620038314812388,0.0018722749669115356,0.00010447804154134885,0.0004419991527587128,1.9572956458375196e-05,5.001443240985549e-05,6.793818201839351e-05,0.0002689407518224213,5.901289855443489e-05,-5.420332951474102e-07,0.0001863641366390858,0.0005208742337130192,0.0006311991199734979
2023-11-30,5.961800431455801e-05,0.00010925537417945841,0.0003045020580875832,6.825247800282527e-05,3.605107271021172e-05,3.7730393341854306e-05,0.00012347641433324991,-0.0005898682864199119,0.00011960089824783715,0.00018538650413370763,-0.00042663096747316555,0.0007709518740894729,0.0007909892562837097,0.0011989263833791937,0.00011860905323748624,0.0004688897280358692,-0.00010242919986993345,-3.990378667668042e-05,-4.236637770399344e-05,0.0002648657571054053,-0.0002120830584725911,-0.00019606792775713334,0.00045213882595612087,0.0005010710849510844,0.0003849404694381673
2023-12-01,3.8966823040274225e-05,0.00010656565509383158,-0.000513993971324097,-0.00013882948463898686,-7.81779993921325e-05,-0.00023874189909664736,0.00015806453306203597,0.00040763776228519176,8.322138880709705e-05,4.867771803345933e-05,0.0004478289280327316,0.0010235909427107643,-0.0013428204079159178,-0.0031814164601537535,0.00013764499913161498,-0.00033012369611342676,4.948251987339891e-05,2.990041784263556e-05,6.197174964868312e-05,-0.000285628029252948,-0.0004897735964042047,3.0601709046476617e-05,0.0003825856773314594,0.0004972133453205873,0.0008588425468731075
2023-12-04,4.179956076083891e-05,1.1928940635926258e-05,0.000245822794363582,0.00018729492382483815,4.085326857087895e-05,-0.0004074373310967238,-0.001208079945220516,0.0004577853836328613,2.2232213890837116e-05,-4.565991380294491e-05,-0.0003678872852717885,0.0008338039675915884,0.0011679274534797336,-0.0008673031478114426,0.00014459798172549067,0.00017091643747238665,5.413102652424441e-05,8.559630341625833e-05,3.344910763673952e-05,0.00028221481241761086,9.584280607197323e-05,4.795054555099232e-05,0.0004581816879118958,0.0004583192471107056,-0.00015784813712557005
2023-12-05,5.124697891438977e-05,7.967160506037575e-05,0.0001462261462430644,-0.0002756727453946731,-7.609499943573981e-06,8.120751228224722e-05,8.140444892711234e-05,0.00039884781672307564,-0.0003398414036451235,8.896944682325099e-05,-0.0001590556310816022,0.0006553416625874232,0.0007622984809167832,0.001711518031313423,-0.000192962535633717,0.00018059252449451564,-4.426420734527733e-05,3.2044883855360374e-05,7.258461660383229e-05,0.0002362102896620915,9.611011830418498e-05,-0.0012023716960161497,0.00037230249974933553,0.0002804098219733403,0.0004221126102115858
2023-12-06,3.0468074668474617e-05,4.518715290075497e-05,0.00029488127397814636,2.3452894355599702e-05,4.371592518041945e-05,8.206533239097283e-05,0.00023725525418751085,-0.0012543860443945316,8.443391913229433e-05,6.692381440929251e-05,-0.00019589603908105787,0.0008304707888776938,0.0006594157904977168,9.942827347245273e-05,-9.600586339106575e-05,0.00017189294431756933,3.6555352101266903e-06,2.374535633309338e-05,-4.575170966761016e-05,0.00024357093052222064,-5.2250485954092785e-05,0.0001200530544185462,0.0003415216612874313,0.00038317162083340397,0.00016047564301138208
2023-12-07,-1.0406261907532386e-05,-0.00011276262765862744,0.00023777053036425191,0.00016976203671347195,5.670231328560469e-05,9.027968098703604e-05,0.00027233385100515896,0.000632819041293703,5.457137171989952e-06,0.00013331961656239046,-0.00021166006816319489,0.0006536270391554973,0.0006392090996596382,0.0016977630597469987,8.797416826732433e-05,0.00014442009235548665,2.8906544663528953e-05,2.736151746280742e-05,5.945127408386281e-05,0.0002331822893114285,4.45036483885396e-05,0.0001177688265306278,0.0004234009421281267,0.0003532252782477155,-0.00854417619944156
2023-12-08,3.169320854247116e-05,6.569095224123049e-05,0.00023435205799078552,0.00012542298253011015,2.4213075279626035e-05,-8.816672341682279e-05,-0.0007351870397965525,9.952775072060463e-05,4.698919951625947e-05,8.464969190800979e-05,7.451873097405199e-06,0.0008139535829949257,0.00029036648732082217,-0.0036595659149811204,-5.67884951549687e-06,0.00010117953455671732,5.2266431616816456e-05,2.3147483452746823e-05,-5.1061629164171626e-05,0.00023531817208792902,6.74592468939153e-05,3.287365266701162e-05,0.0003569025030966671,0.0003715164112646502,0.0008010201100272804
2023-12-11,3.600468363709237e-05,1.4179701178887428e-05,0.00028426631707395306,0.00017652785614870054,5.334306634230113e-05,-2.6721259482203672e-05,0.00027430666241760264,0.0005459207751776843,-6.667568825163032e-05,0.00010162481324949662,4.3413430607156986e-05,0.0005520716562140212,0.0004543490577755452,-0.0015735083321068684,0.00010624386384224163,0.00014036096684849424,-3.5403293487731716e-06,1.5543063632325005e-05,6.128609133146937e-05,0.0002301348813427307,9.183427564132105e-05,0.0001012483687781446,0.00046429953718573854,0.0003997287791809281,-0.0009189082280567735
2023-12-12,2.7778422151522602e-05,2.428868408023706e-05,0.00027448983793668287,0.0001428192408648478,1.563355374905972e-05,0.0001021750495013549,0.00034915982400105915,-0.0009516925803489939,4.928762181309986e-05,9.591417590544194e-05,-6.963683833602992e-05,0.0005514822758896682,0.0005772230485504364,0.002009795001318419,-8.369930918360004e-05,0.0001675129281798849,4.9205814403331246e-05,2.6644848943693742e-06,-4.083181631129375e-06,0.00022389375203765526,8.86626013543827e-05,0.00012266032758705153,0.0004700519825553009,5.0464303005239426e-05,0.00036181000922272627
2023-12-13,-0.00015102478377850283,-9.609722927718444e-05,-0.0008394283886887426,-0.0003874481015288856,-0.00022839607624830578,-0.0004019164716876223,-0.0015609997462924024,0.0003425121789049044,-0.0001879529569363093,0.00013477627948212584,0.00030657023537678,0.0005716745321636136,-0.0007470298484916467,-0.003441096260995617,-7.98296791304114e-05,-0.00046881481179181835,4.812150199472028e-05,-0.00020630590640468438,5.6045675630356786e-05,-0.0011928206237384878,6.713545389288914e-05,-0.00020074003162193142,0.00015003030720559348,-0.0001849572254253497,0.0008222239794953951
2023-12-14,3.650557871325382e-05,7.10546958773361e-05,-0.00042389226225972624,-0.00047992758865504073,-4.862673128540531e-05,8.73005368421702e-05,0.00014894441599986794,-0.00014097459374395882,9.644075938274042e-05,-0.0003887932906587454,0.0003606562901054435,-0.0017269357634603368,-0.0006671910462866097,0.0020208492814355935,-0.0007204593086575408,-0.0036987701647862247,-0.00014108565965927197,-3.478246541956192e-05,-0.00025817299249070516,-0.0005153682129041904,4.16812146979731e-05,-0.0005792315401738268,0.00032221652025848707,5.072179261827526e-05,0.0008261795256284348
2023-12-15,2.440130412431001e-05,2.375348555394314e-05,0.0001430013013745954,0.0001869133005870485,5.409346105180214e-05,3.422127065681094e-05,0.00018369391358419407,0.000663476364438916,7.8577630648744e-05,-1.5391654184350586e-05,0.00024409247570107947,0.0004130177411096963,0.00026830856514425266,0.0010326066665658187,0.00013210827245592133,0.00034430837618289574,-2.3607112509738186e-06,1.4838481728868068e-05,1.0005894277298931e-05,-2.328770018618915e-05,-2.811169368134151e-05,0.00015100509618300284,0.00046726460695888545,0.000155639759318531,0.0007219631393226325
2023-12-18,-4.441222115898587e-06,8.82489872127782e-06,0.00021784294710030868,0.00011327788088479967,3.737144828441011e-05,0.00010271752213257512,0.00039571477562618115,0.0004510064378676241,1.300512704815161e-05,0.00013704828487226694,-0.00021457369062202644,0.00045294010051460866,0.0005621055066118954,0.0009866479199810453,9.563579897898782e-05,0.0003393217277639792,-7.014186774948244e-05,3.847130796554275e-05,2.9287943995091012e-05,0.00018294631440731888,9.210536374575208e-05,-5.743596073479491e-05,0.00026319672651140056,8.94781494312543e-05,0.0007776881211441802
2023-12-19,-8.093840454824041e-06,2.439356825567277e-05,-0.00016499978683138424,0.0001435446335807602,5.046962631669623e-05,7.139899857777529e-05,0.0002762844389535406,0.0001912501721929673,5.690995998072884e-05,0.00014588114502539357,0.0002944099358616127,-3.813022008727115e-06,-0.0010956004111825912,-1.6835250834884748e-05,1.9416502406230244e-06,-0.00029589593751208393,6.487718538034861e-05,-6.672422101662772e-06,-0.00011537169513480618,0.00013069613634644555,4.861312674719155e-05,0.00018266086882063565,8.176517695453608e-05,-1.0338436325655004e-07,0.000687865110298772
2023-12-20,-0.00016412923544959358,-0.0001723505538117671,-0.00017678119368054704,0.00012721763719870206,4.479798505341598e-05,9.021803400567219e-05,0.00039224937292439243,0.0004004613043352377,-2.897868260334652e-05,8.260077812691796e-05,-0.0005452741837057526,-0.0011727035741669178,-0.001168315723938191,0.002486854616601562,4.157684687894063e-05,0.00022139479942521285,-6.717680223372919e-05,-0.0002729010040900287,-6.284526836029118e-05,4.1326288738348827e-05,-0.0003308253162423298,-6.748685543882254e-05,-4.413769015126276e-05,-0.0006877328248074803,-0.0003833259734456942
2023-12-21,-5.1028740546690566e-05,-7.778112139766866e-05,-5.172463052311428e-05,0.00013297735032613924,5.1090171582072505e-05,7.188313980323381e-05,0.00023566772002540261,0.00043443565274887627,8.814102459093603e-05,5.155593459048778e-05,8.481362874538951e-05,-0.0003498994392739177,-9.853286808403296e-06,0.0008482126352631853,0.0001177911716811975,0.0003451838938072193,-7.218128389983259e-05,-2.65066266959898e-05,4.0005260370821116e-05,0.0001185673189631242,8.659957335766948e-06,0.00018116600601366425,5.206641081768561e-05,0.00011102645335861976,-0.00020977471593326604
2023-12-22,3.8617856526517796e-05,5.927780023471868e-05,0.0001533491794560695,0.00015468936956491687,4.825192011864632e-05,9.835045418324047e-05,0.0003090418055106049,0.00042229820208654096,5.6836335444885074e-05,0.00010135621851364115,0.00041516295160264825,0.00046844928482850666,0.0004530781077790629,0.00044055642249904024,0.0001248966144592366,0.0003448631545619828,7.86892594452738e-05,6.829981912806959e-05,7.35316667219986e-05,0.0001829828851244559,9.869435311528127e-05,0.00013668436353732793,-3.711840040909231e-05,6.022290252465041e-05,0.0008610268508587718
2023-12-26,2.430206774428738e-05,2.3474973325691244e-05,7.501071482878476e-05,0.00016786800637429391,4.615668663616712e-05,6.0364576183922954e-05,0.00037200380365070375,-3.9955667882474904e-05,8.071030769451569e-05,0.00010058885424805529,0.0003087322194004168,0.00022852562815718624,0.00042038815631910013,0.0019688300423743575,6.087316277595721e-05,1.2060696352729863e-05,5.848724256909865e-05,5.621353684990592e-05,3.883639644771644e-05,0.00014305168770237575,9.627464304291942e-05,0.00016368393661632868,0.00010618157779731342,0.00018321797762828947,9.908693892905806e-05
2023-12-27,3.9744458856690164e-05,5.85156912200607e-05,0.00023621140944310947,-0.00013982328481785912,-3.704042279127338e-05,9.918394735242923e-05,0.0003430784174626211,0.00011468962299697943,8.627267354343807e-05,9.808612987783426e-05,0.00036848810721385047,0.00014887653792406157,0.0005611201754667983,-0.003248123223850261,0.00011736770307713224,0.0002813295573823281,7.062722768227692e-05,6.242162454606773e-05,3.9644531957627736e-05,0.00017653084621369386,0.00010784136154235566,0.000184367210204088,1.6770803898533194e-05,0.0001384388806127482,0.0005259160633202096
2023-12-28,4.286610801453498e-05,6.2600188279721e-05,0.0002341173158164877,0.00011741613934191335,4.365338523920778e-05,8.43189784783871e-05,0.0002180061179021494,-0.00018462531286715276,8.156077091527244e-05,8.974361828096101e-05,0.00036707171579013437,-0.0005154212261432234,0.0006273250897074154,0.002399898626863557,-9.818122078775475e-05,0.00033815721814077113,4.149446159686055e-05,6.403198660066565e-05,4.900273165231213e-05,0.00015067909911350188,0.00010405266197941127,0.00017991620703692744,0.00010407903085564859,0.00017533589893231955,0.0005487556895365777
2023-12-29,3.455725479402781e-05,4.366382119984938e-05,-2.2107758358686554e-05,9.115802691245299e-05,3.628267350283815e-05,0.00010813492484624809,0.000236486089093341,0.00042374913651379876,5.6632622614436376e-05,9.032616996751848e-05,0.0003676164163288773,0.00011415111302237255,-0.0005126721581621435,-0.002591934006930258,0.0001452878878940511,0.0003397874290605487,4.621516266601991e-05,6.287031593680031e-05,7.695135687575147e-05,5.88172379147505e-05,0.00010499559870530311,0.00015196815911220363,0.000100196250348384,0.00012956149910897647,0.000815381502611165
2024-01-02,1.1901857637191605e-05,-0.0002278302113796384,0.00022659861411566257,0.0001357772518592282,8.852924119291523e-07,0.00010505477333932686,0.0002975969619127204,0.00029643731064797293,-0.0012418503164882042,-0.00010261387881893119,-0.00040332804775773906,0.0004783943519616961,-0.0006704012157741812,-0.008191065053695715,3.3628102977156544e-05,0.00025277140693353954,2.4012014465997207e-05,5.281464723767779e-05,-5.693176698726817e-05,0.0001328329525971204,-0.00031052484834606013,-4.088620493391629e-05,-2.1127307764863077e-05,0.00010958717774602133,-0.00292476766176046
2024-01-03,-2.2966910375320867e-05,-3.410921465437408e-05,-0.00046728709315651515,0.00014631817547377707,4.29674231501261e-05,3.9871303508335324e-05,-0.00043448134369563577,-0.0008838875663096145,0.00010195047520486955,9.900965505595678e-05,0.0002050443905249658,-0.0012147660628651308,-0.000891494354034302,0.0020893434917892964,-0.00010949331040481126,-0.0004917082750148983,1.3684177307184119e-05,-7.471259140949459e-06,5.821540794369103e-05,-0.0003778709098024612,7.436640151482075e-05,0.000143015809250179,9.149221129042766e-05,2.5791371799158326e-05,0.0005066152901949637
2024-01-04,3.564269480980971e-05,5.818557987035318e-05,0.000253841805491035,-8.890298018072364e-05,9.478281140677117e-06,9.672943372512847e-05,0.00036577879278378055,0.00040073380532805794,-4.347706231799689e-06,4.0208302739496515e-05,0.0002896019664386068,0.0005486779944865344,0.0005998349200293425,0.0022953680108008124,-0.00014863057271386092,0.00033381375366350777,5.085082220963727e-05,4.986344370820123e-05,3.329926933052579e-05,0.0002036564723997187,7.991806412117804e-05,0.00015028927182359714,-7.0252140491972525e-06,-5.330253327736018e-06,0.0010782812464382294
2024-01-05,4.3231727331298535e-05,8.009811061732597e-05,0.0002430009500478134,6.510130744568352e-05,2.8309597077535447e-05,7.16222117050562e-05,0.00024983765634976787,2.4901910151431568e-05,0.00014684641095226043,8.325027643636889e-05,-0.0001784058572302812,0.0005399987294368944,0.0006658255567677054,0.002532625938018527,0.0001795739665267776,0.00027556419336213425,4.926997660292116e-05,4.8618992980595685e-05,5.1471860827455713e-05,0.00019790970545455398,7.44300776712314e-05,0.00011188922315329337,4.791461844994832e-05,0.00012952379951580717,0.0007248932008740801
2024-01-08,-0.0001557255491729225,-0.00033726729347763947,-7.631562467713153e-05,4.142565920828658e-05,-1.950290132099352e-05,9.28842495727649e-06,0.0002626834406428877,-0.001011331319889907,-0.0004305044495725999,-0.0002705490289310593,-0.003548082633771603,0.0003805833802076711,-0.00011294455471443955,0.0014405225268777993,2.775108456871996e-05,0.0002470531913414542,3.2283700280823715e-05,2.6113745734494012e-05,7.578010046387386e-05,1.8269442994696926e-07,7.823343426248182e-05,4.219977448780151e-05,-5.340643248367697e-06,8.380968892441143e-05,-0.0017562297322602425
2024-01-09,5.301114396640387e-05,9.841628711629171e-05,0.00017872816360919457,9.258378081645848e-05,3.7808952272886625e-05,7.339185098385272e-05,0.00023558486505393706,0.000261642527462849,0.00016443974505284418,8.401395215819265e-05,0.00023313097302048944,8.544733325335763e-06,0.00045838719329393694,0.00034407133820847126,-0.00010215709022933254,0.00038420846521105515,2.6256904125487305e-05,2.693355621714003e-05,8.892995846269117e-06,0.00016743443407054025,7.612060489914111e-05,0.00010302218333927606,4.443847065938978e-05,-0.00029648638214686514,0.0008060601601434742
2024-01-10,2.0474274792968715e-05,4.635415245983549e-05,0.00026075224509880817,0.0001121269678979684,3.9348035149432406e-05,6.810332472484025e-05,0.0002653234914089715,0.00033748936576050924,0.00013229951503889408,-0.00024746887498864646,-5.780714287427534e-06,0.0005422124687234493,0.0007055307278150893,0.002718145287312536,7.23034984994432e-05,0.0003694019566848086,4.7900703083777225e-05,6.554581629782305e-05,7.038846260142554e-05,0.00021357011010422498,7.097347672599162e-05,0.00010234533261365883,-6.351306426692888e-05,0.0001348953772342556,0.0007544642903777156
2024-01-11,5.2817661073933346e-05,8.907555409564197e-05,0.00019594678389805393,0.00010006110093285748,3.3958446152030443e-06,5.9874180091137996e-05,0.00018422595862853923,0.000210137869969964,0.00015262853368175138,8.20319523704479e-05,0.0004336386332171857,-0.00028864315156709817,0.00012128263116560048,-0.00236068756119761,0.00016238825673869393,0.00036021834263260066,2.672476300326792e-05,5.292124780876435e-05,5.067796259827298e-05,0.00012802801406578936,5.1231005660258176e-05,0.00010255445486192722,9.00725620566849e-05,0.0001469127299594591,0.0007658278883240418
2024-01-12,5.1717737681796995e-05,8.940841902344953e-05,0.0002583627410204002,0.00012902106301264002,3.6717246211071165e-05,-3.777184996768095e-05,-9.571639250124229e-05,0.00045779390715950665,0.00015118983766066667,4.74849106729138e-06,0.0004892171682398051,-0.0008033605134644594,0.00043845993834700924,-0.0033281585612874127,4.407697525660387e-05,0.00034697740720630686,-0.00043099740681071523,6.196096944976113e-05,1.4451330879551488e-05,0.000183257228286549,1.2500155639337361e-05,0.0001162204276023485,8.934393107798006e-05,4.761007648341475e-05,0.0005853027198847906
2024-01-16,3.755853277706667e-05,8.623009819316426e-05,0.00010630147531341189,-0.00018315294952940246,-6.394973994295602e-05,-2.8480739904194715e-05,0.00011185473777118689,0.00027660390613364955,-2.4921318433565067e-06,8.372992874542282e-05,-0.0004387376443360951,0.0006392120202819376,0.0005601373816840713,0.002268702836089709,-0.0004158619124046635,0.0002593966081520462,-5.793334657105304e-05,1.4680296707227095e-05,2.7804136352520556e-05,0.0001666530920242234,-5.967712702306189e-05,8.747425985561235e-05,8.113740470597174e-05,-0.0007220754265459888,-0.005714649207263179
2024-01-17,1.0484558215108147e-05,4.5496549922481256e-05,0.00015783370162279853,0.00011795341031662532,2.6063056253015156e-05,-8.25792020331899e-05,-8.892240504735198e-05,0.00029389339751574486,0.00011761222971509007,0.00010206141929176144,0.00047842291247234486,0.0002559705068585433,0.00034226015677808503,0.002541406186079422,0.00011758043644354329,-0.0005702529936413206,7.490799231205741e-05,4.794565169870124e-05,4.006450853288277e-05,-0.00019367437420997192,8.033004883190575e-05,9.955100744114261e-05,5.249075607908567e-05,-0.0007011896772677725,0.0009262435960714495
2024-01-18,-3.568744101221909e-05,-0.00011944430887436858,0.00013579770957520976,-2.737180483612672e-06,2.089968100284598e-05,-2.2255891927264098e-05,6.929072473248288e-05,9.466298631676624e-05,-0.0008813317393702041,-4.817613531790325e-05,0.0001658947643785245,0.0002580000125874409,0.0005848106533827742,-0.0029250917453818377,0.00014227122118523462,5.6360917116587706e-05,2.8198271466795525e-05,4.370796489441495e-05,4.880867000040182e-05,9.154437028938037e-05,5.4523826279373935e-05,2.8030211178349202e-05,-0.00011148650070791871,-0.0002072571566548849,0.0007710966051199628
2024-01-19,-0.00010665652565937402,-0.0002967971308912194,7.722558020361757e-05,7.899357666212725e-05,2.3681253878668104e-05,3.5102299108276406e-05,7.496276764304481e-05,0.00036452687827893656,-3.577908212952136e-05,-7.108788381417967e-05,-0.0011475026406219428,0.0005617527511794827,0.0004198552787389076,0.002725718779772736,0.00013295494422081158,-7.386711775878902e-05,5.761258121216294e-05,-0.0002096916913395036,-0.00024310584589847103,-2.9830998086058833e-05,6.428397702881638e-05,4.714061957672509e-05,4.874688869737375e-05,0.00014987060248225346,-0.003692850577707042
2024-01-22,4.90602207455887e-05,0.00010606553368947863,-0.00027309449385973553,5.103268960433738e-05,1.624685100903898e-05,2.904245071570283e-05,-0.00036157265886033017,0.0002089113383686087,6.46589027085324e-05,5.2698132143007165e-05,0.0005777779863982588,0.0003029005347868874,0.0001083817109824403,0.0019149063233405144,0.00012650945215193662,7.516507099136684e-05,6.20630371958118e-05,3.5450227230328894e-05,6.247335449954934e-05,8.373419282633286e-05,4.928206642162122e-05,4.625120799118103e-05,6.66692456046241e-05,-0.00022473995177490206,2.9242705634895854e-05
2024-01-23,4.327158932995548e-05,8.92926864285394e-05,0.00016937433575589018,2.3306543725491074e-05,1.0681518400869786e-05,2.648456076735744e-05,-8.807893618231432e-05,0.0003564821892863272,0.00017328960553471834,4.75704464888653e-05,0.0005673143968908743,0.0005515237950386684,0.000548378672995025,0.0015571745934291848,0.00012898181134203546,0.0001876632283622581,-0.0017396073797528947,5.355199227789077e-05,1.0655457415921253e-05,7.04916174241079e-05,-0.00020051229952921612,-0.0015945461631145955,5.960203511702211e-05,6.198834252147734e-05,0.001340230346816974
2024-01-24,4.036004971496112e-05,6.448082733272936e-05,8.884427787839256e-05,5.305021441171899e-05,2.075777394938127e-05,-2.775135869992668e-05,7.988406377266319e-05,0.00019535534713897387,0.0002011362392132077,-5.19882034463303e-07,-7.311097783759349e-05,0.0004273170231303932,-9.728747972905942e-05,0.002087594622022305,-7.15870736054412e-05,0.0001404069900831365,-0.00018054832638194336,2.3048899135927747e-05,-2.9499699084317565e-05,-9.505497437749999e-05,3.524884161703237e-05,-2.060358968289597e-05,-0.000143731437645862,0.00021150275080969826,-0.001964157078955765
2024-01-25,7.319906268556282e-06,8.796349924558764e-05,7.69801165519003e-05,4.482344261563406e-05,-1.892208200085744e-05,2.6163391469643123e-05,3.015701193162145e-05,-0.00019961852804712402,0.00021106763405740175,5.1359936542981006e-05,0.0005282297580512823,-0.016285874125248487,0.0003502600177893413,0.002572042587181996,-0.00035586827612171595,-0.000981042510602166,0.0001668042201202732,9.648123699914366e-06,-0.00014970862962604954,-4.3356885564098787e-05,4.536548129711145e-05,-0.00038258912079946377,-0.00014243226679022626,8.06961814153349e-06,0.001270429517431059
2024-01-26,3.6516122003224744e-05,5.370715076179607e-05,0.00014404992536571452,8.47524328284616e-05,1.8852370198587797e-05,4.11665001677691e-05,0.00014016271432516184,0.00024692682139710703,0.00013044522663725337,8.00647329687603e-05,0.00045446724162867666,0.0013219859560364543,0.00044107945758569924,0.0013181315649359359,0.00011114509727021252,0.0002270895067054213,0.00016201101620209608,2.2031722825762755e-05,4.861447603097257e-05,0.00011959188044895749,5.93208371205029e-05,0.0001493516355582868,-5.627057072007892e-06,0.00019385020577674224,0.0011099055439651529
2024-01-29,-2.4975376213349045e-05,-1.4472648214197521e-05,-0.0001661218409390482,-4.292918670019337e-05,1.016371876527908e-05,-1.0953188440772631e-05,-0.0001219614774940591,0.00016256961865323785,0.00020355541388459233,-0.00011680552086012015,6.8201690108229615e-06,-0.0003654500922063181,-0.0017361601402794914,-0.0009718228410461019,0.00016265056030122864,6.969782562649815e-05,0.00014861936940419924,2.8362832673681844e-05,5.532687939584676e-05,8.182374872119158e-05,5.765546034932509e-05,0.00015994642913649595,5.300654230243885e-05,-0.0002650275158370249,0.0013725627180876648
2024-01-30,3.987885481567757e-05,5.018056881946568e-05,7.741612290755984e-05,-2.973967796964422e-06,1.3128736535249227e-05,3.8203058267295665e-05,0.0001690749501321899,0.00025442159384987217,-0.00016050474645113312,8.908912216027578e-05,0.000550955557352568,0.0013814568367850797,-0.00014391059456408224,0.0021810671476369626,5.786703920030043e-05,0.00021067746722298932,9.601861343818643e-05,-0.00012305935849681574,-0.0003510324498673383,3.770261256138218e-05,4.461301252115418e-05,8.800250896076943e-05,6.0212554727157254e-05,0.00021551778450578583,0.0002773255286181596
2024-01-31,-0.0002301666046463624,-0.0002940546010994123,-0.00045779059435948125,-1.5476604769533767e-05,1.7018209031298366e-05,3.77961795217069e-05,-1.3379312878730162e-05,-0.0003569879279159513,-0.000144537253714106,-0.0006496055379144577,0.00017379784635137245,0.0008223093283329106,-0.00040116571986409735,0.0020126003152585985,-0.00019997278179481658,1.9383404227349497e-05,0.00014372786326821677,-0.00010846209829259708,-3.715098447958151e-05,3.584127575259789e-05,5.8335748564027357e-05,0.0001586351667259873,6.745094316733438e-05,0.00016420742592742157,0.0007448316607606288
2024-02-01,-0.00011422237549198162,-1.943519854647755e-05,-1.2466356075370292e-06,-0.0002966094490436706,-3.625193718731501e-05,-6.881631462296838e-05,-3.471796241930815e-05,-0.0003294590597789922,8.12417287493783e-05,-0.00010224753731896035,1.8252998767399366e-05,0.0012768778767492741,0.0003965104806741439,0.0021489123843933793,0.0001758329443081437,-0.0003427191259957576,0.0001712644258776268,4.837359817250086e-05,7.486786924508477e-05,-0.0001970058012805909,4.739754516695305e-05,-4.194700489495843e-06,-0.0002647584065453253,0.00014443523633776085,0.0011660805757062601
2024-02-02,-4.727172954774523e-05,-0.0001717049113483448,0.00015226698390527255,-0.00039931158275965034,-6.030036500860896e-05,-4.641521705248961e-05,-0.0003034122372050341,-0.00012410534522019938,0.00016438166682069763,-0.00019354117002403975,-0.0017653905644827595,0.0013249465214995632,0.00033328651819661433,0.0015981686341000761,0.0001675375146224563,-0.0002913855473166267,9.093156077640256e-05,3.2991533752219075e-05,4.841105209396578e-05,-1.6869823469671037e-05,-8.664575012995194e-05,0.00011191425173845923,2.8836255330154934e-05,0.00025814671504820403,-0.00045754022050027146
2024-02-05,5.1416803218733824e-05,0.00011664376463268927,-2.1774048849626098e-05,-0.0002901998257415465,-6.449738141818262e-05,1.4331694532056963e-05,-2.2696039917796445e-05,0.00025732755160339394,9.62629435971858e-05,-2.794424662554918e-05,-0.001484637599655658,-0.00011909633258891123,-0.0005700199852024686,-0.007813257059206914,0.00014909010689409,-0.00013533612757572224,7.027637185044535e-05,1.1847335349092052e-05,8.03776802126356e-05,-0.000334163523868578,1.4580100537437973e-05,0.0001591163904611103,5.8554472768670914e-05,0.00022833284547200895,0.0009264187251076684
2024-02-06,5.647743582913085e-05,0.00011294836625092819,6.995116950585696e-05,4.1316211484695745e-05,1.1638613776368095e-07,1.9367779389075467e-05,0.0001681273567919254,0.000271026081550939,0.00011471447851919862,0.0001652331987328319,0.0005641065471384736,0.0008481559923876304,-0.0005734040584259732,0.0015990333861653464,0.00012816958002388564,0.0002603578823018267,2.3844088524318732e-05,4.365927352049142e-05,6.803011935911246e-05,-3.823983650435753e-05,-0.00016470358495326393,0.00013572280330286188,3.775046172830389e-05,-0.00047985224621282943,-5.251146469336526e-05
2024-02-07,-3.749368171510661e-06,1.2325074481135643e-05,0.0001489864323992815,0.00011250112211588232,2.3907839077884275e-05,4.793861919344469e-05,9.237381709830607e-05,0.0002573357552944864,0.00019140543546287414,-0.00027103454499467945,7.442577529481113e-05,0.0011844902348628799,0.00045051453827631903,0.0017029362470789523,0.00013504643008400456,0.00026552292832797365,0.00013078206008306577,-8.207809341642416e-06,7.554093111866401e-05,0.00014737927538863404,5.326978025721212e-05,0.0001545215862221986,7.758535020755883e-05,0.0002830946761286827,0.0010559021069154156
2024-02-08,5.7818792752115195e-05,9.652679044729786e-05,-8.925804208801742e-05,9.80473820924479e-05,3.224143393351214e-06,4.38267899251039e-05,-7.036133717739623e-05,-0.0006312947065898536,0.0001272051784910982,0.00017011973153803917,0.0005950751275227917,0.0012526694266700787,-0.00019197938384286103,-0.004772163272477235,2.7603755628256363e-05,0.0002417571155058848,0.00013429568711186633,3.323079668227384e-05,6.622319504618934e-05,7.280906355886373e-05,-4.7828959635379404e-05,0.00014243218181859524,7.912574097274655e-05,-0.011564371023879711,0.0011566146430631594
2024-02-09,2.468797934615064e-05,3.984211872866197e-06,-0.00011501744106826226,0.00012758247045097166,2.9443031620057547e-05,2.9596848380442496e-05,0.0001827143180631073,0.0002891241331131891,0.0001453644522775422,-6.847137847619506e-05,-0.0006112243727102556,0.0009015287915223082,-1.1389282332183886e-05,-0.002474342953856989,-0.00011632221342512968,3.796955648673579e-05,0.00018671799284750084,3.8653317340268054e-05,7.498102981241102e-05,0.00013721615197567977,5.342847726482692e-05,9.154133816313863e-05,7.640620202331758e-05,0.0005221269462119954,0.0008895280362236626
2024-02-12,5.7782320003329706e-05,8.731100924873377e-05,-0.00016442858769334358,0.0001293318201075232,3.110991106634525e-05,3.837823031220969e-05,0.00016958168474692914,0.00024788291735687443,7.944942508603285e-05,3.928165076899599e-06,0.0006622752990458534,0.0005501157429827645,6.112944747978873e-05,0.0011637116492652629,1.0593729391799724e-05,8.331504186922438e-05,0.00017445636923730352,2.5778172194513557e-05,5.648346324257999e-05,0.00013959534965740194,1.0870216165279893e-05,0.0001495174930526215,3.22603236255865e-05,0.000859680643070985,0.0012310467268367524
2024-02-13,-0.00013436551198161406,-0.00014383073304007087,-0.001591146918897138,-0.00016965167383326714,-9.322709076970572e-05,-0.00014740290711875173,-0.0005642757781654209,0.00021728421067537237,3.656650803718844e-05,-0.00030201707451594866,0.0006580942033883429,0.0008727737926261871,-0.00275528968264358,1.2681750083604667e-05,3.458033368201278e-05,-0.0004789988676238652,0.00017417061753411084,-0.00013743316946600542,-4.9793234930498465e-08,-0.00029905764553261795,-1.6681471030772727e-05,0.00012408898425111546,2.3543411871471046e-05,0.0008182350400938667,0.0012372878602014783
2024-02-14,-1.3357440232058694e-05,-6.675960626300795e-07,-0.00025686224254863543,0.00011943723052317145,1.3844269743094226e-05,5.037987490651449e-05,6.795015288836833e-05,4.1592954096127534e-05,0.00014874982261468925,9.966064233245374e-05,7.172510187124096e-05,0.0006776365450216999,-0.002106741235836912,-0.015586355640342837,0.00013531159365111624,0.00017798142383601475,-0.00022730903630202503,-3.317319835342062e-05,-2.4552591536590346e-05,9.534863606143312e-05,3.9561860021683734e-05,0.0001375397427242956,6.249666623939459e-05,0.0008341575936365098,-0.0004353492298946953
2024-02-15,2.494260887353148e-05,0.00011439512959228117,-0.00040187099337543754,0.00010272483882106049,1.7965400158257463e-05,8.702122598373076e-07,-0.00037549475322251906,-3.927481300932523e-05,0.00016237073932341998,0.00014451882114650997,0.0003561270685989795,-0.0022980096924732417,0.00037913221765808233,0.0020223318652718104,-0.0006501894936136235,-6.452549971380257e-05,3.828179534772405e-05,-0.00022914020283483955,-0.00038468500228685425,-0.00037281045782222393,-0.00013794463467733378,7.578015740025877e-05,5.605709027080767e-05,0.0008271023021175759,0.000860212121122022
2024-02-16,4.818781311770589e-05,3.899217076557431e-05,0.00013836898031120628,9.695473984794146e-05,1.8440999462887753e-05,2.8152147929224267e-05,-0.00022368748759092337,0.00023103036790912525,9.184321341495138e-05,0.0001606291636676306,0.0006568831648306988,0.0015157898788861117,0.0002265095264904767,-0.0040375349469137295,0.0001416153593797675,0.0002888893999715828,0.00017763659744608377,6.271806146457951e-05,8.301544362465039e-05,5.979132937477428e-05,6.452537995970166e-05,0.00014781378023082594,3.2739078203128577e-05,0.0007882885300252433,0.0007097273512806884
2024-02-20,3.970390736285546e-05,5.8226314379736844e-05,0.000141493904389624,0.00012697280083526888,2.089404560613578e-05,2.015195516629105e-06,2.2687236011912374e-05,9.612481669770887e-05,9.419401209026295e-05,0.00018394009142827584,-0.001342673335223195,0.0005173012688495975,-0.00017630221852062123,0.0016553580399006357,5.797802622936787e-05,-0.0003657866294030184,0.00018021071982407056,6.796896885278025e-05,9.068482723333712e-05,0.00016857033069426507,-4.811573983056768e-06,0.00011659453330813397,-0.0009448084928881126,0.0004440371616647576,-0.0013389786263304053
2024-02-21,6.262631456442932e-05,8.158086458847377e-05,0.00031729250056164926,7.629647383790655e-05,2.634726323863701e-05,4.0079223825253233e-05,0.00023243897364912813,0.0001751454848785765,8.165763412757334e-05,0.00018406011117338703,-0.0001813840718663574,0.0015332262622766068,0.0001446069097834332,-0.0008987737430533283,-0.00019931881599391928,0.00020010618191886452,0.00012028352638196455,5.300222006864272e-05,4.860468042652115e-05,0.00013318765807818146,4.112707646533898e-05,1.7528957238300777e-05,-3.4167942003207656e-05,0.0005764658602003238,0.0007802901530243128
2024-02-22,-0.0003563622043931449,-0.0007341817865933971,0.0002595133355674197,0.0001043404388373189,3.0069355286315345e-05,3.9115629936498344e-05,0.00018989287416996985,0.0002578558209416481,-3.2957861379785916e-05,-0.0003568028740888661,-0.022363873114994343,0.0013662702864717842,0.000392182119745778,0.0009005969585607321,0.00016097198442312097,7.514281614219348e-05,0.00017278724187498628,-7.164029381533962e-05,-4.9252425531376786e-05,0.00016035119977634435,-5.491382366193669e-05,0.00016451543053832229,3.09557352521377e-05,0.0008315612879266902,-0.00953554431902276
2024-02-23,8.528561899072033e-05,0.00013440720144954012,0.00031409176750819297,-5.09449986267322e-05,2.3167836833419973e-05,6.7182774704863175e-06,0.0001584581676163677,-0.0002440072373787411,-5.204664122133656e-06,0.00020239263345620413,0.0019503079211314165,0.0007764653139860264,0.0010195215019293438,0.0027331421027015964,0.0001202223821062068,0.0002974138215303764,5.729543041726682e-05,4.387085577179068e-05,7.320694148796816e-05,0.0001612851432784674,-1.445463361112128e-05,6.69451791862379e-05,0.00013110399888424537,0.0008202402267169333,0.0004648383343297598
2024-02-26,7.225792649843535e-05,0.00014162587403593612,0.00027623575504011105,0.0001247603004506122,2.2310817232476693e-05,3.149294527400447e-05,-9.22548435689054e-05,0.00016515601177447591,4.545964907276713e-05,0.00016166117496273469,0.0019183951262194674,0.0001559109580269954,-0.0001587455725276998,-0.0206294859655144,0.00014317619212925693,0.0003062274547902046,4.676292188608247e-05,4.438401676772552e-05,8.36122962549746e-05,2.857888944461629e-05,2.00999007362679e-05,4.243896393670101e-05,-0.00021362611597954982,0.0008203842353458198,0.001215710080719851
2024-02-27,8.140254838873208e-05,0.00013606501977597274,0.00011621676414571742,8.176638529439184e-05,2.8454771245393168e-05,3.47441041291033e-05,0.00022878365013503626,7.794367335301603e-05,3.899101093254722e-05,0.00020929265068362875,0.0019056865475755433,0.0007592019624741868,0.0002232477385117408,0.004212602396426865,0.00011039638614393728,0.0002174988507292536,5.9648664629576054e-05,6.164742593462133e-05,8.472351325069568e-05,0.000146482598345103,6.261742741686635e-05,7.76218076430138e-06,0.0001275997648785903,0.000552337040320514,0.001091052282383291
2024-02-28,8.319835453973154e-05,0.0001116953484332912,0.00025661578212094166,9.434022051396272e-05,3.005403320544447e-05,3.264532727845314e-05,0.0002332521323706446,0.00028082640509482625,5.920544136924295e-05,0.00020867297559458775,0.0017503216100774167,0.0006292248149141604,0.0010392294121186903,0.004847766147238966,0.00012297521084179709,0.00023199111247460783,4.561687572619493e-05,5.497900981953494e-05,5.8606506685701934e-05,4.612345349973019e-05,5.158647211388598e-05,2.0068180225782775e-05,0.00012318974496247404,0.0006647708724235089,0.0011402882422760921
2024-02-29,6.875816545935801e-05,6.32645406411337e-05,0.0002640239916570088,7.994469778321218e-05,2.827149856493757e-05,6.9903428769110635e-06,0.00014303278540135227,0.0002671089273361388,9.141330595172937e-05,-9.85668105036913e-06,0.0015649925412422854,0.0006757667763980463,0.0009750383072030244,0.004536068391936511,0.00010311362604284422,8.368502886100992e-05,6.18918762014009e-05,6.899072952214739e-05,2.936320535690032e-06,7.930065093560462e-05,6.361409771100436e-05,-5.099002884958087e-06,-0.0001696700286100432,0.0007545176095332909,-0.006306424909289845
2024-03-01,-5.009699285012497e-06,-8.572223031644706e-05,0.00019965682276342782,8.907239839561854e-05,-8.206300563786844e-06,-0.00031624991178198054,-0.00021792888593212615,-0.00019123271922507782,4.85875510778873e-05,0.0001887777117450051,0.00038343916376433777,0.0006616576405625427,0.000935727954897871,0.004603425095887735,-1.069804984509028e-05,0.000201097780826706,4.736887300211353e-05,5.906409437182741e-05,4.99741411368004e-05,9.330542092360388e-06,4.3101124741218134e-05,4.1730553272505855e-05,0.00013110656849887412,0.0007937101533648107,-0.0010559389683867262
2024-03-04,7.111669014609693e-05,0.00011564661619410655,0.000282622028621458,0.00010829212547105969,2.6846674948994332e-05,-0.0002035503526986525,-0.0007910317891299894,9.921967071429113e-05,-0.0005946975041807124,0.00016719693794397383,0.000738923878434826,-0.004863933669431528,0.0008048520008292418,-0.006877574635111729,-4.842079302149285e-06,0.00022632388233694578,-9.88808423861452e-05,4.6245086294132635e-05,5.7548141828676094e-06,6.570676440574839e-05,-0.00013546177664829014,2.1910786074676036e-05,5.408261475972459e-05,0.0005627421879176196,0.001492764252665578
2024-03-05,-3.7820551114530734e-05,-0.00020645252965175475,0.00018139378681938207,-9.52109880802735e-05,-2.608880374651963e-06,2.6121254129873615e-05,0.00020668627185420287,0.00017485289082615633,-0.0007396872774875691,-0.0007449419768893519,0.0019500213869225113,-0.0006637810777498286,-0.0003974496439898888,0.0022516871082934806,6.188275909433611e-05,-2.8563246649408746e-06,7.302554594538151e-05,5.2535108551016426e-05,-3.5392705990333024e-05,-9.433714863276528e-06,7.482943094853823e-05,3.1510912378577144e-05,-2.98926622868537e-05,0.0007552470657831368,0.001664116904244849
2024-03-06,3.704340196164695e-05,8.49657373898339e-05,0.00022229148819816273,5.4153286149695554e-05,1.7101997988586757e-05,-7.763772061651922e-06,-0.00012533645603589734,6.205874595292726e-05,0.00010205663870654489,0.00018529541867473757,0.0009164192799835014,0.00048034173993637824,0.0006903478183146795,-0.0036614897348594784,0.0001098355608375758,0.00017160393224239178,5.669956076354581e-05,2.4796236731124196e-05,4.0715588212517125e-05,0.00011445755885201251,5.3192664492985364e-05,2.8857033016288473e-05,5.204895863351388e-05,0.00017489052399589824,0.0008721592690527267
2024-03-07,-3.43046876116433e-05,-0.00010067058256717738,0.00020277478861071763,6.659417038642305e-05,1.3406513038931647e-05,2.9047002250337274e-05,0.00023189652360428476,0.00020753367024928064,0.0001329523886852994,-0.00012496368456512384,-8.444593494271249e-05,0.0008467585551432243,0.000769005059108403,0.005207887936547324,4.811044633989461e-05,7.130827044079673e-06,-1.5309533335817484e-06,4.9041292209134826e-05,-8.421999218314325e-06,0.00011582035314769617,5.941879680904353e-05,-1.1598290136778263e-05,0.00011987134128299043,0.0008427618747004016,0.001577134701223562
2024-03-08,3.1900523917162315e-05,-7.294682930959208e-05,0.0002705806250859735,5.919383973447773e-05,1.6295408095704388e-05,-9.403852064374777e-06,0.00027354640779679004,6.621893128239091e-05,2.5707786975961655e-05,0.00014238668598753055,-0.001335165615126996,0.0006192303781178917,0.0007498786769622881,0.0023383936448778033,0.00011059091635751988,0.0001916173879268458,1.351916427506705e-05,4.813922982207072e-05,6.909554913077357e-05,-2.530681631699118e-05,4.059322388327341e-05,2.9718133407308003e-05,0.00011419303178021711,0.0008026319601650768,0.001151830087176219
2024-03-11,6.561038600471553e-05,0.00013046548196895137,0.00020732805187646702,6.095186518001293e-05,1.7788740034367963e-05,6.195715613309443e-05,0.00024052108933317388,0.0001960422276666961,-3.2464622066791964e-06,0.0001550120697607612,0.0016507443416265732,0.0007889951168877552,0.0008438966664798777,0.0055464522323847585,1.8014001031753968e-05,4.418285623250607e-05,4.035671000143769e-05,4.528012662919402e-05,7.241731183334877e-05,9.017050715889207e-05,-5.552997100547862e-05,-2.2941276196108996e-05,5.062382925127566e-05,0.00048459824237451275,-0.0004513717292171529
2024-03-12,-4.810933305356983e-05,-5.771179349343508e-05,0.0002599021561095718,-1.1120415109341685e-05,6.030926089770566e-06,-5.5562386297348894e-05,0.00012081393877109422,0.0001471066607053074,0.0001331547867350541,-0.0005156008978543143,-0.0026978770554629246,0.0009810940600083592,0.0007464817160781628,0.005212398834200191,0.000121032601409544,0.0001625580177835851,5.653770839590758e-05,3.0217275336573147e-05,4.64632311436138e-06,0.00010611676825061517,-2.8040415678714854e-05,2.9672764890863666e-05,-1.6035995041696518e-05,0.00017115917126338617,0.0011452794269511623
2024-03-13,6.836993245766544e-05,9.117768832370135e-05,0.00023243377581077363,3.939580371794372e-05,1.5817018091701054e-05,2.249727443665756e-05,-0.0007081267103332579,-0.0003885556073780193,-8.395608917484838e-06,0.0001980722822723496,0.0021488205524423207,-0.0011997598022723663,0.0007778593442339002,0.0047144699378708676,-0.00014038519782217024,3.905845340567172e-05,5.609688174381468e-05,-5.397126966788194e-06,1.0177127674723164e-05,8.53558890936512e-05,-3.9262312485393685e-05,2.702173805365971e-05,0.00013872409873985476,0.0001517849770512548,1.954789669603098e-05
2024-03-14,6.704029070706482e-05,0.0001467574225966714,-9.513411661705781e-05,-0.00017528200976543723,-3.778958299546992e-05,5.604994377703427e-05,0.00031064775070259774,-6.638544156802419e-05,2.5915514229838912e-05,-0.00039069422169128536,0.0011971018985150307,-0.0007362069893360628,-0.0003140001232831824,-0.0005838723210255265,1.2797683648877153e-05,0.0001947217601770293,4.8665429329934955e-05,-1.4909412937801394e-05,-0.00024528465228212677,-0.00011595939179285275,-7.295395589104345e-05,7.885392502173412e-06,0.00014075917621237616,0.00013281676685075709,7.544556356423753e-05
2024-03-15,1.3160090573586082e-05,-3.050177065404188e-06,0.00014837228241521873,6.08868074445257e-05,1.3113932786976945e-05,5.371929432676021e-05,0.0001051009507727702,0.0001999462441235459,0.00013862150364540214,-0.00024199486466166436,0.0023390771231396323,0.0010596446035535257,0.000629121847423328,0.003801951062254861,0.00010903381929607986,-6.084029701835698e-05,5.555590588035483e-05,4.236174156689481e-05,-6.0303955390271746e-05,9.617150505081757e-05,2.759303903122744e-05,3.15145500170037e-05,0.00010774595514213131,0.00014184099059080303,0.0013569685179928937
2024-03-18,2.36422026361133e-05,5.124254745201202e-05,9.019601093807936e-05,5.047853751303746e-05,9.212860001998025e-06,6.193413746673681e-05,0.0002515116015563441,-0.00027001406026768446,0.00010209704034145264,0.00020954939721710663,0.002259225214879403,-0.002609747000613132,0.0004694205464604526,0.00410853152297056,0.00010627249869586812,-4.1445057809289264e-05,-2.091908360747593e-06,5.736092059143959e-06,-5.772690282956696e-05,9.78256450291041e-05,-1.0489048745000062e-05,3.006464878224097e-05,0.00013134239814909513,-0.00014574689852363566,0.0017329631920831403
2024-03-19,2.7377250236620086e-05,0.00013960216568537412,6.934768292301692e-05,5.077331966396015e-05,3.166799528380361e-06,6.085491047270873e-05,0.00022073514842208255,0.00016181463715041986,-3.755540352054813e-05,0.00011652293496125262,0.0021828919463061716,0.0008658967706375801,0.00041651424583520776,0.0025507353570454767,-5.123102879069152e-05,0.00011474458195236061,-5.5322546643383225e-05,5.764100321581962e-07,4.279814031664284e-05,6.891615008602883e-05,5.2347437590105195e-05,1.223557245011008e-05,0.0001396561108614108,0.0001161206406702652,-0.0007312828963103053
2024-03-20,-2.6358536676261815e-05,2.6595139386021956e-06,-0.00030629843961514543,5.710765894116432e-05,7.747739603315795e-06,-7.870140886946168e-05,-0.0002459193675107698,-3.640352039741839e-05,-6.265421653731343e-05,0.00013333878014257377,0.0021840586390998317,0.0004575649597537119,-0.0007711098744732881,-0.008217646449468666,8.254987191603189e-05,9.636795036199083e-05,-2.0786165028573774e-05,-0.00011563430336345177,-9.18972738419869e-05,2.0231204546570162e-05,5.698046739604008e-05,2.6244656861155835e-05,9.877926051282904e-05,-0.0001369150841275025,0.0017636880274467664
2024-03-21,5.0493610758995996e-05,0.00012376495919401762,-4.220767143482397e-05,5.255132183228307e-05,8.563730102604912e-06,6.611619868972926e-05,-0.0005380006650156045,0.0001647416261803101,-0.0015788805570880137,0.00012480900861879966,0.002062682148722804,0.0007978599184433033,0.0003798085261476621,0.004071275932134995,4.456991231052057e-05,-0.0003915708318547733,-2.74676783866219e-06,-3.407502145505293e-05,-0.00010457137466188513,1.3438785930246782e-05,6.195329636675315e-05,2.443704197769724e-05,7.371542635932883e-05,0.0001386679660212785,0.001694577804396721
2024-03-22,5.832884756560257e-05,0.00014508737671617915,-9.894060506385016e-05,-3.589621684232441e-05,-1.1077974428139356e-06,2.399264081555914e-06,0.00026358382745186626,0.00018799329992196144,0.00022760633399466194,0.00022154303216911605,0.0012163944795958702,0.0009424728436096634,-0.00012529456485424814,0.0036222776018646676,5.842537106797121e-05,-0.0001827613802092022,-2.566416040630917e-06,-9.731503092696314e-05,-5.784874813137947e-05,-9.396118665658661e-05,4.9303878872370495e-05,1.5894101763759702e-05,-1.3375389337865536e-05,7.763373590397976e-05,0.0016975338912814998
2024-03-25,3.1494604821211154e-05,8.765068276031866e-05,9.64327842099443e-05,3.316921384642407e-05,-6.073530676175933e-07,6.062499368315981e-05,0.00027705887917179754,-5.739123898611362e-06,0.00018087031738555308,3.4537450354425693e-06,0.000893034708969167,0.0009641624342890601,8.775693529476897e-05,-0.004045386778105862,-2.2633941941576006e-05,0.00010361641788854182,3.545994814897838e-05,2.044212832117225e-05,1.0222985344554821e-05,3.7024513914676856e-05,5.435755140796842e-05,-6.59933599479663e-05,5.18209107242593e-05,-0.0007492558958837165,0.0011307030031478729
2024-03-26,3.6123579123960395e-05,9.060047060228912e-05,9.843626798802354e-05,4.228644066852165e-05,1.1103839330264096e-05,5.918972778924662e-05,0.0001600803512329571,0.00013463590309317224,0.0002037603118238661,0.0001958289274823037,0.0002746482270246243,0.00020915176805386853,0.00036813529855652706,0.0023154934740345274,5.434609940388753e-06,0.00013901155634001033,3.445266469551309e-05,2.341175089039728e-05,7.634485033018365e-05,6.070413189052612e-05,3.777529269093998e-05,1.6514008578345402e-05,7.654567750100482e-05,0.00015684505180594822,0.0010980781545781805
2024-03-27,-3.104402070482497e-05,9.01156229803766e-05,-0.0003648328048165347,-4.746938094558603e-05,-3.7010634424592145e-05,1.786321293426684e-05,0.00020572844842820922,0.00015740693226199827,-0.0001926392494021582,0.0002016510195972606,0.0003493537788624297,0.0008576419572075997,0.00032289895998981893,0.0018475577224118668,-1.744325724964318e-05,-0.0003855250487778232,-0.0005375839874609176,-0.00010428113889085808,-0.0002692101814207711,-0.0005776576170537163,-0.0001462618815789206,-0.000142101913140735,4.726630371575209e-05,0.00010478192738448713,0.001024182236921175
2024-03-28,4.2601651575157674e-05,9.85904275793083e-05,0.00010441856912473345,5.1804730618390915e-05,1.2302061513346891e-05,-9.158730859351798e-05,0.00015354609745143338,-8.941860966160477e-05,0.00015583638271537845,0.00019909388063480093,0.0010209325816005383,0.0004952288124029453,0.0002800116126031044,0.0023402964975269163,-4.388601415097807e-05,0.000141888032765815,4.715592629774244e-05,1.1347708841564785e-05,0.00010351189207244082,5.673432967367764e-05,5.713234339603462e-05,2.2609935104753633e-05,-2.287286178776289e-05,4.220977141362802e-05,0.0010899549072109637
2024-04-01,3.95125295520686e-05,9.614773219968635e-05,2.1610016897301393e-05,-0.00030370661848004295,-7.937966700251442e-05,-2.1631297560542284e-05,0.00024886336499070844,2.6438648659831625e-05,0.00020016659724328837,0.00011909298149278595,0.0010127269756330863,0.0010219976251760324,-8.740809385951898e-06,0.00090375423658001,2.3348017338555194e-05,0.00011071756250131552,4.3431693490731215e-05,1.2230431774263932e-05,7.17526050296675e-05,-0.00018188549693524253,5.194639615882659e-05,-8.045653168738115e-05,5.6440089683186965e-05,0.0001229730558815594,0.0008671455751527342
2024-04-02,1.3206849460065164e-06,2.174806851442785e-05,-0.0002309827972938171,3.65110928096851e-05,1.599175051666569e-05,-0.00012931870865840153,-0.0014927592483621884,-2.0550283447861006e-05,0.0002261452360432067,0.00014048660899614686,0.0008913520020985586,-0.0014936343539900879,-0.0006130721539520885,0.002929734896409143,-0.00011325119605357869,0.00014939627053022175,6.424787453208928e-05,1.6115134379383422e-05,0.00011604239365220773,-4.459420709033003e-05,5.888911093718999e-05,2.9788581306888357e-05,-0.00014988178501147275,5.765607459448573e-05,5.725910384679091e-05
2024-04-03,3.824609388488983e-05,8.373543310645456e-05,8.345926521438642e-05,6.655833710328764e-05,1.5890915280112696e-05,1.9947692237100057e-06,-0.0010018127070980992,0.00012727935070973694,0.00025326542987791925,0.00019160273677675278,0.0008853477179672506,0.0010615324196969523,0.0003336899698645953,0.0030596544621677014,3.6346353885364474e-05,-0.0007209097474449682,-7.612662072538771e-05,4.504561231972857e-05,0.0001073188186202981,0.00011571817069721799,-0.00043701254218249944,-0.0007493549755855497,3.868877727228088e-05,-0.000834333161696573,0.00047425971580719345
2024-04-04,-0.00011137465398885609,-0.00014909829458038853,2.7232417613847677e-05,1.4641896469651582e-05,1.4903653556098843e-05,3.5281680395650563e-05,0.0002636991826026061,-3.2704953776078723e-06,0.0002171786852436994,0.00015973963450319792,-0.0003756973067429463,0.0006161271627379513,0.00015173285980281693,0.002925488676918962,7.872396491603145e-05,-5.7715903453113766e-05,-0.0001222810538044141,-8.384562277485823e-05,5.431510648720097e-05,7.06354618009568e-05,-5.770594748784883e-05,5.116714639268711e-05,5.4591246364894386e-05,-3.9527855155538236e-05,-0.006836761139743079
2024-04-05,-6.58189641564655e-05,-5.386922352638896e-05,0.00011777815073003893,-0.00013889985412725194,-4.612864424777873e-06,-0.00021976387092915954,-0.00011584843160575064,0.00015524246133998752,0.00017678320903602232,-0.00017820213769276555,0.00032669230617490114,-0.0005658026600915206,0.0002683557403084744,0.0015602353341283397,-3.751066117337424e-05,-0.0004419436079820582,6.457046337953434e-05,-3.6851121430349056e-05,2.6530160169612116e-05,7.991981216548018e-05,8.061673431495352e-05,5.4921735788430555e-05,1.3231226506849934e-05,0.00010798995163481945,0.0002664147818214953
2024-04-08,4.6392036901487466e-05,8.865410712642109e-05,9.66140549371565e-05,6.64369373774345e-05,1.523655190483108e-05,4.174623592678588e-05,0.00014941979963145765,0.00014402234338844355,0.00015146026824611978,0.00016312583748911166,0.0007900848087822006,-0.00144300365347391,-0.00015843025808760634,-0.001791444922862243,4.161175044704779e-05,-3.968764906443604e-06,2.9383253282080035e-05,3.6727235201113674e-05,8.645211510497932e-05,-7.348118104919004e-06,5.260990080334767e-05,7.300506634314621e-05,4.391443880252202e-05,0.0001234458575293581,0.0010050019741641915
2024-04-09,4.004272156629736e-05,6.268292557770276e-05,0.00010886008497938298,-1.93252026494456e-05,-1.1369302224932254e-05,5.059981034155653e-05,0.00021761158417044033,-1.5143984970224917e-05,0.0001465043376894284,0.00013585003786072746,0.00036491689157200905,0.00046584266541529877,0.00016575105658560727,-0.0005542545394691405,8.00166608679353e-05,0.00022125177532644907,-4.2379937731427294e-05,2.3060815148302854e-05,6.556157744967555e-05,-6.245351060398843e-05,6.012755699111639e-05,5.5079166426382596e-05,4.4670119585439896e-05,0.00017616416600367113,0.000987471118926733
2024-04-10,-6.18075216497337e-05,-1.1369070971914915e-05,-0.0005910774597982264,-0.0004145921352828949,-0.00018897813287608074,-1.200142406703013e-05,0.000271559382023166,1.8932912288886864e-05,7.02710507863344e-05,9.913417847175895e-05,0.0002531972734959552,0.00010820647509043771,-0.0002706533084618372,0.001542617338953342,6.999685993613079e-05,0.00023925743067605275,-9.121598973873047e-06,-0.00016851065017782258,3.981810983723504e-05,-0.0016735699753388223,-0.00010936406088619892,5.785605311779285e-05,-0.00014623468992464982,0.00016135647941537576,0.0005315747180141559
2024-04-11,-1.1557192066955965e-05,-0.00018203172838074356,0.00011539746965799074,7.674970271444914e-05,2.3167541211534766e-05,-0.0002872548938926457,-8.629012574512264e-05,0.00011459147295385471,-0.0015993991090369304,3.1081621338825086e-05,-0.000988167914331038,0.0007389346322231196,9.218609839113513e-05,0.0004673415382895683,7.366763216578142e-05,0.00023083612455745481,7.747742895193306e-05,1.953489078193125e-05,0.00011701453236242488,0.00020018563696440643,-3.124913539689797e-06,-1.0771779107968118e-05,-2.725277995323894e-05,0.00019015528837973474,0.0005172123059753125
2024-04-12,-0.00015139024979759705,-0.00018666204091590173,-0.00015914102175956655,6.635948005551728e-05,2.2018351896087588e-05,-8.078439679386958e-05,0.000189275903040867,0.00015973455924255211,0.00021911049510059405,-8.104838729525441e-05,-0.00027787952732505556,0.0006005528089924053,-0.0009528755206386415,-0.001835149036612122,-0.0001950446600369888,-6.806050145821775e-05,6.129689437088083e-05,-0.00010726397364127326,-0.004357444648038305,6.99227863253435e-05,1.2465534058286117e-05,6.254897918014873e-05,4.512226389545829e-05,-0.0005479761128930694,-0.0009631285226885426
2024-04-15,-0.00010669886688447833,-0.0001926838170862884,-3.757195742575646e-05,-0.00014916413406057476,-9.567825436150484e-05,-0.00024005670051801617,-0.0005343049979178005,0.00012753427015466681,-0.00019988898888584654,-0.0002595799040300159,-0.00013490008012668835,-0.002387428032979008,-0.0018070577875202178,-0.006075279285987904,-1.3409204833874004e-05,0.0002136908346415451,4.515900559067186e-05,5.385436495430894e-05,0.0003543352069809139,-7.594874874914474e-05,8.4127103949293e-05,7.30000023351622e-05,3.337109967440502e-05,0.00014334395518816618,0.0005888278066779075
2024-04-16,5.740082939026384e-05,9.718208608219783e-05,0.00016061851701410634,5.0939340636285585e-05,1.9948380277857035e-05,0.00012028712605677545,-0.00013279043409207032,0.00010040185545760348,-6.547475383099864e-05,0.00011584706586585628,0.00020373028616837595,0.0002593955371893123,0.00017723805737221996,0.0027728283762027918,-2.4589877151691983e-06,0.00011305649214994295,7.45349159430315e-05,3.053311462783002e-05,0.00020484867110333752,2.1300736121857564e-05,-0.0003857162942368116,6.198012911324695e-05,4.397757931753243e-05,0.00016729402625492484,0.0004758361619385461
2024-04-17,2.308102733127121e-05,-6.135241551431548e-05,6.20219640477012e-05,-2.4115046215078512e-05,2.1577672911084913e-06,6.660580867100766e-05,0.00043002540387535406,-0.0007958026874214403,0.000262402528699569,5.3363469732157465e-05,-0.0010708296726037723,0.0009381094046485447,0.00025587851748146856,0.002607241420334385,6.968889551322227e-05,0.00021321630000238934,6.767495711534288e-05,7.284105723220934e-05,0.0003199512412904304,0.00017874001147489082,9.485959868132434e-05,3.11510667206502e-05,3.4535951579215836e-05,0.00016946436237385247,-0.002690419978721696
2024-04-18,5.407971097028485e-05,5.993032622994066e-05,0.00017841952428570198,7.835161649042264e-05,2.9192059444424044e-05,0.00011252886194481029,0.0004323351721022969,0.00013886062570469052,0.00029793575790324194,-0.00024468924891001947,0.0005097786295285429,-0.00045164548258670354,0.0004718670352262778,0.00277854195080647,6.817013061651147e-05,0.0002210335444386264,8.108878063928204e-05,6.53637283296077e-05,0.0002864855911891425,0.0002357084507374094,5.0975073861405665e-05,2.175094888233581e-06,1.6938350395223368e-06,0.00020593106283840534,0.0009946328565172285
2024-04-19,-1.9981885738015272e-05,-0.0003429333996866462,0.00017575576891109513,9.192526502408769e-05,3.186004462234669e-05,0.00011494275333435738,0.00026036569959134127,0.00013912631967371198,0.00017162346793835346,-5.12513622363808e-05,-0.010548035653420763,0.0005396639934531872,1.749569795377379e-05,0.00202110244337504,-7.211835877454148e-05,0.00018984259279008535,-0.00020959639363281725,-0.00011093557207799821,-0.00028586367130227963,0.00021247162556967846,-0.00012110650866671743,4.9183731148516005e-05,2.641251819422949e-05,0.0002231480362184214,-0.002222186699938491
2024-04-22,-2.7591788633319185e-05,1.0330336500893181e-05,3.358319512695372e-05,0.00010272150916327768,2.6714788188625416e-05,-0.0005080607419757793,-0.0020543168298361595,0.00012658450089586407,0.000293414585815019,9.651066083544245e-05,-0.0006509997902502042,-0.0002945255753351141,0.00023595553896560892,-0.002121345782836484,3.6556539078683264e-05,0.00015076971214825254,5.906349076650213e-05,-6.575394527257981e-05,-1.7080519951326236e-05,0.0001568188366944318,4.2468744452615493e-05,-0.00014710453779782375,-5.7841860967055256e-05,0.00017975293442632924,0.000892575961474503
2024-04-23,-7.871944718524038e-05,-0.00010469029237217469,-0.00011882586955561239,0.00010534559157485621,3.0128229294983052e-05,0.00014571721226743072,0.000501436244855751,-0.00010282864348984714,0.00018472088426524502,-0.00015367085691747972,-2.9808075726191034e-05,0.0006166263930905331,-0.00041701076987227584,0.0006441003054972146,4.870304768042198e-05,-4.9446232260601e-05,8.13789020438624e-05,4.385215224405682e-05,0.0001582833853891086,0.00015292724196862666,0.000103796481031649,5.661191251638227e-05,-0.00025903321957735937,-2.0637493892055995e-05,0.0005020964883781054
2024-04-24,6.76437961349334e-05,0.00011522963076324234,0.00014123836394110814,5.007343260870673e-05,1.7393879763859766e-05,0.00014509097437107027,0.0004936456986150169,0.00011989419753300254,6.66782043888412e-05,0.00011489119716520487,0.00012832061287660896,-0.01200306529194964,0.00046524470844572447,7.49372406723299e-05,8.016215966062399e-05,0.00019083171763657647,8.291065744187112e-05,7.893867851539243e-05,0.0003421283507165672,0.00022835752024584849,6.458595680916549e-05,4.7942172986904826e-05,-0.00010871192667472676,0.00021819748010859757,0.0011023755995590548
2024-04-25,5.297562492950411e-05,0.0001031289868515746,0.0001251613340884849,5.235681847675317e-05,2.402699349333626e-05,0.00011283813524113769,0.0004663070142289176,2.8422374817565298e-05,0.00020456389074505974,-0.0004965516631572147,1.003555868192476e-05,-0.0006798347480365251,0.0004062468036484272,0.0025062204079207015,5.519283252922745e-05,-0.005108739266737031,-6.178735658947962e-05,4.391604474406608e-05,0.00036036672393565566,0.00019716199178649929,-1.9129801777089246e-05,9.187941405031022e-05,3.927477571325414e-05,7.062026513838093e-05,0.0009385399695856804
2024-04-26,-2.0845342522890647e-05,-0.00010723349970388632,7.340253247342436e-05,7.686672289485302e-05,1.8706271465239e-05,0.00013907910333667539,0.00045699345663394907,0.0001313962965873381,0.0002178090954360079,-0.00017513322463343298,-0.0022191737819010062,0.0016268738383968585,0.0003414282843673786,-0.0006599756023529932,-1.1746517585432378e-05,0.00023008347307574943,3.8597180357456193e-05,7.727134535062852e-05,0.0003611687776593843,0.00023058130289865794,0.0001000611558026852,3.114896002389084e-05,7.23553270023045e-05,0.0001778327126188115,0.0005745668752811846
2024-04-29,5.660528426552017e-05,0.0001230662579156078,7.90733418934046e-05,3.0602210260370044e-05,1.3979793955183488e-05,0.00014314431360857598,0.0004968916616533036,7.42331883327971e-06,-0.0003940519950080666,6.826098152863012e-05,0.001533256678926081,-0.0185350843793855,-0.0001075001633572391,-0.0039113679219382625,2.8092326007129747e-05,0.0001212393081290708,-0.00011447121788270642,6.980124719624316e-05,0.00034025301538442295,9.171988422039593e-05,9.056751538661392e-05,8.08677928342351e-05,7.066000886614613e-05,0.00014036401215913896,0.0008359989699426597
2024-04-30,-0.0001851933045264956,-0.00022217429376321731,-0.00027417709915733156,3.0547002428867373e-05,1.9812007435536635e-06,-0.00026705117281444106,-0.000521859012132685,-7.651453044612083e-05,-0.00010686101091394662,-0.0008907901013080408,0.0012911072983921403,-0.00042747345157503154,-0.0009334315609822999,-0.0017747753909653158,-0.0008436293105847615,-0.0014997474309807548,4.463326717569464e-05,-2.6818063660496687e-05,0.0002766721629429157,-9.289849857730247e-05,-0.00012106798915450808,-3.7496708425148467e-06,-0.00015355771675251747,9.146364448679076e-05,0.001032021072705894
2024-05-01,7.300256879023329e-05,0.0001071376596700353,0.00016038044900781376,3.483429685086068e-05,1.16914388692144e-05,7.368410280145887e-05,0.000468469377165903,-0.0008803980161288168,0.00021104170198949662,2.414845518218807e-05,-2.7723980739666025e-05,0.002682900238088828,0.00048246948925017625,0.0019998919570060818,-0.00014085581544622363,0.00047681697455577394,2.9090133409693728e-05,7.412634988203003e-05,0.00034123460088757873,0.00019837360570696248,-0.00186075734818619,8.369713286256529e-05,8.106026361416678e-06,0.00013896036750304347,-0.007550603343806734
2024-05-02,-4.744119431329525e-06,-2.27630679356175e-06,-0.000185914697592629,7.171310330100853e-05,-8.328654207336353e-06,0.00013818967879046542,0.0004457398833666456,0.0001726571823259898,-0.00022777880966183637,0.00018350929489512852,0.0005458213730959297,0.0028905938617982967,-0.00012113431221922699,-0.004416249820237603,8.768317028974572e-05,0.0004210183457814512,6.924473058182104e-05,6.648265655649434e-05,0.0003405506231803578,-5.289179043536354e-06,0.00016437192771507904,7.804816372444845e-05,-0.00013775291724194903,-0.00020217079243688992,0.0014276987685515306
2024-05-03,-6.514665284191811e-05,-0.00022887449512820033,6.48571243292621e-05,-1.032375322124063e-05,-1.6900056188964442e-05,0.00014345857316495336,0.00035340351261238816,5.870235360950891e-05,-0.0031031885378288615,-0.00024115508726277665,0.0005255620847106162,0.002841938431553787,0.0003957033000870713,0.002656928990716215,0.00011990597128167004,0.0005392204371381826,6.443069857173147e-05,6.79937002734244e-05,0.00030504275835987446,0.0001559452904164057,0.00019227173587075454,2.8741738051883482e-05,7.97195789053541e-05,4.629270487602679e-05,0.0007035805726445596
2024-05-06,-1.889079544605927e-05,5.7106876793097496e-05,-3.217097765734249e-06,7.86847581986152e-05,2.648119480304001e-05,3.2835504221667274e-05,-0.0008065446658678305,0.00011909487892442534,0.0003717102475526852,-1.7526458757862883e-05,0.0003086708740357928,0.0024921058335183573,3.4299616718069846e-05,0.00303363475033772,5.819582181225363e-05,0.0002926074925057305,5.894202594563714e-05,-9.62132991955779e-05,0.00027935639598211464,0.00019977486609225713,0.0001835102511175677,4.266982651022052e-05,8.251854304957955e-05,-0.0004750651628751103,9.704233457957876e-05
2024-05-07,8.531442680016521e-05,0.00017474070966000193,0.0001651385490306189,4.690981379416992e-05,3.357201386617603e-05,0.00011128430524263066,0.00038632611942778487,0.00016660030217215086,0.0004445205765302642,0.0001571666522680949,0.0014227587309654094,0.001348695527160702,0.0001368809628203184,-1.1412406309009148e-05,0.00011612170540056712,0.0004481027585960893,-8.222458485032753e-06,5.859278129797244e-05,0.0003370847861971105,0.00011040309134429192,0.00020523609344755454,-2.219126468710078e-05,-7.361246103625124e-05,-0.009845725968564733,0.0011867056143700188
2024-05-08,8.657048909513968e-05,0.00017441374353250618,0.00013492627794708793,4.8933271378583946e-05,2.7390636090251005e-05,0.00012292272641724875,0.00041107347339558106,0.00010624961840364538,0.0004537559283922937,0.00025824764690752524,0.0017327987839562745,0.002466673484146777,-5.6705205864555214e-05,0.0029781804596839398,0.00011350713116008035,0.0005080158438994288,6.24230239592762e-05,5.6585767981451946e-05,-6.801594868116628e-05,0.00012657663975013635,0.0002022677284713887,2.782393436480492e-05,6.177042446248762e-05,0.0006903013181778872,0.0012384444205614754
2024-05-09,5.3499724563503214e-05,0.00016928647189435526,6.670722396803937e-05,5.954061862335492e-05,3.0170441160955258e-05,-0.00011466473561863263,-0.0008793095450066433,0.0001366363196533238,0.000355269636103459,0.00024770393430627227,0.0013665981663726248,0.00251192532084549,0.0005535438398017975,0.0030224018578536523,-6.290494977481555e-05,7.195354901474131e-05,3.470060653879447e-05,1.2926720721579467e-05,0.00026854385858732856,-0.0002198793370738988,0.00016733052514062354,1.0987964035337542e-05,5.7972123461961574e-05,0.0006774002608307084,0.0012015281814511847
2024-05-10,8.111086681738881e-05,0.0001645381078175668,7.914226571558065e-05,2.6091245740988788e-05,1.1419570715305784e-05,7.36146912887376e-05,0.0004560407785229791,-9.849036277826244e-05,0.00040532065106263146,0.00023043355417255807,0.0015497153523281407,0.0023073365083579106,-0.00024874601580873853,0.0008301899887555413,9.365359019607655e-05,0.00046060772070756766,5.298797104165909e-05,4.465355542883134e-05,0.0003168742345025225,0.00010898443879427721,0.00019499283757394817,2.2764038226466193e-05,8.229583549275413e-05,0.000687235351642341,0.0012347321474745104
2024-05-13,7.974581361874534e-05,0.00015133464487937642,0.00013247994538363408,5.204408289897307e-05,2.1796925471223168e-05,-4.720849777594912e-06,0.00044156521356596325,5.1406817998876075e-05,5.1519709563265816e-05,0.0002538968003076975,0.0015966331078538774,0.0023346819121479435,-0.00022932989122481802,0.002925874870525073,0.0001187230747258572,0.0005089445070544661,4.124907122065438e-05,4.0787150285727874e-05,0.00036016532781361205,0.00010587822145442571,0.0001145909314261249,8.663416158574013e-06,7.719353877568469e-05,0.0006870954681681999,0.0011422392895526184
2024-05-14,4.823058429897581e-05,0.00010168586062160015,1.3367576025351247e-05,2.5660278405373057e-05,1.3193700907793936e-05,4.840404749040952e-05,0.00026959750814935896,3.0332583789357507e-05,0.0003323151886828337,0.00020246132207730834,0.0014805089629210929,0.00168798222080137,0.00011735482057316293,0.002416545555939054,0.00010985141148556967,0.0005048681467988301,1.7836812999365105e-06,2.3180481198573512e-05,-7.760809848505447e-05,5.047124915358e-05,0.0001892931156508276,4.423658120468297e-05,-5.081199441197336e-06,0.0006261571088037285,0.0008318606538232453
2024-05-15,-8.983005012220929e-05,-0.00011056253741204274,-4.0260028215816454e-05,-0.0001380323073781103,-6.324186843137145e-05,-5.828032879909008e-05,-0.0009921466767657322,0.00010747270782236558,0.00019803089046751388,-7.000418550809099e-05,0.0003232272248374507,0.0022032926287729356,0.0002700549254424527,-0.00411722907574383,0.00010172673452214723,0.0004954000809960393,1.0344353978363739e-05,-5.943371821640846e-06,0.00011708988236028812,-9.264897857130153e-05,0.00011846098642664166,2.4287904683401807e-05,8.222995285956622e-05,2.8398607714140954e-05,-0.000609995001303691
2024-05-16,6.549887642443304e-05,0.00013901576246662167,6.868712016623183e-05,5.23811880427215e-05,1.6585071988685874e-05,9.807457635670167e-05,0.0004316802086602642,0.00016593197992996014,0.0003326720467346803,0.00022206329411826034,0.0016081129415056866,0.002571031414631488,0.00015195282461068395,-0.007242478326928378,9.512968842851594e-05,-0.00017095323114490145,5.408682317996939e-05,4.892285020046861e-05,0.00011601205474513917,9.520373581454866e-05,5.9030146419435e-05,-1.9982574594638836e-05,-0.004478236011944845,0.0006392729378266905,0.0008618696856274827
2024-05-17,6.59798879768681e-05,0.0001348859979375275,0.00011721989864614409,1.002876617503476e-06,1.2175290388731442e-05,-0.0001566229829097932,-0.003403821640896932,5.259239808975296e-05,0.0003294037297883542,0.00024208353880270108,0.0011266133577913324,0.002368666758858067,0.0003591651253966633,0.0013593839479598268,-9.018043903395441e-05,0.00030703345597808,4.7375030677092065e-05,-5.046292704905478e-06,-1.1326725161764912e-05,9.275728811879956e-05,0.00016940385353893028,4.4788350078391235e-05,0.00023258815054017363,0.0006699056747049129,0.0008936279577391587
2024-05-20,6.659753615772046e-05,8.505952323266217e-05,0.00011285537655507198,3.9067774250081336e-05,1.746294287534991e-05,0.00010902898597543419,0.0006036853743108048,0.0001358565169763847,0.0002898921677553593,7.962332938773138e-05,0.0009466782923117822,0.002327510157749128,0.0004718826400021562,-0.0034645387526247478,6.992604866130918e-05,0.0002420660346298286,5.295422714032682e-05,-0.00013807555508369695,-0.0019941406143962398,5.787178491051438e-05,-2.282549827476563e-05,3.872905344130841e-05,0.0002813902940799433,0.0006586774325268118,0.0008995581232987705
2024-05-21,5.778891007961267e-05,0.00010823264240135378,0.00011694498780088061,2.1124269477398247e-05,1.4813712814180366e-05,0.00012334119975313838,0.0005408329753893591,9.050268928423194e-05,0.00027473050617119333,0.0001509041868546767,0.0009346661325097523,-0.001635066253046523,0.00038054532218892976,0.003446158152176193,8.344425419163609e-05,0.00047911712578507033,3.412250738913856e-05,9.638576307403388e-06,-0.0001922216789570887,9.32827879709626e-05,0.00017139768737373088,2.8354802431953383e-06,0.00011139511165784535,0.0006695567748397256,0.0007596268682386367
2024-05-22,5.1200490536512334e-05,0.00010673892165192188,3.9172502813421606e-05,4.744710259260178e-05,1.5224985027395934e-05,-0.0002525507445594439,-0.0008243920588444324,-0.00014273159169789256,0.0002653159126986919,0.00021701712798821097,0.000857038585731706,0.0014298723287173728,0.0004297183378599563,0.002571984462158072,-0.00026846378511788816,0.0005083705482647013,3.0856042515778005e-05,1.2608031658417538e-05,0.00017008652339124252,7.254552388270198e-06,-5.2201014310002846e-05,2.0590939970917767e-05,0.00034069109298358677,0.0006690822536756444,0.0008298455119546811
2024-05-23,-1.393862800463926e-06,7.443666818945363e-05,-0.00017379610225006588,7.296629702221762e-06,-1.9062837543580112e-06,-0.00029600448281940256,5.613339255124334e-06,0.00012092038824625351,-0.0001294699758851045,0.0001474844703610489,-0.007131188408597164,0.0014366306326984409,-0.0005652246409533113,-3.747525280476966e-05,4.119211187066205e-05,0.000355852152732991,8.32461640084595e-06,-0.00014918013462881475,0.00014842504583799837,-0.00038467879511508256,-0.00044899287815879893,-0.00016427967777755872,0.0002864487829963722,0.00011931327839915921,-0.0001489993330068642
2024-05-24,1.179112166982755e-05,6.664139057663214e-06,-7.404161797889023e-06,3.97255008482e-05,1.0272545861033082e-05,0.00013104029414493792,0.0005666460293676856,8.918151654579206e-06,6.889977536709809e-05,0.00016348065065508352,0.000535568232929471,0.0011227759332972016,0.00015212205406255817,-0.0036415504963428404,0.00012771979818298627,0.0005613480042899862,4.1014565865927565e-05,1.9049540735055548e-05,-0.0001641149651486459,0.00011430340532470164,-0.00012755925222520642,3.6684943989638916e-05,0.0002501554362116356,0.0005674697503979816,-0.0004380852206303091
2024-05-28,5.6380008163818334e-05,8.460256669079057e-05,0.00011662365594533694,-0.00016225096603691787,-1.8441091580665643e-05,2.0634210635957738e-05,-0.0021590865713302255,-0.0007560835518614702,0.00035294376969317284,0.00018700210245125968,-0.0034096702269697425,0.0018229758179368082,0.00041013681485294864,0.002585850406592113,2.39597256613735e-05,0.0002502922292695739,-0.0003339704411744519,-6.809712529934442e-05,0.00018252202109306126,6.92714029189706e-05,-9.374283789212267e-05,-0.0001450817761794055,0.00029376823233889365,0.0006420660622074997,-2.345084854200538e-05
2024-05-29,2.6440753275852513e-06,3.672501771457468e-05,-0.00010776591672080754,-9.207799456154172e-05,-1.0143424771184898e-05,4.8052867874070413e-05,0.0007578124674155513,5.8564336235971456e-06,0.0003497944909352202,0.0001620878469695017,0.0011307126159977505,0.002012496486740483,0.00031222301477428345,0.0021946316650308106,-0.0001876282274195625,-0.00030842089077744243,-0.0001096406158548543,-2.7040322875389143e-06,0.00017218027788508953,2.0158586218602123e-05,0.00023833790584835228,-3.648752176085893e-05,0.0003189934406729149,0.00045335916022925545,-0.0005121295839607124
2024-05-30,9.743428281984162e-06,-2.7423502270847646e-05,3.2831053132504226e-05,-3.205448310667982e-05,-1.8167045049526112e-05,0.00013639349733636787,8.507227385570228e-05,2.2791863522320604e-05,0.0002920655083890139,-0.0010172191501752392,-0.0002745152627508102,0.0006976535188700304,0.00019205719002569378,0.003048496188658877,0.00013644209607941433,0.00029070882651636754,-0.00027478059669240455,3.666899138143526e-05,0.000185989255811671,-9.66006119343592e-05,0.0002037141898119219,1.55871113552589e-05,0.00032227961842810096,0.0006343742464405763,0.0009345249591290745
2024-05-31,-3.9700295851164926e-05,7.163798286979993e-05,3.3601204243342676e-05,1.5717128438499933e-05,3.4324116167602724e-07,8.338053481617654e-05,0.0001928117989558626,0.00011982487216115052,0.00027735722903300496,0.00016918732736021213,0.001204977264070125,0.0007296119292135119,0.0003204621499048869,0.0013939248210949374,-0.000507537590854134,0.00018950306390118541,-0.00034254877292291147,-0.00014884130393773965,-4.7375592604775635e-05,-0.00023350509013487044,0.00013567993955470835,-9.821845250933094e-05,0.0001329969627860617,0.00023712062033232425,0.0010258527933407926
2024-06-03,4.576660089889602e-05,4.3734972937692785e-05,7.571984256782416e-05,-0.0001963891698419502,-2.7435300471969138e-05,3.658598120472328e-05,0.0007487856223685504,-0.0015045672411886316,0.00021684106244200597,0.00014417502941049975,-0.0011000175322317717,0.0006262817198462478,0.00022990420139217674,0.0023269983744954943,-0.0005898692624116004,-0.0002686780866662515,8.394233011641615e-05,3.412089762875037e-05,0.0002209395257558497,0.00012427031911809656,6.970450947442151e-05,5.271275300364516e-05,0.00031533467885748,0.0006011725508661801,0.0001387830591989022
2024-06-04,4.0472692393355285e-05,5.770547329237341e-05,-7.740469909964213e-05,-6.071674846225552e-05,5.10382701923266e-06,3.7885307905900924e-05,-0.00023325011373592254,0.00014252859141245753,0.0002777060857380274,0.0001193776875808234,0.0010958796033997574,0.0006589454680076602,0.00032438626624038236,-0.0003733024627969729,5.788956593493943e-05,7.161985880541657e-05,7.660968470342277e-05,5.398223145604209e-05,6.176596420318897e-05,6.0168542419875926e-05,0.00012143213218085109,-0.00014975066015221315,0.0001658994252469355,0.0006798487383959912,7.881025171840405e-05
2024-06-05,-0.00010611784249862864,-0.00035447636859356176,-0.00013536948709553663,2.2534227907453873e-05,7.408433453944901e-06,-1.505345473589009e-05,0.000629197848830766,0.00012426810008778466,3.5052074492191606e-05,-0.00022443247517297353,-0.00133209585366279,0.0007339710682104261,-9.140107764330483e-05,0.0018111014155438561,0.0001557299810546444,0.00017761478912193255,2.2781877123052667e-05,6.75902254123221e-05,0.0001535681645172103,0.0001184626507707917,-3.465196746304028e-05,2.986610937702186e-05,0.00025836535717774787,0.0003870708636031218,-0.0008957914600297344
2024-06-06,3.534237419316327e-05,5.9095441667024537e-05,4.699388614325864e-05,7.583521453735279e-05,1.8313011094183985e-05,7.09880349244612e-05,-0.0008634625833264985,-0.00010271688171176115,4.3763440317720234e-05,0.00013562092765376102,0.001117945507393262,0.00043737694009051114,0.00016056776081364868,0.00218788822227958,0.0001251618032466066,0.00018611109190658708,3.4647811617865995e-05,6.73914289973514e-05,0.00024401297371482393,0.00011627321836389157,0.00011842269416351809,-0.00014442805031693567,0.0003142065108659339,0.0006830074669659848,0.0005432261438456422
2024-06-07,3.379624727351e-05,5.8436047298173686e-05,-3.813650001255206e-05,-0.0002666575849048687,-6.275590008499667e-05,-0.0011932448779188097,-0.0036878017555785573,0.0002621495521918587,-5.520621249970612e-05,0.00012894392626013534,0.0012486489377840722,0.0006429411151123902,-0.00013423171231513955,-0.0001228158140270455,0.00013786230719319825,0.00019141994133301665,7.603910951547561e-05,4.5927611759381714e-05,1.2526447863507627e-05,2.5447702274484986e-05,0.00010813885838735542,2.2434811943940626e-06,-5.801917340816497e-05,0.00013379978237127067,0.0005108035909820672
2024-06-10,2.583927970452834e-05,4.299310404766633e-05,9.537034814075398e-05,4.819503604189152e-05,1.8617566147302485e-05,0.00011555867709920686,0.0008260800337004148,-0.00081043452057948,-0.00026919175108131824,4.1997755320358e-05,0.0011941263238755423,0.00019174716419074404,0.0002642884370971317,0.0021463023519313782,9.792726740598055e-05,0.00019129162009686487,5.444804469014845e-05,5.25011224340026e-05,0.00023500214980412375,0.00010494077732353763,0.00012922855256862316,7.278830706204469e-05,6.058960079402358e-05,6.93086821216483e-06,-0.0015521466268020488
2024-06-11,2.8284179830512263e-05,1.3098037255457422e-05,9.03676699443596e-05,-1.1776687849416372e-05,4.4573994665671735e-06,0.00018185251223091386,0.0008190394385004076,0.00032710622874602356,-0.004798787161296582,9.989441644220288e-06,0.0011820903390356717,0.0003132625959224245,0.00032901978656842346,0.002181735980816517,0.0001440120538834031,0.0001226766283968772,-1.2960074248950451e-05,-6.567261586422564e-05,-0.0004771927195766128,8.132209895570389e-05,0.00012102316380790485,7.347839732071259e-05,0.00032580906754192413,-0.00018553247161714697,0.000591131994088944
2024-06-12,-3.260651840593996e-05,-0.00010719949054490361,-0.0001324859826261153,4.211111695068949e-05,-1.4265861773034457e-05,0.00017979412485692406,0.0009213077691465359,0.00027492085013250286,-0.0004076313092685911,-0.0002280346746145583,1.1892409242271473e-05,-0.0008141335871692669,-0.0001405056566765022,0.0007490075091013955,3.035616609107189e-05,0.00015167919399222706,2.877250584808655e-05,7.060328959850944e-05,5.471735439952635e-05,1.5749821869528042e-05,4.229842242732898e-05,-0.00011840141899195567,0.00029840077362664337,0.0001698821820954564,0.0006050963094487053
2024-06-13,3.391297934669417e-05,4.1893406730243276e-05,3.504595524170845e-05,-0.00011209442306490616,3.2022955916148896e-06,0.00011332694186031698,0.0005669375747501534,0.0002989418440015661,0.0003830840314916887,0.00015835897129901872,9.390055198950256e-05,-0.00013344808382057406,1.7885994198477595e-05,0.0018587760016623774,6.780018815067064e-05,0.00011754300493275967,9.422633717260795e-05,7.016638092228771e-05,0.00015932276698480568,8.195186502861695e-05,0.00012815710832245992,2.6348639182606677e-05,0.0003059908911046896,0.00012041836806331542,0.0006640002492913522
2024-06-14,3.6663507800325096e-05,4.3755089070960355e-05,-0.00014627895724281774,4.0565255025382867e-05,2.5524905850797084e-05,1.4277545977000737e-05,0.0006183700448146238,0.00028134275507043913,0.00034536952842591803,0.00015224513362304881,0.0010503590281637936,7.150665996140512e-05,0.00011782293915594213,0.0025740626264500414,0.00010124275657055193,-5.610439972036219e-05,9.266534042619019e-05,5.915892920377841e-05,0.0002773855322411042,9.60177340580018e-05,0.00012779285171524214,7.917660665086351e-05,0.000314775915869716,0.00017054801734410802,0.0006498503100176858
2024-06-17,-3.408766266446492e-05,-8.948760688852868e-05,4.6090438763835215e-05,4.990975723494044e-06,-2.712293696090448e-07,0.00015314992856158,0.001028516728138962,-0.00019586407037231347,2.8759160986687956e-05,-2.8444285928969657e-05,0.0012535421796102083,-0.001969588219101865,0.00021261038149852422,0.0023913797040919778,0.00015299706950973077,0.0001744706026094904,8.834724860191214e-05,-1.0807709216989058e-05,0.0002391933974098755,7.02329874256702e-05,0.00011634101207483547,6.550180279675061e-05,0.0003035133299926175,-9.831913571827075e-05,0.0004981414048111553
2024-06-18,2.5529193369620066e-05,6.654797997210996e-05,0.00011404092048069053,2.6551063256122803e-05,1.6687406472987692e-06,0.00016490004926751495,0.0010377936957124295,0.00019741650153333977,0.0003070108716449885,0.00012843224806196373,0.00011111506923074024,0.000647458325545432,0.0001269287812114265,0.000412818211098596,0.00014225898825056212,7.398639529150022e-05,8.581354162550241e-05,3.124645002577168e-05,0.00017299065647656645,7.105416850504205e-05,0.00011442824024450999,4.117031245591793e-05,8.400597188126216e-05,0.00014946813921864013,-3.734490981186205e-05
2024-06-20,2.4807967338241354e-05,6.761382466405997e-06,9.921969521675285e-05,6.737683517494933e-05,1.2840621916131147e-05,1.3172199890034065e-05,-0.0006028346594645883,0.00023839205317019896,-3.727763853182925e-05,0.0001479045050391986,4.635194485848554e-05,0.0005154915147537269,0.00018057101528346146,0.0018302475408400634,-0.00018189646819585643,-1.2743437101980597e-05,-9.71415559528871e-05,4.2172516872073525e-05,0.0002066706475661633,7.920929883451904e-05,-9.217340773621491e-05,5.502456222042406e-05,4.952073757512365e-05,0.00013825183312006863,-0.0014755709325071074
2024-06-21,3.0741237773319354e-05,6.0072930979469314e-05,0.00011288623514847003,0.00011399918079682053,2.4414004070146225e-05,-6.915901312051187e-05,-0.00047116167364102013,0.00023783337431233456,0.0003492827316362528,5.897909497560642e-05,0.000313018938904782,0.0007821080888529041,0.00023215256924884027,-9.975857329241216e-05,0.0001326048276740783,0.00011095861073909538,9.302131502443415e-05,4.67135107152185e-05,2.1852545195838094e-05,7.966293879728657e-05,7.662565732668498e-05,7.203347888681675e-05,8.300630378991893e-05,0.0001316631071914328,0.0006610351600439764
2024-06-24,2.1708346298463947e-05,-6.364679352402305e-05,9.939670287663048e-05,9.625935393844286e-05,2.3307141065111515e-05,0.000172286646947426,0.000975323742008861,0.0001564561893841234,0.00045321697581946304,0.00012034293019198069,-0.0033456469228698247,0.0006148025509829266,0.00022588855367676523,-0.002257166317902309,-0.00045361490659980643,7.840678424333663e-05,3.0980786298655206e-05,-4.430261533652358e-05,-1.851852673663074e-05,2.6809995064127674e-05,0.00011560144120272151,8.167124325807166e-05,-0.00013649553333378153,0.0001422628327677204,0.000630520381635235
2024-06-25,1.7663160375881144e-05,-5.46600409311888e-05,0.00010446266477578302,0.00011049116167461513,2.4139147023814717e-05,0.00014516170282611525,0.00039778773772957375,0.00022421041153359675,0.0004405224113404459,8.972275968893693e-05,-0.002573447981397813,-0.00011311467294261308,0.00022398133780923707,-0.00013118341579738415,0.0001746529441762335,5.712717602913288e-05,5.0013237125949746e-05,8.164130429875842e-06,0.00014263410826895564,-6.788759373548311e-05,-5.963546460547854e-05,-8.633336018645414e-06,-0.00038721368472173316,0.00014612380234986042,0.0006682407760906969
2024-06-26,2.8746165722442546e-05,7.634392410678683e-05,9.385310596241627e-05,-9.580055965979434e-05,-6.68131816103629e-06,6.308570237719445e-05,0.0008871947614248344,0.00032620318187971534,4.480211636102063e-05,0.0001350603079533278,0.0014942714861403265,-0.0016936365127325288,0.00014229364875656937,0.000607076009740296,7.789203531277024e-05,0.0001068806705523502,9.950377077569907e-05,1.6667395568409688e-05,0.00014701676377797314,5.7765715942534044e-05,7.860947867183361e-05,6.393942935683837e-05,-5.644471420611163e-05,0.0001215726345453742,0.0003239173434243117
2024-06-27,2.5524633275961213e-05,6.933570011371525e-05,-7.362228693638708e-06,0.00010638214369219783,2.065738762779204e-05,2.661342395242881e-05,0.000868742846934756,0.00010461718154286832,0.00042749641634063116,0.0001373314439277576,0.0010947224984376005,0.0005568900015225082,6.402635095278571e-05,-0.000483306711982927,0.0001755027960643898,0.00010487691631248607,0.00010502414973874864,5.529605145153058e-05,6.117027944125041e-05,-2.5623734328049128e-05,1.8138570101246892e-05,5.2788119224464594e-05,7.692714352907917e-05,0.00011513472294835714,0.00041033429738827106
2024-06-28,1.256782191562356e-05,4.8481092958300805e-05,8.327607516999121e-05,-0.00024118248990056667,-1.852628400292657e-05,0.000154658278220476,0.0007260892179455574,0.00026697249093578555,0.00017563269955657494,-3.220585554684284e-05,0.0012230537750432026,0.0005707525265948144,0.00016041379424617155,0.0013498891056629918,0.0001606201939884844,-0.00018416607319831843,8.500771374066036e-05,3.8461249300063594e-05,-9.66355931357891e-05,7.549959259146879e-06,4.600978331100907e-05,-3.6350404459116944e-05,0.0001073997028927874,-0.0007048561393909556,0.00022362923665306854
2024-07-01,2.203400463881059e-05,4.011332957195717e-05,1.8078840312382908e-05,-0.00018035547292618169,-1.2118289236497222e-05,0.00014311641258569523,0.0006374913226323867,-0.00031180719284989143,-0.0003643103914941057,-0.00031973016458923233,0.001195807930596713,-0.002879154433575011,2.575492830944186e-05,-0.001041988402090928,0.0001585498139488254,-5.666836127517219e-05,7.425937830734549e-05,4.240259239692049e-05,-9.420609763778439e-05,-2.085970361154141e-05,4.8752875617352886e-05,-0.00011019778147256541,0.00010226771114852096,-1.591940360246152e-05,-0.0003498007308428093
2024-07-02,-2.0917384334594098e-05,-3.926820303188143e-05,7.613585141912486e-05,7.412171106467604e-05,-1.754699594827489e-05,0.00015005440624440473,0.0006963644587027505,0.0002679755592488147,0.00024281229268039372,7.877057944498426e-05,0.0009805111524760917,-0.008675419607549511,7.800312718322725e-05,0.0008311810210156229,0.00015782860444100234,8.205236553279264e-05,5.611648021887997e-05,-8.830554100566654e-05,-0.00010424096702506036,4.0279622589180594e-05,4.2913256311635044e-05,2.602086543774415e-05,3.868616227912483e-05,0.00014953218483306868,-0.0012037145706394995
2024-07-03,2.2035462783684666e-06,6.683769415547839e-06,8.457973396563013e-05,-3.5192536944890566e-05,-2.9894259927525432e-05,2.2499783429357563e-05,-0.00032087774818717314,0.00028869530289121184,0.00048159133727778314,0.00010090878799347791,-0.0008387540638660784,-0.00274730277435283,-0.00015829319762580341,0.0013035953646251207,0.00010626869733027621,2.3880329641610973e-05,3.595517137158308e-05,3.191660459380238e-05,0.00016139298582810508,4.370512033022652e-05,4.080689644045043e-05,7.304207242640153e-05,0.00010268239001375945,8.471843569599976e-05,0.0005737754647720741
2024-07-05,-9.983043320016891e-06,-2.9776566622742264e-05,6.016368486176231e-05,6.230683414681343e-05,-2.1415317480741502e-06,-2.8743116449405693e-05,0.00022453530926316964,0.00020146640754910904,5.482402666081405e-05,-0.00010284798522683626,0.0007734656817295874,0.0010585395214504744,0.00010012553373518678,0.0013768265843833517,-0.00015999969201782574,3.0865902462135346e-05,-3.3095079027842214e-05,4.0004197526438265e-05,-1.6942673284519162e-05,3.678453485893204e-05,1.4401152023018583e-05,2.8531893666988706e-06,-0.000568652615814024,8.02323682863644e-05,-0.0017132892994311919
2024-07-08,2.3490255612107314e-05,7.765971225101919e-05,2.597492020416808e-05,0.00012195703931533495,2.544481677643445e-05,3.6150612801096743e-07,0.0005614933160671299,7.47149402253277e-05,0.0004947810339954551,0.00011280377592280497,0.0008090569813696162,0.0014706364684200631,0.00015475497114711818,0.0010538052479153208,5.8969791759810544e-05,6.857959855846773e-05,3.908502800453011e-05,3.1874312154038187e-05,0.00015765586855088576,3.116197622181874e-05,-1.690454522953345e-06,3.5911988678388767e-06,0.00011216489169291393,0.00011753007861952001,-0.0008450615300308408
2024-07-09,1.6304043895804297e-05,6.104886141458809e-05,4.595023178361201e-05,0.00010432029289176583,2.1415575162878022e-05,0.00015416640191955722,0.0007119646234052797,0.00012976487138703332,0.0005220646223328042,-0.00010784728048912951,0.0004375357120873139,0.00017530485902912782,0.00012015749177778693,0.001208506163006077,1.998989043407535e-05,-1.2172832483696268e-05,2.6483111095075912e-05,-2.037563041376868e-05,1.4191984998415121e-05,4.201656271851135e-05,-7.591461884955724e-05,4.075729703704303e-05,0.00012729410033940832,9.241878242266475e-05,0.0005793326495676547
2024-07-10,-7.965629433327653e-05,-4.57593097734021e-05,-3.158699928067083e-05,0.00011506363740560722,1.9218215369735014e-05,0.00014087531735079817,0.0006206388989268809,0.00010119387622673565,0.00018722283988825385,-9.707772090625951e-05,0.0003601089117874829,0.001549007655696015,0.0001178980965201971,0.0011852579883689627,5.593266744288242e-05,2.0940717453078392e-05,3.179963253507833e-05,2.742668151465613e-05,0.0001631852346146412,-1.2513842290227332e-05,-0.00021267834956001605,1.054081824999086e-05,8.488511690986614e-05,0.00010271929112141528,-0.0007814307398591559
2024-07-11,-5.246463846456508e-05,-0.00042401958814273393,-0.0011863089986294845,1.3187454693429942e-05,-7.725036631918468e-06,-0.00022633106994944703,3.907690114896933e-05,0.00015094341279220516,-7.037645758263371e-06,-0.0005047838308789088,-0.002179018760848787,-0.006221053722751647,6.971683792223299e-05,0.0005275892444647765,-4.262957148444549e-06,1.3836927914910146e-05,3.186862023261936e-05,-1.981425096788729e-05,0.0001481963348001091,-0.0007596172962660921,5.484523577152489e-05,-1.218961814437984e-06,4.494754211352847e-05,8.824149442600168e-05,0.0006177136258208329
2024-07-12,-1.3418132547501223e-05,5.940260377202376e-05,-6.401577561359045e-06,9.111735634051133e-05,8.722609175733353e-06,9.462103429146829e-05,-1.1957966862292967e-05,5.2743449506463145e-05,0.0003865921325886273,0.00014759459517862025,0.0010725535198088632,0.001097504977402106,-0.0004501634611781289,0.0007973257616475661,9.922881973470865e-05,-9.729181208141237e-05,-2.0502439108810478e-05,3.330607344860241e-05,2.8506445673248226e-06,2.5724900116656537e-05,5.683240535473022e-05,1.7750852882828968e-05,4.5442153088543215e-05,6.616013194698917e-05,0.0006276672841442373
2024-07-15,2.0419673649686905e-05,8.582762826576873e-05,-0.0002192133242569529,-2.9183808962371233e-05,-8.452626482522576e-06,8.420973351204893e-05,0.0003751870456783846,0.00012740269713926034,1.8869842570047883e-05,0.00014669869679238387,0.0012480682827234982,0.0016831342105708446,-0.0002459859394992962,-0.010605059953730962,-0.00011979994804840402,-0.0008042078523225579,2.9342008277654056e-05,-0.00017324909206719485,-0.0004863102270497769,4.032366209374559e-05,3.969624326654462e-05,-8.877430388078103e-05,8.482929473223905e-05,7.207541437101786e-05,0.0005300380498606027
2024-07-16,-1.0246412710303043e-05,8.400804939167564e-05,-0.000983708089870838,-8.745552064948915e-05,-1.1955614096978072e-05,-0.0002944960695078787,-4.1209563436389455e-05,-4.931643846972845e-05,0.0002629977514873802,3.0802567491502664e-05,0.0009555959408349112,0.0016936055900134976,-0.0011042634150683912,0.0003411980711999923,9.201432544318109e-05,-0.0016222622775671392,-7.567987349435872e-05,-7.920501836446865e-05,-0.00014234087590658074,-6.493913726607692e-05,-8.467339727889729e-05,-0.0001451586663682647,8.296643361852164e-05,-0.00018874467842370748,0.0004660324540038521
2024-07-17,-0.0001729776749381215,-0.0008051448043449907,8.857973823645045e-05,0.00010781973666455662,2.1925539618486225e-05,9.076174720898125e-05,-0.000742427330848693,-0.000244570240405421,-0.0003917164801512645,-4.7937283293508754e-05,-0.0035259210811643075,0.0008793695378691668,-0.00021745414236326536,0.0014926246356919638,9.9156219380954e-06,0.0001702577638582918,-0.00022005319746074367,-9.5688533182802e-07,-7.745870664674031e-05,4.4398464226598166e-05,-0.0012500326289577252,-0.00015172805381797182,-0.00010521400384850966,-4.8841559339498155e-05,-0.010950444930087375
2024-07-18,-2.2213701357766066e-05,0.00010720902399823005,-0.00019048790362716697,4.514292423598412e-05,3.5221896369561808e-06,6.35474157632719e-05,0.00011545068204790878,7.656436397408852e-05,-0.00013350616800143712,9.143328678070403e-05,0.0007392698668873706,0.0019118931799196111,-0.0013436992790543869,-0.0027479777482254347,0.00010729641825699775,0.00019636649886769795,4.516688834432272e-05,-8.931930798185754e-05,-0.0008793758632440159,1.5282312977030503e-05,7.847103893748818e-05,4.4121135829972066e-05,0.00011423745411376552,7.049053700106057e-05,0.0007325640013565072
2024-07-19,-7.269933173219261e-06,4.35619397564051e-05,0.0001822112177939301,6.696227956612349e-05,8.33890534155193e-06,-0.0002223451689069617,6.614170884776594e-05,-0.0004448294600023592,0.0002994587347428262,8.052515083370527e-05,0.0007468942115748362,8.780460487360403e-05,0.0002704545433654768,-0.008198921706232215,-1.0180027948197956e-05,-0.00034823008775669757,3.991361702953851e-05,-4.1756834154124746e-05,0.00021708933971937888,9.365688260477587e-05,0.00011419979046963609,7.021312434902018e-05,0.00012056628425868618,-3.116687420611538e-05,0.0005547020190252179
2024-07-22,-6.600980772168309e-05,-9.151825349800307e-05,-3.962264150396457e-05,9.06655298853524e-05,2.1177053512527147e-05,0.0001222551411764754,0.0004388451223536479,0.0001353328241942365,0.0002906942010883146,-3.791846734054922e-05,-0.0007406526562536032,-0.0006613743307613777,-0.00021089940028029563,0.0014933078670884834,7.639663800399036e-05,0.00022654129368292452,4.461787283566531e-05,3.494214060320789e-05,0.00020656223543201544,-1.0031672621862693e-05,0.0001288575303657383,7.547460289745185e-05,9.371722628431646e-05,-0.00019330325311418104,0.000528235075966117
2024-07-23,4.2090815489378254e-05,0.00012339161772805345,0.00011055010033175358,9.517880888269473e-05,2.034952957239772e-05,0.00010160681121238726,0.0003622147012792243,-1.245385537880194e-05,0.00024548822342401787,0.0001286175121471863,0.0014066928344533289,0.0015525038035128426,0.0002854198421720697,0.0015005269659245097,-0.00015702072977714508,0.000127896081619115,-0.002960900140776041,6.285787143906349e-05,0.00020858138760903187,0.00010098809149977667,-2.574304363175614e-05,-1.7696109125945735e-05,0.0001060522230257057,-0.0010791959840785043,0.001092217999775384
2024-07-24,-0.00048088767085467264,-0.0011982478288799807,-0.0002430471848845304,-2.083324957472434e-05,-1.6487915462003282e-05,8.893001386055374e-05,0.0002018835093986853,0.00015369854708874122,-0.0005887004012381468,-0.0011896351172626914,-0.003553175546086291,-0.01533284681079053,-0.00406486632701237,-0.00021523503356427748,0.00011229892414465552,-0.00032382407087798887,-0.0005506159918408321,-0.0001236924938171412,0.00013174523633631364,-0.00011879153349683698,-0.0005164007168748889,1.3560609400505195e-05,0.00012089523203601238,1.444340490783843e-05,-0.002695313452570333
2024-07-25,4.549822504371901e-05,7.907765954582978e-05,9.883469972790952e-05,3.622663260643561e-05,7.000631158637941e-06,-0.00014756823386414156,-0.001253629624295031,7.952487152628744e-05,0.00028541082585742156,-0.00039893748590865867,0.0011181561702843367,0.0025642661611071094,0.00041424024366399975,-0.0010161018186271272,-0.0002147660208932236,-0.0003130811939412427,9.265215413521171e-05,5.624939166830228e-05,0.0001950493466045722,9.926644971585552e-05,-0.00028507212461175373,4.209559627994054e-05,4.190056851253157e-05,0.00013840039280016783,-0.0005309591307019529
2024-07-26,-5.056770785283972e-05,9.758054851675452e-05,-8.719839119918646e-06,4.590806538832399e-05,-6.910363559131086e-06,3.5168549044549787e-06,0.00034493979524174707,-0.00016027428312922259,0.00030412770063410223,-1.9120389546715218e-05,0.0011552466657784044,0.0029260142477404672,0.0003660214742205449,-2.5843938399110374e-05,8.418912349351449e-05,-1.1048582000292516e-05,0.00019840351595445667,-0.00017392256576914775,-9.347794702233478e-05,-0.00019847125359959445,0.0001439239174737755,-9.041618217171346e-05,7.607121908879132e-05,0.00011936218648189853,0.0014239408953338319
2024-07-29,7.983494840826224e-05,0.00020313706785362692,0.00015030615632264754,6.953478765765737e-05,1.9343956336311836e-05,0.00011266521507094077,0.000349815534171829,1.768268761592287e-05,0.0002859346867997963,0.00024850783969245,0.001034191522261271,-0.00015548979762476005,0.000530981997059895,0.0010172606401065575,1.5239132834453704e-05,2.937301106302855e-05,0.00021354092009275244,7.717090955763138e-05,0.00016630281126471535,9.200171987247301e-05,1.4851860835477984e-05,6.799471465931709e-05,7.423111504130642e-05,-0.00040188727910721143,0.0015569808502560332
2024-07-30,5.426471667702983e-05,1.5850442656897633e-05,0.0002619626931344858,8.423966013795486e-05,2.317322955739957e-05,9.068259785759313e-06,0.00011941544287171613,6.658700081400027e-05,0.00028023926691222284,0.0001803390013135921,-0.004140295833467244,0.0012310827219989943,8.136700470847384e-05,0.0005245591456069468,-0.00014460311269535244,0.00027126742120856445,-0.00010963432556182831,-5.240678432005518e-05,-0.0002074888555732837,5.456260320537989e-05,-0.0001086059942746677,-0.002373195681400942,3.941907548869625e-05,-9.52408162804363e-05,0.0014632669629351296
2024-07-31,-0.0001793553073482229,-0.0006345411282514736,0.0002427257663931684,-2.307187805041987e-05,-1.1621561666741917e-05,-0.00020895825569712274,-9.76094447440984e-05,-0.0016922403078187534,5.105553726885315e-05,0.00013771329638256283,-0.013047132526357391,0.0013367844429608574,0.00040312294815780716,0.0024240960789683984,8.769295888239924e-05,0.00015638787676110024,0.00020135808560705284,7.936304167151336e-05,9.264366134400967e-05,0.00010189482526277368,-0.00026810249482685597,0.00018653653707966457,1.5867156727170103e-05,0.00019113213804769632,-0.0002827024459796715
2024-08-01,-0.00010877843073421461,-0.00034050007210295857,-0.0008189463810399973,-4.175946581014248e-06,1.0555168058155011e-05,0.00011857336022765072,0.00019294353988888612,-0.00011877006227009308,-4.585126370402603e-05,0.00022775173556045293,-0.002491179594205479,-0.001624567476787651,-0.0021717147756360466,-0.0005851711437669369,-0.0006150711722971023,-0.0015501060678578568,0.00010501495447641846,-0.00011805555206920245,-0.0003185241466403394,9.846854573262388e-06,-0.00010041475249170857,-0.0006998813476054743,-0.00019364866760675995,0.00013655938026799523,-0.005843145005826476
2024-08-02,-0.0002499046416256204,-0.0002893508203899726,-0.0009633259033860566,-0.0008713129236729432,-7.463215560704357e-05,0.0001274848926257013,0.0003906991921206387,-0.0012482821692210272,0.00019406000907643123,-0.00020073216590843105,0.0022102467714685166,0.0008307817709367767,-0.0015363613417278437,0.0008689682783574286,-0.000536895279901125,-0.0006369714791671878,0.000275643740991642,-0.0005299185039787487,-0.0016529524827179555,0.00011413261688705748,-0.0001818118886752516,-0.00042423495363492917,-0.0002768383539762165,-0.001266781714702253,0.0019117975078118657
2024-08-05,-0.0007520179708672631,-0.0006007821190435495,-0.000664606442659425,8.472006911425947e-05,1.56543206074383e-05,-3.871683096565691e-05,-0.001814868128509806,0.00033026157525018965,-0.0021953038149377714,-0.0008437141992949708,-0.0018754554570601478,0.0007181261014959123,-0.0007925415514580482,-0.0032895354308007246,-0.0003155237212544523,0.0003205026757885888,0.00023724848770557256,-0.0007434729503832205,-0.0001351479225486758,-0.000727365336526712,-4.101410443789434e-05,0.00015430208283462792,-5.0256367169393686e-05,-0.000144016654933141,0.0016102528168972573
2024-08-06,8.336502724931835e-05,0.0002693307094419695,0.0003444808924462356,-0.00040139700230631975,-2.1918222476329283e-05,5.9016053610946945e-05,0.0003461198403670514,0.00022415370045313087,0.0002540868470297304,0.00018133625216323386,0.0012767476804491482,0.0025901172810639723,0.0006670764025161558,0.0022076577653431595,0.0001583287560443976,-0.0004087298486200561,0.0002245314350226987,-8.660488353599068e-05,-0.00041420799711098746,-0.00022196859510597607,8.74252194217906e-05,0.0003009887661231694,8.023906146684751e-05,-0.00032363730897226926,0.0005771001981471277
2024-08-07,0.00012715335374918925,0.0002458457784233397,0.00032346626406363474,8.822344299123624e-05,2.3958348421808593e-06,0.00011808615586737733,0.0002607877895707902,-0.0005917715091037633,0.00019870400935837723,0.0003050190953821218,-5.2860729045139856e-05,0.0006210953011057123,0.0005777382497688247,-0.0038694638242001305,0.00017955068589649338,0.0005349068014855597,0.00011400034552024648,0.00018264301210892174,0.00038487609375496097,0.00013307843009165176,0.00029855490865058866,0.0001672684880632008,-6.802160322506192e-05,-0.001762126848891465,0.001652544579890055
2024-08-08,-0.00034777354552856243,-0.000537083579588121,-0.00010484549598408286,0.00010171715810126908,2.4050783549492655e-05,-0.00012389100810875395,-0.0003300032127869761,0.0003028234667940604,8.851898651685838e-05,0.00018966242791392803,-0.0007055017749359647,0.0013952247272444641,-0.0011008439116132244,-0.0020274407654261198,-0.000261388426121836,-0.00044555014325615256,0.0002529933064155122,-7.496888987675368e-05,4.9628597120506435e-05,8.790229028133815e-05,0.00022400871796415762,0.0002784075763890608,-3.250421555936196e-05,0.0004299585224526349,-0.0015437962982434777
2024-08-09,0.0001784746276919908,0.0003875598171603026,0.0004941171143281034,4.504247313187834e-05,-2.2342900307185063e-06,0.00012494112372275017,0.0004712000322299438,0.00025388206890142876,0.00017043699135307457,0.00022963519963610087,0.0029812289989957744,0.0027471768805717852,0.0010254564722667766,0.003065042623834519,0.0002096034022856072,0.0005462628102241925,0.00028657421680476126,0.00017604459919420582,0.00032299661769578513,0.00016389224059340957,0.0002758644410464818,0.00029832488411312596,7.736611628239363e-05,0.0004214872218479864,0.0016657185834646313
2024-08-12,0.00019451272705933582,0.00038462381186913687,0.00034849202394374434,0.00012832424618788562,1.9438474027745156e-05,-0.0001746147461309328,7.627150144616794e-05,-0.0005811220313706384,0.0002860364858591412,0.00026293443577317285,0.001209828615458937,0.002197158055690958,0.0008698837090999273,0.002927112192967918,0.00018492277914098875,0.0005398848051185168,0.00019399438396467837,0.00016470003948993378,0.000395301319546987,8.813234622435797e-05,0.00026092076698768424,-0.00018993093915173998,-2.798207003932787e-05,0.00042045929241333165,0.0015608821749417577
2024-08-13,-7.343154394926678e-05,-0.0002131123663803996,0.00016060265681973785,9.345828141228634e-05,-2.538657043329026e-05,0.0001278150206416845,0.00044481120688375295,0.00027642529720893125,3.947452499804201e-05,-4.1223946024425526e-05,-0.0011200626572518053,-0.00028636330781607686,-0.0005787379205516271,0.00248107378202789,0.0001153164562562206,0.0005088334381124647,0.0002684404580482924,0.00012436093409456516,0.0003195378342156027,6.680173985311395e-05,0.00019566275762170223,0.0003153687609825054,2.614474526926702e-05,0.0004117930943680205,0.0009349139827955271
2024-08-14,0.00019687381721573892,0.0004200242031976566,0.000383994191296041,9.743862108341252e-05,4.828720580383175e-06,6.26642083748809e-05,0.0003205731931370903,0.00026021201237616076,0.0003267588416977813,0.00023631528309474246,0.0028250138312397705,0.0014496485979976822,0.0008295632632691253,0.0028111534491256046,0.00016886236489384117,0.0005182134092074072,0.00024393644802134603,3.714890062922929e-05,0.0002406560744966876,0.0001372401012729462,0.0002868081161535099,0.00023510596056835928,3.775544319867878e-05,0.0003626307200438221,0.001961011505646229
2024-08-15,-8.34051109687675e-05,-0.0002023361180436299,-0.0002923317808998956,6.224683830694167e-05,1.4188926695088433e-05,0.00010226098003790532,-0.0003835044255463682,0.000332641405686295,0.00015030864519901635,0.00014250013726249894,0.0015251384750124316,-0.0012893878344379978,-0.0011588389170762096,0.002815997017336434,6.234800057154159e-05,-0.00011994197840682933,0.00025950528255211353,0.0001003536631713344,0.0003141517214843118,0.0001357986473427023,0.0002647766229467927,0.0002817537875515081,-0.00396527759471402,-0.0003911867823745531,-0.00014643244313748954
2024-08-16,0.00020530780869337483,0.0004039506467349887,0.0003860781954141053,0.0001192816316542109,1.5232154511907095e-05,-0.00037878134563917073,-5.5093608854209e-05,0.000230256090547473,0.000270056745132202,0.00024114815423102666,0.0027356194830319997,0.002551221955305401,0.0011193561625046742,0.0011905748626791746,0.00020471684070414887,0.00042322176839390297,0.00027434611398285464,0.00013360599370067997,0.00021298222705313607,0.0001335700470506413,0.0002049486412770012,0.00029853809526289343,0.00026752219143920056,0.00042171017546247945,0.001374746833278968
2024-08-19,0.0001167877794777507,0.0002341457271006368,0.00022475912177171825,0.000107716370318003,1.8078575214875123e-05,0.0001333476232706537,0.00020457859107266552,-0.00022499576176891116,0.00028270994217660824,0.00022451688726325296,0.0010890621373872888,0.001735196809023913,0.0005481155259094415,0.0026842827736401876,0.0001606651868640432,0.0004517611910696451,0.000264751104852537,0.00015238425657249107,0.0002448521984065726,6.093018611011182e-05,0.00020340005018565968,0.00028671901669417453,0.0002985394915965489,0.00016987292445020953,-0.000542679366366436
2024-08-20,0.0002072185924013357,0.0004050327774130577,0.00024153417641610946,6.521247120781388e-05,1.633594492756855e-05,0.00010482090337410465,0.0004207234740866282,0.00038746357774903487,0.00027570761322932516,0.00021776756125318738,0.002506544129831936,0.0025439625446569557,0.000927940054038502,0.0008651290451704976,-0.0005114079606785338,0.00041733536959114335,0.0002685548573292582,0.00016805689832471272,0.0002762036842136411,0.00013175957517645856,0.00019358712477925244,0.00015867752007546097,0.00019032740916248494,0.0003207148690111352,0.001429407239270518
2024-08-21,0.0001924809260337765,0.0003760598351064126,0.0002056337222798875,0.00013081710842558552,1.844789548471032e-05,0.00011718896791159098,0.00041394914758302023,0.00016200891221816868,0.00028326216133676377,0.0002687214704369295,0.002774880470125146,0.002366879198310234,0.0004971143721578474,0.00019911703123876414,0.00023571247208955818,0.00043142100880433544,0.0002407448378563217,0.0001745060437950113,0.00029549212834399674,9.92171797013418e-05,0.0001423310181581488,0.0003018935726773371,0.0002305119513316017,0.00033794261766053436,0.001360682587880259
2024-08-22,0.00014267277809542413,0.00014279262646015262,0.00029766818444878845,3.1587357670276786e-05,6.745948959042613e-06,-2.6744640120958193e-05,-1.7845932481885926e-05,0.00027072242844453163,0.00021352519555006572,-0.00014838399781516787,0.0014476198647287775,-0.0009355991038724853,0.0001749188185060039,0.000757822847455453,0.00021796040911311159,0.00042296582482915493,7.814450245526266e-05,0.00014461435474720806,0.00020699329235701998,0.00012046000542630096,0.0001675052859518109,0.00029897369644612995,0.0003015353208135327,0.00031882023714516043,-0.00012154872510121211
2024-08-23,6.766978603726713e-05,0.0002227652282167341,-0.0006335664761656958,8.749230478633173e-05,-1.0177090670368435e-05,-6.289974328255209e-06,-0.00047159564235035905,-0.00023807689834441588,0.0001346994594473893,0.00021129473616001739,0.0006988842138272115,-0.0003299251195304953,-0.0010321172423611686,-0.0018201297586551454,5.276408018040329e-06,8.815979567445122e-05,6.0484154772019825e-05,9.462811614302588e-05,0.00023703147763990456,-0.0003560625332311716,4.7149008690241186e-05,0.000261885480812758,0.0003204337711233653,0.0003425575400304784,0.0008496770243044357
2024-08-26,0.00017830936745042865,0.00024359357181428495,0.000400206129573591,0.00012229323190168814,2.192617642766021e-05,0.00010913613641927856,0.0003882187759863606,-0.0003896504766030389,0.00024168890165325861,0.0001238280561815381,0.002252856421448124,0.0006934336709640187,0.0008797144165580439,0.0009617333316518889,0.00014140389674313733,0.0003177137804919115,3.574500477718394e-05,0.0001617846043414716,0.0002845133774762161,0.00014252874735839896,0.00013925323150059857,0.0002463986321235003,0.00030044060598833017,0.00021416049269754647,0.00015226230612481865
2024-08-27,0.000175643138679115,0.00032938031903338873,0.0003249235421803416,0.00012280587160923,2.1245068504401723e-05,0.00010651077424063084,0.00040610265903950784,0.00022422543116360177,0.00022985299642390534,0.0001752364334124524,0.0025874849163548866,0.001469509679033028,0.0009539728778590181,0.0013710740560254997,0.00013712796467004119,0.0003655654387895667,4.888471063307948e-05,0.0001324817055909366,0.00026392001475777807,0.00012406517379075528,0.00013948689037964436,0.00024591821919589833,0.00031802453302548776,0.00030667801601714324,0.0012625893333804753
2024-08-28,0.00014371285311565906,0.00020830322757779422,0.0003359603345162138,0.00012289996323586264,1.7450712931613895e-05,6.438290280266307e-05,-0.00020647401891864655,0.00035757258913435427,0.0001985534281533762,0.0001135696546327138,0.0023492049156481985,0.0014073671468390098,0.00034450991390218766,0.0004055003924768241,0.0001840759039124603,0.0002797865492562396,2.4956387025350315e-05,0.0001543065334657526,0.00025856453126868505,0.00010966173854873125,0.00010194942068050189,0.00028764073963874064,0.00031912664073166985,0.00012791460404348648,0.0004965204453426904
2024-08-29,0.00017804597995224508,0.0003330615870566932,0.0003332561993801791,0.00011294518217991944,1.897838101847615e-05,8.475244351088995e-05,0.0004090884794947738,0.0002515474434208873,3.739132063997904e-05,0.00013688914289302183,-0.0018224516263537008,0.0015988574815883052,0.0009282682911133602,0.002038297290146719,4.713039393641549e-05,0.00025302074964031365,2.234566956258466e-05,7.481984422840123e-05,0.0002452900378588499,0.00011303460792929621,0.00011910831046245022,0.00012127701678115455,0.0002975977962578014,0.0003556987204721444,0.0012767870095250068
2024-08-30,7.35539133099321e-05,0.00014835052690253148,0.00035123924651657293,3.657505231905841e-06,1.2463572321320789e-05,4.4100368552112326e-05,0.00010560172398436777,-0.0005818915039903427,0.00023410221159975638,7.613451779717314e-05,0.0017474417248721672,0.0001232254354345682,0.000999428137640981,0.0014457379370808273,0.00020910303271053145,0.0001868241242463945,4.125931540021312e-05,6.818958856599297e-05,0.00012233033241864177,2.9924044732171587e-05,-7.111430313687183e-07,7.576651762932167e-05,0.00020391060325683545,0.00032904612050617404,0.000778375379834564
2024-09-03,-0.0002747563277099602,-0.0006870609829225146,-0.0006378294295067805,-0.0001423361688353103,1.0925248412585408e-05,7.861951957935053e-05,-0.00046837461615247347,-0.0015083884137922288,-0.0005297916277985849,-0.00017257536137076792,-0.008295086470114128,0.001062348249540739,-0.0008972865578106096,-0.004498387376608612,-0.00044988439166632205,-0.0018241859477194115,2.142993218281737e-05,9.54613424260761e-05,-0.00017390732082091936,0.0001216036320673833,2.2943529215930532e-05,-0.00018837038196745461,0.0003054460560713066,0.00017473130305173891,-0.005802601250149162
2024-09-04,0.0001577584575709196,0.0002771991118859533,0.000305673243114867,-8.033810531098629e-05,-2.294730340414625e-05,9.785371885945033e-05,0.00044412791628622625,7.449545943961282e-05,0.00019515120478359602,0.00016795341023078596,0.0019760167622720932,-0.00043163805008417555,0.0008266379260537835,0.001035182341435644,-1.1990541298560417e-05,0.000200548869514952,-0.0001369132377739004,0.00011904564322457116,0.00013505131853008083,0.0001138380989204476,6.209950075229484e-05,2.501774055255127e-05,0.0002849873587879465,0.00029794219176419533,0.0003935249127360002
2024-09-05,0.00010841739538800921,0.00023329287713138352,0.00022525338771410658,5.9336593723780815e-05,-6.9630989574026776e-06,2.0455450045254664e-05,-0.00010665256363396111,0.0005249381321317253,9.306528561272248e-05,0.00010786520886157085,0.0019465158352258431,-0.0010547237609706446,0.0004603892782403941,0.0015775998397754658,0.00010452093203003747,0.0002131547111562966,-7.134985396541493e-05,-4.9493305858441366e-05,6.968166196653019e-05,6.561839361474348e-05,-0.00015708426778485846,7.664122084879543e-05,0.0002637077733648348,0.0002320366853524581,0.0011173465875770306
2024-09-06,-0.00017802438591154232,-0.0005080005939194676,-0.00012349110954598105,6.485744775346586e-05,1.587869760511231e-05,3.433821389202711e-05,-0.0004788949769580129,0.0003445164056040785,8.852529135234355e-05,-0.00017020255567735813,0.0002237285217017034,-0.0064277246387187,-0.0014792935113371853,-0.004431967154937952,7.673254011522353e-06,9.89305633523022e-05,3.7675328423849424e-05,-0.00015329640018406972,-0.0004860168763825791,5.498352156159744e-05,3.264216624551883e-05,8.249087840249097e-05,0.00025999033660597674,0.00018210966245842757,-0.00022282213788391621
2024-09-09,-5.874020320706115e-07,9.987020033106871e-05,0.0002497521898955955,4.356063775086249e-05,1.0000491478424548e-05,7.492824756160597e-05,0.00019214689357094575,0.0004713066243564491,0.00013218458407187765,1.7913362355510956e-05,0.0006974476282907516,0.0009994385414352027,0.0002302377433736698,-0.0005606277725018227,0.0001224783301862706,6.90064710329248e-05,-0.00026107637888674214,-0.00014139388737563764,-0.00028709177514965806,-6.991644334122644e-05,-0.00013446963934476367,6.870122827535087e-05,0.0001873155054647104,0.0001158776355801499,0.0004503070716829245
2024-09-10,8.266792513422595e-05,0.00013773263346553128,0.0002256818435040685,1.239944731259056e-05,7.640846628812424e-06,6.0927958400424765e-05,0.0003576818555109221,-0.000657850645369472,0.00010429500634586845,-0.00031159402274173037,0.0015493049114346407,-0.0003656601856056249,0.0005457667762961966,0.001416683165622484,-0.00014894306626666616,0.00022519559600168887,-1.991540829627869e-06,-3.043314714326621e-05,-0.00271087867216271,-0.00015172579889600882,3.2035772053822e-05,-2.0741293676235304e-05,-8.682354929021897e-05,0.00013713967002541803,-2.637327010576165e-05
2024-09-11,-2.6458983719118272e-06,-0.0002360114962646231,0.00021759663376657827,5.782661574588155e-05,1.3985416800237525e-05,7.843325073055245e-05,0.0003225951650578096,0.0003740735257088953,-2.4691534105216392e-05,-0.000309932349648236,-0.004345828771491888,0.0016711338731287772,0.00032480147741313035,0.0018240839305523535,8.13564969435191e-05,0.00021690488377848724,-2.497493739526986e-05,5.7792003259727576e-05,0.00021430481448683747,6.12108152812462e-05,-0.0001834357262754589,-0.000404434161040789,0.0002859677761504158,0.00013634436707288142,-0.0011650844524207333
2024-09-12,3.6867750021497936e-05,0.0001551113815819295,5.84580359869288e-05,3.584575456293097e-05,1.3449995193541155e-05,-0.00023799306473386647,-0.001503992115258685,-0.00037263530311466473,0.00011224368567596227,7.342837332657688e-05,0.0016810149841728433,0.0016870971741281694,0.0005193860175987165,0.0005796796148795876,9.124172077786276e-05,3.676833206014065e-05,5.356955441914179e-05,7.483234656268522e-05,0.00027389328532525706,4.453302238665233e-05,6.476842275037345e-05,7.293788722227473e-05,0.00017245986855782286,1.4940323081774552e-05,0.001207413240415445
2024-09-13,6.936969228103217e-05,0.00020287501670258914,-0.0003773616030590989,4.910674074256275e-05,1.7236201792268722e-06,-1.6142534630130378e-05,-0.0002824636279309485,0.0005436505863480809,9.511640826067523e-05,7.804368319838415e-05,0.0018417049446453628,0.001596909307560835,0.00043440224844173183,0.0018807053664710975,0.00013928913634078235,-5.243028102535022e-05,4.977771859235486e-05,6.790585485051421e-05,0.00015661047118432016,-4.8971653298294743e-05,3.280936058984499e-05,6.724269672119574e-05,0.0001439686957085628,-5.0763513817129606e-05,0.001088870343827491
2024-09-16,9.52694983886043e-05,0.00020433935107658604,0.00023398360169160688,-2.857778366274633e-05,-8.651564043710432e-06,8.344182234902261e-05,0.00048356900836810736,0.00031554781873381307,-0.0006970064871323039,0.00014637103380257487,0.0014398224322355652,0.0013111731541254924,0.0007296366946781488,0.0017849508068049076,4.117638993721942e-05,0.0001837516947435502,2.8277932744859967e-05,-9.87776657992573e-05,-1.5186500141611218e-05,5.345594480168428e-05,-1.5410448352485336e-05,-0.0002478137419509676,0.00028558507898302014,-5.378097151294262e-05,0.0011951179182167464
2024-09-17,8.158294450778528e-05,0.00019065191428982995,0.0001438241070002125,3.207567904976986e-05,1.131142585392615e-05,5.215033757294347e-05,0.0004266011646533049,0.000400990738203125,0.0001252908767711274,6.466313066380211e-05,0.0016568440284436842,0.0013303041216311626,0.0005468823673035217,0.001844876556036383,-1.0061903025614718e-05,-5.1791611333036825e-05,-5.146176637234113e-05,4.5155491152233823e-05,0.0002495001656647458,1.623951755683422e-05,6.600836387272043e-05,3.271128712111515e-05,-0.0005434132567914903,-3.364226892811753e-06,0.0010129718205694222
2024-09-18,7.266265400379363e-05,0.0001720288623414127,0.00021498712305597874,-9.939433757891764e-05,-6.3144262690922685e-06,-2.162164302460679e-06,-0.0002637730590656897,0.0003146691882750302,-0.00018955337159488655,4.372267961352846e-05,0.0013808351117437685,0.0013412446185584249,0.0006079099062213092,0.001789043522095642,0.00017620895597095294,0.00021116261437983274,5.4733915273719905e-05,6.236267532724116e-05,0.0002211428869011285,6.636231271353771e-05,3.556460687381168e-05,-3.0295474739609746e-05,6.437337025431758e-05,6.133402957359904e-05,0.0007961789101926346
2024-09-19,-0.00020928811377791788,-0.0004409360983444681,-0.00020872083947428874,5.253289363914972e-05,1.069738516030695e-05,-0.00017692998761899184,-0.0005024116183538063,-0.0003374596367236687,-0.0011788688884509517,-0.0001817576855132093,0.00016298987758763656,-0.00374153047747339,-0.00011459765426059321,0.0006435573298116816,3.671490075899349e-05,-0.0022676438347164606,6.15035175160122e-05,-5.0261176980594946e-05,9.116943914016097e-05,6.413388697189565e-05,3.0068305811714315e-06,-8.823037112070645e-05,-6.38790351218378e-05,0.0001067232163690606,-0.002080361744272767
2024-09-20,8.954848957406814e-05,0.00021283197208364713,0.00010608887199906267,4.5989805007620984e-05,1.0371225917618234e-05,-8.635814577582085e-05,0.00036501674476116964,0.0005502826891397052,0.00020926522657093894,0.00010025870952483467,0.0014803845387169206,0.0010208682526726908,0.0004961257479376869,0.0016621203550274894,0.0001412916622217948,0.00021708826610947866,-7.905564612317504e-05,7.646071194204263e-05,0.00029190940367390124,4.825686269544711e-05,5.44396253938352e-05,-0.0001358589310100973,-7.158941205895255e-05,9.065163772016568e-05,0.0011306895355280406
2024-09-23,8.583214776300391e-05,0.00020846681307930842,0.00020592807421057266,5.6968675680224174e-05,8.926295050517663e-06,7.80536504036782e-05,0.000267272441927211,0.0004553682116711672,0.00016040674428191793,0.00014832214782166856,0.0017398917922468152,-0.0007183792545350251,0.0005927757015890173,0.0016791447448691588,-4.126619413433923e-06,0.00033113408807136446,-0.000154934848300941,7.531251488359787e-05,0.0002979896046235709,-3.400615949043366e-05,3.502563783076652e-05,0.00011081990432964017,-0.0001524797884048029,2.522540227497054e-05,0.001127028225585519
2024-09-24,8.083912191270781e-05,0.0001787169532403774,0.00021297538193089548,5.624563918577206e-05,7.2917699093836104e-06,-0.00011837428837040759,-0.0018953369939163545,0.0003311354883284258,0.0002019919093687901,4.147271880619905e-05,0.00015499000303912367,0.0012541196881314858,0.00042658206204262825,0.0015254143769098168,0.00014825167907513885,-0.001147159387694113,6.705675398445014e-05,4.558125278503208e-06,0.00029552772118468236,6.628444069439157e-05,6.075359443155653e-05,0.00010854305435050188,9.643950137018051e-05,3.5039128331774347e-05,0.0009699330631899332
2024-09-25,7.84559927611429e-05,0.00019590850119531502,1.1210596690460899e-05,-1.5719057136447263e-05,-2.660537790310757e-05,7.546985089477352e-05,0.00044902004050029166,-0.00011697316663986546,0.00019341705543060705,0.00010116020249649909,0.0011747117634661034,0.0013308473722765516,0.0002872320365735221,0.0006451776892178362,-0.00024806534712058976,3.594214506170691e-05,7.600812547534186e-05,3.8781435383247453e-05,0.0002487200464267182,-2.3593527252317492e-06,-0.00011985651768457948,8.437659581348943e-05,3.395999940491853e-05,8.904600043105552e-05,0.0005159610653602159
2024-09-26,6.762872537291977e-05,0.00013557793357926997,0.0001418162292298452,5.1902698943365626e-05,1.0295211736277871e-05,5.1185844800597714e-05,0.0005274195329118188,-0.0007424843000403352,0.0001881087647105018,0.00014342539736474116,0.0016204379888604176,0.0012739868488434922,0.00036973308390787074,-0.004136401392343678,-0.00023289452911186113,-0.0006335817588486591,7.49482056671068e-05,5.010390049107951e-05,0.0002905443477417296,-3.7902018503061134e-05,4.733862280446723e-05,8.542824616384744e-05,-0.00021817015780124216,-9.76585986036471e-05,-8.228759642360962e-05
2024-09-27,8.193476757459055e-05,0.0001631302031206962,0.0001228619268422705,3.064637645902272e-05,-5.590186520805996e-06,1.4460123672781265e-05,0.0003874505756796179,0.00021801519560486917,0.00021302351923768555,8.837927040155965e-05,0.0011655320193945595,0.0007928762700781789,0.0002828388947134458,-0.0020995591334448,-0.00022995667718919992,0.0005184445978986125,1.7732483152337297e-06,6.801198087532965e-05,0.0002816692261179802,4.771504775300779e-05,7.23677977637876e-05,0.00011118728176319918,0.00013379361818934338,1.874852457191831e-05,0.0007217846219737246
2024-09-30,6.630633560408316e-05,0.0001814166431877672,0.00016180676345580326,3.609915275164664e-05,4.7692003626156365e-06,1.41885662802491e-05,0.0003066614542335032,0.0005287085872569335,-0.0002994165177991695,0.00011861175378629625,0.0016289993811957034,0.0013777839214281816,0.0003664020407375985,-0.0032857034355230257,0.00014777142621912292,0.0005147144336757713,6.251622734079531e-05,6.232807879843447e-05,0.0002897459023784084,-1.2750798559011172e-05,5.378828786889735e-05,0.00011109960937933302,-9.040403188396713e-06,7.757149378218942e-05,0.0010542557249523367
2024-10-01,2.197103755007562e-06,-7.820876449798875e-06,-2.1156552500679388e-05,7.854641299267098e-06,-1.1911354393365489e-05,-2.8156594097192658e-05,0.0005304645528462785,-0.00041188935231592136,-0.0006461203555271952,-0.0003638089055554711,3.442483374559765e-06,0.0012055600739180976,-0.00041173616803305844,-0.003901160471926957,-0.0003174459500227609,0.0004989232062054853,-0.001204783115010063,4.472806591669663e-05,-4.236168896350098e-05,9.338790789282748e-06,7.097279814800744e-05,0.00011275127562651252,0.00010272130053587143,-0.0004256237012753302,0.00033991747045331586
2024-10-02,8.248896915722402e-05,0.00019013392063164589,0.00017234294815302744,-1.5466541431437245e-05,7.01160187113355e-06,8.388859965653228e-05,0.00033877531318093055,0.00045418641787498785,0.00026945529145213856,9.691097078761422e-05,0.0012082229094443789,7.26526067467018e-05,0.0004180885009508311,0.0022599426621108484,0.00011298407669424498,0.0004834878938759072,0.00012661834120215597,6.834853508847149e-05,0.00030137722188266564,3.629311452968859e-05,4.00732129125163e-05,6.720572628772495e-05,3.21498349850293e-05,0.00010497289261079467,0.001070415289674268
2024-10-03,5.5650621238197546e-05,0.00013962313733189676,7.620183032104331e-05,-4.393023879197774e-05,-3.0433152272458844e-05,8.242497943606306e-05,0.00045268668196764,-0.001170952541236159,0.00021039811334385236,0.00015207400384892547,-0.0001765998725233455,0.00022115052016018406,0.00025905026592265985,0.0018439310763136154,-0.00011781905559187823,0.0003317611557756788,0.00012737531568791252,3.816338224811788e-05,0.00018077064559984056,-3.4672791365395566e-05,4.654782664782242e-05,-1.5344484850890618e-05,0.00014596848485775394,6.486707416289225e-05,0.0003449860875904699
2024-10-04,-2.2883789264780415e-05,-5.757332780336713e-08,-6.869629265179988e-05,-0.00011161141177304642,-1.7869774692947515e-05,7.891809491683555e-05,0.0004979834412175591,0.0004266260717291437,0.00020674023926464972,0.00015276277737495277,0.0006846441395286687,-0.00011510392822776144,-0.0002614044519591398,-0.00033931860288220024,0.0001079968738401623,0.0001541009991340355,0.0001362891713163701,-0.00021377039657521265,-0.0009315832633928335,3.0220826069473024e-05,6.305773972953883e-05,4.4588536531362775e-05,0.00010597121326586523,-0.00016220780396942282,-0.0016447788801302052
2024-10-07,-1.936573519477721e-05,3.147544427196273e-05,7.094735766902516e-05,-8.980546813584076e-06,-1.40637124472266e-05,6.784234241597285e-05,0.00027647941408878376,-0.000847228973303121,-0.0002888722948039699,-9.539886453115132e-05,0.0004829605170824998,-0.00010616633582688777,0.0002030134826783604,0.0018050567523682781,0.00018287154242028114,0.00038512902447662895,0.00013077979367889296,-7.553142120257388e-05,0.0003463325351780671,-2.4503880310967316e-05,3.1138840196897664e-05,-9.046099915178501e-06,-0.0003813950292767061,-0.0007576347842667074,0.0008048009226091005
2024-10-08,-3.675680570929063e-05,-0.00010632551396303592,0.00011577169157689784,4.8521477410112824e-05,9.6998447706584e-06,2.221701266066665e-05,-0.0005844258080240264,-0.0013779307724387834,-7.641045310104676e-05,-4.573046943802752e-06,-0.0006686507479414576,0.0007369944301250049,3.4310391125238495e-05,0.0015415778299532929,-0.0005117041563040294,-0.00029996328600921126,0.00011350132474373105,4.0124663211053266e-05,0.0003159391994650149,5.439963485550866e-05,5.3207821836709946e-05,6.820600037836104e-05,0.00011637973216423822,0.00015105625700902615,0.0006158994112372223
2024-10-09,2.269369437185035e-06,5.509830490658725e-05,0.00011099280050820893,1.799985268502962e-05,9.644059175981531e-06,4.9175856750678204e-05,0.00047697703286789044,0.0006125514426884045,1.2525728657698841e-07,0.00011230978534561025,0.0009226516254230406,0.0007394292933860191,0.0002627186659609923,0.0014373135398020737,0.00018656988640430218,-2.8710177972343014e-05,9.149367931496477e-05,-2.19741781502562e-05,0.000135718008558987,5.0807251052498767e-05,8.399211976567266e-06,6.512146086907919e-05,9.980984320585835e-05,1.449720100104638e-05,0.0005856464663212984
2024-10-10,4.8420441491806296e-05,0.00011396426095550336,8.51153704193032e-05,3.421029960934012e-05,1.2197157359307124e-05,2.6050017382481647e-05,0.00016474896596666217,-0.0004815442961684229,0.0002839159597896253,0.00011983167130270852,0.0006525587033510118,0.0007524100022964931,0.0001432602841977543,0.0011651468775836127,0.0001628438899020395,0.0004347710687749625,-4.750771781285971e-05,5.248491702766501e-05,0.00014001133313159395,-3.894446289318503e-05,4.436730575180553e-05,0.00010196261336701058,6.124922282201482e-05,0.00011644277252749504,-0.0010283487909008954
2024-10-11,1.0306615651181015e-05,8.761248460586626e-05,-0.00028801759891686223,3.4044035595317493e-05,1.338890471928025e-05,-3.544836325245553e-05,0.00030701864062702186,0.0006403481395176132,0.0002390685037324769,0.00011002437280597483,0.0005915896008674795,-0.007606339278923562,0.00012823757521636668,-0.003617677435443137,0.00016811010384244773,0.0002542729258932614,-6.3464526827444355e-06,-0.0003037293153922082,-0.0017429799481001884,-8.166301023706772e-05,-2.6659007688586072e-06,-7.9216803223991e-05,0.00012643489948740855,1.3019500663347632e-05,0.00010355406765729617
2024-10-14,-2.2293779343351584e-05,1.5131888138524843e-05,7.666447766651598e-05,4.9563592587828776e-05,1.33876876837728e-05,6.95515120836919e-05,0.00035075318645173923,0.00019242080176871333,1.6809593063100915e-05,6.110263813098498e-05,-2.6281038522543406e-06,0.0012646355356430755,-2.02431064409056e-05,-0.009855993485243787,0.00020354731191045994,2.4444162339276447e-05,2.1126589326880997e-06,4.2224907882388e-05,0.00023375030914635507,1.4830207534687832e-05,3.3250745631851735e-05,1.9208080602991332e-05,0.00015467135930456142,8.402265000496809e-05,0.0003808346856984947
2024-10-15,-1.4645377980596007e-05,-9.339631343691587e-05,0.00010031729532671985,-9.627450578482265e-05,-1.0758873881634029e-05,5.5007512886869535e-05,0.0003619181778685491,-0.0011900017930956746,0.00017831797610363652,0.00010441978594731995,-0.0017000835510281196,0.0013017744911063194,0.00021512060604764175,0.00227823177530347,-0.0008712854368029556,0.0002104175002643134,3.671468305247263e-05,7.795217699250319e-05,0.000224250425789508,-9.689733170670628e-05,-0.00020319146652216405,5.306655941623128e-05,-0.00012906856750801,9.383094741993664e-05,-0.0022401032078451294
2024-10-16,3.059980581548047e-05,9.651860981703518e-05,-0.00016598750530449658,3.551127460842433e-05,3.254910742311942e-06,4.275999136019774e-05,0.00035075251572562303,0.0006916604255561398,0.00018261524916370818,6.582236986402197e-05,-0.00024202817038767015,0.0012288016434088057,0.00014706152655875025,-0.002562960686800487,0.00023085864873300017,0.00024479248605208765,-3.1823226561860225e-05,-7.748771919025711e-05,0.00019440820776239702,-6.524982486615045e-05,3.9910395255157985e-05,2.759634738651563e-05,0.00014061236034637923,-0.000553132061920067,0.0007828581816829432
2024-10-17,5.042360838010689e-05,9.603981059070943e-05,0.00010366745890925299,-0.00020215619391453452,-4.197744789612542e-05,3.1683812705507405e-05,0.0004002609991746746,0.0007008032227496164,0.000263195288945251,0.0001010616619124327,0.0006757825807516078,0.0012908123703784765,2.999702202161281e-05,0.0016186658612911665,0.00022245734987687602,0.000444220010087643,0.0001091195237231453,7.283178960866663e-05,0.00021299147336785392,-4.8382968255647615e-06,3.982928923948768e-05,7.39298471386855e-05,0.00012022139475175792,0.00017618782460433472,0.0007896950745926088
2024-10-18,3.521044117858719e-05,5.282886259595226e-05,0.00010724401919727591,5.776716671545651e-05,1.4370967084082038e-05,-4.555901297724894e-05,-0.0030952189817510267,0.00040174944310552045,9.95832573093194e-05,8.584925122939919e-05,0.0006776950124940315,0.001293773866629832,-0.00020551255117452655,-0.003111133861186084,0.0002351122260820596,0.00044591473109092256,0.00012495761647234572,8.014925519914364e-05,0.00020420220041629468,6.3783241609521285e-06,2.401064855863759e-05,6.740608494837251e-05,0.00010925548049727177,0.0001195933353117728,0.0007714279466558963
2024-10-21,3.237630674511774e-05,6.002382513891231e-05,-0.00016240565706828174,-0.00025289918991044523,-8.939901811660433e-05,5.9047689341362576e-05,0.0004545418574354431,0.0005179474991972141,0.00014467022947577924,7.821388728452864e-05,-0.00098516292535622,0.0009475675505603393,2.7921000854463506e-05,0.0019407121458769865,0.0002300250617964509,0.00028663583085878833,0.00011765727707587166,9.37785925239607e-06,0.00010035268510212022,-0.00032702289928335823,-0.0001581597856291587,-4.7249088360453456e-05,9.07943486365157e-05,0.00013464430975765535,0.00045538934374256306
2024-10-22,3.477877978637945e-05,6.252432287326645e-05,8.210420961744483e-05,7.300570978227435e-05,2.1488733883829214e-05,-6.477011465432471e-05,-0.00031216239267788494,0.00012262670030388652,0.0001788807981969691,-0.00034850539253551693,0.0007339405476837521,0.000975778514804756,0.00019340635353823235,0.002678230436310465,0.00023377437736209002,0.0002784284540726766,-0.0038597948987367414,7.342003121060597e-05,0.00019267600362143916,8.273220414932957e-05,3.2239345211180673e-05,4.8669838528316435e-05,-9.919961817550885e-05,0.0001814234598062873,1.693567534892884e-05
2024-10-23,-4.9524358554426095e-05,-0.00017507735446794219,1.2399233369779231e-05,6.640859849385646e-05,9.95518091687788e-06,-9.053354035727583e-05,-0.0005600171770319195,0.0006676659650129818,-0.0002948914478768807,5.2934501240994875e-05,-7.600085546469139e-05,0.00046525830409331506,-0.0006770866686191784,-0.00042615975220796926,0.00020400435231228393,0.0002548534038901835,0.00023344902315544246,7.645554394992847e-05,0.00020893054996167084,2.6587621931712363e-05,-0.00016857232969182007,4.8741849480122e-05,-0.00010888906111227603,0.00015237325076348054,0.0005856611292185698
2024-10-24,3.423547164899253e-05,9.959561783858857e-06,9.61848206464052e-05,3.336180617804252e-05,1.2762431641223694e-05,-4.771640881063522e-06,0.000456915115471133,0.0006476400212174062,0.00020760801137713447,9.650383850588898e-05,0.00065910103283252,-0.038405854499899486,-0.0009493544304176947,0.0005518547656942633,0.0002323929119555362,0.00021219330576741926,0.0001962223669291226,7.263294933782753e-05,0.00017048317254151444,7.772074373259518e-05,-0.00011967533818344705,4.87029783479635e-05,0.0001237814499176532,0.00010058848675028421,0.0006305802019136635
2024-10-25,3.877217167205166e-05,4.1799142885318565e-05,7.86580627222565e-05,4.090823054283677e-05,1.479351636680259e-05,5.2851667251314496e-05,0.000446964988455073,0.00040811492059473434,0.0001940361339207128,2.973210916043665e-05,0.0006081760647366489,0.0019349950621459669,0.0002814562429343041,0.002768056052687407,0.00021089731322497147,0.0001946104492353256,0.0003399167252973966,-5.157495995868678e-05,7.726183747612343e-05,-9.234440459247512e-06,-0.00023888807939706345,-2.169282337868741e-05,8.641025134608643e-05,0.00016621505522590167,0.0002892759226825278
2024-10-28,2.8514282859821976e-05,7.763509309139866e-05,-0.00016950989924706628,6.66328071236737e-05,2.0069653806921902e-05,5.5893951124534e-05,0.000437804261832587,-0.002154783466526931,0.00013325607971199937,8.406026617347897e-05,0.0006226328466151416,0.002438079144206034,8.560650548465655e-05,0.00012481633670024,0.00014894184513976696,3.808695060371239e-07,0.0001897325183046143,-7.609910381300175e-05,2.440042728119954e-05,7.083375941246201e-05,5.165074451813142e-05,8.148165404237057e-06,0.00010277757172026756,2.2372888615628802e-05,2.6427370005592987e-05
2024-10-29,3.5832466509517064e-05,-1.5481541033270522e-05,9.35555873399215e-05,7.062637062213327e-05,1.8501720459674573e-05,-6.499827083005739e-05,-1.2927658474242939e-05,0.0006190723248598708,0.00020917897932744,-6.10108024806182e-05,0.0006256132254212581,0.002940656585348881,0.00032017641745365447,0.00256587415449526,-6.657031545823867e-05,8.750951773941452e-05,0.00012623384676513713,4.665910256991411e-05,0.00010337686022322828,2.9078012400313613e-05,-1.5455433683509928e-05,-0.00010916834050188599,-5.1567734588466434e-05,0.00017584817792405598,-0.0009252960706224033
2024-10-30,2.8535556627946254e-05,2.301594857715924e-05,0.00010245431932749096,6.323760341113778e-05,1.8017866295476127e-05,2.5168049964408723e-05,0.00010201350134802335,0.00016382173016272106,-5.4450299032005425e-05,0.00010009535784010196,0.00046857342031177477,0.003019908055724333,0.00030339669216008835,0.0012249619391750046,0.00017457671195967553,-0.00031089593695548775,0.00036639370932116866,6.598850323507729e-05,0.00019948771381509653,6.12390615427967e-05,6.608047089715356e-05,2.2969339758154773e-05,9.798589947552767e-05,5.5594166120784714e-05,-0.011932592144420153
2024-10-31,-0.00035817296397121955,-0.0005807231075999984,-0.00018669404809890173,6.681856732867924e-05,1.442317243593694e-05,-0.0001928711791294593,-0.0006217602871616541,0.00015765676575130974,-0.00019006294550830643,-0.0038243113128597216,-0.0017519298593497705,0.002149270126889022,-0.002200904829662043,-0.02542324562947337,0.00011347002229711685,0.00011460929965717993,0.0002988222111565474,-0.00010738845320090432,0.00010476645020456472,-0.0002117399228871013,5.525464903107531e-05,2.6663127160172757e-05,6.395513443149684e-05,1.7963464526968477e-05,0.00035618795353675313
2024-11-01,3.749837273832261e-05,5.428410424523942e-05,7.820974174415157e-05,-0.00013591979086512195,-1.1736237660839136e-05,4.7456968558574904e-05,0.0004321164962899828,0.0005380934823683084,-1.2904177816788526e-05,0.0001866735265478612,0.0003150621430475766,0.0030398352203033735,0.00014272779476127257,0.003441867937941907,0.00010847515415243763,9.957817073369376e-05,0.00029615871644214745,8.416471258819357e-05,0.00021497198682607634,-2.8811568335797253e-05,7.410402659693353e-05,6.102918057276184e-05,9.908554235403934e-05,0.000146046164230699,0.0011281507851290124
2024-11-04,5.137482836787404e-05,0.00010305954570195257,8.308537038235076e-05,-0.00016543348588428055,-3.666741842797145e-05,6.322458921886531e-05,0.0005067627277193708,-0.0002874099431151953,0.00015791340174280344,0.0002670181490762696,0.0006410617110476046,0.002365321900439648,0.0004131314237767894,0.003524652536834871,-0.0001666241897558492,0.00011568540958926173,0.0002797752966158165,3.502153314813496e-05,2.7897496696429707e-05,-2.1980439387712185e-05,-6.481318871589704e-05,5.519538954195937e-05,9.812917914330517e-05,0.0001617280589694487,0.0012941203687595708
2024-11-05,-9.266573611843722e-05,-5.631137080314917e-05,-0.0002477893067332804,4.835275163919989e-05,-3.584080788578391e-06,6.007639490302703e-05,0.0004991088527837178,0.0006898330739752647,0.00013201150185892602,0.0002363518268217862,-0.00013273827546144703,0.0017310703736515074,-0.0006344776116569253,0.002124082662332195,0.00010134000711745523,-0.00015069589512505533,0.0002528661724360091,-2.616371991463054e-06,0.00011616284566426358,-7.207905291042532e-05,8.330073804870077e-05,3.538267951463821e-05,-0.00011280438598774718,7.134265295396939e-05,0.0011912411822656138
2024-11-06,-0.0005480785153199838,-0.0006114578365807834,-0.003056323103900764,-0.0006963692452385576,-9.091705261824655e-05,-0.00088742016166203,-0.0015553063752154442,0.0006465840286979672,0.00013695469842299804,-0.0001606285665792834,-0.0009286820212116351,-0.01600153136572972,-0.005782389649477327,-0.06954511424073871,-0.001214394873115315,-0.0068303934222254704,0.00021496340767673572,-0.0034045644230206455,-0.011756972211197194,-0.00035563877562424465,7.373751737145835e-05,-0.0007837514028342773,8.12659217368434e-05,-0.000430184183986328,0.0006633065499732109
2024-11-07,2.4050621201717143e-05,-0.00010990895932146773,0.00027619049202506305,-3.8102893781630747e-05,-0.00011357995875281427,-0.00014041777361752144,1.3184087817655343e-06,0.0005447654488378461,-0.000317155902223846,0.00014045097859367324,0.0001737811317588223,0.003135323837037515,0.0006401785451629304,0.007833899463498302,0.00016275537478779308,9.701183501547835e-05,0.0003038903245707679,3.28505018048781e-06,-0.0011197622043952384,-9.946053799923408e-06,2.9553411371784117e-05,-0.00012104017531697876,6.270800171584174e-05,0.00013331103505991444,0.00023957456822617574
2024-11-08,6.533304287106429e-05,0.0001427606332243117,0.0002354087321472375,-3.5694106735869235e-05,2.010365982896756e-05,8.010025888634682e-05,0.00011031365161683391,0.00011596136854706703,0.00013809321956328657,0.00025422883398180447,0.0006227555279071449,-0.002204416050368369,8.789329249412985e-05,0.004538599465411722,0.00013912528344043365,-0.0008325324956907559,-0.00021671345953057158,0.00019734987421033583,0.000924869718705987,-7.946544410258365e-05,1.8807199194216065e-05,-0.0005748334524721104,-5.103674354676729e-05,0.0001251430348666698,0.001156790441485295
2024-11-11,8.396438334222e-05,0.00014378790035969783,6.776437687843964e-05,0.00010769387549477557,2.9045117036368753e-05,-0.0004382960765143763,0.000270013613689836,-0.0004156580437876166,-7.12516792691304e-06,0.0001862262878865978,0.0004215270064766683,-0.0030397875202610213,-0.0037791756589121124,-0.024490779206651332,0.00015129258917526373,0.000549377255201092,0.00020974974784769188,8.232642909200728e-05,0.0008371458995243545,0.0001224937645803439,7.981727767511697e-05,3.5198893562776734e-05,3.222455238604976e-05,-0.00021531706593925164,0.0012154413278151004
2024-11-12,7.328946317048245e-05,0.00014073141303680192,-3.277463309783713e-05,-9.633546654722866e-05,-4.9370027464187835e-05,7.512549950900912e-05,0.0005898483407642766,0.0005462017472271894,0.00014501064259747517,0.0001661889592162204,0.00027159603032227825,0.00024054747131291472,0.0007024012165704746,0.009277632113396475,0.0001544588974187626,0.0005274305790135537,0.00025554857791941434,0.00026387554889754076,0.0008317760732400424,-5.199599789744411e-05,-0.00015738737373759175,0.0001321222823366995,1.9118958191379745e-06,0.0001324482702799779,0.0005516808390278492
2024-11-13,7.962987376089525e-05,0.00013871165133968506,0.00019572771112592136,5.351343218662343e-05,2.311638066931327e-05,5.1578359894517386e-05,0.000325758679076235,0.0005363782856429549,0.00011468793444916772,0.0002878249187030937,0.0005015581499214663,0.004453456978846097,0.0007397170676122051,-0.00410325564198722,0.0001241466451113779,0.0003573059962416222,0.00010401832386403313,0.0002709599962196325,0.0007880745391234489,0.00012041547184470233,8.389720361789415e-05,0.00010994177574368857,5.5475039017530024e-05,-0.00015862899548211914,0.00029075852541510456
2024-11-14,3.49329864444218e-05,8.190750631349253e-05,0.00011575339841724303,0.00010799872349267861,3.68227171851357e-05,0.00015238382178764292,0.0005597050906266885,0.0003749313299335439,-6.239277243563619e-05,0.00029965302030360525,0.0005626504106687752,0.0009489618271968153,-0.0002644276010577151,0.009191160549097197,0.00011433684240688959,0.0005886597931384144,-0.0008428818582061817,0.0002642538069703254,0.0008252519900690435,6.312398013812382e-05,6.575049778166476e-06,0.00011981217159524577,-6.911348595701294e-05,-0.0035109247199752312,0.0011106367766660129
2024-11-15,-8.839106953773108e-05,-0.00044829734891795275,6.963501500766625e-05,0.00013511125263155897,3.615126854766151e-05,0.00015507410830558255,0.0005368880595150899,-3.7744651046948486e-05,-7.134631322621834e-05,-0.0004838488168411971,-0.0005740318309013989,0.003761227792989404,0.0010677906705438374,0.0008374097210023818,0.00012615090488143633,0.0005051315130190019,0.0003201223901351055,0.00024182615973777064,0.0006332045632026958,0.00014223030559679646,-0.00010240876694136605,-8.693450757271294e-05,7.749503062113821e-05,-0.0025242085254759622,0.0002928200063021007
2024-11-18,7.01759462597693e-05,0.00011708706177400444,0.00030362572375699647,0.00012546161542705296,2.9923232351626137e-05,-0.00019856662755827803,-0.00022237451438351344,-0.000605831846541275,-3.6278949973685376e-05,0.00035432794327667436,0.0004098399466599749,0.0017346119227121645,0.00018919597250943504,0.005960618868440601,-4.737714466913781e-05,0.0005805729508847541,0.00032919825733417676,0.0002549365978303678,0.0008415999262202275,8.691603452471577e-05,7.725003217288554e-05,8.779947806110362e-05,7.968102929632906e-05,0.0002769406372459495,0.0003004437136833501
2024-11-19,7.36913944161974e-05,0.00011830513654152903,0.00025273450976695294,0.00010290026606384533,2.8954619466605173e-05,9.021551326044275e-05,0.0004548072138823181,0.0004961290850423832,0.00014177061717002664,0.00033348239935785935,-0.0016996083688807953,0.004436709209497119,0.0009271565810082989,0.009695277306410741,9.552982971159737e-05,0.000550654959251454,0.00036543624203864235,0.0002206332659727109,0.0007788137309762745,0.00011535089580600977,-2.96679505487203e-05,0.00014114139273813477,-0.0007895701841621013,0.0003669186473726161,0.0012032958749804894
2024-11-20,8.747075143229437e-05,0.00016735218143307072,0.00029500995886306327,0.00010290206077240643,2.219178578124014e-05,0.0001425839898876735,0.00027124697070800394,0.0004834159914052712,0.00013106470666966925,0.00032791023490233076,0.0005605867345524221,0.004773968205842772,0.0010090405228249417,0.009453123677244228,3.761488901066021e-05,0.0005770993515806025,0.00037642325317444205,0.000254192109156551,0.0007481735385834642,0.00011720302571628999,9.868319208459868e-05,0.0001348561300236383,8.363119934655668e-05,0.00020447128687012776,0.0010394886658493792
2024-11-21,5.891357972228267e-05,0.00015474373079288854,6.844291064635983e-05,0.0001130663330617946,2.6802224446008452e-05,0.00010057745727740672,0.0004331064415632985,0.00020603166997483718,0.0001367449280775615,0.00031802914119159135,0.0005938052092209624,0.004864380903253575,0.00106159475929733,0.0031573754723516053,7.807399953475852e-05,0.00014027733983822252,-1.7040078821673404e-05,0.00010394383473604928,0.0005741763971491873,6.467534768637843e-05,-0.00014147603930993402,1.8230993807087683e-05,-7.145794361368509e-05,0.0004662419962691212,0.0011823770890188941
2024-11-22,7.495472884674054e-05,0.00015271565794893255,-3.107072301541372e-05,0.00011299064165565709,2.6842198361563762e-05,1.185638820872404e-06,0.00014671677062248235,0.0002799016873606119,8.052587425306934e-05,0.00023614449083139726,-0.0004905512712601148,0.0035004315743640503,0.0004296606405097786,0.00884306773597521,0.000142790381468862,0.0001989958676991869,0.0001699374619381828,0.00014912524404058286,0.0006210141492030506,6.243639703533203e-05,9.532997814841832e-05,-0.0002673679957006122,-0.0004092802463167993,0.0004166087503021272,0.0011409338323252933
2024-11-25,7.333436041052605e-05,0.00014935553290152797,9.427997143589105e-05,-0.0005421589188400284,-0.00012594420338169073,-0.0007230521780732876,-0.0005059403943636419,-0.00037199610495325386,-5.1046186961322006e-05,0.00032228682037366025,-0.0011849766301175939,0.0011850306821337825,0.0008640215315381205,0.009139684077158039,-0.0002521534566028962,0.0002104805718198993,-0.001298367687284089,0.00023700587899184078,0.0008187012007926039,-6.954049716584749e-05,7.502095452352304e-05,0.00012481005008401668,3.561739683339417e-05,0.0004720294177702752,0.0007854886913521302
2024-11-26,5.829994285516797e-05,0.0001212948009170052,0.0002793008192580155,0.00012998828447931103,2.8796587182847213e-05,0.00021602806223953788,0.0004022716035790652,0.00047836548437780665,3.794620380645295e-05,-0.0001340842252983224,0.0006887007489142379,0.0028488291607690073,0.0008682845014375796,0.005843108301346989,0.00016519906339759275,0.0006168697307154723,0.0002406545831842073,0.00027078613371161206,0.0008605916301660033,0.00011131750197219244,7.505321023349813e-05,4.671624384955836e-05,-0.0002523561068289036,0.00045824520101229733,0.0005869476289968698
2024-11-27,7.717656399441689e-05,8.905638226861548e-05,0.0003203869897974508,9.786685181985611e-05,2.233858188062604e-05,0.00021505359310724622,0.0002808509701484963,0.0003738386763094027,0.0001260420449946143,0.00022515452296488806,0.0005969907180736202,0.002562188404787343,0.0008013549569429782,0.006388152959756917,0.0001638359770603378,0.0005357521411601763,0.0001650676062823334,0.0002626427487074182,0.000850682751289462,8.647769212479151e-05,4.173114046027939e-05,0.00016663468703015364,0.0001312744459617826,0.0001334095174928019,0.0010713609798874957
2024-11-29,4.8392926391565916e-05,7.341543105733679e-05,0.00030726977010350277,4.257997193874689e-05,-1.7773559515075202e-06,0.0001400767217830854,0.00013721551560165484,0.000367349941104235,2.298376151553651e-05,0.0003610367318188985,0.0002850451218681894,0.0015119809331085188,0.0008898274119516311,0.007620354856443868,0.000133574578364232,0.0006061190399050827,0.00017544262076100322,0.0002621538327891018,0.0008437867852981948,0.00010696513677664257,6.460446367626722e-05,0.00015762702871338356,0.00011796326317508861,0.0004912622376276402,0.0010646943839611974
2024-12-02,8.513776632796094e-05,3.372521446924231e-05,0.0003222414332429383,0.00014757174030686107,3.582648619018834e-05,0.00013889458130560644,0.0004003920170489222,0.0002741331025561289,2.9145541971699785e-05,5.23860614382633e-05,0.0007447163393076438,0.00173606983351784,0.0004645170685194987,0.00961829001504798,3.983105535881044e-05,0.0005387183748270047,0.00010445679741249863,0.00016395872033717564,0.0006455670921636474,-8.835908691563163e-05,6.885005796344011e-05,0.0001499332833385975,0.00016258972650560132,0.00047896484004965285,-0.0007971474671859271
2024-12-03,6.68410810258849e-05,0.00011224425986311283,0.0002561400670495741,7.839622042374273e-05,2.5663232346911237e-05,0.00020304634545826954,5.8245538294180235e-05,-0.00046041504055648925,-5.566779476441554e-05,0.00016546438983286636,0.0004878726959172939,0.002647287322400965,0.0009424814321726516,0.008035068446977421,0.0001568551800449884,0.0005530692608050636,0.00019125485588404332,0.00020221278717695769,0.0008113587357297221,9.706716682755714e-05,-0.00018282770745108048,-0.00042673365347463714,7.505410875972555e-05,0.00044187059216799603,0.00043885648988715553
2024-12-04,2.7775272383935994e-05,-3.1821286781903095e-05,0.0002954129507627337,3.233560828852565e-05,1.410823802000216e-05,0.0001972101026023269,0.0002984796942968843,8.465949952868383e-05,0.00010222812715256617,-4.468287148771629e-05,-0.0005589297742350306,0.002579916295239369,5.394101644988307e-05,0.004006295102385673,-0.0004416837274608765,0.0006174922119396791,0.00023397082900754635,0.00024672255255617286,0.0008121468382746887,0.00011019759106793552,-7.255841143284861e-05,0.0001830368898356012,6.670024014742129e-05,0.0004585352333167244,0.00022848524321535506
2024-12-05,6.522747251134567e-05,0.00011925597536589861,0.00016982600910978165,0.00013576470926382172,3.544430445379838e-05,0.00015164303235270366,0.000378573821345308,0.00026953225133941944,0.00010363479781422825,3.081538999952262e-05,0.0006733348957712902,0.001890774949161286,0.0009938515914576166,0.007774863469226016,0.0001556753504649079,0.00048415680708537197,0.00023401904464365747,0.0002495715283856622,0.0007642693653156316,0.00010565882378146017,4.3958132102362295e-05,0.00015887694841972455,9.140631818169521e-05,0.00046349260283971063,9.348406609612127e-05
2024-12-06,5.6590322886206086e-05,3.9193429445183965e-05,0.00028332496923159597,0.0001363206443883755,2.9165354453345502e-05,0.00020938100316674255,0.00025973615773584435,7.699937179560311e-07,0.00010068405629672202,0.0001705907315446657,0.0002985097341457809,0.00018395028688023268,-0.0006753464173588064,0.003932986423049713,-0.00012322999114494952,0.0006035044953911127,0.00015697552831806248,0.0002542143362222344,0.0007791464578898724,0.00010005968449983875,8.426323028547637e-05,2.729409153092867e-05,0.00014652150111447122,0.00047400930515858255,5.778693763956033e-05
2024-12-09,6.799509113773648e-07,2.2468720874975722e-05,9.76943837727187e-05,1.0668930399361504e-05,2.2127282306400973e-05,5.994654501516895e-05,-0.00037831353078100386,0.00014527094911486978,-0.00015432145472157185,0.00012101645387768679,-0.00010482208577036072,0.0019994305008124813,9.265592248847035e-05,-0.005259814136813895,0.0001079477873524337,0.00010553365499054004,0.00019612544822378964,-0.0001265497415104281,-2.2082915732541292e-05,6.902106016255224e-05,8.209827289972449e-05,-0.0001591026925708443,-0.00022484444645702473,0.00011291075000069488,-0.0028457146756907074
2024-12-10,1.5852856925040953e-05,6.192394961054239e-05,0.00010489365267212818,7.037823935468379e-05,1.894258533992689e-05,-2.225778534153635e-05,0.00027750148106703683,0.00031720612769093123,7.327744538330356e-05,0.0001079792456872258,-0.00017492340493885665,0.0011543090778622187,0.0006384981857310703,0.00486130327016427,6.278371448519582e-05,-0.0005609143653286461,0.00020007602806001537,5.93319378126332e-05,7.614412604179863e-05,-0.00014364199757509888,7.700953652067487e-05,8.004280081552455e-05,0.00012615026395338877,0.0004661354835621318,-2.2872998367025397e-05
2024-12-11,-3.4245992030109326e-05,-0.0002407149204934058,0.00010149006328076079,-5.116824699194213e-06,1.3364609498977374e-05,6.559283853857032e-05,0.00024844160959004203,-0.0004066836952122098,6.432162386498858e-05,-1.6907714563525598e-05,-0.00034730170793951316,-0.0016574738462804342,0.00035166896218248215,0.004049502426073166,0.00010705291402999335,0.0001661056050729944,-8.638409319432108e-05,5.0913223737242226e-05,8.427834162002565e-05,6.384542479481516e-05,-0.00022662145792102202,3.0068639755916684e-05,0.00016166542726471275,0.0004661501817901703,0.0002372406981844464
2024-12-12,1.5691088273150877e-06,4.9438545380536254e-05,-6.0361891169147104e-05,-6.061638627731492e-05,-1.0981345928609077e-05,-8.855573825713545e-05,-0.0006278589691848161,0.00029036063736670377,4.92427434770535e-05,0.0001448745580607542,0.00044316764252854226,0.0011896513614525269,0.00031043653263487564,0.0037031429506826264,4.2481146859880636e-05,-0.000277790190152832,-1.821394987031917e-05,2.4637552499513664e-05,1.9125992250025773e-05,6.56613052378203e-05,8.881617069900034e-05,0.00012054541682923079,9.375120430242638e-05,0.0004423555628147539,0.000592893398391169
2024-12-13,2.9146587168232447e-05,3.53337062899066e-05,5.558243826951964e-05,-2.0901383773262513e-05,-1.3062556352838874e-05,-1.0493990225080707e-05,2.1411703572762647e-05,0.00010844700074881479,8.60654786151796e-05,0.00011268764818697096,0.00011594016819341528,-0.0005683539690241317,0.0004692984650557158,0.0036388074673576803,8.496152297753355e-05,0.0001835088262550413,0.00021016265552941884,4.41663501508361e-05,4.716192214590688e-05,4.945126676076652e-05,7.662332803332189e-05,0.00012071672015580261,0.00016314551620721744,0.0002621297609465027,-0.0002518016550072782
2024-12-16,1.1020908558865257e-05,-0.0001078620430610719,6.579907686213573e-05,7.628775957438578e-05,1.7516415487284253e-05,0.0001341630611851664,0.0002761551768109373,0.00025501266820035333,-5.0241168800605433e-05,4.636768447528698e-05,0.0003661537593543338,-0.0022215343252961913,-0.0001709562400252887,0.00275897903184897,-0.00038505391665553685,0.0001538033887994363,0.00017739968136032289,4.152727190064582e-05,8.84934874360437e-05,4.408592013266618e-05,-0.0002808911852605265,0.00012100345058108628,0.000134338440562202,0.00040131084726085055,0.0005603163043262345
2024-12-17,1.084551257233095e-05,8.562101881136733e-05,-4.064170811685651e-05,7.798758728519978e-05,1.9250156733942736e-05,0.000125135336759156,0.00027659108056334747,0.0002721514312977119,-1.0658068549039944e-05,0.00010282586215867053,0.0005162576958558665,5.5473802399932416e-05,0.0004647682498513671,0.002839032578484748,7.869109153873714e-05,0.00010390784717389422,0.00014797995722031014,-5.813142915277858e-06,6.43343880998551e-05,2.944559293004368e-05,-0.00021277134283647367,9.82351694201868e-05,0.000138224479735835,0.00018033329512605128,0.0003868132331089888
2024-12-18,-0.0008957400018198891,-0.0012757604277844406,-0.001963650721910783,-7.450091999438762e-05,-0.000136397517094729,-0.00023469010270369016,-0.0009614902637231386,0.00025303221267018364,-0.0003919516430637988,-0.0013642566755330732,0.00048475005958900966,-0.006117504252724447,-0.0048324903767499,-0.009053514679861811,-0.0007626554825117271,-0.0008651604106753526,-9.886351301776041e-05,-0.000877699995702164,-0.0010815949671903774,-0.0017213505946113321,-2.5219146496830404e-05,5.602092899118372e-05,-0.0002186269463264605,-0.000127207500225424,-0.00033136514933701066
2024-12-19,6.884588421059852e-05,0.00012571049047778134,0.00017912380073536598,-0.00014045488905006459,-1.8787071209129252e-06,0.000139657078453164,0.00014134486589945062,0.00019940802408815935,4.405104033172064e-05,0.00018086622155544536,0.0004270166268341234,0.0015153400801202934,0.0006570017729367253,0.0024783402950209503,0.00010117401487687869,0.00013428185983891462,0.00011368797461166746,8.36414405098402e-05,1.9498482700634382e-05,-9.460827203939561e-05,4.469682026914065e-05,0.00011005444969793904,0.00019174989745187753,9.656113936741714e-05,8.324226769601003e-05
2024-12-20,-7.433135725663862e-05,6.854924495858283e-05,0.0001100158401390087,7.142016203534517e-05,1.3477815667277519e-05,2.968316761532786e-05,7.756832741001579e-05,0.000175256173734028,-0.0002519709004847572,0.0001793130579606702,-0.000419894310815878,0.00033383368089816095,0.000254604098339137,0.0026628971570399856,8.330151986688387e-05,-1.1465145858224451e-05,-0.000211839781881642,-0.00012276438277338797,-0.0002410736394385211,-0.000118766496256162,6.873624954260538e-05,6.559132663032296e-05,-9.478413059805482e-06,5.630183088695477e-05,0.0005427143941141008
2024-12-23,4.037095281179941e-05,5.426964934698747e-05,0.0001963667988940958,1.9953792501369342e-05,2.106350263250081e-05,0.00011932287525054859,0.0002962671843712991,0.00022178419249012848,0.00010463938004534826,0.00016907644746599903,-0.0007676165512672212,0.0011357006356435269,0.0007018855112115546,0.001477003595437701,0.00014468920338035966,0.00024218172412017762,0.00015478361290471927,0.00010028195278305694,0.000153167012961327,0.00016030775034076933,7.849339975146395e-05,0.00011283967753048583,-0.0002757867877797994,4.6890492240523956e-05,-0.001413909930092824
2024-12-24,-4.578682206238653e-05,-2.8692424283653542e-05,0.000110225431480743,9.167589856747843e-05,2.032650385875737e-05,0.00013508320284448774,0.00030189607376913946,0.00014294416926153666,-1.5978316058509756e-05,9.111694507070384e-05,0.000600064891348378,-0.003377298919667244,-0.00011430008977902873,0.0009405299521389374,0.00010633277716965949,0.00018601664194759656,0.0001618226199862209,-3.9362010661123846e-05,-0.00011594473966334046,0.00012957917451346523,8.163985683577808e-05,8.225981754407359e-05,-0.00048240918382158615,-2.7759068672961553e-05,0.0004672261262087702
2024-12-26,8.256071504538118e-05,0.0001620444807219871,7.147182385395646e-05,0.00011011451739872275,2.947092075183937e-05,8.500173540969925e-05,0.0002708780846093523,0.00014986668917244328,0.0001094562786857205,0.00016977600489093047,0.000553477455118683,0.0015457156001756147,0.0007128304345548701,0.002383298582982107,0.00018036240489574344,0.00019976844340120073,0.00015945062749388837,9.23734656537681e-05,0.0001400142154223639,0.00016553976562847566,9.470636223326463e-05,3.366020791229681e-05,0.00017119673148588896,8.184815437360302e-05,0.0005607477938001544
2024-12-27,-3.0052148562259408e-05,-1.6688840170081564e-05,-4.694641308424527e-05,6.913620413735678e-06,4.273802923998859e-06,3.626082341218478e-05,4.365119692502408e-05,5.95509061099047e-05,-6.68559585691271e-05,-0.00012768044323377528,1.3551995665654463e-05,-0.0007851705631878932,-8.908735321626045e-05,0.001685346405211694,0.00015930512606094602,0.00014060592703139278,9.03123062663901e-05,4.225063132642846e-05,8.350046468229634e-05,6.084750931365078e-05,8.418392095610286e-05,7.235610166774734e-05,1.6573429259779664e-05,1.7075133397721819e-06,0.0006390294911522837
2024-12-30,-4.514162739667089e-05,-8.639039946121751e-06,0.00011797081807175046,1.3491780947565469e-05,4.0930440364080205e-06,7.598190239148032e-05,9.732860086735429e-05,-1.2033755872532695e-05,-6.249474765510439e-05,-9.88494423471135e-06,0.0004680199010932212,0.0008039682627404071,-7.410445497893774e-05,0.0010489856632448838,0.0001592039933191381,0.00015341376003982605,-3.791667196555626e-05,5.285097784956321e-06,9.391801521519541e-05,0.0001426503295861358,-4.242744730068829e-05,-0.0001296528176139339,9.853943945439732e-06,3.897046481705601e-05,0.00011405830820725019
2024-12-31,8.00120965229361e-05,0.00010425075956851293,0.00017910368641643209,4.965467986692099e-05,1.653209025925642e-05,4.7860126911712224e-05,0.0002365707857771512,7.317032362743669e-05,7.536548976995676e-05,0.00010798937033287973,-8.103444034832005e-05,0.0008863912781982115,0.0005459212051746201,0.001630623449561287,-1.096031417592794e-05,0.00017452008558558143,7.021812540992321e-05,0.00010299777870271932,0.0001537839184869201,9.108862873523857e-05,2.51155327149027e-05,8.083022586419059e-05,0.00015277428512724056,4.381137725357817e-05,0.00044395109578100606
2025-01-02,8.586885553313947e-05,0.00017298731508210872,0.00017934158022412107,6.673586136000888e-05,2.1157028562878632e-05,-9.7594422552666e-05,-0.00027174456910955764,-0.0001551747363456619,-0.0005842014104049525,0.00012491101731586875,-0.0003908817856697431,-0.0019700350849233403,0.0007576338055568955,0.0011339012682346525,3.275399785235077e-05,0.00010457774848208051,3.913871719011972e-05,9.781424884847095e-05,0.00015511463297056946,9.013578522062038e-05,9.084753940925064e-05,-7.603069538645812e-06,0.0001414713818639973,4.684133733723398e-05,0.0006337661968333784
2025-01-03,-6.232448812627335e-05,-9.288852739961046e-05,-3.806463369270097e-05,6.410828979879834e-05,1.554485434446284e-05,2.796159379451406e-05,0.00025911261205003515,2.3423845006141674e-05,0.00015236388567361057,3.0517249697324564e-05,-0.0013723559944332098,-0.0041147622717501225,-0.0017950176259655234,-0.0001728426898264259,8.209670215780928e-05,4.901697535017219e-05,9.296769661684627e-05,3.723141899750684e-05,-3.8323507703312977e-05,-8.340459743283555e-06,0.00010758509893677908,7.142063087967853e-05,8.276970995459452e-05,6.108454886823217e-05,-0.0009167333814181264
2025-01-06,6.752677682903119e-05,5.3939708663578936e-05,0.00018901788174554372,5.076347485340046e-05,1.4214109069336028e-05,9.196671741765959e-05,0.00015403156645693095,8.98460364759485e-05,0.00010270192559036524,5.413812757464733e-05,-0.0005166167085461199,0.0024442826475219843,0.00037804427674596725,-0.0012225564024100455,0.00015238227349865973,0.0001743837185685431,-0.0010230084434731624,8.960791587218844e-05,0.00013027887498453188,2.5217495663841798e-06,8.16696793647228e-05,-0.0007063347893593679,0.0001056259324753838,6.797935164465714e-05,-0.00042564459052132247
2025-01-07,-2.9013769424033115e-05,-0.00014078155118184976,0.0001236947133130984,-6.297715809269576e-05,-1.6055351943933559e-06,6.15096938770184e-05,0.00023592664331462693,1.786485872234947e-05,1.898829530632787e-05,-5.355784763067293e-06,-0.003498659747718302,0.0007100005069466499,-0.0005689938424248088,-0.004721140283968951,4.303419934061763e-05,0.000164807801876931,0.0001332696293007657,9.374313528648842e-05,6.172018128171797e-05,8.735445102484883e-05,-0.0002269608287934787,9.068898036673989e-05,0.00010753946071266209,5.84962145691496e-05,0.0003993550442073758
2025-01-08,0.00010502614878189206,0.00020071053665439477,0.00016383704062649545,7.083908002102461e-05,1.8319313023868143e-05,6.36693624038418e-05,0.00024079887173825447,2.293242563225953e-05,0.00015325964429015738,0.0001355308692219332,0.000846753142824617,0.0024647587622066837,0.0009096376938297863,0.0025596767713758455,0.00014541967632874945,0.00014075716178335931,4.364572003877011e-05,8.778430844182454e-05,0.00015466202175248143,0.00017651423856426257,-0.0006512603827603332,8.465789192988264e-05,3.440531773819976e-05,-0.000149919662629531,-0.0012466009715220822
2025-01-10,-0.0001296270167552208,-5.3410391252509766e-05,-0.0003104195896113307,2.824984232713638e-05,-1.2543688105532706e-05,2.8124174915544563e-06,0.00018288402761576256,-0.0016508101543690925,-0.00043778892459319984,-1.3442756855850112e-05,-9.76685809666786e-05,0.002318584134339273,0.00017233424683058777,0.0025595657700145506,0.00011385146246980704,-0.0006293506949733945,0.00015259212366559258,-0.0004972575535473918,-3.072691350788272e-05,-0.00042675643361225605,0.0001414458007735234,-0.00038581138638427056,-1.120951701347845e-05,-2.424019112296618e-05,-0.0015980780598459261
2025-01-13,0.000116180729472446,0.00019636617090155147,0.00020692469825847053,7.004746632037118e-05,1.4103119755446362e-05,-7.093941317930607e-06,-0.00035884671690811497,-0.00015418113092879909,6.804311267457109e-05,0.00015379361097943447,0.0004461950207996592,0.001857424641520639,0.0006364002271011708,0.001137659869290061,-0.0003024020739392744,-0.0008309733504726758,-0.0008557598209720601,7.03105593635403e-05,-0.0001715001764789765,6.785719012528886e-05,-0.000139453770924206,0.00010838535150009253,-0.00010848677603897107,3.8668830930758346e-05,0.0006108252838273628
2025-01-14,0.00011629045936693803,0.00020575532051485347,8.203416794652798e-05,6.626969305425938e-05,2.124161060360624e-05,6.162623226944869e-05,0.00016125308654609262,0.00020067222192576205,0.00015820851519999976,0.00015715924699545233,0.0007006086201630999,0.0019978977058153075,0.0007943776058611375,0.0017605411683167106,3.816525466849267e-05,-0.00038720378030596624,0.0002000269838782431,-2.700346398831622e-05,-9.034940158690315e-06,0.00013067111863864444,0.00015495388216705335,7.561460466884226e-05,9.017334462646227e-05,6.765496928804456e-05,0.0005945905021447742
2025-01-15,-0.00020991809044764175,-0.00032789539301410946,-0.0001633748764809997,-0.00022784366567172595,-0.00011949273996075192,2.994154115473191e-05,-0.0005154966906867249,-0.0008239067708499593,-0.00019872419846659277,-0.0004764308891073085,-0.0003398427443097467,-0.003842648616656285,-0.0007427308625581218,-0.003475290016592731,-5.726322898676661e-05,0.00017775642779411523,0.00019059212186380158,-0.0005012193907660913,-0.00020530489990052106,0.00018480565997237172,0.00013981531886865815,0.00010389599431793437,0.00012217578092580932,6.743154500635722e-05,-0.00038273180237802544
2025-01-16,0.00012766544333729695,0.00016607159939833089,0.00022308965877183438,6.159217558544957e-05,2.4335350829827893e-05,2.927425462796834e-05,0.00023018454028255576,-1.269056619878419e-05,-0.0015008669425442354,0.00018075898421955288,0.00043651142859642733,0.00127841450666915,0.0008719087695724142,0.001689743052535124,0.00011477014419111311,1.2468154851933132e-05,0.0001433926158089895,0.00012188100447887066,0.0001357343210594938,-0.00020109152680847345,-0.0002241205875047911,7.594418884103351e-05,0.00015581795431804732,-0.00018946414265542133,0.0005882516267960733
2025-01-17,3.177200663465293e-05,-6.512075748206592e-05,0.00020615360535546673,6.381274171691387e-05,2.600502892551713e-05,4.288348647660251e-05,-1.4202761878199144e-05,0.0002469838814484758,0.00023654002007849224,8.806064421832081e-05,-0.00011038965959917976,0.0015029525748267508,0.0006547841275515267,-6.640324008717457e-06,0.00010906803005109668,4.5603072465520066e-05,0.00012980172203036255,9.794618575212519e-05,-0.00016892230798069014,0.000241104203287182,0.00013630868263541922,9.025428685342568e-05,0.00010638675036009422,4.3716212068375027e-05,8.08260588565159e-05
2025-01-21,5.301924249677162e-05,0.00018497137536013919,-0.0001379993675567606,-1.2869387389116352e-05,-6.8546676899695255e-06,-0.00016369789151366525,-1.301568446318384e-06,-2.5458618630584543e-05,-0.0007635681335605193,0.0001961371938867978,0.00035481043992852265,0.002236569179483957,-0.0001282913508515621,0.0023925873972033434,0.00011823062866508037,-0.0009743790335061635,-0.0008466212299098558,0.00010279537756384673,-6.0157723859329926e-06,-0.000103805918716363,8.538417665717495e-05,9.307128265858071e-05,3.6403133728864364e-06,-0.0001721747850801483,0.0007040598151658429
2025-01-22,0.00010823081632931386,5.856498419284565e-05,0.00019354610836292506,4.298245569116656e-05,1.844508736158716e-05,5.831369326225131e-05,0.00025047046234497424,0.00021532912646325295,0.0003126135288938469,-0.0014428034629955404,-0.0010037203523549291,0.0017450789146975243,0.0008171784486873146,0.0023736130486626153,-0.00019400236410181435,0.0003197494375265011,4.562240797925955e-05,0.00015060525453475712,0.00022377160122466982,-4.9951403508796536e-05,-0.0002562982994235505,-0.00023639628611502403,0.00015939306612593494,7.91243433052237e-05,0.0005993689255389075
2025-01-23,6.161742093516233e-05,0.00015037105523087847,0.00010583680048590668,2.4531212795564846e-06,1.856097123793657e-05,6.343639109388394e-05,8.237586407884423e-05,5.514098051621498e-05,0.0003163291295292738,0.00020370022361369754,0.0009707224886278001,0.0017735288569712196,0.0005118755111073304,0.001773174375725158,9.114071174443655e-05,-0.0002114417842958089,0.00021645797638538832,9.089721914711173e-05,2.2293132380880534e-05,0.0001244758453140722,5.496134528499755e-05,4.907172634574735e-05,0.00010221362823147921,-0.000343503462731608,0.0006698682795893954
2025-01-24,8.431526582105791e-05,0.00012192177210111472,0.00011873407747435468,3.38076212739939e-05,1.5169843332365421e-05,2.7007258688659118e-05,0.00015487122506431807,0.00027630754339882013,0.00029872059834951294,0.00016963927662834173,-4.607478853385215e-05,0.0016143410028293405,0.0005838651626763344,0.0017033860216542974,1.487208717407719e-05,0.00027857441385311754,0.00023152562345097867,0.00011618416786235398,0.00014390067958010898,0.00015608858506199378,0.00014278136976764587,8.704610713207686e-05,4.111624335664906e-05,-1.0116659302230333e-05,0.0006778566474972935
2025-01-27,-0.00011743532458100035,-0.0007213707371267587,2.9619122453554297e-05,-8.46060137691092e-05,-2.900998177331259e-05,-4.775242541820046e-05,-9.494307137676095e-05,-0.00015029611072967734,-0.0006827061296313148,-0.00026074226085573405,-0.03360938602107272,0.0012072087956753858,-0.00010733470232613437,-0.0030971348215130937,-5.191716974002072e-07,-0.0007189502316070476,3.0566369504341666e-05,-6.475277263864532e-06,0.00012656383207707933,-2.242723478893834e-05,-0.0014988840023137898,-0.0009768312837327932,-0.0006154321123121568,-1.5319761410447896e-05,-0.003657781935624854
2025-01-28,2.1488836590720007e-05,-2.094389449865011e-05,0.00012577293368544522,5.5659194172806906e-05,1.8581475046916e-05,-7.874365337628164e-06,0.00014528057258022734,0.00018314331644860216,-0.0009390678893035343,-0.0005900627718237578,-0.004521708790206627,0.0017549723489307598,0.00023048293390605563,0.0017299197015265293,2.151626580636722e-05,0.00018642553572935985,-0.009052463459268223,0.00011666784825933473,0.00011781051013250892,1.4341232256941209e-05,-4.3528364891442996e-05,-0.00024136354566713385,0.00015624973920945278,-1.4829612944411633e-05,0.0007569567199041068
2025-01-29,7.181727470192169e-05,0.00019263817405694122,0.00011744467689162239,5.0996841368129496e-05,1.8410105279910252e-05,5.546145915078518e-05,8.435394949866183e-06,0.00013788246775765336,0.00039136882704539594,0.00015236476161383582,0.001433975916776946,0.0009631376637941907,0.0006088281279769392,0.0008038372622615976,0.00010911132161454254,0.0002786667858331966,0.0006811600408315979,0.00011179745980712621,0.00012355382624743084,-9.326675924927695e-06,0.00021853106045901765,0.00020766329527431384,0.00011744534847587072,1.1934411060771343e-05,4.8966489863983475e-05
2025-01-30,6.4456885599844e-05,0.0001782508852262389,1.4988743151787205e-05,4.137652846248107e-05,1.518039686033558e-05,-0.00015736152327847915,-0.0004506076929045199,0.0003355570587161193,0.000358108953300878,-0.0037922584642681566,0.0032248174383656216,0.0006936568035236393,-8.275314969457734e-05,0.0006583686271449999,8.816341814524819e-05,-0.001920356713179585,0.000594838924764246,2.1671096916540876e-05,8.948237231407033e-05,1.7118435968226033e-05,0.00011782772508523489,0.00015485351794446145,-1.5224050419066642e-05,9.906267582396855e-05,0.0006763147422716552
2025-01-31,6.007130256554895e-05,0.0001854090790626837,2.990591960267567e-05,9.046762271916637e-06,8.874578558620002e-06,7.447133143043998e-05,0.0001645585409304655,0.00031844014969529063,0.00036139367664447537,0.000484611451051537,0.0018608271255780046,0.0012838228303121571,0.0005022561647921699,0.0007453380185557185,-0.0006878708884570162,0.00036960277073190366,0.0006847599149810904,8.032400197912784e-05,0.00011395716096881329,0.00017523480599872427,0.00022985216342539375,0.00013431101690402142,9.678449320889349e-05,8.875752135905832e-05,0.0002342643815721172
2025-02-03,3.72942594990208e-05,0.00011325534648802447,-2.624292468965411e-05,-1.4452731456510985e-05,1.6524626723044575e-05,4.968916515993156e-05,0.0001816149181818232,0.00031520269569457627,-0.0007870776950609443,0.00037442455082611415,0.0025081903717154123,-0.0014749026877909853,0.00026038481612168044,0.0012786744710791237,0.0001206300132597846,-0.0002652263059942964,0.0004625469999154297,9.409417150867125e-05,0.00012006732163325341,0.00017460358291545588,0.00024226562988084396,-7.45625789947685e-05,-7.980399451407662e-05,2.8970161064538716e-05,0.0006422900725096428
2025-02-04,3.995707525962486e-05,2.851878411607486e-05,-6.940927215381297e-05,4.39785314364203e-05,1.4972807816496917e-05,-1.858339648748181e-05,-0.00014721733755720674,0.0003010568705982735,2.9171585587937606e-05,0.00046461807889505865,0.0030672693318860105,0.0009546911804059509,0.00011075525994940855,0.001640102501352054,-0.0002783984344557742,0.0005017182777116414,0.000730006829956773,0.00010617261239169629,0.00010561344285756539,0.00017453046453145383,0.00012893355894153473,0.00019973892681014095,-2.537615580913699e-05,6.200070373401677e-05,-0.0011458827025598018
2025-02-05,7.040407997526052e-05,0.00016481343670842396,1.2913056869562597e-05,-0.0002147234505223378,-2.9374380551450832e-05,3.442572239672151e-05,0.00018612760982290435,-4.1968672507434535e-05,0.0004443532653529069,0.00047009185938938865,0.000743288773566185,-7.978275210517895e-05,0.00047796491376260686,0.001428515271206431,0.00016437720181488585,0.0004252701182941232,0.0006711557213478223,1.2958057901881756e-06,3.880397219618205e-05,-2.3677378154436933e-05,0.00018608671572841156,0.00018175181871054257,-0.00014372919077907504,-0.0005074337502528474,-0.003223271953613157
2025-02-06,6.717987074713377e-05,0.00014490324678042283,0.0001138581623527504,6.735366870593788e-05,1.7934425573812472e-05,6.438856717909915e-05,0.00020568099961127057,0.0002383410855080511,0.0004358789895110915,0.00043105463579478644,0.0024358932103015706,0.0008757571060727001,0.00016767259514438647,0.001357422707965448,-0.00018047735528856952,0.0001643995227223626,0.0007371004094635929,4.563652121726524e-05,-0.0004400303262754266,0.00016586294948641364,0.00019134559927539379,0.00020846041649891882,0.00012952073642738012,-6.03338961950885e-05,0.0008371952707346653
2025-02-07,-6.491210251105835e-06,5.216665227989853e-06,-1.0733791352660911e-05,2.4524720431420484e-05,2.1737449876621137e-06,6.855595694156654e-05,5.8120345905985054e-05,0.00028072944137041153,-0.00014423057316876746,0.00024797341096752853,0.003266178448513661,-0.00020535251046047967,0.0004538995450545079,0.0012455292462801395,0.000182043519569769,0.0004961312615663809,0.0006000143485840725,8.638645042935607e-05,0.00013242643105121146,0.0001526286442042456,0.000245977541356836,0.00013751884846632164,-0.00013582905564723253,2.2377384764471795e-05,0.0005003462864136178
2025-02-10,2.98130885041962e-05,1.2632056697895453e-05,0.00010877741541251792,5.254178957659945e-05,2.0988704943011635e-05,-0.00021193924873368124,0.00017492093877350973,-9.90514449456957e-05,0.0004679923137090309,0.000430837906452414,0.0023233215217074808,2.2271312646411287e-05,0.000376958986618606,0.0006649375442463411,-0.00029773250816658383,0.0005117886701616148,0.0006155795297944864,5.585404519745717e-05,-0.0001589898483176249,0.00015870383345483087,0.00018247155485168328,0.00016039735412953096,-0.00014629610939909427,-5.5778061210409497e-05,0.0003682485573564578
2025-02-11,7.743729712337056e-05,0.00015965510382067528,9.502823747436505e-05,2.0846307356727658e-05,1.59400864361714e-05,7.070646724057542e-05,0.00016328593475767458,0.0001951696370597956,2.8280842954943254e-06,0.00046388452749393413,0.003136014231591088,-0.0032792976559501874,-0.00011041000522162247,-0.0012714978881750345,0.00013803541345828633,0.000506260332361445,0.0006807849946742958,0.00011543201115438089,-4.863385705151954e-05,0.00013953742364299668,4.8888554451859964e-05,3.9133956763518434e-05,0.0001454727837680382,0.00014398910396164715,0.0009873239932661829
2025-02-12,5.467243985924318e-05,0.00015162336887061632,1.8048883060538132e-05,-0.00012470374678161478,-9.986266145694549e-06,7.877130352658949e-05,7.40561315548993e-05,-0.0004075583640552224,0.00013439393416308398,0.00042375318314225637,0.0029623194328375403,0.0006627232691135564,-9.133093107153588e-05,0.00035672155989259686,-0.0003905469994686997,-0.00034391834357799133,0.00041245572503409406,7.725124624592016e-05,0.00015939185421342216,3.996367968814524e-05,0.00017399747473366065,0.0001457948843345202,3.408162210223099e-05,0.00014061301188660492,0.0008591140673386418
2025-02-13,-4.4771218568937155e-05,-5.259237271907841e-05,-1.7317956598225163e-05,-0.00019960472339908346,-3.94537322610923e-05,-2.187534313711047e-05,0.00016961639979534923,0.00024209923945046378,9.466762640898045e-05,0.0004454841061507163,0.0021368534768580047,-0.0019014357759433182,-0.0007021167571468076,-0.005341627898880529,0.00015786396981306623,0.00043584707692341556,0.0003736405769694103,4.3820030034361124e-05,0.00013478618090453738,2.400049504294243e-05,2.923255702744844e-05,7.495247206720734e-05,-4.1222800286900353e-05,0.00013217802998728224,0.0008845412180005228
2025-02-14,7.145739375637319e-05,0.0001449867682092285,0.0001075707214447411,5.898151474713501e-05,8.570084070517547e-06,-0.00014628124130784323,0.0001568293389423495,0.00018433314635788383,0.00033422682689059454,0.0004323344047034468,0.0024792664180198713,0.001405554958416477,-0.0007136895062756077,-0.005349604453587294,0.0001948404846090297,0.0004245886330336698,-6.079580014568451e-05,7.771453307409517e-05,0.0001346916876613804,0.00010268289366246417,0.00015083249131943346,-0.002223607622816928,6.278167251410177e-05,9.19958557294146e-05,0.0007475493108984833
2025-02-18,4.507066638415845e-05,0.0001300447184045409,5.7458515685132316e-05,-6.791190360426213e-05,1.5874868282473486e-07,-0.0001823206231740667,-0.00026790954381915744,-3.588786693496207e-05,0.0004814175418406067,0.0004166062388343293,0.0031139943483567962,0.0010545472695882919,0.0003552474740165264,0.0003633775638043368,1.5963805565787737e-05,0.00041777735085847593,0.0005434758149755268,-3.7048298779152245e-06,-3.098454815259111e-05,0.00010302787108032478,0.00020241799351431393,3.90889226029038e-05,0.00015296899551435538,9.079643821911497e-05,0.0007197320646147558
2025-02-19,4.8399724069751465e-05,0.00013266816625119368,7.700008521583588e-05,7.80228688358916e-05,1.7217564372766102e-05,9.933862955133798e-05,0.00015354990895274982,0.0001434005155044631,0.0003859117369628534,0.0002700422974239693,0.0031075369016623066,0.0006896942361653833,0.00028847419417710836,0.0011740986060238287,0.00014546175098731318,0.00040137819554379056,0.0006031877635873297,4.7160342697588185e-05,0.00011338565213968896,0.00010046976357565377,-0.00016099965819012645,0.00024927899849609117,0.00015507835674703486,-0.00012725848789274803,0.0008116287495084389
2025-02-20,3.138843992843959e-05,9.931402163244385e-05,-4.276277618426753e-06,6.55594988251361e-05,1.1682813652548717e-05,9.784459702363214e-05,0.0001303475614653246,0.00016851864261479738,0.0003703344699828649,0.00039961636899278657,0.00301838668793658,0.0006865385396575188,-0.0002920592659142752,0.0015300261316382338,0.00012472869728035097,0.0002784020411294636,0.0006519456136432228,-0.00019516577762427372,-0.0019799957671621207,7.83453522927323e-05,7.301356068416517e-05,0.0002728481035728008,-0.0044014596579133765,9.626193356134573e-05,0.000769789443561532
2025-02-21,-0.00025245761805418605,-0.0003233314907316932,-0.0007806020231062923,-6.837410507448762e-05,3.624266535132347e-06,8.434335348286012e-05,-5.813044913340943e-06,-0.000822112886506551,0.00032756893045371725,5.96473015399128e-05,0.0013201153038367686,-0.0013033753665210382,-0.003303164336157405,-0.005846198407197914,-0.00023073866814240292,-0.00036130437114993507,0.0005559156999686369,-0.00010432611663729915,0.00010905087433640054,-1.4213985330792497e-05,-6.095779630520081e-05,-2.8649599798976548e-05,-0.00024239679954837778,-0.0001595503164066612,-8.711924279680662e-05
2025-02-24,3.8952073738590486e-05,-9.23247546922608e-06,6.581126935788128e-05,7.392513998053624e-05,9.443550212466892e-06,5.4483979186792115e-05,0.0001225976141417566,0.00015233045978780836,0.00028778686319320664,0.0002519309108498024,0.002040333998027251,0.0006256645343946407,0.00025132780613235626,0.0007117516644338934,0.00021605272607604247,0.00036488102882081,0.0006520615274070579,4.1378910095168765e-05,8.52833041272589e-05,5.650502017837e-05,0.00011927557376690486,0.0002872455777021303,0.00029463114888768805,-0.00037987214654689133,0.00020732830375465945
2025-02-25,3.441544290592648e-05,-2.1515340584623438e-05,0.00010545178805254868,-0.0002129589084468365,-4.1668532505329756e-05,-9.095329537951125e-05,-0.0002940628344005791,-0.00039077924866600885,0.00032946041640212714,0.0001337439241876541,0.0022699102524082453,-0.006555581391699606,-0.002248878376470272,-0.00232973072923612,4.474825301707723e-06,0.0002481946417857203,0.00031251016004538705,5.92738158646124e-05,-2.4607096501403768e-05,-7.924927939104444e-05,-6.311124943062977e-06,0.00013555634825950782,-0.0013268826684268897,0.0001242187877795665,-0.0006706772968242407
2025-02-26,5.990868245362492e-05,0.00014047317270201988,0.00011868113327223298,5.967192196381228e-05,1.4928719251609084e-05,9.052200082377276e-05,0.00015244847521618765,0.00022764436002079388,-0.000422769329980676,0.00035489775184042934,0.0017659089463366111,-0.00010310208591321176,0.0007059796977430708,0.0023082095867354596,0.00018878202064178458,0.00035484980506805645,0.00042615074363696925,5.416693964798227e-05,0.0001888319709312016,5.968818059607957e-05,-0.00012669132137628792,0.00023130430218320627,0.0002938075481467813,2.0502187485902523e-05,0.0008893860057943618
2025-02-27,-0.0002098509459752117,-0.00069442047351575,-0.00012102082381446645,3.838873354409102e-05,-7.049658244865922e-07,-0.00014886133849113085,-0.00020150372594388352,-0.0001496844597708107,0.00015205935096859147,2.111436388960294e-05,-0.006604216546118563,0.0006362421209969085,-0.00039634154353193087,0.0015740177093980794,0.00018828230891465694,0.00024371519091167366,0.0005494872365075596,2.2367580950846546e-05,0.00021762488233374646,5.279355503695178e-05,0.0001204104089797317,0.00022070625038708448,0.00046424238318872355,0.00013699151698393905,-0.0019130242908710015
2025-02-28,-0.0001805583431841081,-0.00011503218841897844,1.6105415295304408e-05,-5.7190555458577e-05,-1.4124420429539912e-06,5.632392155453658e-05,0.0001605443300187543,0.00022992969503397647,-0.00010448189124355505,0.00019692295109002074,-0.00024201634104815527,0.00017080931050867006,0.00041523604541437683,0.0008947322615173996,-2.323122474447167e-05,0.00016275568272529502,9.73262719483033e-05,-0.0003592146943331303,-0.00024000447945231646,-9.950800278218596e-06,6.0503796604285506e-05,9.642281602698731e-05,0.00015656695425380208,-0.00033574558125680856,0.0008391750664839976
2025-03-03,-0.00024115980508058722,-0.0003458341009740792,-0.0006348389304320297,7.767292378426313e-05,8.86378354764974e-06,-7.42757041620243e-05,-7.637896858380257e-05,-0.0004343415586724451,2.100702423178495e-05,-0.00014345335223720125,-0.007011006556895962,0.0008635105143976933,-0.0014028939547583367,-0.0001231414269728063,-0.0010388362197711197,-0.000941528771568722,5.762090809114329e-05,4.892039564331391e-06,6.749361503969513e-06,3.379550539587832e-05,-6.098450841025415e-05,0.00011947117956634925,0.000414243581584642,9.627057253582012e-05,0.00053999750496474
2025-03-04,-5.499008041446739e-05,0.00016038876088999903,4.1250286178368736e-05,-5.37805054867032e-05,8.250120850310955e-06,1.920396512155506e-05,6.424370129580069e-05,0.00025600318321288283,0.000205434766900208,0.00012763569096009233,0.001428923881354109,-0.0003559980184720461,0.0008783197722919989,0.0010690384615802575,0.0001996600539012115,-1.3184356768892059e-05,0.0001261056113591855,-0.0012067390572215542,-0.001395579000509478,-8.69571427142696e-05,2.136417574685436e-06,3.1550530000913905e-05,-0.00021984991052321416,-0.000982140207183956,0.00017509341052351923
2025-03-05,-2.1286486208037467e-05,2.1585341871700726e-06,7.545637700477689e-05,4.1546803517550536e-05,8.791255893926934e-06,9.377066061792147e-05,-0.0005463594715633779,-0.00042684138012188055,0.0002851449840190236,-0.000860429621676779,0.0015230164718328435,0.001146790786504146,7.026892457491182e-05,4.964900101135303e-05,3.903385869109328e-05,-0.000992091537311267,-0.0004772025059469183,0.00011039627831556767,0.0003166135224856351,-6.778698299802574e-05,0.00012949077330737005,0.00016141010734263035,0.0004480340536686922,0.00023534774734305366,0.0007355893211748745
2025-03-06,-0.00022402162700862598,-0.0006025644240401334,-6.690987388447233e-05,9.474846653145352e-05,9.738311428400369e-06,7.082808528753216e-05,0.00016901162498633482,0.00027580799744781665,0.00021783740188267633,6.91814291029456e-05,-0.0018805477783836399,-0.001645216956717232,-0.0013949953973323112,0.0007651735085352964,0.00025596016023997885,0.00022727050135265238,0.00018936075987828873,-0.0001329751251581783,-5.764135587029893e-05,-0.000614305452397194,0.00011436988349755099,0.00021765842872707264,0.00035772452781985333,-0.0010665843092409733,1.9853299893046066e-05
2025-03-07,8.064667383589037e-05,0.00015633828777142372,0.000162919749611351,9.548829546764786e-05,1.7396727089722998e-05,9.266777126450589e-05,0.00014549282041784303,0.00011267245078879865,-5.12559962122226e-05,9.942921188371375e-05,0.001425419513452768,0.0018319159237781579,0.0009678718409634228,0.002040722381354394,-4.548406234918491e-05,-0.0004371936570225772,-0.0004809604202163608,0.00013191516259219858,6.108403685100368e-05,6.30812058135539e-05,0.0001008664969942404,0.00016282988869606335,-0.0004242151330496952,0.0003084335154312414,0.0005297624017641478
2025-03-10,-0.0006161234914561269,-0.0013505750362197693,-0.00048119043926216055,-1.6002524271149362e-05,5.7132189601402695e-06,1.3513330257800034e-05,-0.00011105620569909312,1.7496604577007364e-06,-0.002258638413691369,-0.0009706391200806516,-0.0010391906404470708,-0.026303156888218472,-0.007388479332220475,-0.03509971039124411,0.00020267391454163277,0.00010650077993135438,9.318099855293844e-05,-0.0003576919151712608,-0.0014216647378389848,-3.6270647178402967e-06,8.927662687114151e-05,0.00021535305714499433,-0.0012913939664700807,-0.0002671751675383034,-0.0008699103338510889
2025-03-11,8.226902070981745e-05,0.0002901830503977584,0.00020263888548258398,4.625179389142075e-05,-2.5163450289522408e-05,-4.1233145338239534e-05,-0.000657355956223778,0.00023312656027031718,-0.0005320356586790638,0.00024646424516412777,0.0014899166515078533,0.0019127411584116995,0.0013942758921936095,-0.0002229172760366445,0.0001779941628391919,6.198304035880326e-05,-0.0002369705532698836,0.00010607288040727156,0.00026644215926194335,-4.3484620046640936e-05,2.8374611360170398e-06,-0.0001045189052031633,0.0006803990045028546,-0.0023634630163752997,0.0005865701155737222
2025-03-12,0.000123126883773909,0.0001615664525363017,0.0001921729479939269,6.219659116736448e-05,1.0293847457618659e-05,8.316376571343049e-05,0.00013384434348086266,-5.354676312816474e-05,5.042624258136868e-05,0.00018069925901898704,-0.0021078992528201744,-0.0020466583486128697,0.0006006795296246826,0.004529014457296987,0.0002242854436273342,0.0003036787609280984,3.7175921197454657e-06,0.0001797625013258013,0.0004241746770451884,9.216808447279466e-05,-0.00020455525377956898,-0.0005393322935004154,1.1535938247009942e-05,0.00035725938448824643,-0.001107849152233365
2025-03-13,-2.99364803427539e-05,-4.321586431385756e-05,-3.1651738706613754e-05,2.294214508387742e-05,9.636706005941267e-06,-0.00022221472452791416,-8.034119487284542e-05,2.6842665611042044e-05,-0.0007928786633948739,9.675288430346967e-05,0.0019393929409102905,0.002633328350318435,-0.0008853484704178464,-0.001450111383329629,0.0001732676966111715,0.00012205350286407124,7.370811422684597e-05,0.00014868466811161852,0.0002955334340412499,-0.00029514119631130105,0.0001455872167224781,0.00027498871262496977,0.0006373626711354846,5.3286802800525646e-05,-0.00011716624825012362
2025-03-14,-0.00025802141260210053,-0.0002662984325980277,-0.00036605448749227896,7.330685815860228e-05,1.963558344768532e-05,0.00010362853592895533,0.0002231289875191365,0.0002175278204197553,9.263630958810596e-05,-0.0004075103640464609,-0.000697190386319866,0.0019310185632825402,-2.547188005695201e-05,0.003726805522394778,-0.0006312187218295453,-1.4870076786960469e-05,0.0002610937775075127,-0.0003460101093077461,-0.0005690944968327026,-0.0002700031753479084,0.0001370221345489994,0.0002562477591708406,0.00060791991493274,0.0001189312067350803,-0.0001784650072135384
2025-03-17,0.0001233060811949926,0.0002935508308755838,7.41196727568925e-05,6.803265037083763e-05,1.4108209578173832e-05,7.458856924717962e-05,0.0002061256517928035,0.00023624126470384602,0.00041101855736500905,0.0002773433310853821,0.0017604232872542197,0.001007628909632307,0.0014032242581639015,0.0037220225801902467,-1.6510937480558287e-05,0.0002365259196817545,0.0002515007124771184,7.159711510716242e-05,0.0004490089797096491,-0.00014696126885371097,0.0001365660939349689,0.00015815731464635568,0.00011048992403455684,0.00041165278927149157,-0.0005500575269337725
2025-03-18,6.141200273752725e-05,3.078714590588308e-05,0.00015701335929088817,7.830254779122075e-05,9.431691389538623e-06,-3.4602917421225636e-05,0.0002146776408272302,0.00022568883707100484,0.00035853423380454217,9.675492403142592e-05,0.0008211727440956792,0.00036768591309465455,0.00035591001091686363,0.0026154335906443645,0.00024121065483233235,1.2091026503579215e-05,0.00023384509397160114,0.00021159001109271683,0.0004718520064037295,0.0001225837669304719,5.33901557743316e-05,0.0001251568750279724,0.000261980059321113,0.0004668398315038293,0.0006508782745305421
2025-03-19,6.86440857802363e-05,0.00016496850800034243,-8.98832678572053e-07,5.1101692212704275e-05,-1.9952699695002097e-05,7.833415735759356e-05,0.0002044847924873446,0.00026440685250600347,0.0002475260336843474,0.0001608366135964244,0.0017471731378989445,0.001445186143577721,0.00026024091180103497,0.0019640800751584706,-1.865049095484261e-05,0.0003015208914995855,0.00020037505792001213,9.29858027182438e-05,0.00018749838670425404,0.0001490321416208441,6.978876029184469e-05,0.000124775747176479,0.0006754658262846557,0.0003753434526908765,8.451185823763309e-05
2025-03-20,0.00018354086411597755,0.0003395299852119841,0.00020805158602332335,7.11547676155823e-05,1.3508376666651676e-05,7.964241611935171e-05,0.00012647677514264393,-6.028425436644584e-05,0.0003691281604794646,0.00028507570901975716,0.0020127152736386794,0.003649776948015276,0.0016873314354373238,0.004156915703475319,0.00023408017856106785,0.00028573387851429477,0.00013334152461291218,0.0002147677030920892,0.0005011010321331298,0.0001490403299743431,0.00013229021049967476,0.00010242160967529926,0.0007167918939296486,0.0002595875809940141,0.000715496140858687
2025-03-21,0.00019197384552918956,0.0003408522684400495,0.0002115812887403893,3.6290002994664006e-05,1.3864216233182742e-05,1.6031104883500386e-05,-5.547822246015194e-05,0.0002758375989376718,2.6635480753173333e-05,0.00015426931205045393,0.0020404955413480344,0.0009976553610275274,0.0008300381665745098,0.004132607335337507,0.00019578350138348198,0.0003353723229070892,-0.003364343670582066,0.00020366317020371208,0.0003820830090023221,2.56620933259713e-05,9.955739702719093e-05,0.00011256123145307171,0.0007327537507325591,0.00042613520805098205,0.0007485686613667387
2025-03-24,-0.00012392499253996417,-0.00011990857987064722,-0.0003566749050574168,-3.353306761609491e-05,-3.2061490028386484e-06,6.500648837105941e-05,0.00020472619243140397,6.064157384333933e-05,0.0002926611835045843,0.0002673534542938651,0.00112727609939325,-0.008946162558558391,-0.0008856800562422407,-0.00036763034062280327,0.00011460381120234511,2.846394832165287e-05,0.00027264395435581056,-0.00010103718436636227,-0.00029620972861337815,-7.850834865530892e-05,0.00010298467949901207,0.00010030063763931931,0.00020352878845627246,0.0004098799579784807,-0.003736574076174415
2025-03-25,0.00018632682942298296,0.0003206233004177141,0.00020247974549906806,7.059424529093268e-05,1.4868323818090673e-05,6.66858311382018e-05,-0.00021861615838117857,0.00023251417579736385,0.00024041021447449126,0.00024199396757252798,0.002013981223830603,0.0031481091943901846,0.0016251533842437447,0.003941812546728898,0.00020915031362886573,0.0003014219005224959,0.000128503609635647,0.00018164920864523418,0.0002749297677267115,3.511685708187121e-05,-0.0001029356930146708,-0.00016654650685349643,-0.0005168030228232701,0.0002475864530538946,0.0009223034596348135
2025-03-26,4.702591918505345e-05,2.13307088874152e-06,0.0001280688386166784,2.6656027823166714e-05,-9.521936953050315e-07,8.473142102387673e-05,0.00021982357671335653,0.00016571845519927967,0.00033359159780319225,9.069471612053903e-05,-0.001499416287246186,0.0010745494789927527,-0.0005922089969788373,0.0012397347678919576,0.00019214472952284068,0.00028944768971117974,0.0003553400032943377,0.0002044474067779674,0.00042767879133960796,0.00015340955296639538,8.068556098608578e-05,-0.00037304280615445897,0.0005075281832388883,0.0003629610402447406,-0.0007243290583258835
2025-03-27,0.00019073369308666562,0.00032448629609290017,0.0002144190882738295,4.799166331262855e-05,1.1865483075403144e-05,-0.00010153411827499941,-0.0004540100943980867,0.0001994557203134442,0.0003299199729005741,0.00025994164642974054,0.0017164700418977469,0.004116754934600813,0.0012746397914550262,0.003023601878817648,0.00012203068543719291,0.00027613527204243854,0.0003458224217564485,0.00020984095748975866,0.0002792535117468025,0.0001547024385083645,1.4053680279916053e-05,-1.8229650789217903e-06,0.0004162298777655062,0.0004211611981834974,-9.517698629471288e-05
2025-03-28,-0.000215692429481801,-0.0003532460723985196,-0.0001835170594999146,-0.0001336749746614081,-2.2963350960910663e-05,3.0848263114928486e-05,0.0001281211167338759,0.00011001580480136605,-0.00032251205262678987,-0.0006764855614834013,0.0018434855673230511,0.0027686283168016092,-0.0001668706187580905,-0.0026849839662871854,0.00019798132505721743,-0.0005195499718350207,0.00037397204222041497,-0.00016725592837073087,-3.982934420268541e-05,0.00015884718838027082,6.262656576299324e-05,0.00014876474738289034,0.0003971935036429844,-0.00014995113189368245,-4.220515162642693e-05
2025-03-31,0.000161902419576732,0.0003541510315700504,0.000225534449433158,-3.3871739179203416e-05,1.0424005245194772e-05,-0.00012792309543074886,0.00021982994835337513,-0.0009492653591397451,6.434672551454667e-05,0.0002128588336998368,0.001541036864987611,0.0037788155874613175,0.0010746698003240018,0.004090547244562372,9.974095035799834e-05,0.00034793505601165116,0.00023234502594217794,8.610910047607233e-05,0.0003454888300847273,7.505051090394898e-05,-9.20560808299672e-05,-3.4334651158961455e-05,-0.0005038038106757552,0.000414313740691376,0.000919528967080584
2025-04-01,0.0001880298729176076,0.0002762479465962567,0.00024369698760282334,-1.4635558298242941e-05,5.840919046386149e-07,8.050708681993887e-05,8.285650542120716e-05,0.00023563213719974394,0.0004119182328945124,-3.016476817464472e-05,0.001343279054263306,0.0027527738322205746,0.001604487045765837,0.003953776769173993,0.00017937553419623454,0.0003353074807601726,0.00035532529047956914,0.00021694141418969617,0.00038171944028064466,0.00016040432975818013,-0.00615272622765575,0.00016897746189844934,0.00032182907854060104,0.000322848943746317,0.0009416183629551555
2025-04-02,0.00013951425409678678,0.0002645505874033134,-4.3798911548835874e-05,6.227094917510601e-05,8.184990990728066e-06,7.105277985503341e-05,0.00019590172542675004,0.00013815544813037221,0.000412208796595515,0.0002840974309883768,0.001161106188543121,0.0013250261811125546,0.0007307150023915706,0.0017922312941254332,0.0001445006569109164,0.0001218254269332027,0.00028043606435156716,0.00014718548700953056,0.00033839433607634996,0.00012276853698490705,0.00022506249087272224,0.00012532847766670422,0.0003537267431642252,0.00042813422373057475,0.000923884201231939
2025-04-03,-0.0023802152681464514,-0.0027073480033845965,-0.0041942690501258805,3.3310776761768585e-05,1.3153640347242188e-05,3.469439553974145e-05,-0.0037230392273289586,-0.0051489133535685865,-0.008993324046402176,-0.00028776118666253795,-0.005454613897226217,0.0008834576031511109,-0.005770262330620982,-0.000673095537900412,-0.006543633010299564,-0.007889544648237675,0.0003529822486908181,-0.002401847761804632,-0.0048872161354713605,-0.0010516567575191134,-0.00038561979645391695,-0.00012996828881275312,-0.00037032263636312465,-0.009021707677180668,-0.007789728201294352
2025-04-04,-0.003331967834113857,-0.0036351431841317294,-0.0016387706069453229,-6.531158887314915e-05,1.1382292054228693e-05,-0.0004871299499268046,-0.0037975660601460006,-0.003348265702587042,-0.004793893495731422,-0.0010501211088451826,-0.004333561825837399,-0.007916878176530326,-0.003436012021078765,0.00042724895348216115,-0.008818588680108609,-0.0029020296216192834,-0.002269180903668129,-0.00548973891848735,-0.005436211624022788,-0.001755310184438712,-0.0013084699163833234,-0.002476063036741856,-0.0018163403075731705,-0.002915645854585873,-0.0066674620876255065
2025-04-07,0.0004858756628449241,0.0006531501920719521,0.000462038893339004,-0.000879837069959447,-0.0003752241293248575,-0.0003693483539053532,0.0006124740517872781,-0.00016031795123273114,-0.00015360718236529457,0.0002968167633280027,0.00043146085429755874,0.003996775665130509,0.002007000082154038,0.00393433318838701,0.000962921577016709,3.9710769136200134e-05,0.00046887294048643066,0.0005806676990627056,0.0005401638635197873,-0.0004233356960096942,0.00025752992963972164,-0.00015962621955391564,0.0005205307198508875,0.0010116258694879174,0.0011327623086495938
2025-04-08,0.00023829425704860994,0.0003260920634346135,-0.0001640621364307729,-0.00025468909218826885,-0.00012904267739279743,9.875454750833791e-05,0.0006170171397888834,-0.0009518723395975121,-0.0013012131344901973,0.00023860712147215666,0.0014907724820284283,0.0021845212993443167,0.0002449651825467843,0.0029515433428368145,0.0004440024988731869,0.0003528189484283257,-0.0003812970821878256,0.0005707640694410528,0.0008013432309306101,-0.0004189012514802907,0.0005527301434653809,0.00020208582777589724,-7.823843264606709e-05,0.0006529013541428937,-0.0027238354159679007
2025-04-09,-0.009511334674632884,-0.012260756139664368,-0.0061033710017595975,8.810495207057335e-05,-0.00023325390625428876,-0.001193788558124432,-0.0005089475009450536,-0.003406918472469647,-0.019021746842615504,-0.00905122023711825,-0.027909528882633556,-0.03850730155657906,-0.021971686376341806,-0.022020707961506448,-0.004545554932323349,-0.00802415495032425,-0.0012594203980038443,-0.004721003888186092,-0.005165601207160969,-0.003001338688972943,0.0005271297936249725,-0.00025809248733995303,-0.007858968971687825,-0.011620247173034427,-0.04369961893037756
2025-04-10,-0.0010042057555855765,-0.0005968216582208569,-0.0009260487213788168,-0.0006598928855532934,-0.0002397810214924307,-0.0003918455146317896,0.0005568714585604685,-0.00013893776744049896,0.0005072429663095833,0.0002150201071291169,-0.0005724153728446381,-0.00018050097450245366,-0.0005060208816999533,0.0016323040251318515,-0.0032436814323991,-0.00028464347744634917,0.000539122311767881,3.9986817536605246e-05,0.0001736076363122248,-6.358669649745522e-07,0.0003327163599421074,0.00029991038732852154,0.0007873434501130107,-0.0033901998124623352,-0.0032569237008547667
2025-04-11,0.0007991930831478271,0.0010555166445186113,0.0008077403975908582,0.00013302633992061795,6.972297146388811e-05,-0.00013619568203473184,-0.00038595767306748914,0.0007628146477293104,0.0008860669961793406,0.0004634359687555934,0.002187025234689252,0.005541910554594773,0.0022504938434353542,0.0024300661744818958,0.0009679864853910686,0.0011986308989966063,-3.377636118288667e-05,0.0006178164589424447,-0.0003322437261089699,0.00041361080876405477,0.00014898658448719376,-9.246595422267664e-05,0.00031263286445823945,0.0018067442738199243,0.0021171157183127913
2025-04-14,0.0010260254375734031,0.0013433422133930768,0.0008795431613714017,0.00010931169138346522,3.129710129939765e-05,0.00019113832211283132,0.0006140132485984793,0.00105491347419378,0.0020161814022963027,0.0008120025080302243,0.003180813357227975,0.005491665689341198,0.0030105328542973705,0.0032912137818656814,0.0015864335069856123,0.0011668317111992858,0.0005556799869759106,0.0007958043351040012,0.0012448780322987395,0.0001283203599856896,0.00028566512721016113,0.00016644996650538188,0.00048679119554974245,0.0017957893067047654,0.0047520515665250345
2025-04-15,0.0010935832844717489,0.00135899831071853,0.0009911918257918594,0.0001485817805876293,4.245469348311208e-05,0.0001984324489761505,0.0006573178680918398,0.001052518083470875,0.002496819353333447,0.0007502884159085186,0.0028618506041432875,0.0053646736124591,0.0029508337760208486,0.003244608490891027,0.0015507940707738424,0.001158937605233185,0.00040716934371688084,0.0008709842715238718,0.0011853630825327177,0.00053974975424069,0.0005740031332152302,0.0003345563826207894,0.0008633258567751486,0.0017685772629324771,0.0047821264470914535
2025-04-16,0.0005933470493859561,0.0004205840093482162,0.0008914344366702307,0.0001294574665321893,5.4838493239117795e-05,-0.0007998821351230481,0.0005178777426792749,0.0007002133106674326,0.000923212514576603,-0.0006099674656117889,-0.002035117447744006,0.0027142231441266654,0.001948469618555573,0.002851957887902597,0.0014724812677736293,0.001292781403413296,0.0003123441200240815,0.0006213621322381591,0.001000391441913724,0.0005333092786353307,0.000594802582943502,0.00019018840776452908,-2.7078606198215147e-06,0.0010705665623971248,-0.0010341063834146515
2025-04-17,0.0011178199826559628,0.0013931337574224977,0.0009189973656544693,8.335090587080692e-05,7.132050938148838e-05,0.0002549807550761554,0.0006152624230692004,0.0004395326805998396,0.00239260802319928,0.0007397622291253652,0.0023953289705508254,0.0052592673223710714,0.002964966728263412,0.0028841415087351857,0.0010442813799886022,0.001212332659120493,-0.0001867864683123533,0.0008772468887398377,0.0011397661634750956,0.00031181660883674266,7.15867754878945e-05,-0.00028828033108059065,0.0004381570481673671,0.0012298687831703383,0.005019386760974116
2025-04-21,0.0005331809423962459,0.0007555822085256296,0.0005652317074831693,-0.00014606913502544024,-4.581170586250976e-05,-0.0006537372925542833,0.000602145761233776,0.0009545346720903165,0.0022037477246124072,0.000278369864900471,0.0011404345959069094,0.0016428141433731348,0.0026608948820214294,0.0030442949590910803,0.0008547151957588016,0.0006324786597123988,0.0004624393858551792,0.0004081134524654035,0.001066363700991704,0.00010066203282928118,0.0006076288059756696,-0.00014183280277637965,0.0008692362044440474,0.0017581958996116874,0.00456505396992868
2025-04-22,0.00048513023314456926,0.0007457401125450924,0.00034290645499198227,0.00015092875317479745,7.176295274824503e-05,0.00012080991539186234,0.0005718149268531112,0.0009823876526812898,0.0014846214990169458,0.00042684260192913303,0.0029764878301797564,0.0033123217898214253,0.0015271974313507983,-0.0037193805295316264,0.0009621027291063125,0.0009609910901359,0.0005563707437693513,-0.00015573864099295434,0.0004341200881563833,0.00019921199629524062,0.000592709912701321,0.0002415482338993553,0.00026837684166439656,0.0012400364872440308,0.005024904287550278
2025-04-23,0.000944546011159992,0.0009505556116197219,0.0008129009125175236,8.824324501391836e-05,5.8411245076773756e-05,-0.0002562295610610431,-0.0005872350774993719,0.0007378975148203243,0.0020698483014781476,0.00047722774383744383,0.001968743682801327,0.002570900970138546,0.0014187938963387348,0.0027912057975220165,0.0016222162408540241,0.0012411574877658404,0.0004212745510589427,0.0008212063360278288,0.0007861169218581551,0.0005786348774337005,0.0003921484957906739,0.0002459307441400199,0.000982200588199317,0.0016834909653841907,0.0029053694404099504
2025-04-24,0.0007427710003487365,0.0006851755266497248,0.0006152102983270436,7.112342599691353e-05,-2.593236040777774e-05,0.00015516868610696344,0.0007269993455941364,0.0010793444225164186,0.0023391823711304016,-0.00023316016342305693,0.0021653736950650875,0.0035750061621698573,0.001139029473940344,0.0011300058541769279,0.0013667552797399516,0.0001288065215545493,0.00037642444701061005,0.0008294525698548879,0.0010285461742074733,0.0005559034924909458,0.000625200165537208,-0.001034704629684241,0.0008819298925301988,0.0009411890327812903,0.003015212740525677
2025-04-25,0.0011482925386730833,0.0013726472222359047,0.001028114971381589,0.00013312864399811085,5.571666461456551e-05,0.00025556192398063,0.00042079793500319937,0.00104861747389188,0.002661706586299886,0.0008411476442365089,0.0017233778103011384,-0.003988975648873135,0.0025698622578681695,0.002533703824139618,0.0016283553505715696,0.001555740312266253,-0.00011210899180397053,0.0009336014112112682,0.0012533622087579923,0.0005602353999222716,0.0006182260101007248,0.0003962962003749823,0.0008549254302988329,0.0019143444035299682,0.004546723074091562
2025-04-28,0.0011949179920763423,0.0014832942252278687,0.0010047364761181074,0.00014811747017720914,7.900472040377515e-05,0.000180875095291304,0.0006977819214972599,0.0007728274242821729,0.002659475015432659,0.0009723552633410193,0.0029736022784123406,0.005044469994661836,0.0028494345868040442,0.0027654588151099163,0.0015807407889274897,0.001552602917477743,0.0004320314578659037,0.0009474695578135197,0.0012725472129959808,0.0005242540782844679,0.000597901396017275,0.00043293476657334,0.0009166249482699637,0.0019183535614921876,0.0049960620048860715
2025-04-29,0.0011552522645372101,0.001438280747344553,0.0009876337704970003,0.0001195360063337038,7.924336880557409e-05,0.0002863227880650291,0.0005409217410739928,0.00031894535794588447,0.0026454733457148645,0.0009216847181421482,0.0033973086637687335,0.0046018002196338,0.0028246675387185757,0.0031728652929762188,0.0016190475152799302,0.0015539990212588384,0.0004374163109526994,0.0008508786137587768,0.0012340982570066925,0.000535609002969299,0.0006068673214944411,0.0004455753899722214,0.0008437426831603046,0.0017955333528794088,0.004933563692767941
2025-04-30,0.0011740214279131354,0.0014449868175101907,0.0009614244882988042,0.00011669829060357469,6.0676272974055916e-05,0.00032795465392970854,0.0006270238579664702,-7.64438282637738e-05,0.002595862189027912,0.0009175301278106454,0.0033900688038606156,0.00382768285620105,0.0025807434616782823,0.002582162457371127,0.0008799988239854552,0.0014733025174286708,0.00042264250354199075,0.0009390727806475155,0.00124360576645149,0.0005533842950265055,0.000613270240845007,0.00044779036062835725,0.0007628105464155517,0.0018891027196245456,0.004709500442328829
2025-05-01,0.0011218656458882557,0.0012766217049605586,0.0009636021847445333,0.00015522232006432178,7.149291357265103e-05,-6.43132862032611e-05,0.0006395168492144121,0.0009581815527697448,0.002599890132615907,-0.004477067192837773,0.0027880760887184874,0.005025124830093202,0.0027408816384659794,0.0027797294918881724,0.001647118639495375,0.001285557362711249,0.0004312959478420869,0.0009345878468481273,0.0011527670861255594,0.0005510325961677298,0.00046929437132595055,0.00018279320777932044,0.0008743941260311593,0.001890640717275068,0.0048439264976709254
2025-05-02,0.0009569105740476025,0.001233581504443358,0.0005092834042749391,5.995580241515013e-05,7.797143161671778e-05,0.00039717544576330826,0.0006003310894340959,0.0011316612867302979,0.0011643930093699815,0.0006740621977567497,0.002747983613831091,0.004437416526094615,0.002257138435416045,0.0025160533100474385,0.0014496247641096554,0.0005945771138718618,0.0003231120208742135,0.000514046682674863,0.0007336906141496447,0.000412914178201356,0.00016317504125535048,0.0004434415050854632,0.0006829885244628848,0.0015512054582794697,0.004414785648007517
2025-05-05,0.0011506694421260057,0.0014242834878727434,0.0009582135773141445,0.0001534934660104956,8.19346320725477e-05,-0.0004659851304716523,0.0005382261526135252,0.0005204458636760997,0.001671462703831407,0.0012259025507005753,0.003401494087514119,0.004275782031944737,0.002169279479888246,0.0019827635075271586,0.0013393347437962045,0.0015637201360441612,0.0004244319843734366,0.0009122683477514162,0.0012637337388389251,0.0005635500309107968,0.00022162429637176715,0.00034126465400549004,0.0008396351379657273,0.001888457336572142,0.004602799992683994
2025-05-06,0.0009752467102763998,0.0012085185391570781,0.0006595642863937598,0.00017441693946095222,8.015089125346794e-05,-0.0003183010510617159,-0.0001325986250012569,-0.00029684871371922527,0.002230055385150254,0.0011557070077280918,0.0030710600490165838,0.004422702909727495,0.0008802536460763607,0.0023512303012387034,0.001323265641882077,0.001072788130101883,0.0003799079158855093,0.0007842777977503932,0.0008040148734765243,0.0004428952654020306,0.0002207013378612216,0.00043679837554315155,0.0007699635249410055,0.0013916626402759851,0.004076219157382547
2025-05-07,0.0008326473548364854,0.001060125508869225,0.0006615286134668707,0.0001618213183618184,7.993750961296125e-05,0.00022852736523554527,-0.0003114765513849463,0.0005061110332608463,0.0017891599999673032,0.0011295312684397537,0.0018254593601057538,0.004079205665868012,0.0018724988839627504,0.0023095138284906867,0.0008131309759873176,0.0009251417722786275,0.0002470266285440885,0.0004674255301879686,0.0006559186915727173,0.0003969864469388493,-0.00019332075724584407,0.0002993072663525143,0.0007025299301409145,-0.009264841529228433,0.0037431954893076304
2025-05-08,0.0008028329043735487,0.0009704888308160225,0.00031252579519242695,3.53792177981352e-06,3.767000599653958e-05,4.7755842895739174e-05,0.0003178987803138968,-0.0002827947865132166,0.0018110662817093367,0.0010055215602651425,0.0027357387068404184,0.003112721879505575,0.0007704249038802584,-0.00014442177751170697,0.0006400488525690701,0.0007341863953110631,0.00024666235994010954,0.0004353989710056377,0.00037189820573119316,0.00034402696408441217,2.8196544825581323e-05,0.0002573056477881875,0.0005042535887325436,0.0009004538532226022,0.0038556008371298436
2025-05-09,0.0008384154088284329,0.0010632648549464736,0.000645547189611633,0.00011400075470154217,5.554797182303188e-05,0.00041120044005384126,0.00018731615281973783,0.0004982078116457705,0.0016823201812765974,0.001128242113142769,0.0026947950897247192,0.0018400566465909631,0.0021252251075620475,0.0010926154908368784,0.000690378438531454,0.000848940443358971,0.0002456368684632996,0.0005064927536895129,0.0006403317464371358,0.00027583907885312233,5.674850332544161e-05,0.00022791333185353868,0.0006617135946955515,0.0017222760509393996,0.003670159406279673
2025-05-12,-0.0007630810997566054,-0.0012345278895567909,-0.0009093044734698995,2.7074967543659834e-05,4.0617597898748734e-05,-0.0004236454120815992,0.00023261421302089307,0.0002968710618780184,-0.003151865672265106,5.7218774204730754e-05,-0.0016878850609862279,-0.0024689838595171164,-0.0026670803873063108,-0.0004345782703384445,-0.00017187982530981972,-0.002187727612255703,0.0001546126764249302,-0.00018478913119476513,-0.0004239844340858515,0.0001142334194973027,0.00014531098265666784,-0.0001774556494233572,0.0002314502240731388,-0.0006740733908407654,-0.0012054974838488029
2025-05-13,0.00019862579439099566,0.00011513229277316448,0.0002358086033820487,5.992253646423744e-05,2.3846283893837002e-05,0.00038889147550161436,0.0001623112689855689,-0.000378654342812896,0.0005981106464195823,0.0006197583158178103,-0.0019320447633174173,-0.0006005565979877985,-0.001911095829284329,-0.04512724572776724,8.229552197401276e-05,-0.0003926123729819744,-0.000661950372073664,0.00017842977026617573,0.00017266709400257777,-5.337054865931229e-05,-0.001286899302081176,7.146075527692357e-05,0.00014307725506029144,0.0008559151947736353,-0.0005325146610406124
2025-05-14,0.00022556479529526347,0.00030249961900417465,0.00015904425973258264,3.142044227849204e-05,-1.1584281532618795e-06,-6.37173317856541e-05,-0.0003137371841589547,0.00033816518603259,0.0006110563285045727,0.0005302192166196321,-0.00047921628128607687,0.0002456850611491149,0.0009269810843293854,0.0028965861396031754,0.00021831072379124776,0.00039983915050250616,-0.0003809053383870075,0.00017403728693318746,0.00012444293263612835,1.3801890458915736e-05,-1.0903690577606723e-05,0.00022332350158504186,0.00010069597762829899,0.0007294708460029353,-0.0011343236091191354
2025-05-15,0.00019843898945081246,0.00033645193487106547,0.00019287587432001056,-1.1823673707153946e-06,-2.6977036451343e-05,0.00016049278697500402,9.140580155233985e-05,0.00022101364490771425,0.0005761482313925634,0.0005998583430855217,0.0012616197219539375,0.0017294026968567144,0.0007196633474416303,-0.0020312839125089036,0.0002388708417951322,0.0004569747557859843,-0.0010208077177933379,0.00013199629334518473,0.00017854074502426448,-0.00023380980149264517,-0.00029939012878042097,-0.000515939812324465,0.00015533024344348804,0.0008922181404170396,0.0005115729671517231
2025-05-16,0.0001831823155935192,0.00031879533626126756,0.00016972493704738175,7.180211983271045e-05,2.1645355947882694e-05,0.0002756934528296964,0.00013841062337722722,0.00045917869388100455,0.0005933393434841717,0.000597317091679685,0.001249069062881809,0.001508500213405715,0.0001278597822444215,-0.0035806083072306774,0.0002551649688922423,0.0003284902708261206,0.000210423048262143,0.00014199176106787967,0.00022674185755672098,-4.166505920014728e-05,7.744818911367674e-05,0.00024670330996034306,-0.00019954755432175718,0.0008212929210539912,0.0007357609683722236
2025-05-19,0.000196366820941513,0.00028643501224594165,0.00021843018190984703,6.920330470498986e-05,2.434692636641269e-05,0.00021171924588639788,0.00023087535808665973,0.00046314111337528375,0.00036839016260581186,0.0004263082935844618,0.0009887202711417117,0.0012985140491174637,0.0006473158463312518,0.004159420880086095,8.308746565083432e-05,0.00043454740717177565,0.00014422656703213344,0.0001663364999272549,0.00011279499203515059,0.00011961881225779438,0.0001567671547739108,0.00018583453010851742,0.00014761154446977267,0.0008563721376185937,0.0003497977433005142
2025-05-20,0.00018617287659835967,0.0002762540001753386,0.0002331599279965004,2.1477054228803574e-05,1.8341677668946223e-05,4.2989974904897646e-05,-0.00032291126016911384,0.00046154547922991546,0.0004196023234379671,0.0005251673706062307,0.0008661766570360651,0.0018214501275032999,0.000942380525785664,0.0041377316146506285,0.00014970087068759289,0.0003553523710387342,0.0001755517252392869,0.00013674592524878278,0.00020491525728279865,7.29576400151036e-05,0.0001312162212302625,0.0002104681053229224,0.00011197054396591284,0.0008644770097318418,0.0006924692793358506
2025-05-21,-0.0001224495526278772,5.7792961551774704e-05,-0.0005999579912316483,-0.00023753830478190612,-0.00010727896009819421,0.0002971943813514528,0.00011622650118280352,0.00021139064366467456,-5.561498105609525e-05,0.0003452934433803218,0.0004555814641452705,0.000920850801345503,-5.9332641879479954e-05,0.0041574772991933556,-0.00014348523596139457,-1.3514863701713509e-05,6.55793430181728e-05,-0.0002847577274572786,-0.00010501664030909815,-0.0006426306271225698,0.000182375879101028,0.0002096353743222883,-7.99598616061357e-05,0.0005760726518610715,0.0006221704227580649
2025-05-22,0.0001458876945942863,0.00022408375927170668,0.00021961978995004721,4.686292306635711e-05,-1.2996949410836273e-06,0.0002637781851683221,2.520503538197842e-05,0.00042051237405328574,0.0004438910078767836,0.00045469314979138556,0.0007689742135996559,0.0012247523074795257,0.0007536412710340697,0.001491860936084514,0.0001713641513710141,0.0003277039786023769,0.00020647953414429677,0.00010619944923268121,0.00017618789219476337,8.378313266426925e-05,0.00017727907378373424,0.00019654451027534655,6.573342061790008e-05,0.0008132153341526356,0.0006459761450175344
2025-05-23,8.619282218831971e-05,0.00011367134534500307,0.00019780503521800625,6.78121425695712e-05,2.446569101727196e-05,-0.0001544941472366174,2.9286909834962447e-05,0.000289094259399343,-0.0005171217101534514,0.00035175241966166,0.0006182333740251681,0.0014310902287533382,0.0008049582218915082,0.0028930774653381456,0.00017719699303573084,0.00035099154184255833,0.00019489033457732646,8.718386571585054e-05,0.000151282960573304,0.00010472324381486425,0.0001747239667784234,0.00016845982111464945,7.597709681835499e-05,0.0006782476141646134,0.000668044079075953
2025-05-27,-0.000311517343592343,-0.0003778824202751137,-0.00044116361609917933,-0.00012739784050006293,-6.148979278477424e-05,3.7144655059171696e-05,0.00018017811712727912,0.0003438579050649372,-0.00016473257880259164,-0.0001309531710291055,-0.0003038661958904257,-0.003109334105732848,-0.0004623918085790567,0.003768560902886982,9.969050720388347e-05,-0.00024059169346864597,-8.010547578886842e-05,-0.00020969613430889538,-0.0001651127038285606,-0.00019426719457391455,6.76406820068423e-05,-1.433996938997282e-05,-7.305488046215195e-05,0.00023334684528838882,-0.0008540253070751827
2025-05-28,9.859519572726977e-05,0.00016595484873310954,0.00010878951762462868,5.35538410557354e-05,1.6370533649050677e-05,0.0003337130035885948,0.00015116613716573368,0.00037486350727002044,0.0004914915519567141,0.00037069958185644654,0.0006236349441792909,0.000883287276074659,0.0004398807026405113,0.0017193970120350215,1.4655795267158497e-05,0.0003022197284748623,-1.985533908255128e-05,6.461655594493064e-05,0.00010733593820067068,0.00012030979773689412,0.0001562277807566989,0.00011207038372499671,8.389586037613962e-05,0.000772815202814843,0.0004013677699914219
2025-05-29,0.00011857599351541658,0.00018290266301993264,0.00021754814009986202,-1.3743366628191057e-05,2.251319429579856e-06,0.00029329431704520805,0.00010999599605483915,0.0003344879095973143,0.0004862172011902419,0.0004177334305799735,-0.0003947657088553654,0.001156606250065714,0.0007635797111522908,0.003508688296119128,0.00012877162031747611,0.0002940098676745824,0.00014000597829243497,8.512947227790521e-05,0.00014500766336517342,3.835971543333137e-05,0.0001287442075867949,6.558889768910978e-05,9.456765099096356e-05,0.0008121018306345253,0.0006344646547989163
2025-05-30,0.00013153476902585086,0.00018210632812189608,0.00019883709478567575,6.96843276900515e-05,1.4799581264518526e-05,0.0002813132490369565,0.00012200492812542786,0.0004026638011286868,0.0004704485585235051,0.00041018189265047434,-0.00019317721327326883,-2.591200977604055e-06,0.0007846241652869142,0.003922509623767675,0.0001072874467144265,0.00022385779870044182,-0.00012530051370112017,0.00010233762121686796,0.00015296730741182842,0.0001221653574526895,7.615934437620435e-05,5.7305040668649784e-05,-0.00018104829137187466,0.0007442509694090671,0.0002135613195261599
2025-06-02,0.00010129412647837948,0.0001228395499397098,0.00021446903647854464,-1.895896728162859e-05,1.4297930967285091e-05,-0.00036406696729261896,-0.0024438694618286734,-0.0008987731946584262,0.0004718591090351541,0.00041156737397749513,0.0004583818784878513,0.0010298336549119955,0.0006159729745431712,0.003993304885670098,-1.979790420349371e-05,0.0002495217645907293,0.00022213859564494635,0.00010692172632246138,0.0001488008571270391,0.00011968573263474897,0.0001918690604606648,-3.393039930774442e-05,-1.2795157974518397e-05,0.0008299591576085184,-0.0005485664459871499
2025-06-03,9.951007894206396e-05,0.00011827159306806737,-3.3717765307519806e-05,6.873038788675471e-05,2.1879650660801468e-05,0.0002585889875708579,0.0003437757018086933,0.00036587663146902155,0.0004297368104939735,0.000124023109148452,-4.658126367324163e-05,0.0011330761909830935,0.0006068383639646731,0.001664300003825155,1.9649289809267135e-05,0.0001506095606660667,0.00021452198560508262,0.0001032413482701096,0.00011392450305085006,0.00011693991000080384,0.00014566425869046436,8.579431370530247e-05,0.00010069956492160824,0.0007975706720177629,0.00017827968910702886
2025-06-04,0.00012165261791291748,0.00016258181086109877,0.00020156684237856792,-0.00019377990866355075,-3.085005303520747e-05,0.00030064239494882126,0.00035285692990775624,0.00032509068931316286,0.0004088383810731473,9.631550351797707e-05,0.0006947968189315784,-0.00018117337603734338,0.0007888860210171875,0.003972201955816074,-0.0002330240610221318,0.00029561031451311984,0.00019904125510546763,5.18468821162203e-05,6.52414850878076e-05,0.00010521470934607004,0.0001207579784958221,8.85063112612463e-05,5.5183587031978295e-05,0.0008129613878126399,0.0005991656358540482
2025-06-05,9.644741533754492e-05,0.00011173285823511112,0.0002065515283095662,7.752240829664018e-05,1.51796967873473e-05,0.00027107107598107105,-0.0008561091702369,0.0002822494390735524,0.00024020532104846473,3.315328387596664e-05,0.000531158784595832,-0.0225060216294612,-4.415236285047644e-05,0.001839091832296253,0.00015698063993788993,0.00029435978305697837,0.00014182189025703653,7.614138986262869e-05,5.379870110664285e-05,0.00011258115369089177,0.00017388966619990393,-0.0002540390308560942,-0.00010307113516004665,0.0007408612463349696,9.50194165873781e-05
2025-06-06,1.2965678523673834e-05,7.253003358449648e-05,-5.6850748527085664e-05,-8.655907590742219e-05,-1.1873035582342841e-05,7.383750618011339e-05,0.0003336766466033353,-0.00013080335147987366,9.976026256767551e-05,6.822070443840296e-05,0.0005777263389314598,0.0011457350810422315,-0.005878328862568953,0.003364577372430702,-0.00018930456132330614,0.0001366478155126344,0.00016081299003869347,-7.039526110063907e-05,-8.247363028581603e-05,8.694420137287938e-05,0.00010313312042757747,7.721779386622759e-05,7.777398509634838e-05,0.0006705162769412282,0.0006971248951845611
2025-06-09,0.00012128486884288886,0.00016933909846990753,0.0001664922453103655,8.432202498649281e-05,1.7713559266363748e-05,0.0002316067765179859,-9.06959207753774e-05,0.00021030895867182815,0.0002231177343402214,7.791358696645942e-05,0.0006448212498407703,0.0005301830392042432,0.000639273705652795,0.0037780736221182487,0.00017332188752229748,0.0001252282039080709,0.000216580895323468,5.890782269365299e-05,0.00011962408942335595,0.00010935704250554518,0.00016652368480171711,5.606125637879549e-05,0.00010381311960199864,1.7634583374163254e-05,-0.001469584661688673
2025-06-10,8.753557421866553e-05,0.00012238526382744896,0.00016783310514193204,5.2227614400625794e-05,1.9872191944543412e-05,0.00023322795209714095,0.0003596574794389996,0.00020571055566825426,0.00034113628653301386,8.281396966951789e-05,0.0006015032665457818,-0.00047586290518735917,0.0009448907214093642,0.004071060043666169,-0.00014447310897204333,0.0003007349986287832,0.00015007202793486556,8.540998593695696e-05,7.2095469639868e-05,3.7791481847130004e-05,0.00010097240984270037,0.00013653497869785825,9.092905496091543e-05,-0.00046749103763101907,0.000657183762779053
2025-06-11,0.00011300471048122322,0.00015680723103106528,0.0001812274920338983,7.079448837229952e-05,1.6078827104876828e-05,0.00020132229454889757,0.00030518071021192134,-0.0017008050626590447,2.4786694355276133e-06,8.560647022294335e-05,0.0006292834414567748,0.0026196366824271142,0.0009329629131684975,0.00376456554278519,-2.6655031505448446e-05,0.0001414234769847235,-0.0016713065908791581,8.548569723083413e-05,0.00012008586464873324,8.263763634604524e-05,0.0001025866255348872,0.00011732647309233342,-0.00015631231760627933,0.0002090943935431293,0.0005153006965165777
2025-06-12,4.798912794908193e-05,7.600223269630468e-05,0.00011777322832363902,-6.563576046348894e-05,-4.191918115437034e-06,3.4906820487179684e-05,0.0003678032995746792,0.00031896145896802676,0.00018886497064024807,-0.00010409773985144445,0.00031240610594640436,0.0018730472045614785,0.0002544101981285222,0.00244682851276625,0.00014240018671386254,0.00013365088265764933,-0.00042469294990846325,6.492032540459534e-05,8.251805001002821e-05,8.857913228427711e-05,8.348150463493941e-05,7.267869835207137e-05,1.4892080670932573e-06,0.00010022799541830384,0.0002040928023205156
2025-06-13,-6.419433650631956e-05,-9.035170482634296e-05,-0.00020663205127940032,-1.1281497264338527e-05,-7.904304617850256e-06,2.522551444613847e-05,0.000366530646894739,-0.004155192010951945,-5.27405626279842e-06,1.0726991188142134e-05,-5.826956285235306e-05,0.0019185762986595393,0.0007069870271301422,0.0014891171385585738,-0.00015446196660036688,8.020089212599216e-06,-0.0009720642351301603,-0.0003604942924612827,-7.667777773351241e-05,9.50579748264482e-06,8.28608874263895e-05,-0.00021330732698459983,8.927968615920882e-05,0.00012622656250415332,0.00023357574656127761
2025-06-16,-2.0626212470663122e-05,-0.00011476630516588801,1.0726736930820855e-05,-1.7405115538145037e-05,2.5696938181880896e-05,-2.711097888640263e-05,0.00034214025951782796,9.595050535246173e-05,9.856054253387421e-05,9.609335876071146e-07,-3.9165497623139874e-05,0.002085527447265398,-0.0011444359584656782,-0.004095718133979541,0.00015002297882892986,-9.504051831901473e-05,-0.0012930793271809908,-4.187666619969109e-05,-0.00033003159051792037,0.00010378613480604239,-6.46857346197013e-05,0.00011077779989351254,9.934215350813627e-05,-1.8820030709100992e-05,-0.006585287010294943
2025-06-17,-9.97842795503326e-07,-9.573433128595501e-06,4.119149402663299e-05,-5.970729081864349e-05,1.4408404697653344e-05,0.0001764439854176755,-0.00011489218045883544,-0.0016025490603252476,3.54635345155288e-06,7.638229034769181e-05,0.00032435371315174435,0.0006499816308102473,0.0005540505804268518,0.0006077562578197102,7.192339437182581e-05,-3.303691405144482e-05,-0.00028818986578736433,5.832006972151262e-05,8.85943733308776e-05,7.376577232505787e-05,-0.00027922289122218663,-0.00013400546523911254,0.00010047514006149753,2.733016312282739e-05,0.0008673049227571237
2025-06-18,7.447940977204396e-05,9.063986969164385e-05,0.00012806815678423987,9.122927075336403e-05,2.609766975556141e-05,0.00013946134403589817,0.00015935124743006975,0.0006384138822539573,0.0001905145160202635,6.0526313631103973e-05,0.00025159795710527806,0.0019620280623289157,-0.0011424954821510186,-0.02171879724270975,0.00011978708306029684,0.00011009091377220036,-9.382498722315061e-05,9.11147508179995e-05,-0.00016817467290183733,6.686571722172104e-05,-4.5239070300992856e-05,8.479791406836493e-05,1.269456130934419e-06,0.00015209595919075348,0.0008751249688015049
2025-06-20,6.890928433328681e-05,7.387979204185994e-05,0.00015187702983798692,9.051762118359267e-05,2.5982569125848638e-05,0.00016107465092145425,8.812414719626963e-05,0.0005309252590446822,-0.0002873093496037094,4.202421483915579e-05,0.00021760322868163165,0.0022697941167493,0.0006598021200969094,0.00051304085736325,5.2517751362515946e-05,0.00014248147277459532,0.0004248212376669492,8.351442337820356e-05,9.351715014165344e-05,7.900506390320575e-05,3.745467317874127e-05,4.610870128336058e-05,-3.1842701480980316e-05,0.0001513277435481276,0.0007280551722112848
2025-06-23,-2.249011978550649e-05,-1.3724687809389704e-05,8.596112250862506e-06,8.081103667683602e-05,2.0171739429660165e-05,0.00013326249786827998,0.00029666543455541356,-0.006442779214733537,0.00022334015675772444,-0.00023976057500223327,0.00034231625231785547,-0.003989274676773966,0.000605699383850531,0.0024854605411662968,-0.0004992494322865129,-0.00010445530304173427,0.00042510716120760145,-6.653365593691726e-05,-3.15678690783929e-05,-0.0001449249049571216,-2.774078108236818e-05,-5.6701769210284726e-05,-0.00023553294939939967,0.00015392324898800758,0.0007500290257351431
2025-06-24,-5.7111692769611875e-05,-0.0001443890405941708,-4.0294819835849915e-05,2.32185756714713e-05,-2.1660832327637455e-06,-0.00011087042412897139,0.00023042699951478007,-0.0010677278511373985,0.0001643674919954677,1.7261901864082095e-05,-0.0003255028395062002,0.002003175010495146,0.0004008195380252795,-0.010566390491643898,2.0745013586832145e-06,-0.00020375697678585192,-0.00025653276218105017,-0.00014508645005022018,-1.541102234020669e-05,4.299589730163842e-05,4.77866413272045e-05,8.239257329365206e-05,9.516721746056199e-05,-1.7957635377288032e-06,-0.0035098024295570837
2025-06-25,6.988217981941414e-05,9.183638338667201e-05,-8.47683128496051e-06,7.534697620305148e-05,1.8219002737146514e-05,0.00014038094856309353,0.00018823514720407342,0.001110316744202856,0.0001619590772912353,7.132673490631617e-05,-0.001440729978599158,0.0010856076895468627,0.0007194429014332644,0.0021638502894486935,0.00016329266241176335,0.00013390898064177576,0.00045703901297712666,7.635062361927327e-05,6.828843184521536e-06,-0.0005442337730334073,8.134339706062735e-05,2.461625059005333e-05,3.809520026443363e-05,0.00010296031395931127,-0.00015826909164191644
2025-06-26,6.906641483052513e-06,7.352658244265864e-06,-0.000123174736858196,5.171046540116479e-05,6.222292159396609e-06,0.00012313989119526537,0.0002354923927254785,0.0011060575066072797,0.00014404639194377615,-2.3705565605612413e-05,0.00042941111140710846,0.002633472866998309,0.0003817667752345377,0.00015175584537995349,-1.9102894175450596e-05,-0.0005994110035473948,0.00047166389575882436,3.290618353696902e-05,-0.00015783393023302504,8.07050893437253e-05,7.830709445400367e-05,9.859584239216323e-05,-6.69478066769638e-05,-0.00014873904598360484,0.0011495383771578877
2025-06-27,2.322035029617749e-05,5.7424870088781024e-05,0.00011568209273186565,2.6922161243381688e-05,1.3279947773579368e-05,-0.0002260917178113427,-0.00013966786445526361,0.001097530550293605,0.00011787036009846288,5.346012599462477e-05,9.23217908014627e-05,0.0023740560827335646,0.000530499417729909,-0.000317686604049659,0.00016215887310546345,0.00010470746388595345,0.00045504590623948916,6.510996542302606e-05,7.596516849320063e-05,5.902373895698327e-05,6.861371161178778e-05,3.666632856374427e-05,-6.953456244556164e-05,7.080627955649132e-05,0.0010744708360939988
2025-06-30,2.4532952709213957e-05,2.69829926179789e-05,0.00010757326186654691,-2.696689688978225e-05,-1.429958137021479e-05,-1.5457965366765203e-05,0.00032557719104536574,0.0011064712668617256,-0.00028747771006250994,5.156664054186754e-05,0.00041003343968222815,0.0020584523579619545,0.0007713823061662367,0.003219004555564257,0.00014923083685276526,7.836500441430106e-05,0.00034843101079831457,3.498704824348841e-06,1.3455912867502875e-05,2.427605892892063e-05,6.935761122103928e-05,8.78309366720244e-05,7.890240262657673e-05,-6.11337363094623e-05,0.0008843249615580182
2025-07-01,4.757521560012073e-05,-9.227991018544867e-07,4.512235380779118e-06,6.340369867757348e-05,1.4921860177168033e-05,5.341458968821242e-05,0.00034902211998115543,0.0009818769910885535,-2.482060872499505e-05,-5.703195187053204e-05,-0.0005516286960824336,-0.0005838007567774981,0.0004366056531140763,0.0013117497820515894,0.00012291024836578993,0.00011413038349608856,0.00041152593241815797,4.3263309495661496e-05,0.00010922717092394724,1.0446866726667035e-05,-0.0003504075758294883,-4.3434773174022545e-05,8.560478888276937e-05,0.00011400450154694363,-0.0006627262608734912
2025-07-02,2.7159356141699148e-05,2.6343269976168173e-05,-7.568612932504176e-05,2.9122283675976572e-05,1.5973378235427758e-05,0.00010388083581325475,0.00011081484597697487,0.0006199984614445676,-0.00033564437687177626,6.223372464535251e-05,-0.00028896357991948346,0.00017354388570339167,0.0002794835871061205,0.0002946171077323127,-0.000110824158579429,-0.00020325241874373225,0.0003784247251351611,7.45952212101333e-05,8.243925701251652e-05,6.075651339381159e-05,8.315841225518193e-05,0.00010141116450372349,5.245685865700438e-05,0.00011100295471002555,0.0008366019358633889
2025-07-03,-1.4620608019063258e-05,-2.211331386135292e-05,3.8183624726621356e-05,1.8332424612149444e-05,9.898135105841681e-06,5.137124845685256e-05,0.0001514819599825929,0.001044390245813698,0.00014613159154352643,-0.00017958330093633822,0.0002044070726571782,0.0026458866059166936,0.0008008253212809438,0.0035234990554933927,0.00018534058421856568,0.00017147514578502455,0.0004346485336924374,-4.0886044125032514e-05,-0.00022544900795659352,6.5189262715905e-05,8.036808960253729e-05,8.759425796424369e-05,3.139600407894951e-05,6.080880825798675e-05,0.0010764289573591975
2025-07-07,-7.3338421562460106e-06,1.8529053351295947e-05,-0.00011490010066519047,-2.22666837014256e-05,-1.9868575995292068e-05,9.591670853960467e-05,0.0002135578791462336,0.0007834043098592512,-0.00011757113133562317,7.37066866292576e-05,0.00029867740396576423,-0.002297460178641079,0.0007602768224723428,0.003398074983051862,8.505213627211254e-05,-9.539371329803784e-05,0.00023707133835501842,-1.1481121862952449e-05,-5.782818464596451e-05,-7.52478773295103e-06,6.437119381234182e-05,8.725266692043196e-05,-7.345162947801348e-06,8.476336757682134e-05,0.000547470767833947
2025-07-08,5.137350363400392e-05,7.80951848465282e-05,7.861909148231871e-05,5.889332215817025e-05,6.7414660301595585e-06,-1.5965239256675467e-05,0.00020141601754659468,0.0010460645838099747,0.00018696451146823026,7.393343634352068e-05,0.00022561268094400816,0.0026737632620279406,0.0008068720577297124,0.0033640816017099394,-0.0005424766498583164,0.00012757244263840098,0.00027549841568142277,4.335674140271199e-06,-0.0008857252032894868,6.77578538263232e-05,7.370443072865324e-05,-0.00017871035381392212,-0.0004332318523194167,1.3765557134881525e-05,0.0005989642500947904
2025-07-09,1.4659873474557193e-05,2.5542799335541205e-05,1.2333814129974392e-05,-4.77200881470853e-05,-1.783226643665862e-05,7.897828043874254e-05,7.709934405224369e-05,0.0010832684031909343,0.0001517985168975286,-0.00011441452929364822,2.612244785592634e-05,0.001515751062239142,0.00038645453748115344,0.0005559686941290502,0.00017562717617348024,-0.00021223613287732986,0.00044909738483646307,7.543581483861657e-05,0.0001872439858516834,6.934876611455912e-05,7.518288947095621e-05,7.920451101986149e-05,0.00010603721870145114,3.639934187587478e-05,0.0010651629049199072
2025-07-10,3.8714641327408574e-05,7.077301056018762e-05,9.473175319751175e-05,5.7064247194112315e-05,1.4622489509465513e-05,8.503789702812782e-05,-0.0003501570587967989,0.0006514629762116237,0.00013172199007803449,6.76942064661742e-05,0.0002978694853971345,-0.0006450220735928389,0.00020319399149560226,0.001820380070082184,0.00012656021685743648,-3.7054285342648965e-05,0.00043865631817737317,4.6192425214502756e-05,-0.0001321292624364516,2.9563474938519964e-05,5.94700533090888e-07,4.427014376319466e-05,-0.0003005901478928861,7.192847743435342e-05,-0.000573382891898538
2025-07-11,3.463454141218706e-05,6.776289685775215e-05,-7.292558058215983e-05,-0.00013543746136761766,-2.289371353132174e-05,-2.274592913699609e-06,-0.001227708898036136,0.00045846560477314413,0.00012668493085052904,7.011169856573893e-05,0.0003295165078889469,0.0013612117620163918,0.00015694192056466016,0.0034278633514074606,0.00016672694033309228,0.00016118405442426954,0.0003989734803921354,-2.8776425846289313e-05,0.00017269859782334998,7.077472845051573e-05,6.0372062906169434e-05,-3.661602151651733e-06,0.00011250141246320375,-7.202544686938476e-05,0.0008133402928554698
2025-07-14,4.233103931859302e-05,5.762998778877667e-05,8.400396423636189e-05,6.221432287128443e-05,1.580048433976861e-05,8.062360189622705e-05,0.00010067181293713681,0.0006326019083489186,1.4982021072247029e-05,8.308037801595985e-05,0.00032430313964346396,0.0012225822910122506,0.00012554866461045495,0.0031340452578164594,4.872757012683041e-05,0.0001979007697224238,0.00027917281899864056,3.170935565110363e-05,0.0001517422424787694,2.5329112986939467e-05,8.336181274883403e-05,-0.0003641822297035604,-7.329092248986493e-05,9.643430410767323e-05,0.0010587247115824861
2025-07-15,2.737902065751009e-05,6.999159613310287e-05,-0.0002606048533433838,1.690351791806042e-05,2.2605629065118323e-06,7.583090431471575e-05,0.0001204757596630219,0.0010071374312805228,0.00014338071961551298,5.193097368275592e-05,-0.0012201769696898908,0.0009642378056719633,0.00027702858425757387,0.0032178725545562704,-4.42310851442795e-05,0.000181485192173538,0.00029704366329784805,-0.00020825485385059738,0.00013883174592753278,-0.0001524963099595666,-3.143673141013076e-05,5.779894792604558e-05,0.00011864308100527137,2.6096827097381322e-05,-0.002812729234321022
2025-07-16,3.4720411281680336e-05,6.952865765045783e-05,5.0871390395530364e-05,5.93502942093187e-05,1.1876783183729256e-05,6.102104451345004e-05,0.00022248963916688145,0.0010297748508795621,0.00012385464196644117,7.482366238170382e-05,0.00040726665102391825,0.00015100441146742236,-0.0008281790293528898,0.002710693665571539,0.00010207287989242155,-0.00021869065902597565,0.00030418672717179166,5.826095587235555e-05,0.00019125516789726845,-9.995974520641038e-06,-0.003528645756762534,6.086232329989598e-05,0.00012418378861895623,4.5826950513879165e-05,0.0004266990346919312
2025-07-17,2.326519894793358e-06,-3.073408791916756e-06,-3.2145861247407373e-05,5.625877680011668e-05,6.7226365906434365e-06,7.312300217121545e-05,0.00019390384122399415,0.00062334982552538,0.0001392889639793447,-7.156964577747321e-05,0.0003094130302916468,0.001332151971359954,0.0003666968859812724,0.002452644557773371,0.00012735850939163594,4.7413622357732706e-05,0.00021876840010109452,-5.638889787875612e-06,-1.1116427315688374e-05,7.661811658994696e-05,0.00015881829266800257,-5.6511741321888155e-05,0.00012954957657888895,-0.0002937996064672968,0.001246666692265364
2025-07-18,3.613926825506624e-05,5.4074965623489864e-05,8.878291702336996e-05,4.836928222910973e-05,9.252533394431866e-06,6.007439780602683e-05,0.00024334434561035709,0.0007644271317778414,0.00010396686652277881,6.449605683237401e-05,0.00037254419529507817,0.0003813471519515219,0.00011864451175697458,0.002688688010403435,0.00010079668762689102,8.980565447280664e-05,2.6600902490585434e-05,8.353895230890868e-05,0.0001561769240357624,7.342055152622012e-05,0.0002587006111731975,8.818078609793603e-05,0.00012965386680258823,6.635966477755315e-05,0.00039657421665799354
2025-07-21,2.908344859896954e-05,2.3049195606181242e-05,0.00011975233969540499,-3.5977914864867224e-05,-2.7719751030513275e-06,-0.0001654831403457131,-0.00022758104077886515,0.0006374192035847458,8.740142385905495e-05,7.520896403465918e-05,0.0003480970926657931,0.0013333358550259402,0.00033646727866433717,0.0029204989119188856,5.712819633915316e-05,0.00016932020162237107,6.769267312771107e-05,7.38944829852401e-05,0.00017802973714401156,6.0587078072211315e-05,0.0002443311882439769,8.870635623160438e-05,8.755925696947171e-05,8.0722922882043e-05,0.0008847274493198978
2025-07-22,3.284692214145671e-05,2.432777300619733e-05,6.71100780473992e-05,1.0625025554056735e-05,7.295936879031298e-06,-1.0796395726154803e-05,0.00012529560153288184,0.0006485436031262668,4.494749450876967e-05,-1.4972186358077182e-05,-0.000279860475802005,0.0012088616719395475,0.00032039261186202645,0.0013932461806727317,0.00014701481288969444,-0.0001005979274216132,-0.012993732318007942,5.2035319866559874e-05,0.00016203437982995343,-0.0002118845016575785,-0.00020682145376545164,-0.00035260799836549326,0.00012430059226008314,0.00010131069005705256,0.0006704043755389602
2025-07-23,-3.9201492564025604e-05,3.1102344228387996e-05,-9.065019913704044e-05,1.7819370987503447e-05,1.0839660443002722e-05,-7.252712620879642e-05,0.00022372875441065257,0.0006525603425504324,0.00010186307996712852,7.559520474020608e-05,-8.257579617058735e-05,0.0013337174491682762,0.00018818663176511623,0.001549491272671272,-7.743257387047835e-05,-0.00039456651369564207,0.0003792623448612352,2.0694028668176125e-05,-0.00016459551361444342,8.97130389596662e-05,0.00022985105522386418,0.00011001218354816765,0.00011851972337500927,-0.00013288228568240332,0.0002598641387301905
2025-07-24,3.10957955392713e-05,4.269632780588114e-05,-4.974536991208926e-05,4.684424557131156e-05,1.0903864883841139e-05,5.354280387267609e-05,0.00018997013373714096,0.0001509500078052576,9.963848514863781e-05,-3.749716595368466e-05,0.0001418227902513302,-0.0063216363406424884,-6.995160862832835e-05,0.001829489545575396,9.124522969311616e-05,0.0002111233341497386,0.0008288715399140509,7.831034121468036e-05,0.0001737150956928891,6.9440038346599e-05,0.0002676644966060061,9.077566000370475e-05,1.244212320218588e-05,5.2166052453331516e-05,0.00044945174640721513
2025-07-25,6.832034889570706e-06,2.9070826771183065e-05,0.00013164385080948382,7.906768988691167e-06,1.6364179867727396e-06,-6.839037199146439e-06,-0.00034298279629477554,-0.00011234663218713555,0.00010087410594083084,3.0542469535271334e-05,0.00041563633237556315,0.00016269690010157936,0.00016456377774479576,0.0009593653368005167,0.00012096159839072609,0.00011799273856399736,0.0007968932871198587,1.830921335801112e-05,0.00011959982887998959,8.184450337084449e-05,0.00021801578761356137,9.126460968142772e-05,2.85466343973655e-05,9.785047205434922e-05,3.0914786639274928e-06
2025-07-28,2.549408020684427e-05,2.507311114437556e-05,0.00013725743131344262,7.0007189362155875e-06,8.38756371631926e-06,4.156650661184197e-05,0.00023923201829592177,-0.0007603329727539178,9.842168837574398e-05,5.611032239352393e-05,-2.53478449308081e-05,0.00046367711092626894,0.00033456689924769867,8.566295186117475e-05,7.2624285204796115e-06,0.00021498107806696757,0.000798169297410369,2.0355824405880927e-05,0.0001639665846665858,-0.0002116236789956364,0.00012202550168518254,4.108912985822298e-05,0.00010813159329671655,2.9209108442032058e-05,-0.0011135054541228893
2025-07-29,1.5259419324114647e-05,2.8197249057044758e-05,8.351083187785942e-05,-0.00023020077598097247,-3.1573355558899235e-05,7.844597290867413e-05,0.00023383154546330868,-0.0009014556606270557,-7.223299657432599e-05,5.595735944370363e-05,0.0002872163928013918,0.0012086157986134045,-0.00045879126952815295,0.0005175144555272138,3.6549803644265764e-05,0.00013286609406093142,0.0007900077538672534,4.228477464030973e-05,0.00013329641198510492,-0.00019038348557745766,0.00015714000167052573,9.0733179840868e-05,4.727705822396329e-05,8.612396907868506e-05,0.00030848069620818515
2025-07-30,1.9683473802006643e-05,2.8299809401244333e-05,0.0001008410808825323,3.6619096687159895e-05,1.1608593104929598e-07,-0.00023552672670172813,-0.0009304707624629935,4.44230721235509e-05,-3.57268600671778e-06,5.3764658748082994e-05,-0.0001265116854151032,0.0013550550587744905,0.00018900318811127033,0.00054881736396174,-7.220790221940519e-05,8.846903232498866e-05,0.0007866536248775608,6.567356239434985e-05,7.445466813172099e-05,-0.0001266432070141657,0.0002658976274761159,-0.00048288470696948214,3.801813165557941e-05,8.918239067475802e-05,0.000662982644383142
2025-07-31,5.987782482944478e-06,-3.230273310646272e-07,3.115111748526215e-05,5.919150242907422e-05,1.3236541150677901e-05,3.3068294771582105e-05,0.00023625169167189412,-3.1060218162488906e-05,4.1442253589390894e-05,-0.0014438035363940245,0.00028581879960694746,0.00020482067401983352,0.0003232557041025757,0.0008188801648829825,0.00011520729023570007,9.757709336653429e-05,0.0007639095353280829,2.6283728970379468e-05,1.9322791495670358e-05,-0.00011404883998293059,6.226980245964625e-05,-0.00012310097406198055,8.080410760912298e-05,7.62037052052581e-05,0.00047154588019836024
2025-08-01,-0.00025223434140670873,-0.0003702906226016425,-0.00029615578241638004,-0.000140075844638359,-6.476881604050684e-05,-0.0003288464145649266,0.00020489232811567875,-0.00042991923795214135,-0.0005555135107597011,-0.0001845889222970231,-0.0002564203191528867,0.0009430499062297598,-0.002921412555271615,-0.03265632529078223,-0.00020909541727905274,-0.0002842684416572723,0.0007935729034849277,-0.0002832952730056271,-0.00039482142047576397,8.803904697651244e-05,3.89048916703287e-05,0.00013407668147934229,6.942474578364074e-05,-0.000368339533879041,1.577282796444879e-05
2025-08-04,-0.0001928517776525824,-0.0002897147160995276,-0.00034946555611125956,6.0445109514018284e-05,1.4507279285864895e-05,6.175762650543972e-05,0.0001272448960517785,1.0110311846045971e-05,7.144049856730771e-05,-0.0003257384813016201,-0.0009651043805976238,0.0007042799730714138,-0.0006585553449939263,0.0022503842817307197,0.0001408723306397069,4.9849652614290384e-05,0.0007500928963261828,-1.2137677579978991e-05,-9.657630147762148e-05,-9.493345150556409e-06,-0.000185623634361671,0.00013505110530275316,-2.7773811395003114e-05,-0.0004343736826820709,-0.00011081308061268794
2025-08-05,1.7968742497798317e-05,1.1209476142412547e-05,0.00013674433990406917,5.6252658767737385e-05,1.682977643066253e-05,9.41045993507027e-05,0.00014692915285354977,0.00012654377750240665,8.958756347144853e-05,-5.9913576104976286e-05,0.00026116033335931533,0.0011965457958835561,0.0003554189345644637,-0.0019164847245505428,0.0001443526279276993,0.00019063996396850944,0.0006792851241801604,6.789182293807958e-05,8.363707248903715e-05,7.905396712819635e-05,0.0003180743589912279,0.00013256920847832653,9.120627544682473e-05,6.415308858756356e-05,0.0005868371932811655
2025-08-06,-1.606876279171746e-05,-9.933546684081443e-05,0.00014974609940505726,2.757263196143104e-05,1.535753944872354e-05,9.024668399033078e-05,0.0002703252374596325,5.6882264037723884e-05,-0.0023869726856817768,0.00014358432050776658,0.00031598433759209735,-0.0003386442655294843,9.807087067322467e-05,0.0022661585436445386,5.480242299349213e-05,-5.014301436466175e-05,0.0005536794317073337,5.6869579274924985e-05,0.00017608999867400326,3.6242251990728756e-05,0.00031931404515357235,-0.00010478812150825336,-0.0015036623915831984,-0.0005872514833695664,-0.0036350442488498912
2025-08-07,4.462393130881619e-05,5.416389486129291e-05,0.00013827350185538633,5.992697079997458e-05,1.3983735532608551e-05,1.8363204094112514e-05,0.00012857596805355224,0.0003177243912545774,-0.000766115806414989,0.00011189705697327216,0.0002974675026806437,0.0009351032074919553,0.0005475983597520519,0.002077286733401478,9.180044443627012e-05,-0.0004419596095307348,0.0007021800220269307,-4.9040734446608705e-05,-0.00011254586191892898,9.168169284941259e-05,0.0002893198468180521,0.00011675085882414923,0.00014717096966856253,-0.00022918353746393576,-0.0020801797295026056
2025-08-08,-1.6925789209826957e-05,-2.2734112532290143e-05,0.0001384187194956915,3.8210204325911525e-05,3.0492272741022555e-06,9.169310307126588e-05,0.0002610006673496539,0.00034169387780047425,-0.001455473027861709,0.0001610537973983826,0.00022652583352101918,0.0004771174279523221,0.000501198948089195,0.0025082921486423797,6.575854132909794e-05,0.00019870907375773412,0.0006538553208623619,-3.307212501335661e-06,9.274270196082959e-05,3.204418912749193e-05,0.00021165174056748964,0.00013427549000387463,0.0001176267643274737,0.000174857344887691,0.0011436702402463923
2025-08-11,4.2358294360297927e-05,5.930476494425837e-05,0.00014194439370385106,5.677499084499936e-05,1.1396876117067308e-05,-0.00011816681725672239,-0.0001651199623888196,0.00027590927644113476,0.0002877440232606791,0.0001654778247489088,0.00033012048945165297,0.00011375950916691865,0.0004792546314619266,0.0015924109640980452,4.090107462310131e-05,-0.00018593131710403153,0.0008020811494570198,8.587902364260966e-05,0.00011028057465060169,5.794089022590593e-05,0.00031421167970823436,4.1402626637640535e-05,0.00012793466957019826,0.00018717827912318868,0.0010497907691758277
2025-08-12,-6.633264861031644e-05,-8.772267881713175e-05,-0.0007246286118447221,2.2112205610194338e-05,1.1077941100686459e-05,9.713083181973588e-05,0.00014752034773452975,0.00015652741859991656,0.00024283450825704318,-3.7045847244756484e-05,0.0003054627068977703,0.0009082510390859084,8.815602692661837e-05,0.0023798970172968334,8.438791170396451e-05,0.00010372500897047298,0.0006491090849325878,-6.595897277956005e-05,-1.0464405428737539e-05,7.277716324931326e-05,0.0002852207329130296,0.00013213807674327971,0.00012163062218559753,7.069336321307977e-05,0.0008081867505862322
2025-08-13,4.0077100478029816e-05,7.586491473443387e-05,-0.00019496854170147367,-1.9261375114466294e-05,-1.5864085767501915e-05,8.799598272883898e-05,-0.00010129048091419895,0.00022652681129335322,0.00010542560569782726,-9.612284721489578e-05,0.0002681650604359178,0.0009133928246329712,0.0002943681529539681,0.0022719399436178537,-2.9908534864799626e-05,0.000206755929826505,0.00016644029466115118,5.244855404716499e-05,5.866963122883979e-05,1.7781090149789826e-05,0.0002339446574147853,0.00010387418945707023,-0.0005414383480906499,-0.0004593093610594075,-0.0017213553299523464
2025-08-14,5.13809694161457e-05,7.548078522965937e-05,6.487133466811043e-06,-5.620864365531512e-06,8.396722345389913e-07,5.638841818897449e-05,-9.788654658341096e-06,-3.343548605285151e-05,0.0003661232862789193,0.00017601870327164291,0.00025480061905544315,0.0007852141361985135,0.0003848014146009057,0.0024094610579865985,9.740048328823099e-05,0.00012878255382042819,0.0006905026230400475,4.805730817422158e-05,-3.1847491566853623e-05,4.552463651977567e-05,0.00031900108844078797,-1.1088870252062998e-05,0.00015286751251358124,0.00020687569903168036,0.0006377331345021446
2025-08-15,4.528557346381613e-05,5.663640971809592e-05,0.00015472442845776096,1.5590403933441293e-06,1.1649604670495232e-05,9.733935881995872e-05,0.00020753958897350212,0.00012534007544380335,0.0003443547272340012,0.0001703740803539788,0.00018481612681434687,0.0006268198062951986,0.00044355613879362677,0.0018951634223121488,9.420524682566304e-05,-0.00035905743886685993,0.0008399579023728938,-3.97913400169166e-05,-2.7196254983713995e-05,6.212087977285456e-05,4.9363728378247224e-06,9.325794384009891e-05,0.00011695918084181313,0.0001495683937834873,0.0006059771891288722
2025-08-18,4.899526854507648e-05,7.340531024330291e-05,0.00015718269258126132,4.708448037645689e-05,9.719403847040923e-06,9.500048364293091e-05,0.00020279673502727848,0.0002642488470479661,0.00036287428860515633,0.00014821942289446722,0.00018496801839103488,0.0006727191562109657,0.00043280145355045595,0.0022939295787056295,5.640138752517797e-05,7.670031380091648e-05,0.0007897975117065064,6.93495129565287e-05,0.00011528286796847452,2.391897457634074e-05,0.00011943000605301981,2.5216191015376324e-05,0.00010792767187576177,9.467104551997352e-05,0.0009342938914433279
2025-08-19,1.9423340195096147e-05,-0.00011308626184804167,0.00010904710795940083,2.2323499665422268e-05,1.0636994449669766e-05,6.708447600538719e-05,-0.00019019480735175376,0.00014778205278286762,0.00036883292290121626,-1.9211323310912618e-05,-0.0010066674993254427,0.0005095770975851038,-0.0012448869977339455,-0.0012201484418660879,9.037516073677505e-05,0.0001488014595468069,0.0008336985102584757,6.632288310863988e-05,0.00011860469637421722,-0.00019102521782879102,4.685308955773237e-05,-0.00018545542023021418,0.0001251139971490504,0.00019211483736807818,-0.00216198194476394
2025-08-20,4.336096796790337e-05,4.681453534014783e-05,0.00015823517311914232,4.853549148865624e-05,1.2144767524749304e-05,-1.5316195668612593e-05,-6.685120718907261e-05,1.7584792187570763e-05,-2.835335586573196e-05,0.00013214526976734886,0.00032814582498882114,0.0005615443438110402,0.0004900747310259944,0.0024990484792494537,1.551056521099795e-05,0.00010473937493866208,0.0007097889016277966,4.348140456764086e-05,9.858051265781076e-05,0.00010686618378353282,9.281659975068907e-05,7.288964455035237e-05,1.0952278977830582e-06,0.0001533922901347531,0.0010775687039401446
2025-08-21,3.4666873310829485e-05,6.120975191285956e-05,0.00016156721504678436,2.6965585814980374e-05,-2.648556926293449e-06,7.47069137888221e-05,0.00018366380326430471,0.00024409195802486998,0.00036201247414885895,0.00019271769899263219,0.0002881727547735094,0.0007058464656276432,0.0004870568645875205,0.0023483375082462847,4.017861548846175e-05,0.0001690839404672061,0.00011438538249464817,5.9089484737163376e-05,0.0001224808565213222,9.08115654527407e-05,0.00010315506191695295,7.614530999272884e-05,-0.0019475072306202373,0.00014851682570795813,0.0010536282875296464
2025-08-22,-0.00018447844930596935,-0.00015159363102626216,-0.0013236622755830756,-3.1948494570830673e-06,-4.865923872684823e-05,-3.448905493666775e-05,-0.00022336965181702536,0.00026904947661475183,0.00022782107088443503,0.00015943616808633884,-2.366070320519221e-05,-0.002785476950102018,-0.0011175979851492527,-0.0014579478197408215,-0.000330372048623972,-0.0015564916229481396,9.320401827599421e-05,-0.00020152377750506147,-0.00015166741153187308,-0.00026740134526375455,9.674225708429349e-05,0.00010134562640277987,0.00014825861295647325,-0.000319452056635487,0.0005085530509956698
2025-08-25,4.1039256690702004e-05,8.703200082153002e-05,0.00011408355182016598,4.5802445932634114e-05,9.022761323788847e-06,7.722578819294686e-05,0.0001516933654833439,9.444629665645278e-05,0.00038911019837913356,0.00015650019574205902,0.0001635037350848987,0.00028199670118268403,0.0004311631484300388,0.0007866012980849977,8.918541212785469e-05,0.00021329347391020321,8.650765585386312e-05,4.7558742739681697e-05,0.00010568354285147316,8.618070874995988e-05,7.638983177872862e-05,-0.00015541767855333248,0.0002231384290835718,0.00011867187132184218,0.0004064348234366261
2025-08-26,4.312835828507319e-05,7.946157164639076e-05,0.00016354630624191546,5.2045084945621284e-05,1.524999315505954e-05,2.6305299994107145e-05,0.00020829620596883898,-0.00020568370442596771,0.0003076923871202519,0.00017173660525456071,0.0001550270972742102,0.0003940910030944708,0.0004922026032394226,0.0027793739785421266,9.305230355089497e-05,0.0002658343621002037,-0.00019519004805860273,2.163468471268907e-05,-2.8258560357311387e-05,0.00011437531807756108,8.658172968859349e-05,0.00011302307175848777,0.0002841846054550583,0.00021726103785650356,0.0007226809796564055
2025-08-27,5.635927788627466e-05,9.350477563617751e-05,0.00018504728557125794,4.875057092777593e-05,1.5452499814080346e-05,7.515239720791367e-05,0.00020754353634451096,0.00021492711877657856,0.00037491198807500307,0.00010513584233062013,0.0002592628470064678,0.0005333445873906812,0.000462533818902269,0.0027910142281086124,-3.579325228501872e-05,0.0002611072498479932,0.00010993084427903736,7.682686883241644e-05,0.0001273765918764818,6.869215294997281e-05,8.819858105221051e-05,7.127295378174043e-05,0.00028401994121541663,0.00019906914702598146,0.0010272424135787253
2025-08-28,4.894380387088443e-05,5.6918305691235955e-05,0.00023397868895405234,-8.191601308144915e-06,1.0824929421782177e-05,2.4392529427521957e-05,-1.770849349066374e-05,0.00017331366565470857,0.0003134038720402751,0.00016415499831027604,0.00019497149864205928,0.00045167424064662887,0.00047083378576989385,0.0027658734735919537,3.270715892848889e-05,0.00024322376277503783,0.0001003683096510483,7.813170228276763e-05,9.681657797348795e-05,8.87156269294384e-05,2.6351149845127902e-05,4.2700094221396847e-05,0.0002810675917728472,0.00019838752036270988,0.0009370800088404377
2025-08-29,2.625942033236758e-05,-3.766426300511267e-05,0.00021419799661687232,-1.5202666755928275e-05,-6.549513607166113e-07,-2.6835118714305242e-05,-0.0001908717197530051,0.00019074618807016797,0.0003883401513138711,0.000164708678612775,-0.0009069392226973734,-0.0007059943858108555,0.0003022829720909169,0.00258998496444661,5.2644924261248184e-05,-0.0011153218415744248,0.00011313465789277152,7.297761650035972e-05,0.00012884634321134444,5.5211324696155024e-05,-9.169587281974035e-06,5.927422703084191e-06,0.00019684077553835401,0.0001739178065581285,-0.00028273736448149417
2025-09-02,7.901824530240692e-06,3.295556472349705e-05,0.00020050576625022112,-1.7331260575187933e-05,2.0615856449701745e-06,-0.00047799244219067514,-0.0005097657887450751,-0.00043880573276150546,0.0002792037740283889,0.00010854237970126746,-9.307584362392687e-05,0.0003834228850307963,0.000474970013814157,0.00275297609865584,8.016024451369593e-05,0.0002865010597951549,0.00011288476315129225,2.262838070323566e-05,9.043033226623604e-05,-0.0002043563116978056,5.348691732471984e-05,3.9096637150776725e-05,0.00020185911777896088,0.00021381674408771847,0.0010577711369466481
2025-09-03,2.2083013738111677e-05,2.4563390956506645e-05,0.0002072594157578556,-8.85936785601413e-05,-2.568565276177309e-05,1.4965462715869333e-05,0.00018362546800558248,-0.00045074768174671164,-0.0010375148361643036,0.00010122548666177533,0.00028540907165052853,0.00035652896658722546,0.0003286306616837082,0.000919573070417073,-0.0004513589679716373,0.00031019527516622675,5.479740650631618e-05,5.899020384500017e-05,9.442290750595723e-05,9.009505102665836e-05,6.65306525969272e-05,7.609011064679024e-05,2.4697735045491336e-05,0.00013263021736497656,0.0010217969007543623
2025-09-04,-2.882954119567524e-05,-1.0160882425376541e-05,2.722282375452621e-05,-2.096084771661704e-05,-3.5022469289208355e-05,5.7702173972784676e-05,8.187514985365314e-05,0.00014017691319204487,0.00040518625759886285,4.877153540883789e-05,0.00018034617462659146,0.0003709646031758196,0.00028482672184707036,0.0007135505381554146,4.6825748670101994e-05,0.00015898069125368645,-0.00018179040138922202,-5.17981797266634e-05,-0.00012466603439815132,2.9020192240710082e-05,2.2162463778654517e-05,3.610848069383948e-05,7.078843000478101e-05,1.6206023007456536e-05,0.0009722808818151674
2025-09-05,3.440133755410195e-05,7.085784829089651e-05,0.00016373067067281376,-0.00018960541475061007,-2.8307385119855936e-05,-9.74117516388805e-05,0.0001469774382989835,-0.00023684486217844235,0.0004364554965965525,-0.0006040617423525785,-0.0005367484071623241,-0.0007211006873729493,0.0002636628585623724,5.649657346060437e-05,-0.0002868304501963329,0.00027016202750656913,-0.00011053764024717926,-0.00027994747400344935,-0.0009109665130812663,-3.881400358221097e-05,3.77264631493014e-05,5.249622551140768e-05,0.0002862763257330892,0.00010893094410420408,-0.0036705147984342147
2025-09-08,3.406582284180984e-05,4.0808570491100425e-05,0.00018567692619642618,-0.00012513622424539333,3.959204952381393e-06,-4.049406450383628e-05,0.00014267283977219345,0.00018682878146236812,0.00024413396213953935,5.8468234640392785e-05,0.00019375078335521272,0.00039287437788002207,0.00016205447297234523,0.0006160299933160813,0.0001041615278271836,0.0003056888923087622,1.6244373311748717e-05,7.853555573796348e-05,0.0001148104099271927,5.590040315710945e-05,3.845388776687983e-05,2.7785593132274286e-05,-8.761912433388966e-05,6.832078849117114e-05,0.0009757371192514364
2025-09-09,3.504418595097506e-05,5.715589220084291e-05,0.00015464772844646534,2.7022463809441035e-05,1.3619330413772161e-05,8.572372767574773e-05,0.00012489097678147017,0.00019601597150538047,2.7571132826606997e-05,9.872046400701284e-05,4.426431760587096e-05,0.0005583040949808353,0.0002315799377810631,-0.002152661811602528,8.575962399187198e-05,0.00014729297507487234,0.00010493089761218102,5.355770468089776e-05,-0.0001512051061498982,8.639164655123694e-05,-3.6394996919389736e-06,6.115932642454197e-05,0.0002335043642636578,-4.358454524306547e-05,-1.2830213157820304e-05
2025-09-10,2.9031969789746006e-05,6.0769484418097405e-05,0.0001878725373883148,2.7768034630363466e-05,7.700633962740362e-06,7.831024151766813e-05,0.00016856827279322447,-9.780219188583057e-05,-0.0009061819345052099,8.321343054870433e-05,-0.0011669509431396522,0.0005275094720706924,8.488386574071296e-05,0.0007386664798192475,-0.00019203582152214698,0.00014704148686991926,-0.00010050885114831941,5.709037518711651e-05,6.0797005672430334e-05,8.547964068062613e-05,-7.809662946225611e-06,-0.00010785422768390689,-0.00011249884804632988,-6.474477616259676e-05,0.0002997077453848264
2025-09-11,-3.0884266656492756e-05,2.6718867782465715e-05,-0.0001442312302241442,1.7555521857256542e-05,-4.771546577206932e-06,7.816416722687261e-05,8.403555551339217e-05,-0.00030128619304197536,2.29085717692161e-05,9.781273945414439e-05,0.0003350335283660667,-0.0029533841963469477,-0.0009927405911755545,9.170046715944633e-05,0.00012074212454893577,-0.00012809371180004135,-8.543143811018947e-05,-0.00019438092685603685,-0.00012877025234004448,-0.00024074708746676878,-0.00019587679015490862,8.684198947978954e-06,-0.0002365409789452953,6.190705109955199e-06,0.0002833900777346691
2025-09-12,3.5104026890127875e-05,3.4277085261678655e-05,5.723865443346914e-05,4.427773360502776e-05,1.4757059540937123e-05,7.658910087043444e-05,-1.9472141209663082e-05,0.00023889818588522982,-7.438135779604604e-05,-0.00022088695179386247,0.00032039142226657105,-0.004361008233561577,0.00031094648099419916,0.0008443910281638138,8.39326507315643e-05,0.00028091791191013973,0.00013200649667054445,5.737273961503806e-05,0.00013424336986751537,8.06673400271531e-05,4.2923748613985196e-05,5.6616506483435055e-05,0.00020999860931546313,3.7412950142903944e-05,0.0005657790485406285
2025-09-15,6.388461069641475e-06,-1.7845707769571916e-05,0.0001302662043126719,5.48575206592288e-05,6.856657236654696e-06,-2.6971460804336376e-05,6.621155915241807e-05,9.981431929143736e-05,0.00010666622344022398,-2.293911031748421e-05,0.00033032286328362555,-0.0002722375917472413,0.00010061808578426098,0.0006927911931127117,0.00010269563092657252,0.0001768625893647153,8.197801407062365e-05,6.980124919152776e-05,0.00010950667454628113,9.586547931940458e-05,3.067095243732566e-05,3.2591237332197576e-05,0.00024013413524108355,9.104441393324565e-05,0.0005104586525654102
2025-09-16,3.422782953430292e-05,5.798060579563935e-05,0.00013719626282761153,5.312877874650871e-05,1.5677754653247298e-05,7.980887523511857e-05,0.00016296456593155965,-0.00012207490590943564,0.00020073928691608528,-5.6261735840787495e-05,6.520436432314844e-05,0.0002367102660570567,5.091569280165926e-05,0.0008412416893175394,-0.00016151303668522274,0.0001653629766493818,8.687655628405155e-05,6.882882981141186e-05,0.0001442405883422177,6.770910419593697e-05,1.6829800691025338e-05,1.4916725444576512e-05,0.00023716217133190007,8.828296463872326e-05,0.0007486147816361343
2025-09-17,3.438399662173357e-05,5.367917680496415e-05,0.00013222214026863447,4.850619972729231e-05,1.324571931035318e-05,2.404134577567585e-05,-0.00026875407400661416,0.00017190622800743129,0.0002262442193500887,9.955442561104276e-05,-0.00036683151303980196,0.0009422246596762424,0.0003112772676659675,0.0003065202909878123,0.00012445281093699054,-0.00024464135670423476,8.58228408615388e-05,-2.5197098564202735e-05,6.854628101594069e-05,9.38846833903904e-05,2.25473389222344e-05,-0.0001277749039028583,0.00017527585955357889,4.0295265071440986e-05,0.0006822524411219572
2025-09-18,1.428032382579696e-05,-2.269847532359711e-05,-0.00046685755758927216,-5.270325302083246e-05,1.2196548025351783e-05,7.106394600793083e-05,0.00017766523450376843,0.0002476007139725302,0.00021714616742126306,9.203223491668745e-05,-0.0008042400691538991,0.0005800904155538176,-0.0005920486871212002,-0.003786290545664358,0.00011854135069644996,-0.0009846697735778566,8.878110404197674e-05,7.238032225185305e-05,0.00011713004232211089,8.699681912946468e-05,-0.00025869724882372357,-0.0002747989755444313,0.0002017241474425583,-2.0812477388202174e-05,0.0006875877182017875
2025-09-19,1.1171751891934722e-05,6.5588192666586376e-06,0.00011012679137853768,5.531736088589742e-05,1.5868097008640034e-05,-2.491933154176729e-05,-0.0005578981899083706,5.246919977796671e-06,-0.0007542840543222795,-0.00025036512022697075,0.00036441573593821715,0.0005668226328543074,-0.00016684744896862402,0.0008960845811447042,-4.9545986868757084e-05,0.0003422656259325273,8.783395533005802e-05,6.817908775466405e-05,0.00011593486558097261,3.3442835465226985e-05,-8.134415886765118e-05,2.1365269783905918e-05,9.15478992328336e-05,7.88482023564661e-06,0.0005691788616213005
2025-09-22,1.4252016138596456e-05,1.778481774366673e-05,0.00013729774566863668,4.592665720314301e-05,1.152456445584229e-05,-0.00020745587157281327,-0.0004283009141997561,0.0002519441651420608,-0.0015076599866566311,6.064964430326907e-05,-0.0011140193530974334,0.0006984780505233591,0.0003060672891737805,-7.468824477095443e-05,0.00013343544791698028,0.00019642950275611313,-0.0001609629939142807,7.014028479276985e-05,8.435094292525341e-05,7.785609686130257e-05,-6.928179773543353e-05,-0.00028019586469264145,0.00022056194965119674,-9.285156979206669e-06,0.0003484455901849573
2025-09-23,7.0704095402801455e-06,8.938863782794411e-06,0.0001671979765377149,9.738758153853019e-06,1.2124210963835728e-05,8.578448111012844e-05,0.00024093584027552197,-0.00021522878826140968,0.0003269581342234843,4.4866400881341185e-06,-0.00036740861686104104,0.0006906887305168636,0.00014195479702262448,-0.00038821788665476507,-0.00015936384883762745,0.0003390259405701172,-7.23764840168109e-05,5.1603664643710986e-05,0.0001417725426650795,4.7831732797759413e-05,-0.00011716352172668124,9.408371848796556e-05,0.00012028495025829682,9.895153966334366e-05,0.0005375960169684637
2025-09-24,1.56224705392628e-05,3.058333553210705e-05,6.3821651162479254e-06,4.338747251629103e-05,-3.430064709726856e-06,1.422547136181062e-05,0.00020897919490772614,-4.11714878713032e-05,0.00029227537420264266,0.00010902222115772581,0.00041297401814196713,-0.0006315052272636138,0.00023529279929022207,0.0007663744070941563,-4.106634311588109e-05,0.00023753742965172824,0.00010452818786439948,5.004351966028491e-05,0.0001235960379077246,-3.8782749487455025e-05,7.481261921871198e-05,0.00010848093007133437,0.00011773102533124031,-3.0222820152597105e-05,0.0005554233762562122
2025-09-25,3.8853144728773015e-06,2.450335121002216e-05,-2.2076038371282494e-06,5.827325926598072e-05,1.0136145795065862e-05,8.405726945191994e-05,-0.0006786151528426689,0.0002160259362488416,4.491415926259997e-05,7.293671553505342e-05,0.00046202159672839365,-0.0010539036006305973,-0.0002610632750353995,-0.0016152899536738391,5.5048970413616534e-05,7.540384450892198e-05,8.919074670496056e-05,4.959546698250965e-05,0.00012743785088160437,5.350375426104607e-05,3.9453914740290794e-05,9.159208300789624e-05,0.00010907488071371076,6.48398910044767e-05,0.0005108940500873845
2025-09-26,-7.152812780362811e-06,2.6483940409334992e-05,1.8669120214571974e-05,5.744563398101126e-05,1.1699969950156119e-05,6.628523874866292e-05,-0.0001345809115655737,0.0002522239262940842,0.000348152304824975,3.5889487669027076e-05,0.0004650787451110329,-0.0004998686625012501,-6.46854455906767e-05,0.0004481716290368302,5.48012528255753e-05,0.000234206276333029,4.873622823043195e-05,7.738307733049546e-07,5.031320781719145e-05,-3.3989888143343025e-05,-4.76356295290904e-05,8.955538201692723e-05,0.00011813686558314132,6.278770134803444e-05,0.00036830344471957524
2025-09-29,1.9110751177313533e-05,2.2758007167527403e-05,9.134950405345628e-05,-8.64938566485734e-06,2.5827752030390203e-06,-0.00016670813813381507,5.8203934206798994e-05,-0.0007793054974019289,0.0003623426432987664,7.349323818423627e-05,5.997573974088512e-05,0.0010942767360691318,-0.0010500910657660362,-0.003553895869755005,-0.00020707710777453494,9.814852094485439e-05,5.462245158767862e-06,3.124454020828743e-05,0.00012115511928443647,6.562745438340865e-05,-3.009562465891055e-05,4.7620513005394703e-05,0.00011873019698122629,-5.0782087549021976e-05,0.0003618632896574849
2025-09-30,1.2597698450335252e-05,3.5660276808271245e-05,9.071307135953373e-05,5.109757392706323e-05,1.3115528216159227e-05,4.035923155413917e-05,0.00027928025859867017,0.00017341465903363332,0.0003745640125032571,6.911570442284265e-05,-0.0001667770127169398,0.0011194442602818328,0.0003328705601650935,0.000962313071538542,3.8174256455068855e-05,0.00012462932856511954,-0.00011748530719078409,3.4343451711825774e-05,0.00011997574793409343,4.892198460538324e-05,-0.000344157511531285,9.095591032230766e-05,0.00011932198878847532,8.143141703864992e-05,0.000498675558343964
2025-10-01,1.397705968882719e-05,1.3228343167682252e-05,8.692453265110554e-05,5.0558501425285014e-05,-2.6438398882276154e-06,0.00010910435977419162,0.00010967075002916906,0.00023816462727459258,0.00036469908002637855,0.00010017501955593975,0.0004536063724375225,-1.087656659868718e-06,0.00027219120308270763,0.00042307429703869253,0.00015705110302309853,0.0001341082061421636,0.00010674413707983738,-2.1681393576371233e-05,-0.00010669057258555446,6.230939269428077e-05,9.138742178200233e-05,7.788531265692166e-05,-2.3413501494177038e-07,-0.00010019671304012552,0.0002497111728272036
2025-10-02,2.1827522726992736e-05,1.6673520430449693e-05,5.080749407340128e-05,4.606290577873651e-05,1.1080579200103351e-05,6.964355009224745e-05,0.00016217855678873168,-0.0002134491059991172,0.0003266193123413238,5.298187393480914e-05,0.0003685022472466107,-0.0016365458664762177,-0.00035883166676512043,-0.004103228623587477,5.442572384781225e-05,-0.00020978524183900928,0.0001064031040334384,5.922342679400954e-05,2.677610433674698e-05,2.1830624411025306e-05,0.00010200538892940455,3.097157705222697e-05,0.0001103333659567008,4.389652784925408e-05,-0.0007298135928615512
2025-10-03,2.1625167080600867e-05,1.3267403367999769e-05,3.786971092725118e-05,4.484279651572166e-05,1.0317586280479757e-05,1.5136079923334375e-05,-0.0002852916827626682,0.0002614334094081804,0.000283476147643601,0.00010527874465334855,0.00040413460568510803,0.0010463733984950197,0.0002564115850883759,0.0009398597549268189,0.0001062866069337782,-1.9792418496159252e-06,-7.016015004199125e-07,1.189291362031158e-05,7.246851845899218e-05,3.7071879923806634e-05,-9.952855602404517e-05,8.663407277815648e-05,8.979294470999289e-05,8.67730446861582e-05,-0.00040630449633513187
2025-10-06,5.017269572340375e-06,-2.8389126376199936e-05,7.11975556385093e-05,-1.8111667477229978e-05,-1.0138678415170233e-06,-0.00026700119807484364,0.00011446007077530205,5.704845307866007e-06,0.00026771829364310133,-0.0003462913227091866,0.00032583186377994444,-0.0015636515544020784,-0.00095740374238658,0.0011499331619125052,0.00010913048579294172,0.00019399801587101183,-0.0002731351742675999,5.6200424784173586e-05,0.00012489741716575046,-4.066948384753577e-05,0.00010570770686554179,-6.448013781923478e-05,5.372867397873491e-05,8.166868071067982e-05,-0.04470464521726514
2025-10-07,4.276820480718022e-06,2.6704217527631928e-06,-2.9994607259673235e-05,3.5445621212347916e-06,4.134335303101708e-06,6.456146733799231e-05,3.692966909657472e-05,0.00023247438448971812,0.0002952104672291761,2.6566091832566592e-05,0.00040851991890663685,-0.0007347311528434891,-0.00031801883528874056,0.0006476101422849752,0.00011156582902894753,-9.418656424843211e-05,6.227276020578056e-05,3.5942048918614916e-05,5.1673143127275356e-05,3.335877476701437e-05,9.737408244826155e-05,-0.00010437352041423219,6.52099068183488e-05,8.120856447975729e-05,0.0013725954469337516
2025-10-08,-1.6847784429244423e-05,-9.915432404772811e-05,-1.609589590449435e-05,2.8028124934127957e-05,5.636496057095071e-06,-0.00018206053467903903,-0.0004269033556973015,0.00023203935732987158,0.00025505412585707737,0.00010177609383666585,-6.0400563895086554e-05,0.0012747861650642387,-0.0009471134377679528,0.0005043339707965012,7.990351510080919e-05,-0.0007369931788705868,6.357524369229853e-05,1.420530166654337e-05,-6.827749478554191e-05,1.8261833871370435e-05,9.517094829032053e-05,-4.689023544230112e-05,6.664857810886527e-05,4.932122356967094e-05,-0.008736263818992847
2025-10-09,1.1725941686721955e-05,3.598406101029211e-05,5.4950544634241664e-05,2.628299794882738e-05,3.211478782366899e-06,-0.0002470580055054863,0.00030426349073636234,5.699696177939478e-05,3.6092710032473944e-05,8.277756669462306e-05,9.871454642634093e-05,0.001396802835281773,0.0004577066358480915,0.0013044028136816829,-7.305496500896592e-05,0.00026867895737101445,-5.27245158885064e-05,2.5312899654266738e-05,4.321845396002279e-05,1.6777946583231387e-05,5.832772659593077e-05,0.00010918336015331559,-4.380779771426389e-05,9.92478593481363e-06,0.0033216395579109374
2025-10-10,-0.0007306013098214791,-0.001210763015190094,-0.0008253396803892221,-0.00023142386370850085,-9.083898284821273e-07,1.7190374674419558e-05,5.8875312700280445e-05,-0.001688982420789808,-0.0009970472838619563,-0.00038525663016101414,-0.00214258067789648,-0.001247877757278632,-0.0027887117382659043,-0.005207707093284081,-0.0007542762836444421,-5.940967466690542e-05,6.502612275712299e-05,-0.0004457725457120672,-0.00016984513509786623,-0.00011694870229524932,0.00010858616471953367,6.488739708087826e-05,6.548564523179913e-05,-0.0001986779115789545,-0.003034888683534575
2025-10-13,-0.00017436879522138732,-0.0003369317297864131,-0.0006229014838502364,3.646771612816566e-05,-5.499009874284074e-06,-0.0004529631133751412,-0.0012371073298964134,0.00015956208964605122,0.00019974640946857514,9.543212373807833e-05,-0.00026706795137562873,-0.0013751773727185175,0.0004489432755025232,0.0016150190869097512,-2.7254685918935332e-05,-0.00045928588139672815,7.758114276626245e-05,-4.091979995795526e-05,-0.0004787764668573539,-7.26433001601025e-07,9.863035735929034e-05,-0.00012085891362435458,3.178841074472412e-05,-2.0292040222162936e-05,0.003699453236930827
2025-10-14,6.87070133362679e-05,8.245801921619075e-05,-3.4394259713768974e-05,2.5542462176125476e-05,-4.360536730055724e-06,0.00010426280151128929,0.00030077879227239116,-7.956353211763484e-06,0.00028213442022321155,0.00011596064398774045,-0.0014803931158215125,0.0010500864019064053,0.000556696877025787,-0.00034026197454473,0.00016358285787789598,-0.0016255281554539587,7.65071508062322e-05,-6.590483342833612e-05,-0.0002822023719112197,-6.377944830161943e-05,9.916678170759857e-05,-1.7567517028140234e-05,-0.0023298408034174625,1.075083302090405e-05,0.0036741059545937985
2025-10-15,4.9116913982968704e-05,7.614473063580414e-05,8.150632669746064e-05,3.1169911461298905e-05,6.634756131152502e-06,-0.00014348381188239857,-0.0006396798107263444,0.0003398581988057913,0.00023560796128915785,0.00011059461519289358,0.000656082730453404,0.001046077736265647,-0.00010780274567229523,0.001473474827385553,0.00016263171341008111,0.00025791243468858125,-4.882452564420536e-05,6.038088806816106e-05,-3.229879315749302e-05,-0.000161510170958807,9.567732984604258e-05,-2.4075703977096007e-05,-0.00011790620887136281,5.649176632154125e-05,-0.004356490718711824
2025-10-16,2.301222442963278e-05,0.00011450014221993737,-0.00027098870745238514,-1.978827630474591e-05,-1.5337822862010703e-06,-0.0003666878041751242,0.00015400916167544455,2.20370182852458e-05,0.00021775350129849146,8.972459536680983e-05,0.0005229678209830552,0.0009813019709750946,-0.0001995647077326153,0.0013966104994281375,9.261511905135839e-07,0.00024837400521578445,-6.395679019920538e-05,-0.000734707185746843,-0.0004436492222896271,4.337394432730039e-05,7.251945169314834e-05,-9.762419531093213e-05,-0.0003839188118273848,-0.00019219113331564658,0.0038717856264065213
2025-10-17,4.01428498789137e-05,8.595772325241379e-05,0.00016051209695955437,3.639871304693307e-05,3.0253738809634297e-06,-0.00016712579967992136,-0.0016139631880534046,0.0003249638359136397,-9.708149856102807e-05,8.805255611069789e-05,0.0005510195209539998,0.0006153657795481394,0.000708760378367727,0.0014160622328334878,8.877322667243904e-05,-0.000280456736073549,8.338619060383963e-05,3.32072347091441e-05,0.0001326489528110368,1.424629121569297e-05,6.488208216279265e-05,-2.4620694745411636e-05,6.944150974842636e-05,4.1152907215334155e-05,0.0041356956388991775
2025-10-20,-3.4308643241329976e-05,-3.0071057555877603e-05,-0.0001980034755178953,1.8315900653942082e-05,-2.314228720532876e-06,-0.0010658109243391555,0.00031599675704337897,0.00032593059089344116,-0.0011987170477723895,6.429092209188199e-05,0.0005393258724555289,0.000879325510101503,-0.0011452335483953286,0.0009577147789684556,4.788749617141611e-05,0.00025031966860292274,-0.0003624010080036526,-3.303258177682889e-05,-0.00011325306733833519,-4.236014847618454e-05,7.618678327943553e-05,9.295882495897876e-05,0.00017306188530407881,-4.533121992082953e-05,0.0031768164201404067
2025-10-21,7.727250410494186e-05,0.0001327570114735533,0.0001704450437818359,9.549768761676997e-06,7.2753892987949e-06,-0.004136035824351223,-0.0068606122973840595,0.00027561972605303297,0.00032091704695644496,8.371978756192082e-05,0.00048340293357470324,0.0010891140763507625,0.0005288176905050477,0.001278600742346558,0.00014972438911432621,0.00021617373482175133,-0.0009619387707312561,0.00010788564887510564,-0.00015365586182687358,5.364417531302327e-05,-1.5202998782974547e-05,9.866373926853713e-05,0.0001464356057823976,-0.000336612554923912,0.004116841561507879
2025-10-22,4.8882934324372784e-05,3.720477188596738e-05,-2.9493767688727865e-05,3.377336167455419e-05,6.080053063675286e-06,0.0005020333707159266,0.000891207473091515,-0.0008352847290981301,-4.706360941655649e-05,5.343497237315866e-05,0.0004482192203108739,0.0011259329933384704,-0.0006663618497188597,-0.0016165945374826544,-6.6192107220295596e-06,-5.7920904850966874e-05,0.00014680262886644516,7.659803779856103e-05,6.776017800020361e-05,4.411240103211882e-05,4.3520005449579187e-05,6.915578980569418e-05,0.00013471560692491607,-6.629071328496014e-06,0.0031121218336385903
2025-10-23,4.0952805427376497e-05,6.354177180740657e-05,4.582830650066793e-05,-1.5588327067575653e-05,5.3276622859246535e-06,0.0004851795228191018,0.0008490103221699306,-0.0010092427609172709,0.0002214555530608522,8.020371018798195e-05,0.00032075606844883075,0.0006683903276747327,-4.4859303612021766e-05,0.0015056305910761364,-2.709257929056245e-05,0.00023077544238921897,0.0001587175457195076,0.00010545588385941002,0.0001727743700431035,6.101250144109521e-05,5.958474459882382e-05,8.376536881274141e-05,0.00020584655240664856,0.00011422134175251153,0.0038615884432585436
2025-10-24,1.1018058897010758e-05,2.3961600488111922e-05,6.06255247383862e-05,3.315929074032384e-05,3.220244019794396e-06,0.0004861897593582954,0.0008787278278589401,0.0004129195574181507,8.382321424354441e-05,4.589853667964038e-05,-6.48428037412996e-05,-7.443950127709333e-05,0.000640955502606076,-0.007212813075892359,4.522301329144364e-05,0.00038320486527005943,0.0001329317384101644,-6.771903121637716e-06,-0.0002185895783735401,4.75506061422989e-05,-5.108897900658241e-05,6.202465465213796e-06,0.0001708757829267261,-3.593455294978184e-05,-0.001103392419459075
2025-10-27,-5.7837363526350415e-05,-0.0001696725705711171,0.00019892136030489642,2.1914430096267175e-05,3.2071727401651136e-06,-0.00030004050329397746,-0.0005060188238663633,0.00041127443595556727,-0.0002792929630474995,-0.00014498020918166273,-0.0003100505736201705,-0.0007049941632442124,0.0007722425159514008,0.001539626813737597,0.0001442232793288446,0.00032485654718316444,0.00015359338670746782,9.857506416912422e-05,4.5686286129017855e-05,4.819727166786733e-05,7.007900913588747e-05,6.352062145632308e-05,-4.594220115284578e-05,8.079927014178681e-05,0.003905351755244198
2025-10-28,7.843441801446624e-05,9.939653758599972e-05,0.00017890907680085665,2.7123052549245596e-05,6.09213777415031e-06,0.00048725921915484225,0.0008517924361778226,-0.00016134757338811975,0.00025420505695116587,-0.00029828375306233595,-0.0018653993320742086,0.0007722434716716874,0.0007487599820427423,0.001619336695252098,3.5851250486751464e-05,0.0003714549057306356,0.0001559103434309579,7.2800908956434e-05,0.0001850274167430735,-0.00034202094052168425,-0.00025560020656757785,8.291119253333555e-05,7.201568955983938e-05,7.847798518059303e-05,0.004588946879181621
2025-10-29,8.519337596785357e-05,0.00013993888913039167,0.0001360924098524954,-7.253115485656183e-05,-2.681068566427752e-05,0.0005127556867563155,0.0007394461873519401,0.0003542945499674101,0.0002470837259528007,0.00010618324836435378,-0.0002625915681314548,0.0011002741408265757,0.000799543616642976,0.0013432032487133395,7.782828120264749e-05,-0.01172468585857699,0.0001561779708862823,-0.0001788680253365606,0.0002013382275352731,-0.0006078513020306063,7.188826052215584e-05,-0.00021346306720952804,0.00018968093048413873,-5.022552656088307e-05,0.004039011523351935
2025-10-30,-3.764049082477195e-05,-7.654577100041547e-05,0.00014760373999934734,1.7917707927568954e-06,-2.1495873527118474e-05,0.0001456221742960435,0.00025668587256972436,0.0003802884968785277,0.00021469211716875343,-0.0007707453610238733,0.00020660163385563546,-0.0011522025361842328,-0.0008484405107468778,-0.0018173580806162047,9.441554848923455e-05,0.0010285648540038102,6.430408200537318e-05,0.0001221738675329669,3.8181628514749366e-05,8.673133003207709e-05,-0.00011845285979571615,7.363818709412245e-05,0.0002349273279706532,-8.78161626662119e-05,0.003319520551543235
2025-10-31,8.000255604082924e-05,0.00014940559991016863,0.00018486352179461732,2.8429320548646608e-05,-8.397150314559932e-06,0.0005149142009107286,0.0008700449568332973,0.00023931766318374697,0.00024131262522823134,-7.99834983842286e-05,0.0006344609236474477,-0.00017866510947519903,-0.0005410509782118256,-0.00019709115832513158,7.83337703369628e-05,0.0009392077262763872,0.00013045121638450446,0.00011822002748587975,0.00016873884334064898,0.00010356222425004629,5.9480842012504845e-05,7.647545798385198e-05,0.00012736241552909605,7.271056227177921e-05,0.0046942622410474
2025-11-03,8.77254248076861e-05,0.00015012709447138932,0.0002056872396859124,3.109772402427186e-05,1.4049892226775723e-06,0.0005423144897131512,0.0008921216919071034,0.0003528440567159522,0.00023025510711241872,0.00015938883656308874,0.00017432029557377162,0.0004407566158806642,0.0008485307464076269,0.00012405612882506367,0.00012873821325010368,0.0008907742043625065,8.61730849602429e-05,0.00010802591964153415,0.00016138712359522109,0.00010695527647319409,-0.00013320806717148962,-0.00014536777737894296,0.00022307502429464896,0.00010102395263998892,0.00446900675770822
2025-11-04,-5.0756568928670274e-05,-0.0002473489368412303,-9.007794395489056e-05,3.255828750325235e-05,7.126377103211643e-06,0.00022987840621741077,0.00034111068520733786,0.00023361562295491322,0.00024137613794643535,0.0001338405292241165,-0.0009745493417325182,-0.001675410160314547,-0.0020595030448785296,-0.003495899562108543,9.777733071301509e-06,-0.0006729935744380811,0.00011164906336436871,9.743592171292286e-05,0.0001920828655057738,0.00010560712421233858,4.964661016048594e-05,8.304394442788691e-05,0.00019509501223754588,8.762940503050428e-05,0.0031971775786517336
2025-11-05,8.655102295277333e-05,0.0001510678808027282,2.4153313654370472e-05,-8.573381556331145e-05,-4.222466002203654e-07,0.00040800308299847494,0.00047562633763085767,0.00019323961339681796,0.0002540054606798343,-5.953816579371503e-05,0.00042737433596795913,-0.00042862447212448735,0.000705115733584812,0.0005683026010547391,0.00012536941270584762,-0.00037992301646954285,-0.0004802615604833677,0.00011380330447406385,0.00013068865798452673,0.00010289883224434511,3.8921508444295254e-05,2.099804210939791e-05,0.00017829265790213217,0.00012197226146787691,0.001600173323885728
2025-11-06,-1.794771330212556e-05,-0.00015962696892862863,-8.459480523694357e-05,-4.107817694635072e-05,-1.869400280110274e-05,0.0005445538936381283,0.0009256756837119273,0.00035487059827316877,0.00025223458062873156,-0.00025724237226967773,-0.0006281797413799687,-0.00017969362188966572,-0.001414308725316753,-0.00407732897365042,3.892909130146794e-05,0.0011762306110220527,8.172909976345542e-05,0.00011301050194882108,0.00016303378912578125,7.970817822274817e-05,3.348958541637165e-05,9.836148022232874e-05,0.00023756213324385223,6.127652513234111e-05,-0.0035218233419482383
2025-11-07,0.0001018867382461079,0.0001961847038251942,0.00021836818285181424,3.894062408343869e-05,6.2647295187324515e-06,0.0004942106470960349,0.0008208821411625712,0.0003298869267462589,0.00022881686996179283,0.0001656858903603683,0.0008060521248678054,-0.00025444220818791907,0.0010435876113776149,0.00023508026545033915,-6.824486870864527e-05,0.0009852352392562848,-0.0003552259849826897,7.604651346057828e-05,0.00018154642652165798,-0.0001347454133263706,5.646216870492311e-05,6.229376082928382e-05,0.00016209095491926667,0.00011927079046557673,0.0015367628578261787
2025-11-10,-0.00013730239813076263,-0.00027222746475691437,0.0001455886936792295,4.3593335577883584e-05,9.913807345404839e-06,-0.00021313176864042342,-0.0008427997353816255,0.00031482211655158493,0.00021933257007465285,-0.0001703942759922946,-0.002383355543107722,-6.851322230738981e-05,0.0003904081328322712,0.0016879945186763323,5.562897155304116e-05,0.0009444067476689222,-3.684577744126141e-06,0.00011463973919230701,0.00011476957588806248,0.00011385966054148031,-3.793273002453921e-05,-4.679174248038226e-06,0.00023639445161622192,-5.9930781068335325e-05,-5.4113263765498106e-05
2025-11-11,6.923518702670617e-05,0.00015739068548642257,0.00019900350540304936,8.729039434972137e-06,-5.91898786216814e-06,0.0005333375924348397,0.0007721892500016958,3.782114937886022e-05,-0.0002832568448370631,0.00012842614844673503,-7.780860043042127e-05,0.0009839964803184686,0.0008049203320945563,0.0001564140259211681,-7.443554055216236e-05,0.0010969030214259214,7.404068721480952e-05,8.133012054710714e-05,0.0001619028685803357,-1.8907184655068295e-05,-0.0007408856906357711,-0.00032615692679130204,0.00014106689408486072,-0.0004120657291432165,0.0008891722588860389
2025-11-12,6.174257064363316e-05,0.00014012311404446983,0.00015244262853360705,2.75641128749992e-05,9.043339090602327e-06,0.0002626227079295744,-0.0006550113816654434,-0.0014435402432328884,0.00015123740488926662,0.00013259256985086903,0.0008206224377435943,0.0005712642854072856,0.0008191786231687759,0.0022705828186733138,-0.0001051906134598929,0.0010050274504403085,0.00019979515915529133,2.3805404301253724e-05,-7.758881922718264e-05,5.370968682625507e-05,9.91366058208121e-05,0.00010006358679090179,0.0002442342371035473,-0.00010184552422487693,-0.005776106170029547
2025-11-13,-0.00021801422508265986,-0.0002871517403353804,-0.000665464708649326,-3.764840085446955e-05,-1.5150947688373108e-05,0.0004634053244996578,0.0006293686320519573,0.00032116498953121416,0.00019200069660869746,-8.244329927055395e-05,-0.0006086743466555721,-0.0037152970905968375,-0.0020178579443920794,-0.0028897116381951813,9.752719339472085e-05,-0.00021205397134777394,0.00019261064089381018,-7.204737498167867e-05,-0.0010633435074044566,-4.51730709709078e-05,8.842434553404312e-05,0.00010648348092112178,3.8305555813862146e-05,-0.0063571317093642134,0.0001884793628263552
2025-11-14,7.621923469391684e-05,0.00015835446448760908,0.00017867510067185949,1.0485538417727238e-06,3.4423073604743872e-06,0.00018500581878706042,-3.242393812429359e-05,-0.00014754286799433154,0.0001897144108282162,-1.4672862504293489e-05,0.0004856252690981689,0.0012259450047806166,0.0010007072273556113,0.0024179201741822975,-0.00018049332588172335,0.0010392081265022319,-0.00027090480063287974,3.469662730540819e-06,-0.00016717390709710235,9.956362992434968e-05,9.673761227524353e-05,9.521466477441312e-05,0.00010299226235005835,0.00021690792388742562,0.0016870695904835583
2025-11-17,-1.3921240806255081e-05,8.463438231394597e-05,-0.00024021362486908594,2.6413486774971286e-05,1.0383203747725426e-05,0.0003726627994260072,0.0008679593171378876,0.00033009662320883083,-0.000145611106576368,0.00015169352466181622,0.00044510827497451586,0.0011237558394103487,0.000605135079162735,-0.0029507889659918414,-0.0002276110485599662,0.001018131149988997,9.502961834152406e-05,-0.00030398795159250166,7.383220179599855e-05,3.4844480962416074e-05,-0.00023254800133733585,-7.146080065607806e-05,5.1501762984530774e-05,0.0005043884714624024,0.0010274511154306557
2025-11-18,5.617842459703395e-06,9.809704255556569e-06,0.0001731085394744801,3.2618965442969085e-05,1.0392667811206633e-05,0.00044072879657889897,0.0006871805320174293,5.251696988075959e-05,0.00018854347192624326,-0.0005685699581463766,9.352027255458755e-06,0.0008660314480909152,0.0009273765094350387,0.0026191689876706916,6.380928917808347e-05,0.0009061210102003893,0.00014549723313628818,8.086048839023794e-05,0.00018440575518052825,8.87452003951331e-05,0.00012059371351850199,2.44784973915147e-05,-0.0001671366383279587,0.00047173024643084753,-0.0001609167395676171
2025-11-19,5.989851831722711e-05,0.0001240873493086703,0.00016240980083384978,2.7841933566074116e-05,1.0099652443122172e-05,0.0004233367744452817,0.0008166687027356547,-0.00016461604475337302,8.914946513217073e-05,3.429427390905422e-05,7.747263873974315e-05,0.0011795128752621418,0.0008171984430770438,0.002361206804687191,-4.5916986069115316e-05,0.0008650163953711649,8.978656186481254e-05,6.238740557835702e-05,1.7105290706001975e-05,3.841515574963616e-05,-3.065901988695419e-05,9.109546642915006e-05,1.693609716178162e-05,0.00026405377450662554,0.0008946634094751773
2025-11-20,-0.00016033788291392663,-0.0004124594275349529,-0.000187721859028764,1.5396159760057413e-05,8.262548638357984e-06,0.00018440633470103796,0.0002614092285964777,0.00026457043798356125,3.272135698979466e-05,-3.097712495342457e-05,-0.00012207347978697826,0.0007413290797269969,-0.0004375142326011863,-0.0033035068378072093,2.9679913466076826e-06,0.0008306872851659294,0.00012733278227859555,-1.4999822613695122e-07,-9.099790970126505e-05,8.588140792736257e-05,0.00012079351950940618,2.4714725485048766e-05,-0.003842825418660883,0.00012537611007334244,-0.00484945439013852
2025-11-21,-1.1235574228114464e-05,0.0001317288876466799,-0.0006120789131434448,2.253671585530144e-05,-2.2510904008383308e-06,0.00018209855342191537,0.00037273861669849957,0.00016574763801230054,-0.00028345525105995495,6.55166548602663e-05,0.0008630333469223454,0.0011336304301411385,0.0003744115311009439,0.0027354070823494636,9.203540145784944e-05,0.0009158702743996397,-0.00012020314655200413,-3.962945275825002e-05,0.00018069315482690683,-0.00015561176767822806,0.00011053720650239616,-0.00023958939989343544,3.0580503414967693e-06,0.000266758782706877,0.002004085309975295
2025-11-24,-0.0001230115487308983,-0.000450665629107557,-0.00012487544158207604,-2.703540089360131e-06,-4.923119216655043e-06,-6.336523811975827e-05,-0.0003499792342950445,-9.376577448162976e-06,-0.00014583705890826694,0.0002356464530194421,0.0005457968240183361,-0.003135532301447093,-0.001261680538049789,-0.0011075617379993439,0.00011622830005855371,0.0006988695091179476,-0.00030144355272272597,6.732886466355537e-05,0.0001821090664776619,0.00011040953518479085,1.7737470942137334e-05,-0.0005878889738013952,0.00015740585475236822,-2.4619345163215747e-06,-0.0007904137609057462
2025-11-25,1.0892302614802943e-05,0.00017796203483074087,-0.00025301848442140613,2.4828804280447763e-05,3.7243333778992325e-06,0.00019656944433383552,0.0005314805264313165,-1.9089802488403223e-05,0.00010763779913825627,0.00021089582977033621,0.0002645196377316666,0.0013809577791954095,0.0008964353100247768,0.0025076542041191814,7.914613023405248e-05,0.0008308265281077539,0.00016746387628834025,-7.497708165561121e-05,-0.00011629138289107876,3.2864067401193624e-05,4.0265866628306195e-05,4.149276024694705e-05,-0.00046834707827202014,0.00035469390697636825,0.00017514330319456125
2025-11-26,4.8475393211380454e-05,0.00012333966480560565,0.00015922469172120895,1.1508794039078052e-05,1.797498235314354e-07,8.955397052676728e-05,-0.0008667992325791314,0.0001482742256081613,9.066781729013999e-05,-7.242583577154156e-05,0.0007637192141766067,0.0010110356897365112,0.0007112316134628082,0.0007943066452934277,6.395587421254305e-05,0.000834609745788005,0.00016145817015239335,2.711988476666384e-05,-6.347958542699165e-05,0.00010230578977520723,0.00011367279335784566,0.00014773796687142683,-4.162322601528626e-05,0.0005394188865189405,0.0005409246068794693
2025-11-28,6.838081727490901e-05,0.00013655250420851448,0.0002053995254832579,9.156059211316807e-06,9.471689029866232e-06,1.1947726815996005e-06,-0.0026570377463221912,3.947201293500756e-05,7.341935620562551e-05,5.88438908446208e-05,0.0004970982147732019,0.0012273525090645944,0.000708710124138451,0.0017692798148154806,-5.1720143543195016e-05,0.000985275021841308,0.00011104312238536309,3.747676419358209e-05,-0.00012797357510434176,9.039913696928567e-05,0.00010612938222238178,0.00014980308835214694,0.00018334366216254928,0.0004386637024221357,0.0018771453094546184
2025-12-01,7.868388970537057e-05,0.00019289350388749,7.709795389493197e-05,-0.0001295653062746705,-1.811034145963743e-05,0.0001380923614892551,5.591579431966313e-05,0.00026245180451771853,-0.00013272043190744857,0.0001299555407328538,0.0005331634154241206,0.001301191162909694,0.00020745015031530055,0.0002728286651912746,3.243531435750461e-05,0.00015380523727810905,-0.0009801715146447057,6.706291984230075e-06,1.7156933320444797e-05,-6.913991548049477e-05,5.7263013115595616e-05,0.00011002251260721549,0.00027024646441290497,6.116066540487317e-05,0.0019860220622442094
2025-12-02,9.064775639536898e-05,0.00013106451297929513,0.00023927482017457833,3.388151684264789e-05,1.0349753301021019e-05,0.00010002754019521808,0.0005603375977478265,0.00011412453451743553,-1.1396538271534994e-05,0.00015976843166314855,0.0007204700460161642,0.0011732433006803743,0.0008278823129946703,0.002415030745104242,-4.198677772853195e-05,-0.00028340121138808447,0.00020390933329777526,7.78130386571589e-05,0.00018556260629059218,5.803181303595379e-05,0.00010976541104656415,1.735696544385522e-05,0.0002972332873521679,0.00021375456742132366,0.0015906329237629108
2025-12-03,8.172333695329681e-05,0.00018793710062651092,-8.391517216664655e-05,2.570540992229408e-05,4.8087331561546434e-06,0.00014156761339456747,0.0006966566045081612,0.0002202422844502481,6.093661887858206e-05,-0.00044905814846247507,0.0006895702762406913,-0.0004928072716792057,-0.00018083784850629148,-7.666279638132104e-05,-0.0002115149450910102,0.00013670114136520308,0.00011481639182940904,-9.978768765107898e-05,7.996281124644013e-06,6.444361070640997e-05,0.00010968376348326977,0.0001045122548150243,4.5534506423723176e-05,0.0004910612175732898,0.0019258990840021737
2025-12-04,9.360049948545016e-05,0.00019210723438899447,0.00018202798142099013,4.4905551871864455e-06,6.515519647800479e-06,0.00014188696042026703,7.151748800251763e-05,0.00015926239887735136,-3.5623831314351824e-05,0.00018704435235523888,0.00033908463376632254,0.0008569235341813182,0.0003427282624759216,0.00242789408938244,0.00013445110888764413,0.00021281696784413055,0.00023179157680967198,8.293893459900329e-05,4.472035180294522e-05,6.523912357926096e-05,-9.608346491567418e-05,4.107721103800124e-05,0.00035861208637701547,0.0005622362364603817,0.0019852234890076334
2025-12-05,8.277579346056241e-05,0.00015343382586129303,0.00022841436425048508,1.350134397948438e-05,8.851137287935608e-06,0.00012204168946549439,0.00018330122582115092,0.00020911067397411337,7.392629509266714e-05,0.00020678585506325495,0.0006840918568678598,0.0010181184952355884,0.0006688085906031511,0.002002270986424011,0.00012991461939176684,0.00024995122027968825,0.00016930418530252864,8.578115015946684e-05,0.00020192155571842024,7.013695408332358e-05,0.00010201567163988126,-4.555058968066703e-05,0.00036550353086976925,0.0005646773552971136,0.0018822805739390706
2025-12-08,7.68661773803582e-05,0.00016490584714621155,0.00023543317871310858,1.8776403011211806e-05,5.087282168813284e-06,0.00011117353321331053,0.000683324720303373,-0.00014521440054453537,0.00011338275851248006,-3.9972915830072494e-05,0.0004053636138392633,-0.0002540751437770944,0.0007366216278102655,0.0019183206459772837,2.7653432050241166e-05,9.172150372135381e-05,-0.00061243253944052,7.135076573278795e-05,0.00021017659477303889,1.2008196036899534e-05,0.00010629409140816627,-0.0011815388900279823,0.00018415266686384925,8.837584613926864e-05,0.0017327405593279947
2025-12-09,7.929687225768788e-05,0.00014791515050445767,0.00021385490385959768,2.4787008603382612e-05,6.528005665815148e-06,9.220625541175074e-05,-0.0013758431284511651,0.00019938064701298505,0.00011751932648415968,0.00020856871259289868,0.0006269969455194235,0.0007706515142464107,0.0005571088278458097,0.0017352862251222407,0.0001111836838590219,0.0002091590436811225,0.00024327479874108705,7.129209917407966e-05,-0.0020720358318139275,5.878516894409204e-05,3.89528170988988e-05,0.00011972384602565253,0.00020557468572879396,0.0005579257900373657,0.0016314127450112747
2025-12-10,3.63343588328556e-05,0.0001322640905917427,3.428906859742281e-05,1.0765280254093357e-05,-1.3204096059765444e-05,9.979866229609937e-05,0.0005529811335990469,0.00018899360514168642,9.001496287137461e-05,-0.0005564672908339561,0.0005956698521119689,0.0006660448259917997,0.0005496984845175583,0.0016899908497112813,3.067602862068154e-05,-0.000989336655928992,0.00022083143428563393,-4.6204672764425935e-05,-0.0006555014565633707,4.82389176630804e-05,-0.0009374576041311329,0.00020689907155866522,0.00011145371070075196,0.00031044079679883925,0.0016191248697567172
2025-12-11,6.389178986194095e-05,0.00011316665521376391,8.534474051990785e-05,2.4609517068709048e-05,7.068169923336533e-06,-3.574570898539569e-05,-9.629664500277325e-06,-5.4580378814942775e-05,0.00011657389172870452,0.00013249579207695865,0.00022165634188496563,0.0006992929194420963,0.00039762719393489907,0.001220324258505308,0.00011858112758408476,-2.5455180928508035e-06,-9.082795031239185e-07,-0.00023500730930220271,-0.000153437089943766,4.280897004291366e-05,-0.00011466604809678421,0.0001583453727092736,-2.1216446702052147e-05,2.7017847568683155e-05,0.0015152468147149657
2025-12-12,-4.7556783161062954e-05,-0.000248776738394911,-9.558514041136133e-06,-6.838674302128894e-05,-2.8358863613402215e-05,5.33196936842512e-05,4.8760554479561347e-05,0.00025273568734629785,9.840947259624232e-05,0.0001353910284216415,-0.0006729996355919417,8.89470240309951e-05,0.00015687132939769808,0.0016018532152871255,3.659947126486294e-05,-0.0017695031230139189,9.471300286452794e-05,0.00010432239877685806,0.000399208852423708,5.4594049928279426e-05,7.860369719430192e-05,-3.288944843624756e-05,0.00026630300365551097,0.0005979217622482799,-0.0009538410985590446
2025-12-15,7.339970549707936e-05,0.00011889768342629851,0.00018393315991261814,2.9909213891449387e-05,8.970607333381376e-06,7.133314327126347e-05,-0.000521886846425589,2.17896570755235e-05,-0.00013100642730728106,0.00018479512531509483,0.00043742080132564695,-0.00041073540504765987,0.00038020337084710055,-0.0026961257190659177,7.806345138782062e-05,0.00020510010098159098,0.00015333289070077854,0.00010197424972359756,0.0003782722121134691,4.335076561292775e-05,-1.137311652314694e-05,-5.9595508450264e-05,0.00042267917979587954,0.0005757587929986153,0.000968389135326286
2025-12-16,5.2991829350810644e-05,0.00011838508688350178,0.00017770432998078065,-3.31290912166984e-06,3.963979070842698e-06,6.854764058090556e-05,0.000722750763263698,-0.00044566575680969465,0.00010592061157798345,0.00022467526883812608,0.0003544629279655884,-0.0002888301269212025,0.0003154364135451633,0.0015223044163501216,-0.0008316272399382277,0.00033538991650129186,-2.5993393718401123e-06,5.259310503223172e-05,0.0001377249710389866,-9.187246493301328e-06,-0.00038536636407714934,0.00020691015413734238,0.000279888691090708,0.00012706166918999593,0.0010551174811319606
2025-12-17,-6.153934258740111e-05,-0.00022761190298125846,8.644688761464015e-05,2.570421113135604e-05,7.786031093098734e-06,-2.2691751101236088e-05,-0.0011250881892438994,-0.0005050650024871059,6.426074506021655e-06,0.00022572331396288878,-0.0011065265379566719,-0.001564039356696139,-0.0004971596363202296,0.00045254755437531256,-0.0003122886519842967,-0.001871670923757263,0.00019650615937440464,9.002721254928187e-05,0.00032306964586159526,3.437785999622162e-05,0.00014791051912008157,-0.0001079261514231651,0.0004224151540088682,0.00014113994838253725,-0.0018358450266027968
2025-12-18,6.1976964872686175e-06,-6.932839988060623e-05,0.00015002365425669106,3.4700918811940516e-06,-5.401650093867135e-06,4.3904347795327164e-05,0.0005618684126468443,0.0001263792764758183,9.476611242763753e-05,-4.3567044344728896e-05,0.00012562122759490578,-0.00036265586063781235,0.0003316510068301588,0.0009448770270364419,-3.88229778661665e-05,0.00040888905866114745,0.0001173669558703838,6.70515823337964e-05,0.0002804480892291555,1.725060014275122e-05,6.154247242784234e-05,-2.8235774679576716e-05,0.0003739490371728265,0.00010055884896212764,0.0010219885388094239
2025-12-19,-1.941014954971672e-05,-2.6989014575547443e-05,0.0001172207454125117,1.3502212767028687e-05,3.1531504082761474e-06,4.319753168841793e-05,9.509367725848538e-05,0.00010087955894084254,6.710606036728976e-05,0.00018219721224923828,-0.0010445742139599886,0.0008093604376047733,8.790503836722026e-05,0.000793108392303017,0.00018322892974129373,0.00012444926309166233,0.000144313883060713,3.969643038620449e-05,0.00014332012320243835,3.0987997331474134e-05,7.198383229901795e-05,0.00017196740887594545,0.00039907203002091787,0.00019800963110936168,-0.0024157716936455045
2025-12-22,2.7070264690702675e-05,0.00012512486166065917,6.79775788561315e-05,2.330623741302761e-05,1.0115511988498415e-05,-0.00047632310596655374,0.00022531405164176747,-0.0003734671933315696,-1.1414696683700268e-06,0.00018470449251494487,0.00026316605197630066,0.0005870832824070164,0.0003008690396398248,0.0012798908085663312,6.783549368719014e-05,0.00035247194609064813,-0.00017469684484305628,-7.824134388862896e-05,-1.4726569834215303e-05,1.680907602288178e-05,0.0001347126961530298,7.635645160332619e-05,0.00017299742291730706,0.00011493306899137889,0.001245509704377049
2025-12-23,3.4040364007094784e-05,9.598464794571395e-05,0.00014277359690028523,2.4875353737834182e-05,9.05236932401848e-06,-0.00010041897519524654,-0.0005156190551345525,0.00019694356612641318,7.228312011236832e-05,0.00015915380662958933,-0.00043838282675962194,0.0007727167992451502,0.00031124040360097486,0.0005650827358681696,0.00012984054641528166,0.0004640637076211761,0.00023011293477883773,7.068953764276993e-05,0.0002500319399497835,4.308109821995591e-05,0.00010095416714382952,0.00022129440974388596,-1.9339704575025194e-05,0.00014935754664657666,0.0009333861612030425
2025-12-24,3.8262633282319224e-05,0.00010740929979638223,0.00013094082712946384,-9.388256508322479e-06,-5.7369844958830256e-06,6.510482306579758e-05,0.0009066122246649806,0.0002566863230074991,5.090286228083657e-05,0.0001603815058331056,0.0004709210246122428,0.0008112004733312079,0.00043598390094985853,0.0009971892070428394,0.00016420870419869322,0.0004554141827486907,0.00017692957181331055,3.921417822242083e-05,0.00023289122380128308,-1.3595761331703557e-05,6.512591584413582e-05,0.0001324887779324552,0.00016848262614297226,7.259996516005392e-05,0.0009264742490387158
2025-12-26,3.956681325347658e-05,8.148791855303469e-05,9.340681194168136e-05,1.6420411265563443e-05,9.388342282820958e-06,-6.509747607138631e-05,-0.006603208752708695,-0.00037061368875768516,6.404760749384969e-05,0.00016518957061480548,0.0003563933642868189,0.00012072130451694894,0.00018373131555064344,0.0007607192956896795,0.0001580711198638278,0.000444338328788998,0.00016658431182980422,6.505179767512785e-05,0.00032138764939875793,3.007849851626308e-05,0.00015725384279161947,0.0001786749593077559,0.00020215247705681727,0.00010848054867368434,0.0007681880500447808
2025-12-29,2.2033061765810407e-05,5.587953461281269e-05,5.7813140344596564e-05,1.3455486409194012e-05,7.137869643676753e-06,-0.0019035647893749627,-0.004252097225107124,-4.786374636720793e-06,6.389426888413643e-05,0.00016188372323746507,0.000278055659996596,-0.0005103921927337902,0.00013979590389702693,0.0007296814677110026,8.199960443787948e-05,0.00038050951980807203,5.492612284822401e-05,3.1433468523311926e-05,0.00015872866473820715,2.2686058915631365e-05,0.00015291950193971395,0.0001747247730862722,0.00011143933554361071,0.00013678505488787205,0.0006616730991595042
2025-12-30,3.13909909485321e-05,7.10839800536982e-05,3.815388550806865e-05,2.1549975102010624e-05,7.063556770170791e-06,0.00018150599930668747,-0.0003975657247731843,0.0002672159062621871,5.929560942578697e-05,0.00014580271128717374,0.00041172873445660397,0.0005114618212119893,0.00023799611964716818,0.0007335659562093417,0.00011560709291497281,0.00042777524952297723,0.00020327368858303525,5.255466577576328e-05,0.0003169787577881129,2.18653958756855e-05,0.00014219048088978995,0.0001630534595609701,0.00011355940924380082,0.00014153105974005673,0.0005872994842945254
2025-12-31,-2.3959347594031715e-05,4.3115992832914416e-06,3.7254479865754953e-05,-3.7662469189542415e-05,-9.754778300761042e-06,0.0001316074017004593,-0.003206534362758074,0.000189472363156007,4.457512018673959e-05,7.35287510728158e-05,0.00037638233069416864,0.0005361368165945092,0.00016885465855999963,0.00020944406932969968,0.00013601171103546394,0.00037002599998027877,0.00012358181336982602,9.060981654748074e-07,0.00028743141082165956,-4.192364066357549e-05,0.0001520073886348089,0.00015020261939460147,0.00011483299317696774,8.535237896831739e-05,0.000546044830968411
2026-01-02,2.987082030815869e-05,7.259410115268668e-05,-2.320551271891743e-05,1.9005555960332013e-05,7.698018814749543e-06,0.00015016650287788153,0.0012746045836684416,0.0002546473612291983,4.338659578062711e-05,-0.0003648316305914816,0.00023754192209341358,-3.824526238982895e-05,-3.3940876823190217e-05,-0.0013382068785194228,-0.0002691189779837408,-0.00147722113566027,-0.0006030115999076037,4.73052706670124e-05,0.00019087384406458349,2.1835083504669098e-05,0.00014510059786637005,6.317991621535234e-05,-1.2858512401722972e-05,-0.0001462757647489782,-0.0012386292008573422
2026-01-05,-1.0842655359626534e-05,1.063919666480131e-05,-0.00015331247203726421,-2.9469525919942977e-06,-1.4184269060308462e-07,-0.0005007793253495258,-0.0007331309022125098,-7.247309933550318e-05,-0.00014687315161134764,0.00015867029243155065,0.0003839453420850531,-0.0002466017160770984,-0.001141086839028277,-0.004825415481396493,-0.0005400495053572464,-0.00035367596146192854,-0.0006440147466635469,-0.00041079751103184273,-0.00037677355030502096,1.617281433931474e-05,-6.912238631987208e-05,7.544014757971041e-05,0.00013657700061686548,-0.00024540409794332875,0.0005320887482439785
2026-01-06,-1.8032470330796437e-07,-1.972704236191783e-07,-8.277068382155896e-05,1.7997528579228544e-05,7.909237434493155e-06,9.503656598565764e-05,-0.002367147412726701,-0.0003367995246343478,-0.0002873097566758914,-1.80940691894042e-05,0.00037190605726498656,-0.001137987855032876,0.0002828897263203034,0.0006500705063332348,-0.0005314034158296296,0.0004013343876091923,-0.00018930753087908293,4.9022783189098575e-05,0.0002852399909556201,-3.209819783233415e-05,0.00015545421118763326,0.0001696772328744692,-8.640700332107334e-05,0.00013879301418074855,-0.00030817557031722167
2026-01-07,2.645201206781632e-05,7.955107401909905e-05,9.044398695267134e-05,-1.3069305368748896e-05,7.207635500220866e-06,0.00012474627932434562,0.0005919563791195622,0.0001868710577144371,5.349813688913048e-06,2.2597718340697934e-05,0.0002723275449897446,0.0007206420663124429,0.0002180570712494767,0.0006101557354527056,0.00011139315245257771,-0.0013725408868567092,-0.0021989478391935178,-0.0001259020724102344,-0.00021354997791183078,-7.191866129631569e-05,-2.0996934558505738e-05,-4.6999508481172195e-06,-7.33481795006158e-05,-5.4399680735288755e-05,0.0002803399154719323
2026-01-08,3.723891897381137e-05,4.707053999847239e-05,-2.2676544070654006e-05,-3.690325951363431e-06,-1.7868700214337615e-07,0.00019156865950308653,0.001772649777525119,-0.0012796659302886154,4.173390151541085e-05,9.20447522804511e-06,-9.840894500715724e-05,0.0006316452883168494,0.0002426892978743289,0.0009613451037684893,-0.0007160960842423957,0.0002565035361288968,-0.0014332092550735905,5.691625644145299e-05,0.0002728473922537961,-5.0025932091971724e-05,8.863475435999155e-05,-0.0004467119226007547,0.0001315091101567039,4.698026929695893e-05,5.168129734419119e-05
2026-01-09,-6.69475661185562e-06,-1.7025860811759446e-05,4.4583509303568154e-05,-2.1455726153813556e-05,-5.215506766763713e-06,0.00017110843835983728,0.000691957278237543,0.0003545768924335484,6.557983410031451e-05,0.00012006477394104731,0.000383973545253616,0.00023729785799475275,0.00028839222799973525,0.0005573286867257411,0.0002830158910896489,0.0004018596830017907,-0.0017023058433844889,7.541176069516575e-05,0.00034619904561681696,2.5969261537851568e-05,0.00011932647246038917,0.00013302861738618866,-3.301885740626326e-05,-7.036794512745473e-05,0.0006852957721815118
2026-01-12,3.6630096878628065e-05,8.580903025630696e-05,8.09374061276608e-05,1.5914626865538113e-05,7.150648895056886e-06,-0.00011949698629023028,-0.0021384621841898746,0.0002130831563652279,5.545842859451038e-05,0.00010685620228174514,0.00038424864665276406,0.0006117814201117125,-0.0004670689951674462,0.0008800773246326546,0.00023758493747318913,0.00027454218601363317,0.00031108788988280984,2.159846076495056e-05,1.7997979142316337e-05,2.7652198060632184e-05,-0.0005007486628453263,1.0166218712224666e-05,-0.0007446156365762621,-0.0005551971254356087,0.0002586814627220762
2026-01-13,3.282862779938635e-05,8.341770746718625e-05,9.560818777603216e-05,2.142734957766337e-05,2.7411278572021186e-06,0.00024042280890675894,0.0019749395094602173,-0.0002706889290622959,5.632526291057843e-05,-0.00010362930631758125,0.00036013893666283326,0.0006679764859142701,0.00027009130134030175,-0.0005717750552208949,8.471914869843678e-05,0.0004948859382517619,0.0003928129300232459,-0.00029395366798402065,-0.0016484536849199697,-2.135574395312715e-06,-0.0002038282479902999,0.00011168468511828246,-0.0002380148864971161,0.00018278948138394918,-0.0030722587870681433
2026-01-14,1.2479232466600769e-05,-3.018799853494386e-05,3.928259305927643e-05,-9.122759130430451e-06,1.2147898802079097e-06,0.0001328360490640496,-0.0030817587381864373,0.00023967936967214974,4.835664805903613e-05,-0.0004998017671228525,0.00016050368675454797,0.0003527653696543148,0.00032930501671520675,0.0008650302093383769,-0.0002029863674912816,0.0005880303984376968,-9.672729504534765e-05,8.132730466059255e-05,0.00015688407357920787,-4.4826712751091153e-05,-0.0003696488190258812,-7.066523326769244e-05,0.00015627155955876297,0.00013009982233754181,0.0008396851343687484
2026-01-15,2.4292395526659934e-05,5.8167488658271305e-05,1.1181822091162967e-06,2.105664986671328e-05,4.334883776111238e-06,0.0002024519824994229,0.002295507780211279,-3.700612230969543e-05,2.115268056869749e-05,8.092758433734467e-05,-0.00012520299472240648,0.0006554934507438846,6.956120180948494e-05,-0.0034613509585846554,0.0002278593385814762,0.0003164333672635542,0.0004989704966300092,6.707076152530765e-05,0.00023705523002275373,-1.4254595437227074e-05,0.00014797436328342723,2.3835206655652488e-07,0.00010628426578621243,0.00015377000970197041,0.00048810743304662015
2026-01-16,3.126533273312636e-05,6.969740318080284e-05,7.831752804638022e-05,-1.2459611014195905e-05,-2.4135949810537565e-06,0.00021892109424080276,0.0016742448409118383,0.00034733194257204866,-5.206135268459548e-05,6.604776511593132e-05,0.0003233419028050379,0.0005846005114227978,0.00029781300098125145,0.0009749908882640939,0.0003156596894634894,0.000487285859250743,0.0005194844331708671,8.272559169589099e-05,0.000150623491249635,-0.00011245841565473612,0.00014548805115185823,0.00013332471327071995,0.00014074380099770385,-0.00023290272617812254,0.0005721985774688723
2026-01-20,-0.0003913984461634525,-0.00039100467044441133,-6.689180107060272e-05,-0.000152551931176021,-3.082671158822138e-05,-0.001135696812554617,-0.00026133058520676255,0.00035866777466607414,-0.0011741321373031626,-1.9544842641091263e-05,-0.0016674195962109667,-0.001274581343044863,-0.0006272507803660807,-0.0022437676258763063,0.00026239149148529344,-0.00017351413348895415,0.0004503008363960239,-0.00044863474334077126,-0.0007484609080574381,-0.0003107013989321641,0.00013046439446655112,-0.00015333875702815098,8.262642694416313e-05,0.00010963023932218351,0.0008740325368267269
2026-01-21,-8.361913032966365e-05,-0.00010400080618376216,-0.0003063309360156926,-2.6823462111408883e-05,-2.7777093952872387e-05,0.00010585093578883238,0.002263545903621939,-8.7781578856473e-05,0.00010989547705758294,-0.0004124962167310121,-0.0004770711925280719,-0.0003034481940002012,0.00012201225228804759,0.0011389799230856524,-0.0003300024699878513,-0.0002583018483190718,0.00027035172655106877,8.754073416870171e-05,0.0003015184049230563,4.3549835728526685e-05,0.00013278022410865417,9.113655568399225e-05,0.00012532301069045825,-0.0004814573157170813,-0.004803177076343097
2026-01-22,2.5027476189864805e-05,2.2383898500537195e-05,4.353320141694023e-05,1.3798595842894426e-05,5.646348806186786e-06,-8.345953214066641e-06,0.0011773522380169813,-9.55173195127042e-05,0.00011741854554673078,-0.00010760978735645821,0.00032642928943708903,-0.0011560805307178003,-0.00027049135601409525,0.000845038871780009,0.00024865588940770875,0.000414187034236577,0.0004186787908600497,6.987712873770213e-05,0.0002774267715903371,-3.97186670177973e-05,0.00012373013265226752,-0.0005626818575766593,-1.2507781110215931e-05,0.0001976405460316471,0.0007589929845342618
2026-01-23,4.9064441411473775e-05,5.859662000077856e-05,-0.00024899277189043304,2.5455254822880813e-05,8.681812913335822e-06,0.00015822165410152541,-0.001538710309719978,-0.0004955051828422488,0.00012265155455513132,-0.0008916469454256302,8.595285574863038e-05,0.0005892118942959335,-4.446913564195204e-05,0.00032006478962523955,0.0002273937527591318,-0.0007492700316979507,0.0005662383522989382,-7.860926168086921e-05,-8.964850237054095e-05,5.91220853958401e-05,6.74359431440175e-05,8.276480826706722e-05,0.0001614058283074173,-0.00019986258229206396,0.00028351553604269507
2026-01-26,2.143374747735827e-05,4.8550439908947426e-05,0.00010058434422952181,1.037158207202815e-05,8.442071550969075e-06,0.00011536681972551099,-0.0004475867932303831,0.0003314271764971188,-0.0007384097868380227,0.0001230248766087908,0.0002763142699079112,-0.00040639189002973674,0.00022141876068774004,0.000887900923251025,0.0002555844130951719,0.00025988658457045647,0.00032950342603150785,7.470756435711684e-05,0.00017642961605478144,6.010228085225134e-05,8.860346187950026e-05,0.00013198357242090453,0.00014840819520386015,0.00020309292444161862,-0.0002259400951495306
2026-01-27,3.1545951524610186e-05,-1.375436341130168e-05,0.00010100165506549527,-4.814668502356497e-06,7.910984556636116e-06,-0.0002590379792739034,0.0018221633907132626,-0.00048408968617140674,4.043267297293524e-05,-0.0002569849693289714,0.0001521636142735316,0.0005293856980285808,0.00030937019535394526,0.0009774990832287216,0.00017080587697737869,0.00046681234130935165,7.640957618332191e-05,5.812498316860422e-05,0.00029605718196946707,6.182202672929768e-05,-5.007198082852048e-05,9.216854287882761e-05,0.00010073339545310983,0.0001695559168201048,0.0008980581130381117
2026-01-28,4.753779463717513e-05,6.074926488505729e-05,7.981249645245083e-05,2.9116902163029164e-05,6.228467924013859e-06,-0.0010875176704951207,0.0014366438419574903,0.00025839826240545464,0.00011911346377928281,0.00023303325205838995,2.8436339331051874e-05,0.0006316912464723456,0.00020352951378123472,0.001091451213257867,0.0001996174586715211,0.0004432661336045159,0.0005971913253716008,0.00011912911323702325,0.0002945738404660403,-4.7373955121830003e-05,-8.10463052747166e-05,0.00010477853599428555,0.00012602877464456668,0.00011384892171722812,0.0008987537817636859
2026-01-29,4.360231984736159e-05,3.623824764996268e-05,0.00010925242750387146,3.395446813352954e-05,8.356704338647587e-06,0.00042410866368755324,0.0026066411149369573,-0.0006548058972716568,0.0001212061621615364,-0.010846762487115165,0.0002591541397331874,-0.0006263986106792188,3.549183760821501e-05,-0.0013875444505614836,0.00017637617931264384,-0.0006346068928837639,-0.0011017247099596877,8.438381312383052e-06,-5.0130347264621365e-05,-0.0001271710526040282,0.00013737441587516428,-0.00014384598968018958,8.499235138753519e-05,-0.00012753263872148336,0.0009021777312686767
2026-01-30,3.814366809528572e-05,-7.305133232390577e-05,-9.510152225783946e-05,1.7877288312333973e-06,7.3449752637310374e-06,-0.011429866064614427,-0.11061829894959194,0.00041211241899386967,0.00015353849016908484,0.0007897332568975726,0.00022728674476913752,-0.0004540568384424988,-0.0010038831011209637,0.0007505471790259465,0.00014667563977400192,0.0004087687929589588,0.0003500387895110636,0.00011917470054373102,0.00030328319991051154,7.470846814886131e-05,0.00014110533504004574,1.5339115496540103e-05,-7.729968003043885e-05,0.00010458928062103431,-0.0030902159337951266
2026-02-02,2.2880776346645412e-05,3.3835980627715034e-05,2.1290624134996094e-05,2.6461519972671768e-05,7.4541083344357555e-06,-0.000703674880768966,0.006733296112357379,-0.0024939373003521445,-0.0014065396115438998,0.0005851081622190812,-0.0005776879537137925,0.0002598426950218344,0.0003366032778390085,-1.1896586415832081e-05,-0.00012856814981563642,-0.0019195269287903632,0.0007083379864065236,2.7244184837910737e-06,0.0002526774840265751,-3.277097598138794e-05,-9.300759097675081e-05,9.002619306415079e-05,-0.0014907523035538278,-0.005687009690711027,-0.00043518609333324863
2026-02-03,-2.6311793516435563e-05,-0.0001602776193206718,0.00011210472685140908,2.5719330535716506e-05,7.1610192437422306e-06,-0.002744244735508518,0.004550441498430266,-0.00019192897482615888,0.00025756002016065385,9.613813463439516e-06,-0.000503160981258893,0.000683444846625221,0.00022264236327000563,-0.0006704059817194497,-0.0007321989997941434,0.00039507261602039046,0.0005623471808088802,4.040075181561723e-05,-0.00015548734178143686,7.279202249455917e-05,5.071920553940674e-05,-1.0627656058246362e-05,-0.0006055296712776842,0.0005425016760085213,0.0009193058034301837
2026-02-04,2.5978255106445958e-05,-0.00021820656491595492,3.6871169193133875e-05,2.534527245999235e-05,5.755927913694789e-06,0.001262425142429938,0.007583010461178997,0.000607410253366214,-0.0003983864923863936,0.0008259594992530508,-0.0008405527071614597,-0.0008389140586576189,-0.0019466388960592512,-0.002701832687430425,-0.00017853547938762656,0.0003505980742502898,-0.0010372738447312958,6.709350846861772e-05,0.00026980980414736803,-0.0001260424630415673,0.00012446787026470268,8.56622501046299e-05,0.0002682372696398256,-0.00018604691904814123,-0.035021335509413255
2026-02-05,-0.00010951687195729262,-0.00010429164878314175,-0.00022804612252229052,-8.590092423810859e-05,-1.6085027630065722e-05,0.0004973979671085272,-0.02116779460956178,0.00038175154637362646,0.00028216815677586417,-0.0017008857400079604,0.0002502276778727488,0.00019580832857417254,-0.00246835142298541,-0.019278493562265926,0.00016268802662905074,0.0001809856923228633,0.0006160840940730621,-4.7071106522174704e-05,-0.00021894886633298376,8.687237888647031e-05,-4.894903067585978e-05,6.24336930718785e-05,0.00020450233694477873,0.00016491868385274148,0.0015651034543953568
2026-02-06,-0.00030595578167469324,-0.00032426624840222124,-0.0011349817274842466,3.6503587762685276e-05,8.001950432232272e-06,0.0003433288650998192,0.0070693115402520705,0.0005833008167304558,0.0002044210382480374,0.0006612417654943389,-0.005304542104433781,-0.0005788082688454505,-0.00299109125441616,-0.012603375012923973,-0.00011932564178345525,-0.004069863130799624,0.00016615517115521877,-0.00020906622649655474,-0.0011772906580017333,-0.00015795953440104511,7.445511424839821e-05,0.0001777686619732698,-0.0008133553834848038,-0.0006492527257760686,-0.00319787113911615
2026-02-09,5.1224473959603426e-05,7.895793816126606e-05,0.0001295445891929139,3.5088312568940064e-05,8.284079927983319e-06,0.0006754065185870436,0.003341244357004813,0.000416650791744066,0.000130678881528464,9.24337972606588e-05,0.00013765855277032282,0.0004435616305729043,-4.486036575696755e-05,0.0029753013010360846,0.00023084017493806887,0.0002648610117957136,6.454708387658187e-05,8.825983952720262e-05,0.00037287308695301604,7.644014045603807e-05,0.00012269413961491952,4.576292619131966e-05,3.84590646751079e-05,0.00041339065404008394,0.002185628360064795
2026-02-10,6.865646523181743e-05,0.00011697216816374639,0.0001673781819304688,-9.789621611819421e-05,2.334863841064293e-06,0.0012382294867446502,0.0088444876818831,0.000516327230513179,0.0002626747680673931,0.0010719085945314147,0.0006906156648191859,0.0003242280499911057,0.0007981595640848885,0.0023219009951179915,0.00023319551916193114,0.0007404148185823555,0.00034938699234748655,7.102453910210301e-05,0.00022746630178555554,-8.590546572401962e-05,0.00015089709864074167,3.185963564644674e-05,-5.729563134174056e-07,-4.993058761650483e-05,0.0033601071635932654
2026-02-11,7.357858059375643e-05,0.00012722649945136823,0.00015118486152686022,1.0236392454159846e-05,6.262051885481452e-06,0.0012135820893262963,0.00830874733279817,0.000395566727727943,0.00023105453939486868,0.0005982846516197858,0.0006931650571445658,0.0006188750922017938,0.000426843324097554,-0.00030812722734515534,-0.00043115608787644823,-0.001122908283249305,0.0004309879729081309,-0.000106250571574078,-0.00018509937417732106,6.949587911815203e-05,4.0308976263715655e-05,0.00012735042896561507,7.507267495093951e-05,0.00037026685623740515,0.0034921123414322387
2026-02-12,-0.00016890776511437796,-0.00028748871569067537,-0.00025382391980123455,-0.00013457063517934855,-1.453839216249979e-05,7.88483188139497e-05,-0.005077115304971586,-0.0005313440867550142,-0.002352274329226965,0.0010577613278096394,0.0004880402781958875,-3.3402380866717806e-05,-0.0004241820021481901,-0.0034225300103611946,-6.91074617840279e-05,0.00033283022462342397,0.00023012248897171994,-0.000269069294692779,-0.0003143919794235746,0.00010054764133455823,-0.00011139399984858446,9.8861262958883e-05,-0.0010738949302891894,-0.0023443411480195933,0.0021387040156454875
2026-02-13,8.605944899093525e-05,0.00015322656421511702,2.3698711036386835e-05,1.9033953852669907e-05,-2.6609466371108757e-06,0.000792574848406701,0.009907157491200089,0.0005321419647080787,-0.00010858682864376692,0.0010873004796417521,0.00027488431343935995,0.0007056574207974929,0.00017171569049931942,-0.01958556248454905,0.0002286668189046044,0.00039656209007638503,-0.0001299109681882474,0.00013636405092303726,0.00033552476416253167,-0.00010324801620558027,9.322416510460459e-05,0.00010676023526133944,0.0003540640158602134,-7.86862965567038e-05,0.0032832890004553406
2026-02-17,8.265392279346082e-05,0.00015062723258514894,0.0002016706589078265,4.603916495984758e-05,7.653846755414801e-06,0.0004211137060110791,0.008074320493418441,0.0004874153374193867,-0.0005237724439888874,0.0009318936379459596,0.0006518593076575594,0.00041809826172581625,0.0008818602756328293,0.004803370664943238,0.00012741474736695162,0.0007001621745073574,0.0003953079533448818,2.4681222871583862e-05,0.00010462612306260072,1.7717415643662534e-05,8.626064455556513e-05,0.00013774193398855081,-0.0011148684951822515,0.0008407549733492788,0.0028956883456332802
2026-02-18,5.97385823419313e-05,9.569506692684869e-05,0.00018455373362149234,3.461224701445033e-05,7.619833849623735e-06,0.000982066317742536,0.00764588045207297,-0.0017314922679812963,0.0004957818667687605,0.001014354299333976,0.0005123915006385452,0.0007005270503402343,0.0006327096081712817,0.004526818250345095,-0.00010774851839580275,0.0005650468237741598,0.0004131201900401436,8.671416229506204e-05,0.00031290864683543394,-2.9507844794719938e-05,3.9104924795273133e-05,-0.0001478674183035956,0.00013048392879055464,0.0005966916505381961,0.0031104135293683255
2026-02-19,7.936023626160454e-05,0.0001393101276329111,0.00019288649731841371,4.69202356683478e-05,7.536612037965379e-06,0.0014947485555602495,0.01056982991068329,0.00013079146368758312,0.00028683240720877787,0.001061284576510603,0.0007859819211546195,0.0007022753966996521,0.0007417964571916916,0.004542577610631138,0.00021919058985908163,0.0007369393162163689,-0.0002339965053870897,7.447301419328082e-05,0.00033174673535661377,0.00010470842021497243,2.597569148599478e-05,4.0869082319758e-05,0.00025732350734457244,0.0007262756748599586,0.0030624354521138495
2026-02-20,1.1628479528590994e-05,5.196633804450665e-05,0.00019056813071743062,3.296226505963789e-05,5.549229856056398e-06,0.0010462894287590029,0.004816383108114917,0.0006369390024099962,0.0002046685712917929,0.0010446067790381725,0.0005728800717007841,0.0006037281540490621,0.0007298550158310346,0.0034721880712440074,0.0002451064643067655,0.0008348084026500052,0.00028340711159336715,7.762680035985104e-05,0.0002044365105787512,3.379535920796723e-05,-0.0002362652284944853,-4.561854249000952e-05,0.00022770962017516652,0.0008196318355733285,0.003081446325138833
2026-02-23,-4.6160470852083694e-05,-2.5601061387188885e-05,-7.682817877558548e-05,2.2042369697006867e-05,3.116350187059072e-06,0.0007262432714957615,0.008372180226790843,0.0006323730160539215,0.0004122847121909886,-4.071390809453918e-05,0.0005533489979505019,-0.00031420361953878127,0.00039144335939754086,6.336193887862638e-05,0.0002211589752170188,0.0007811498550604009,0.00041745322619232515,-0.0010423024919404488,-0.0015735077364503933,9.243652121376969e-05,-8.040617936564724e-05,-0.0005696376674992057,-4.5105722802199206e-05,0.0006764667958083365,0.0027278001171095983
2026-02-24,1.1019005114609329e-05,1.5123035839305208e-05,6.230196319090885e-05,3.215145876011181e-05,4.06534512046668e-06,0.0012626608502098466,0.010613800931193178,0.0006057569388770047,-4.016503471797003e-05,0.0009329511509401956,0.0005906859976694685,-4.123487857935588e-05,-2.1150292056963628e-05,0.004664276699629477,0.00024515373859099854,0.0005616016303559488,0.00038861385900307527,0.00015806794475794128,0.00038567599938841207,8.068853921398783e-05,6.761602225967834e-05,0.00015787955677758284,0.0004324308504943201,0.0005645435036843064,-0.004013293982304434
2026-02-25,-4.276526905115186e-06,-7.206615022528926e-05,0.00014488790199844676,3.5076826462100804e-05,4.047440592580315e-06,0.0014515838422282125,0.010609793302484908,0.00039738614424875737,0.00041842636316004165,0.00015711304275173462,0.000431569706698281,0.0001700158557796626,0.0004476319809020653,-0.011334277031376377,0.00022673974468344194,0.0007441608554180572,-0.0002441883272870482,-0.0001264816552262715,-3.3078629468583185e-05,7.971160538023311e-05,9.713508827592648e-05,2.207702048156676e-05,0.0004280966560043281,0.0007093084875998241,0.0032128113139430416
2026-02-26,3.777017782735317e-05,-2.064100870186606e-06,0.00013975259773440701,1.7879131419555013e-05,3.694522470808857e-06,0.0013737609996039909,0.010560590026541812,0.0005686901119276515,0.0004113246294062375,0.001055340732589955,-0.0025131941193420083,5.707574001213801e-05,0.0006638344661942085,0.005368682322872109,0.00023444839525299798,0.00041276238365817023,0.000362180643422106,4.1480086226208996e-05,0.00029501942776403154,4.089323522927833e-05,6.819599417677094e-05,0.00015568893458796037,0.00038118213916379614,0.0007809559390248858,0.002161529620389642
2026-02-27,4.645785427897833e-05,0.00013859564579131025,-0.00013255767971295055,-4.3127471887390785e-06,3.9165172307249735e-06,0.0012483116830961565,0.007516469645824529,-0.00020479270945004534,-0.0006389239745056151,0.0005267565301199285,-0.0010089672938427986,0.0003087552986016332,0.0003524851489056692,0.004770353452227463,-4.641532702028591e-06,0.0005711408913814575,-0.00021912347365342643,-0.00023205188576036896,1.596592896681287e-05,8.690052556487119e-05,-0.0002970459364922776,-0.00027718145073741195,-0.00028420847436225573,0.0007811064263683541,0.0031317723540268366
2026-03-02,7.057290257296166e-05,0.0001471044962712445,0.00010050018834636981,-6.754488601248726e-05,-7.575574570614374e-06,0.0011837913569946541,0.008926286410585375,-0.0032883209973450242,0.00047908918727052437,0.0008499321326342211,2.0574284236734284e-05,0.0005409230193618963,0.0005897103788749529,0.002960897837350039,-0.00014175028762244334,0.00059981808189629,-0.0006434692285735094,0.00020876837864246945,0.00032177903167989933,7.810408239372242e-05,0.0001201481271968156,-0.00031919388869556766,0.0004963662483688598,0.0005344469759220074,0.003379196793054363
2026-03-03,-7.685323779310077e-06,3.110999957024059e-05,-0.00011677989129396906,3.585404462607389e-05,4.360783514939358e-06,-0.0007256165944634801,0.0029176474891492443,-0.00044562908451703943,0.000467212064385804,0.00029057859544400356,0.0007522033048149467,-0.00027168638724808574,0.000192841133032718,0.0054318385300768995,0.00018458765902931693,-0.0009636846489920924,0.0002478785562317607,0.000206389688709622,0.0003098362790081379,4.576311856426588e-05,6.682588788975262e-05,-0.00036013315568741755,0.0005000453429807975,0.0006965088487744356,0.001895055841703485
2026-03-04,2.507297994908126e-05,-8.35544873372491e-05,0.00010065035886055524,2.8562207957842382e-05,3.7082581446209517e-06,0.0007669884858519312,0.004870888925905226,0.0005441459980085318,0.00045839895820457005,0.0004673363349264404,0.0006676669892228895,-0.0006856401420495704,-0.0004404571636802114,-0.012837492410940425,0.00023257224343766337,0.000610553596362359,0.00038776254281700385,0.0001775217478878047,0.00038731380374888567,7.410093266902716e-05,8.842873953930305e-05,0.00013180824392426533,0.0005302842352203182,0.000787509944443967,0.00010817015908632429
2026-03-05,4.460056281603425e-05,0.000146171211676509,-0.00017775071456794947,2.2113708029356742e-05,-1.1265901684263999e-05,0.0005932887545695987,0.004657766795141761,-0.001938191979746865,0.0003220161313334502,0.00028287716785877545,0.0009040725417225087,0.000499498717684837,0.0007862013470941797,0.006364027129982409,0.0002208083200732264,-0.0006306861466462259,0.0002073656741296546,0.00017692345991639696,5.193666485852147e-06,-3.2152250856015525e-05,-0.00043462515109531617,-0.0005508210586239225,-0.0008434838546539801,0.00043268955791783264,0.0032316774910378238
2026-03-06,-0.00010045122258661071,-8.710444795675073e-05,-0.00032057504932280276,2.5196375460755823e-05,-5.871108512948196e-06,0.0002926025588288862,0.0041784933277095575,-0.014084959632958449,0.00027905392280281715,0.0004090953348675257,-7.30901770830926e-05,1.6986995369485324e-05,0.00047390310100944876,0.004732974991740815,0.000190655389612794,-0.0005977081410368379,-0.00022217374335195133,3.3197007594595255e-05,0.00019416190541617377,-4.4751938662277075e-05,0.00012630901088541273,0.00023698386378413845,0.0004498389670899911,0.0003993073923764088,0.0021115586142725724
2026-03-09,5.795326943565897e-06,-3.7799149770030994e-05,0.0001223709572235546,-3.564663743240017e-05,-2.978206028263714e-05,0.0005485520192954224,0.0037501553926618876,-0.00021085335048733143,0.00028146616249342927,0.00042360971794618284,0.0001284839666653801,0.00042159353527910864,0.00018078132399252625,0.0062188031410851975,0.00014671930244165642,-0.0004127677238640584,0.0002277845352052026,0.00018440499810064826,0.0003942482112299666,6.551308315971067e-05,5.3044706509231234e-05,0.00013134865746631765,0.0004472033004905631,0.00043537754778210226,-0.001206962401290532
2026-03-10,7.479558219172947e-05,0.0001363449534444884,0.00022678587690429851,-7.738125854384983e-05,-4.0769878714046095e-05,0.00038736878635397783,0.0025572269886489697,0.0013962666323706118,0.00036023275758619743,0.00020330286647029367,0.0007431146788229918,0.0004186852668081131,0.00036132076962116746,0.005000004870446698,-5.769605543895902e-06,0.0005448701124938141,-2.763180279756022e-05,0.00017079249495744662,0.00035163330441847883,6.847126275460657e-05,0.00010774387152146471,0.00021073272181902815,0.00042429039899910764,0.0004045422912255647,0.0015423414924574678
2026-03-11,5.6171549761375565e-05,0.00011236709125617267,0.00015562785786530422,-0.00012549694602290965,-5.825581691633457e-05,0.0004583620021572007,0.002215904618131412,0.0011996959505170164,0.0003707842822052259,0.00026382709530227807,0.00052223918291805,-9.614726906831433e-05,0.0005418750809790483,0.004354855372466562,-0.000453551162278994,0.0004207722516485564,0.00034294199798827317,0.00011250517933651991,0.0002698040476934515,-5.101318576505937e-05,0.00011672501114379005,-6.527178634489319e-05,0.0002344693656257547,0.00033152596720804764,0.0011420010707837724
2026-03-12,-0.0001775652381758021,-0.0001905213587878171,-0.00031581189563238644,4.8872172333172e-05,-1.6516346185260372e-05,4.205647547928681e-05,0.002325058022832522,-0.006719880042085071,-1.9050431508038776e-05,0.00016150425714227574,0.00029327570983103484,-0.0006501287628305604,-0.0006398324339566389,0.0037064585416415998,9.182158299184481e-05,0.0004708503537359642,0.00029418222802633646,-8.520566833914101e-05,2.481182178181205e-05,1.4377745870493347e-05,0.00010887015400883146,-9.823242988765435e-05,0.00018199680412594587,0.0001265266261901026,-0.00010360586319231309
2026-03-13,3.678886320201377e-05,8.908517075602177e-05,0.0001717148710413031,2.111912163683129e-05,5.385045597284476e-07,0.00028264892038340174,3.5952025664269874e-05,0.0019311393227588814,-0.0001136830913763763,-2.988575668682621e-05,0.0002954006414774501,0.0003110562319009253,0.0005357024822710591,0.004322484828980661,0.0001712877952451836,0.00047981344460414966,0.0002012688511659287,0.00019589430058880068,0.00029122456838578655,5.272248792186543e-05,0.00012034970275079944,0.0002575777326966865,0.00030538855039530016,0.00031143525777529746,0.0007035015121249171
2026-03-16,-3.175490609144929e-05,1.534815170530472e-06,9.375792708958249e-05,-1.3999245710517375e-05,-8.15534682937453e-06,0.00045377081241033626,0.0026111978333794843,0.00037931385278674383,0.0002930889387075388,8.597896210607028e-05,0.000291686547272078,0.00028447803855936285,-9.272214493855698e-05,0.0027533129905920684,0.00013435556094342223,0.00040682579696480175,0.00031630165031738215,0.00011502110437648903,0.00017318463903498696,-1.5396043848080995e-05,7.173660052598471e-05,0.0001625110308192585,0.0003675791081268458,0.0002574189068851758,0.0009577323178926249
2026-03-17,5.6207490884641345e-05,8.595779309458827e-05,0.0001239661956305774,3.164266868982165e-05,-1.6421307877225207e-05,0.0003798282059690049,0.0013806907449499814,0.0010664973555501022,0.0002397836738910915,0.0002110745748889631,0.0005085698392777723,0.00028844435741476326,0.0003225350576225608,0.0028748485462480847,1.8697778314882583e-05,0.0004435871719831213,0.0001158773091343201,0.00013876807042764147,0.00022395114618703582,3.8168025129261523e-05,-0.0003364838469192364,0.00024108294173119888,0.00025815486548091195,-0.00013459482736437268,0.0011655074345866966
2026-03-18,-0.0001339963108411122,-8.634926601318321e-05,-0.000107466632942837,6.393287128152537e-06,-1.3284891828258805e-05,-0.0006800517430339621,4.450409741642877e-05,0.001632319319329175,-4.6177841832093674e-05,-0.00015813430042689692,0.000462571706941991,0.00011175001205474574,-3.17689753036286e-05,0.0012985556918124655,0.00013012075364082011,0.00028633814455415773,0.00020116479594797272,2.448953323071226e-05,0.00022204132483094648,-0.0001743989108555777,0.00012025844723769772,-0.0007666516528478237,-0.00031644192127498744,2.6617323373210865e-05,0.0009116517805816127
2026-03-19,6.804271549860364e-05,0.00011142300928595683,0.00012843706573935053,2.6209915844637886e-06,-1.8473544071080964e-06,-0.0014162864039495226,-0.00023230190653507495,0.0009134630876506463,0.00019064823997513579,0.00017604484753028145,0.00042514467649543315,-0.0006623821185016208,0.0004958035483524519,0.002846799554463707,-0.0001240145457181998,0.00037850099578847456,0.000235798899264545,0.00016946237261193032,0.00021827178479704975,3.844410100250019e-05,0.00013128969328145092,0.00014799208020003618,0.00021363027802785063,0.00010362120035303863,0.00033114680070320073
2026-03-20,-0.00013541866238600092,-0.00022903578070591243,-0.0003153343720271245,-0.00032616965354229506,-0.00013390324954725034,-0.0005380388493616867,-0.0025449380151829713,0.0010005795599232305,0.00019151433253943118,-0.0001175690299519426,-0.0005917369017521183,-0.0006509321192859384,-0.00024319434281182728,0.0021185798581202482,0.00011856185136036912,0.00028871130481101907,4.038733638174892e-05,0.0001632353814833225,0.00019328073563083876,-0.0009441930551209708,4.17513872029682e-05,0.00029072853956389836,2.2695689298515793e-05,8.569943726829747e-05,0.000813275019779579
2026-03-23,-2.4986647038558916e-05,6.940583356959294e-06,-0.00025730837658820033,1.8524344722179188e-05,-1.61674989928427e-05,-4.488715844970216e-05,0.0017267405743671832,-0.006595356661448296,-1.2495369882699727e-07,0.0002366480320425008,0.00029774849804586,-0.0006888294572379884,-9.852547851036677e-05,0.002636008031706064,-2.50389388833394e-05,-0.0004897064341927715,-5.020510063016831e-05,8.20858815595647e-05,8.330080656151551e-05,4.207375165209394e-05,0.0001321614364011897,0.00029614513077422976,5.439797110953301e-05,-0.00015954173152574284,0.0011505873034359992
2026-03-24,7.594204726716035e-05,9.303102335313102e-05,0.00019528747656125768,4.339813265591856e-05,2.509418050668805e-05,0.00048506912998561735,0.0015992242563093277,0.001429169760968948,0.00019398188815627988,-0.0004920003672688493,0.0005863519207749626,0.0005290314764099897,-0.0001839945735890023,-0.007707406605001318,-0.00028102307475715927,2.3866460909576555e-05,0.00018394966308801997,0.00016499580783498524,0.00014834862309739315,5.8407010399632495e-05,0.00011393476073103602,0.00025640785696735445,0.00013389212118260392,-0.0001548111601832105,0.0010099058932599343
2026-03-25,5.1215199528085674e-05,9.152502036731165e-05,6.459389733797204e-05,-2.9079166687158214e-05,1.645917041190928e-05,-0.00043264980893619414,0.000278526641577933,0.002646553224148402,0.00017725847141862662,0.0002064388419460775,0.00020163855296772084,0.0004579078044177913,0.00041830318426861954,0.003170102468270325,0.00012352857465054438,0.0004791072736283064,-0.00022985950591092693,9.986109166425197e-05,1.803338589505656e-05,0.00010401257415763332,-0.0002806301648648744,0.00022388548488400984,0.0001644618437472589,8.932263664973327e-05,-0.0037299965262278228
2026-03-26,-0.0002438076104782182,-0.00045299547717897595,-9.412854442721779e-05,-3.233565106868053e-06,-3.1520211875976646e-05,-0.0009846641281340228,-0.003400892573820001,0.0016274838459793572,0.00016519967975973766,3.166811269453778e-05,-0.0012016707508591571,-0.0008453608545848184,-0.0007883637505296251,0.001265668590358563,-9.784567890178312e-05,-1.887027310717857e-05,0.00028841311556094987,6.534905146045711e-05,-3.476632244819649e-05,0.00010246390800897968,0.00011407341269025803,0.00014366013741062285,0.0001815597627901541,-6.029054652816885e-05,-0.00500506346813639
2026-03-27,-0.00020097001839059837,-0.00023807358887625692,-8.374045389829049e-05,4.19772642096678e-05,2.7621154667785444e-05,-0.0006259707269666115,-1.2825883233454202e-05,-0.0004997370450141058,-0.00010266263969268378,-0.0004641669549302148,0.00021316224445236756,-0.0002441919662618399,-0.0011489055654979657,-0.0029735044656278584,-0.00012437027344108328,0.00038082986963767606,-6.339406695619827e-05,-0.0005700332719992434,-0.0008265042176301448,3.609717140442225e-05,9.625313114243445e-05,0.0002480596658080959,0.00019887522144844261,-0.0005180745420263934,0.0013016841584963194
2026-03-30,9.811713160580631e-05,0.00010558088260742557,3.588052567335984e-05,-0.00010216899578425157,-7.102693034869327e-06,0.0006248071032999488,0.0019342570156669428,0.0010220925859931013,9.981883062415011e-05,0.0001816692768621784,0.00034999468937196523,0.00022492126830739903,0.00038406000856010936,0.0026616802228671575,7.858223232118181e-05,-0.001191357729499232,-0.0005165553509599251,-1.731073396215846e-05,0.00015257497055927305,9.085805189037348e-05,4.9072134105212876e-05,5.654670637098057e-05,0.00020357857347417518,-0.0002795443976505113,0.0004231687597575673
2026-03-31,-0.0007123423576296648,-0.0009413438154602906,-0.000944559060754387,7.917674249597786e-05,-3.200215342058892e-06,-0.0007677807084249412,-0.003158492083330051,0.0026524117161432262,-0.0006966276575435641,-0.0007524707670124738,-0.002495356208231281,-0.0014888263301914757,-0.0031855332853389885,-0.004178973659346243,3.398464585896096e-05,-0.002982942294388513,0.00020807360036195663,-0.0003297779504006076,-0.001149411241209729,-0.0001364905263288941,3.793190601882046e-05,0.00023531480868290238,0.0001469385286539138,-0.00031071877837590727,-1.9302286195633503e-05
2026-04-01,9.727838438254619e-05,7.698149669310033e-05,0.0002608812706627796,7.376394200035217e-05,3.63443423827558e-05,0.0003813368488845795,0.0019484569181371974,0.0022346486943152022,0.00011478961176821866,0.0002284765477873122,0.0005164859774066682,3.882101422894601e-05,0.000723455501667292,0.002757230160543526,-0.0013028621003113032,-0.00016114203820995633,-0.00022366347827680274,0.00011850494969776355,0.00019277654742950917,0.00010575964043825451,0.00010386421716151438,0.0002061121062387795,0.0001726657461427715,0.0001636831354185317,0.0003465734400284479
2026-04-02,0.0001516046908435635,0.0002283157005430473,0.00023790821688200744,3.704559894096198e-05,1.9691152353916875e-05,0.00020853505700470384,0.000290208314475049,-0.00832690732028881,0.00016780983542604634,0.00010230304646983384,0.0004830906446706585,-0.0024361484098542573,0.0008284611440547785,0.0027565034164784637,0.00020106571479137298,0.00039376327702986583,0.00019387186253918214,0.00011714571573352611,0.00019938522568940223,-6.439420639845388e-05,8.308991673548755e-05,0.00013657600613314793,0.00011458934255519928,0.0001616966078120331,0.00023311830630196127
2026-04-06,0.00012751492423398097,0.00018117633456359977,0.00026506691156702043,7.347574912718849e-05,3.603842376154987e-05,0.0005851399279943825,0.0015644913696281992,0.003383431188587393,3.749721009143863e-05,0.00022725358127509158,0.0005572465807582854,0.0003036836762463795,0.0007499129165304879,0.001456633383564784,0.0001705651323099923,0.0006981518382264315,-0.0003094473225313242,6.930397313232877e-05,0.00014252582637882416,0.00012570476574729988,2.876013467479298e-05,0.00017433805700526526,0.0001259667192902255,0.00014992374403209854,0.0011335890719224144
2026-04-07,0.00014906466113373383,0.00021861694059584382,0.0002590009211929374,7.531465025011224e-05,3.652631502553923e-05,0.0005012130238087774,0.001569955851572219,0.003262060221899649,-0.0002666639273649821,0.0002174116314752957,0.0005525033076140484,0.0004928861190522864,0.000753727570085771,0.0018287087635569512,0.00016009587274134498,0.0006404910618142771,2.555380041213988e-05,0.00012009060205335813,0.00014526539441891056,0.00012023912496390145,-3.809334406543042e-05,3.18174722161982e-05,-0.0010686982565201897,0.00013310302800252624,0.0012450875439268174
2026-04-08,-0.0004928170711662627,-0.0006523504090485772,-0.0006328276055392274,6.41588761055485e-05,2.2417803756452425e-05,0.0005471159977548928,0.0010221807564848077,-0.008093215488569446,-0.00025572531437357334,0.0001892302251603271,1.9928441445885058e-05,0.0006975581109699324,0.0001991163851653284,0.0017364040381781694,-0.0010470601604963198,-0.0033852776481043036,0.0002629896591594708,-0.0005713402037430645,-0.0010394760829057874,-0.00020286876569744282,-6.351635294339525e-05,-0.0004884525715864662,-0.0012733849229412135,-0.0010590774150052817,-0.0008472618407816186
2026-04-09,0.00013711870195922955,0.00019797650709963837,0.00024326709239347913,6.460350854868612e-05,3.6043881529579815e-05,0.0005284317360382529,0.0013441166603099474,0.002618577185986169,0.00017060916889878296,0.00020929299733108117,0.00039578917178704814,0.0007513676189325287,0.0002932479864425377,0.00048261100648320046,0.0001406079121153131,0.0003462198471728088,0.0002029023137180578,0.00014057301543512926,0.00018862737048682858,8.20664495631417e-05,8.510927278247867e-05,2.759265138483423e-05,5.216722291221838e-05,0.00018667225776535152,0.0007561107909576996
2026-04-10,0.00017144235131786125,0.00024384126394224776,0.0002711640900360588,5.92226760195502e-05,2.6416408379873794e-05,0.0005816898547267938,0.0014075560974064973,0.002695719723414063,0.0002094173036523196,0.0001819103866596615,-0.0001481822030768731,0.0007092536661485477,0.0006957778066273336,0.0017325110348307877,0.0002492434338685718,0.0007269818254565562,-2.9666562837181264e-05,2.5435347586324336e-05,0.00024696710394387137,0.00013106318441314052,-5.7204109589557484e-05,7.423989092328188e-05,-6.575700928010333e-05,0.000186869547564445,-1.433007901369696e-05
2026-04-13,7.724342824115158e-05,0.00014015902881386497,7.2452929812516e-05,4.716458805568361e-05,1.5407136975258823e-05,0.0005679481529090821,0.0013364593406264876,0.0021468125597425966,0.0001851519366443817,-0.0010598016713513206,0.0005136278550864472,0.0006835633548747977,-0.0007038977472050743,0.0002541395863572191,0.00025658522484583025,0.0007380749466642298,0.00016002416017724905,-0.0001535262394958935,9.898162485277902e-05,0.00011589756656845943,8.679384782284151e-05,4.936944818618263e-05,-2.2793828752049365e-05,-0.00017577788269172476,0.0012126712769350819
2026-04-14,1.749351267060805e-05,-8.837375080033029e-05,7.595409763373273e-05,2.849036480034691e-05,1.859227905749815e-05,7.518149989305719e-05,-0.0014126769316000368,0.0012243375750380994,0.00018777067529820033,-0.00022003747293078836,-0.0008794754266234593,-0.0003500043834218453,-0.0007881473265574189,-0.0012131856870064653,-0.00015983780645392,0.0007246462563492861,8.386950357767512e-05,0.00014480631096759153,0.00017491548515190556,3.8079121962012984e-05,1.044595528156453e-05,0.00012596002976163442,0.0002737005455358814,4.5735508077931136e-05,0.00012224282517010526
2026-04-15,0.00010866395410921417,5.79361182164159e-05,0.000266423876753172,3.7576544111294616e-05,2.905250956978804e-05,0.000471858067115985,0.0014689462495953115,0.0025258835838327964,-0.0006748351010875653,-0.0017290532599250068,0.0004337913025366333,-0.004607012980828665,-0.00037873326056586025,-0.0016759856707241286,0.0002721582269015701,-0.0002176011850902916,0.0002602416466326496,9.409721532033187e-05,-3.745372565161704e-05,0.00013239158630794294,5.905164878297545e-05,0.00011016321800405609,0.00027902021671138765,0.00022848500709920892,0.0010912564590966276
2026-04-16,0.000162189113262879,0.0002318954630770416,0.0002638090924793278,1.4054081128858586e-05,6.3128541041244144e-06,0.0005864041670361064,0.0014038678099105078,0.00185774900160444,7.142330918233296e-05,-6.902103948154759e-05,0.0005626313296381164,0.0010126424095888251,0.0008513640081854701,0.001699293154651549,7.058110772542868e-05,0.0007679493779164066,0.00022570378045602907,0.0001424451576054459,8.561466447017845e-05,4.4825876333315245e-05,-0.00021061144250837367,0.00015239975774807683,0.00028350989863950893,0.00017738870700732633,-0.004419100466861477
2026-04-17,2.3846754907085873e-05,8.596625095546714e-05,-0.0001903538498333448,-2.6845218764677297e-05,-3.499822370015257e-06,0.000412456907597032,0.00036378878567026787,-0.00405161471789158,-0.0004476301019593332,0.00039360438191729367,0.00028993596912471576,0.00019067871098502845,0.00026080340389839584,0.0010296300002418067,-0.0004923321162665726,-9.125141359681683e-06,-0.0003984301964770379,8.989344579782827e-05,0.0002638163332687847,-0.00011838158998973453,8.401273139612882e-05,-0.0005387625880677072,-0.00017041731795139754,-0.0002818409387142416,0.00153441949766341
2026-04-20,0.00016124796215453115,0.00024329856956487917,0.0002444966221004522,5.899792819366226e-05,2.74808990826886e-05,0.00046499694622248146,0.001002543333371365,0.0008714269395251246,0.00011996975739836786,0.0002852432476428444,0.000574857609030307,0.0006865098920540323,0.0008457856684015546,0.001385935000394053,0.0003312439079488163,0.0007699258433801565,-6.264640576023246e-05,0.00012940750750083896,-0.000191765448425021,0.00012128471114090299,-0.0001396221201410358,-0.00014331177578491005,0.0002602835549264568,0.0002594333402726096,0.0013661744249082387
2026-04-21,0.00012199581130515401,0.00023889478547556723,0.000170221324300795,2.6457264925262006e-05,1.1800441035723833e-05,-0.0003784589102089453,-0.001383447163751767,-0.00019720314258800647,-0.0004184517777879647,0.0002062826739743888,0.00045517222665798703,0.0008279528011440208,0.00023274168321985728,-0.00386200481481624,0.00011045168656310909,0.0008066027694134718,3.719099764232497e-05,0.00010512461680663245,0.00012910854414649065,-0.00018572252905397314,-0.00029523138912689777,-8.552599751508275e-05,9.851008802748992e-05,-0.00010524749119577903,0.000320685106868436
2026-04-22,5.456446168287909e-05,-4.014395094459e-05,0.0002041047203846793,3.4762630081038204e-05,1.5214048752402238e-05,0.0002661820385087079,0.0005074220761607993,0.0029142249404762602,-0.00040624629943390603,-9.848638330445269e-06,0.0003487174862612136,0.001017502898691999,0.00023766760046659908,-0.0002710657297535454,0.0001877045778282096,0.0006969898641461174,-0.00055957455810059,0.00014370394865648091,0.0002970248787049782,2.807610949213238e-05,0.00011467930070424989,0.00014135990598413312,0.0002568664269133509,0.00025290141800937395,-0.002639689443757435
2026-04-23,0.00014055159283724025,0.0002111893040830539,0.00022094991354638276,3.1697707840262287e-05,9.23739148463873e-06,0.0003252993555239034,0.00044508188261870843,0.0008933652222689408,0.00029287076054928314,-0.0012072868158730322,0.00030966391377759044,-0.0003520121251863557,-0.00045590124550987186,0.0007869860421134173,0.00026975372414855304,-0.00026638006228092714,-0.0019049051948351239,8.02502111902553e-05,0.00027150162434294215,-6.3833901456498325e-06,-0.0002822137887963705,-0.0002372481554023456,1.0014026026854204e-05,0.00014033706269064937,0.001715235918642771
2026-04-24,9.628948819891277e-05,-0.00011671743532285772,0.00021538543334112436,3.2293934009163506e-05,1.6371838033074582e-05,0.00039926093969979033,0.0012741299937292483,0.002235319414345619,0.00021802120806007765,3.409556929241599e-05,-0.0012682225658162917,0.0009837348068381009,0.0008658294414425173,0.0019079039731476903,0.0003073038252803518,0.0007663522522725379,-0.0005357216724678013,9.159423043445566e-05,0.00016560479316151444,9.720377488783331e-05,-5.2626603521690665e-05,-0.0004156322420268607,2.186569530931309e-06,0.00015544468313446924,-0.015222986121508105
2026-04-27,0.00015448807489289968,0.0002592941088433954,0.00022184511272974476,6.125844198581808e-06,8.204485775403525e-06,0.00031810385768268515,0.0011986770451646344,0.0022462676187783,0.00013304400751967214,0.000502788494981637,-0.0009419794541376504,0.00099108067389313,0.0008562057682123214,0.0017552028017552897,0.00030706176056044554,0.0007900261776660118,0.0004711274831778786,9.16015160405383e-05,0.00017064820759812735,7.141632824949158e-05,3.4747135821987444e-05,0.00020403005564725236,-5.527555746038696e-05,0.0002576956820211656,0.0009137589573314279
2026-04-28,0.00011603752654054568,0.00012546451131226704,7.085395611821209e-05,2.7204754109186706e-05,1.3084206708683431e-05,-4.945992750981425e-05,-2.904419364885974e-05,0.0012367368768235827,0.0001733996368758443,0.00038503765871954405,0.00032870930188138084,0.0009103082861597383,0.0005739261255469151,0.0017332335265703215,2.7369493669927977e-05,0.000593028616590452,0.00046552496203222047,0.0001493233224487193,0.0002845421102476116,1.9399627413618098e-05,1.3348599520328423e-05,0.00017355674600135672,0.00028733589581327545,0.00018073467185386296,0.0009501313845544852
2026-04-29,0.00012491101955785011,0.00017475724848576999,0.00015373054913579476,-3.393634679263541e-05,-1.831237338393427e-05,0.00014072057904339767,0.0004966392820817725,-0.0033917410866006483,0.0002947701669234429,0.0003371243977533958,0.00022811735113590807,0.0008453857327847562,3.469429071668666e-05,-0.002712802004935482,-0.0002150072460334393,0.0006794809479826867,0.0004277695491447072,0.00011222761778173324,0.00018300526553246722,4.177404919269421e-05,0.00013155801450932253,-0.00013456175944643453,0.0002746970901740015,0.0002226226408887751,0.00044464464443969855
2026-04-30,2.630296753412021e-05,0.00012454198349369527,-0.00026901482015478505,1.9583968725029493e-05,1.1246775473283458e-05,4.1109154489097326e-05,0.0001847135770370684,0.002034619962410786,0.0002757798638959178,-0.0011393062798380723,-0.0016628722461171951,0.00035711949509375357,-0.0002377274321320791,0.0007918119465647345,0.00021019823473779928,-0.008198341422688762,0.0001561552214818134,9.068883829217473e-05,7.189164627060244e-05,-0.00011733389866436154,1.1990831343981244e-05,0.00019085305558280276,-0.0006250652607320109,-0.0003681906283446101,-0.00026137897301761834
2026-05-01,7.70822087819589e-05,6.345965925331953e-05,0.00012782705247797773,7.706961530253619e-06,7.783878695259256e-06,0.0001970528156030046,0.00013943631687265317,0.0017329749023223763,-0.0007653710804357958,0.0002416718238995008,0.0005097961024226878,0.00025645391447470843,0.0003603173944020809,0.0012098205035203078,0.00013596242913327085,0.0009758367144474818,0.0003151792794409671,6.818440883236474e-05,0.00016765921779418773,9.745340916244822e-05,-8.66984124979508e-07,0.00020874550490639792,0.00032612667197477827,0.00016664802344359533,0.0020428090078239885
