Date,SPY,QQQ,IWM,TLT,LQD,GLD,SLV,USO,AAPL,MSFT,NVDA,TSLA,ARKK,COIN,XLE,CAT,LMT,XLF,JPM,VNQ,JNJ,PG,WMT,DIS,AMD
2021-05-05,388.3033752441406,319.3006591796875,209.16311645507812,118.30673217773438,108.53399658203125,167.27000427246094,24.56999969482422,44.65999984741211,124.76882934570312,236.50265502929688,14.422149658203125,223.64666748046875,109.72158813476562,273.0,21.78476905822754,217.51536560058594,337.57611083984375,33.94001770019531,138.82284545898438,79.86264038085938,145.08065795898438,117.50912475585938,43.88047409057617,177.33389282226562,77.83000183105469
2021-05-06,391.4041748046875,321.7073974609375,209.341796875,118.50151062011719,108.7404556274414,170.05999755859375,25.3700008392334,44.40999984741211,126.36619567871094,239.6308135986328,14.486486434936523,221.17999267578125,106.56420135498047,256.760009765625,21.896976470947266,216.7747344970703,338.4236755371094,34.44413375854492,141.61654663085938,80.30901336669922,145.6624755859375,118.98833465576172,44.19379425048828,177.60743713378906,77.88999938964844
2021-05-07,394.25286865234375,324.31781005859375,211.9751739501953,117.9171142578125,108.78173828125,171.58999633789062,25.469999313354492,44.43000030517578,127.03937530517578,242.2504119873047,14.775010108947754,224.1233367919922,107.92158508300781,263.70001220703125,22.287622451782227,220.3591766357422,341.0447998046875,34.62743377685547,142.10128784179688,81.36699676513672,146.32247924804688,118.99711608886719,43.92747497558594,180.58726501464844,78.80999755859375
2021-05-10,390.348876953125,316.1273498535156,206.58621215820312,116.72296142578125,108.19550323486328,172.11000061035156,25.350000381469727,44.47999954223633,123.76119995117188,237.18392944335938,14.229883193969727,209.67999267578125,102.27567291259766,293.45001220703125,22.29593276977539,221.8404541015625,343.4912109375,34.599945068359375,142.08367919921875,81.34222412109375,147.85948181152344,121.2159194946289,44.12173080444336,180.05970764160156,75.98999786376953
2021-05-11,386.8650817871094,315.690673828125,205.92784118652344,116.06233215332031,107.79918670654297,172.13999938964844,25.670000076293945,44.869998931884766,122.8440933227539,236.2723846435547,14.270283699035645,205.73333740234375,104.3805923461914,303.0,21.722440719604492,218.81382751464844,338.8429870605469,33.985862731933594,139.7217559814453,80.3172607421875,146.6524200439453,120.6172103881836,43.723812103271484,177.4901885986328,76.83000183105469
2021-05-12,378.64605712890625,307.51959228515625,199.2410430908203,114.84280395507812,107.21298217773438,170.42999267578125,25.09000015258789,45.220001220703125,119.7805404663086,229.33474731445312,13.723907470703125,196.6300048828125,100.48550415039062,283.6099853515625,21.826332092285156,217.00332641601562,332.5523681640625,33.6375617980957,138.7611541748047,78.28392028808594,146.0619659423828,119.34050750732422,42.59272384643555,173.7581024169922,74.63999938964844
2021-05-13,383.19451904296875,309.89715576171875,202.90895080566406,115.02063751220703,107.61756134033203,171.1300048828125,25.15999984741211,43.810001373291016,121.9269790649414,233.2017822265625,13.63089370727539,190.56333923339844,97.84943389892578,265.1000061035156,21.56035804748535,219.51788330078125,338.7993469238281,34.17832565307617,142.33041381835938,79.30059051513672,147.59027099609375,121.25996398925781,43.31336975097656,174.23683166503906,73.08999633789062
2021-05-14,389.0785827636719,316.73870849609375,207.86521911621094,116.09625244140625,108.20378875732422,172.69000244140625,25.459999084472656,44.709999084472656,124.3465805053711,238.11468505859375,14.20719051361084,196.5800018310547,102.60025787353516,258.3699951171875,22.22943687438965,221.49298095703125,341.4292297363281,34.71909713745117,144.54251098632812,80.24288177490234,147.81610107421875,121.51530456542969,43.71441650390625,169.70358276367188,74.58999633789062
2021-05-17,388.08856201171875,314.8172607421875,208.1474151611328,115.85063171386719,108.07988739013672,174.6999969482422,26.190000534057617,45.38999938964844,123.19532012939453,235.2648162841797,14.129884719848633,192.27667236328125,101.61664581298828,248.24000549316406,22.74476432800293,223.83384704589844,341.7262268066406,34.78324890136719,145.12416076660156,80.3255386352539,147.96371459960938,121.26874542236328,43.51701354980469,166.1668701171875,74.6500015258789
2021-05-18,384.7449035644531,312.6919860839844,206.56741333007812,115.55419921875,107.72490692138672,175.0399932861328,26.149999618530273,44.84000015258789,121.80988311767578,233.24977111816406,13.980515480041504,192.6233367919922,103.0723876953125,239.0,22.216976165771484,218.96926879882812,338.31878662109375,34.29747009277344,143.0795440673828,80.34205627441406,148.0158233642578,120.02730560302734,44.46324920654297,165.77606201171875,74.44000244140625
2021-05-19,383.7361755371094,313.0510559082031,204.97799682617188,115.27470397949219,107.53500366210938,175.16000366210938,25.729999542236328,43.43000030517578,121.65380096435547,233.82679748535156,14.030388832092285,187.82000732421875,101.28221893310547,224.8000030517578,21.664255142211914,216.59185791015625,336.85101318359375,34.086669921875,141.9867401123047,80.0858154296875,147.6944580078125,120.27381134033203,44.46638870239258,165.37550354003906,76.2300033569336
2021-05-20,387.8644104003906,319.1065368652344,206.3416748046875,116.2232666015625,108.26982879638672,175.9600067138672,25.790000915527344,42.47999954223633,124.20999145507812,237.0583953857422,14.575762748718262,195.5933380126953,104.84288024902344,233.39999389648438,21.631006240844727,214.87278747558594,339.2798767089844,34.10499954223633,141.73995971679688,80.98680114746094,148.55419921875,121.50650787353516,44.623046875,167.41741943359375,78.05999755859375
2021-05-21,387.5469055175781,317.3403625488281,206.87779235839844,116.59589385986328,108.34414672851562,176.0399932861328,25.530000686645508,43.70000076293945,122.37577056884766,235.79843139648438,14.954060554504395,193.6266632080078,104.10517120361328,224.35000610351562,21.676719665527344,216.93016052246094,338.31878662109375,34.44413375854492,143.35276794433594,80.90411376953125,148.4586639404297,121.50650787353516,44.413108825683594,168.43348693847656,77.16999816894531
2021-05-24,391.4976501464844,322.67767333984375,208.22265625,117.02784729003906,108.641357421875,176.35000610351562,25.75,45.02000045776367,124.0051040649414,241.19400024414062,15.572748184204102,202.14666748046875,106.94781494140625,225.3000030517578,21.892824172973633,218.58522033691406,338.7469177246094,34.609100341796875,144.12826538085938,81.91252899169922,149.02662658691406,121.47128295898438,44.416259765625,170.29954528808594,77.44000244140625
2021-05-25,390.6290588378906,323.1241760253906,206.21002197265625,118.11192321777344,109.0459976196289,177.9499969482422,25.989999771118164,44.91999816894531,123.80998229980469,242.09808349609375,15.60840892791748,201.56333923339844,107.587158203125,242.41000366210938,21.448144912719727,216.8661651611328,337.12176513671875,34.26081466674805,142.63890075683594,81.88774108886719,148.6159210205078,121.88510131835938,44.597984313964844,172.1167449951172,77.86000061035156
2021-05-26,391.4041748046875,324.2498474121094,210.0565643310547,117.90862274169922,108.9881591796875,177.63999938964844,25.670000076293945,45.20000076293945,123.76119995117188,241.87689208984375,15.660529136657715,206.3766632080078,109.60355377197266,241.52000427246094,21.63931655883789,217.35997009277344,335.6190490722656,34.36164093017578,142.62127685546875,82.25142669677734,147.73341369628906,121.61214447021484,44.544715881347656,172.4098358154297,78.33999633789062
2021-05-27,391.6097717285156,323.0367736816406,212.2196807861328,117.43437957763672,108.6579360961914,177.7100067138672,25.850000381469727,45.54999923706055,122.22943878173828,239.78024291992188,15.449060440063477,210.28334045410156,110.43962097167969,247.08999633789062,21.65593910217285,220.6243438720703,338.4673767089844,34.75575637817383,144.84213256835938,82.06131744384766,147.50621032714844,118.84745025634766,44.39432907104492,174.92071533203125,78.41999816894531
2021-05-28,392.3102722167969,324.0557861328125,212.07861328125,117.24808502197266,108.74871063232422,178.3800048828125,25.899999618530273,45.41999816894531,121.57572937011719,240.13604736328125,16.203659057617188,208.4066619873047,110.2625732421875,236.5399932861328,21.69750213623047,220.44140625,336.18914794921875,34.819923400878906,144.7451629638672,82.55724334716797,147.8907012939453,118.73297882080078,44.50083923339844,174.5396728515625,80.08000183105469
2021-06-01,391.964599609375,322.9786071777344,214.4862823486328,117.22179412841797,108.76277923583984,177.89999389648438,25.84000015258789,46.33000183105469,121.25377655029297,237.94322204589844,16.22361183166504,207.96665954589844,109.42650604248047,238.92999267578125,22.53281593322754,221.97764587402344,335.9429016113281,35.03071212768555,146.34036254882812,84.0450668334961,144.64016723632812,116.99845123291016,44.38492202758789,174.72532653808594,80.80999755859375
2021-06-02,392.5810546875,323.6092834472656,214.74020385742188,117.49317932128906,108.9365005493164,178.77000427246094,26.149999618530273,46.900001525878906,122.0147933959961,237.8470458984375,16.736068725585938,201.7066650390625,109.4756851196289,240.47999572753906,22.952556610107422,222.61769104003906,338.731201171875,35.08570861816406,146.34913635253906,85.02867889404297,145.22561645507812,117.50912475585938,44.28779983520508,172.9276580810547,81.97000122070312
2021-06-03,391.12408447265625,320.24200439453125,212.94386291503906,117.05210876464844,108.50633239746094,175.27000427246094,25.459999084472656,46.970001220703125,120.53179168701172,236.3178253173828,16.927085876464844,190.94667053222656,105.66911315917969,233.66000366210938,23.014890670776367,222.9651641845703,340.71917724609375,35.168190002441406,146.44613647460938,84.7145767211914,145.08580017089844,119.61347198486328,44.36612319946289,172.18515014648438,80.27999877929688
2021-06-04,394.701171875,325.6763610839844,213.86553955078125,118.65510559082031,109.27566528320312,177.16000366210938,25.780000686645508,47.2599983215332,122.8245849609375,241.20362854003906,17.534053802490234,199.68333435058594,107.71502685546875,228.7899932861328,23.168657302856445,223.1297607421875,346.6565856933594,35.25986099243164,146.68406677246094,84.75591278076172,145.02464294433594,119.70149993896484,44.4444580078125,173.10350036621094,81.58000183105469
2021-06-07,394.3182678222656,326.6468200683594,216.7340087890625,118.29042053222656,109.1846923828125,177.8699951171875,25.899999618530273,47.27000045776367,122.8343276977539,244.10821533203125,17.574705123901367,201.7100067138672,110.84290313720703,231.4499969482422,23.068918228149414,219.23443603515625,344.3784484863281,35.03071212768555,145.99667358398438,85.75605010986328,144.03720092773438,120.1153335571289,44.14680099487305,172.91787719726562,81.3499984741211
2021-06-08,394.40234375,326.8021240234375,219.02879333496094,119.1216049194336,109.59832000732422,177.32000732421875,25.610000610351562,47.880001068115234,123.65389251708984,242.91561889648438,17.41311264038086,201.19667053222656,111.27568817138672,220.66000366210938,23.268396377563477,219.60020446777344,341.757080078125,34.939064025878906,145.41502380371094,86.46690368652344,142.77023315429688,118.72416687011719,43.81154251098633,172.27308654785156,80.88999938964844
2021-06-09,393.8139343261719,326.8796691894531,217.57101440429688,120.17327117919922,109.99544525146484,176.97999572753906,25.780000686645508,47.58000183105469,124.03437042236328,243.89662170410156,17.318578720092773,199.5933380126953,111.00028228759766,224.32000732421875,23.122943878173828,214.56185913085938,340.2353515625,34.609100341796875,143.5995330810547,86.58260345458984,144.69256591796875,118.68013000488281,43.57655334472656,171.98974609375,79.95999908447266
2021-06-10,395.6445007324219,330.285888671875,215.9575653076172,120.89421844482422,110.49178314208984,177.74000549316406,25.969999313354492,47.83000183105469,123.0392074584961,247.4071044921875,17.385177612304688,203.3733367919922,113.08553314208984,221.85000610351562,23.093852996826172,206.40553283691406,341.0446472167969,34.20582580566406,141.36097717285156,87.20254516601562,145.99453735351562,119.56063842773438,43.827205657958984,172.50753784179688,81.55999755859375
2021-06-11,396.2983093261719,331.14959716796875,218.23692321777344,120.69916534423828,110.58279418945312,175.74000549316406,25.8700008392334,48.06999969482422,124.24900817871094,248.03225708007812,17.78450584411621,203.29666137695312,114.21668243408203,223.9199981689453,23.014890670776367,201.80618286132812,341.0446472167969,34.42580032348633,141.2640838623047,86.85539245605469,144.14212036132812,118.74177551269531,44.09980392456055,173.29893493652344,81.30999755859375
2021-06-14,397.1856384277344,334.3228454589844,217.59646606445312,119.77465057373047,110.17739868164062,174.7100067138672,25.84000015258789,48.31999969482422,127.30278778076172,249.9557647705078,17.977563858032227,205.89666748046875,116.39045715332031,239.10000610351562,22.915149688720703,200.2608184814453,342.2673034667969,34.06834030151367,138.866943359375,87.19427490234375,144.50033569335938,118.78582000732422,44.0402717590332,174.0804901123047,81.55000305175781
2021-06-15,396.4570617675781,332.139404296875,216.97482299804688,119.6305160522461,110.26016235351562,174.0500030517578,25.649999618530273,48.97999954223633,126.4832534790039,248.4842987060547,17.747844696044922,199.7866668701172,113.20355987548828,232.2100067138672,23.351512908935547,200.67230224609375,342.8742370605469,34.13249588012695,136.7605743408203,86.26025390625,143.73138427734375,118.55687713623047,43.86480712890625,171.8138885498047,80.47000122070312
2021-06-16,394.2435302734375,330.9263916015625,216.5133056640625,119.52873229980469,109.94576263427734,171.11000061035156,25.260000228881836,48.75,126.98088836669922,247.54171752929688,17.769542694091797,201.6233367919922,112.65274810791016,228.0500030517578,23.226835250854492,198.56919860839844,337.42059326171875,34.09584045410156,137.72122192382812,85.69821166992188,143.67898559570312,116.9103775024414,42.97185134887695,170.64151000976562,80.11000061035156
2021-06-17,394.1127624511719,335.12835693359375,214.0831756591797,121.31828308105469,110.55797576904297,165.85000610351562,24.049999237060547,48.040000915527344,128.58090209960938,250.92713928222656,18.614608764648438,205.53334045410156,116.55767059326172,230.66000366210938,22.437232971191406,191.5192413330078,336.80487060546875,33.0876350402832,133.7465057373047,85.59074401855469,144.36927795410156,117.97576904296875,43.15044021606445,170.63172912597656,84.55999755859375
2021-06-18,388.7960205078125,332.49853515625,209.2230224609375,123.59978485107422,111.13711547851562,164.92999267578125,23.8799991607666,48.36000061035156,127.28329467773438,249.51333618164062,18.596145629882812,207.77000427246094,116.95111083984375,229.2899932861328,21.77229881286621,190.9797821044922,333.5414733886719,32.29022216796875,130.36231994628906,84.135986328125,141.53819274902344,116.25,42.351470947265625,168.45301818847656,84.6500015258789
2021-06-21,394.36199951171875,334.56500244140625,213.69703674316406,121.5302963256836,110.49178314208984,166.9499969482422,24.079999923706055,49.36000061035156,129.07850646972656,252.59107971191406,18.385135650634766,206.94332885742188,117.55111694335938,222.60000610351562,22.700124740600586,194.95736694335938,336.4530029296875,33.043853759765625,132.57440185546875,85.87178802490234,143.16342163085938,117.16574096679688,42.736854553222656,169.9673614501953,82.58999633789062
2021-06-22,396.470458984375,337.68359375,214.66712951660156,121.82716369628906,110.67377471923828,166.25,23.850000381469727,49.41999816894531,130.7175750732422,255.3609619140625,18.843584060668945,207.90333557128906,119.03636169433594,222.47000122070312,22.851259231567383,194.8842315673828,336.4354553222656,33.099063873291016,132.38050842285156,85.42542266845703,142.97119140625,117.20974731445312,42.93425369262695,169.5081787109375,83.58000183105469
2021-06-23,395.9924621582031,337.8487854003906,215.37359619140625,121.5133285522461,110.50007629394531,166.13999938964844,23.93000030517578,49.720001220703125,130.44442749023438,255.13014221191406,19.013689041137695,218.85667419433594,121.5052261352539,226.00999450683594,22.91423797607422,195.48768615722656,331.9053649902344,33.163475036621094,133.1824951171875,85.2766342163086,142.10610961914062,117.0424575805664,42.59899139404297,171.2960662841797,83.81999969482422
2021-06-24,398.3350830078125,339.93768310546875,218.4159393310547,121.70840454101562,110.71517181396484,166.0399932861328,24.040000915527344,49.84000015258789,130.16146850585938,256.495849609375,19.161603927612305,226.60667419433594,123.2265396118164,229.92999267578125,23.111557006835938,200.56259155273438,332.2572326660156,33.57755661010742,134.40753173828125,85.09268188476562,142.75274658203125,117.12171173095703,42.89665222167969,173.8362579345703,86.0999984741211
2021-06-25,399.7500305175781,339.5198974609375,218.78323364257812,120.44469451904297,110.42560577392578,166.58999633789062,24.18000030517578,50.25,129.8687744140625,254.8896942138672,18.987506866455078,223.9566650390625,123.43309783935547,224.5399932861328,23.23330307006836,197.7919464111328,336.02203369140625,33.982452392578125,135.7647247314453,85.66708374023438,143.48675537109375,118.79460144042969,43.404232025146484,174.24659729003906,85.62000274658203
2021-06-28,400.5558776855469,343.6490173339844,217.0501708984375,121.68293762207031,110.89714813232422,166.5800018310547,24.209999084472656,49.540000915527344,131.4980926513672,258.4482116699219,19.9393253326416,229.57333374023438,128.09539794921875,246.69000244140625,22.44822883605957,197.75538635253906,334.315673828125,33.73400115966797,136.011474609375,85.41732025146484,143.3207244873047,119.14679718017578,43.269500732421875,172.50753784179688,87.08000183105469
2021-06-29,400.77142333984375,344.8926086425781,216.01409912109375,121.88662719726562,111.029541015625,164.8300018310547,23.889999389648438,49.88999938964844,133.0103302001953,261.0257568359375,19.980981826782227,226.9199981689453,128.73475646972656,254.89999389648438,22.339073181152344,196.6855010986328,328.4660949707031,33.61437225341797,135.84402465820312,85.18424224853516,143.32948303222656,118.33674621582031,43.018856048583984,169.92828369140625,89.5199966430664
2021-06-30,401.1087646484375,344.34857177734375,216.04234313964844,122.42938232421875,111.15364074707031,165.6300048828125,24.219999313354492,49.880001068115234,133.62501525878906,260.5449523925781,19.956787109375,226.56666564941406,128.63638305664062,253.3000030517578,22.61615562438965,198.99893188476562,332.8026123046875,33.761592864990234,137.0778350830078,84.73472595214844,143.94989013671875,118.80342102050781,44.18439483642578,171.7259521484375,93.93000030517578
2021-07-01,403.3294982910156,344.484619140625,217.94497680664062,122.4361801147461,111.0566635131836,166.1999969482422,24.110000610351562,50.619998931884766,133.92745971679688,261.2182312011719,20.16580581665039,225.97332763671875,127.0429458618164,241.44000244140625,23.010799407958984,198.1577606201172,334.4474792480469,34.02845001220703,138.4351043701172,85.10101318359375,145.01589965820312,119.07638549804688,43.65175247192383,173.18167114257812,93.30999755859375
2021-07-02,406.4123840332031,348.4388122558594,215.87281799316406,123.17491912841797,111.37162017822266,167.2899932861328,24.549999237060547,50.93000030517578,136.55198669433594,267.03692626953125,20.440176010131836,226.3000030517578,126.04949188232422,240.72000122070312,22.960416793823242,199.1178436279297,335.5646057128906,33.991641998291016,138.30209350585938,85.35906982421875,147.6547393798828,119.65750122070312,43.89927673339844,173.03512573242188,94.69999694824219
2021-07-06,405.6720886230469,349.9447021484375,212.7362823486328,124.61872100830078,111.77774810791016,168.1199951171875,24.229999542236328,49.900001525878906,138.5618133544922,267.0465087890625,20.651195526123047,219.86000061035156,125.15441131591797,235.41000366210938,22.213125228881836,195.2407989501953,333.0840759277344,33.45793914794922,135.97979736328125,85.98339080810547,146.772216796875,119.72792053222656,43.84601593017578,169.6938018798828,94.47000122070312
2021-07-07,407.10577392578125,350.6830749511719,210.75831604003906,125.7227554321289,112.15901947021484,168.75999450683594,24.239999771118164,48.65999984741211,141.0497589111328,269.229736328125,20.3251895904541,214.88333129882812,122.22325897216797,251.97000122070312,21.85207176208496,196.31065368652344,337.3150939941406,33.503944396972656,136.1393280029297,86.28308868408203,148.030517578125,120.6259994506836,43.77395248413086,168.8438262939453,90.54000091552734
2021-07-08,403.7886657714844,348.565185546875,208.8179931640625,126.2153091430664,112.21703338623047,168.64999389648438,24.010000228881836,49.52000045776367,139.75210571289062,266.81573486328125,19.857263565063477,217.60333251953125,121.28882598876953,244.2899932861328,21.72612190246582,193.95155334472656,334.1836242675781,32.83221435546875,133.79043579101562,86.04166412353516,147.74217224121094,120.6083984375,43.73634338378906,168.82427978515625,89.73999786376953
2021-07-09,408.0989685058594,350.741455078125,213.22610473632812,124.44034576416016,111.74458312988281,169.2100067138672,24.190000534057617,50.40999984741211,141.5765838623047,267.3158264160156,20.004426956176758,218.98333740234375,123.56096649169922,253.8800048828125,22.18793296813965,198.8069610595703,336.9895935058594,33.779998779296875,138.07167053222656,87.4568099975586,148.3275909423828,120.65241241455078,43.95880126953125,172.9667205810547,90.9000015258789
2021-07-12,409.5608215332031,352.1112976074219,213.40504455566406,124.27898406982422,111.68657684326172,169.0,24.280000686645508,50.310001373291016,140.9813995361328,266.7195129394531,20.465620040893555,228.56666564941406,122.69538879394531,247.6699981689453,22.15435028076172,199.86761474609375,333.4358825683594,34.111270904541016,140.0482635498047,88.20602416992188,148.0916748046875,120.74925994873047,43.88047409057617,180.1378936767578,90.80999755859375
2021-07-13,408.1646728515625,352.1112976074219,209.38319396972656,123.32785034179688,111.27215576171875,169.22000122070312,24.079999923706055,51.150001525878906,142.09364318847656,270.2396240234375,20.203720092773438,222.84666442871094,120.26587677001953,243.30999755859375,21.98641586303711,196.7678680419922,332.3540344238281,33.743194580078125,137.96530151367188,86.9740219116211,147.9081573486328,120.599609375,44.046539306640625,179.42465209960938,90.26000213623047
2021-07-14,408.7736511230469,352.74273681640625,206.1524200439453,124.72911834716797,111.7860336303711,171.0399932861328,24.329999923706055,49.70000076293945,145.5181884765625,271.71112060546875,19.796152114868164,217.7933349609375,116.23307037353516,229.94000244140625,21.331483840942383,193.52178955078125,331.4568176269531,33.586769104003906,137.49549865722656,87.58169555664062,148.9130401611328,121.48887634277344,44.3504638671875,179.199951171875,89.05000305175781
2021-07-15,407.3774719238281,350.26531982421875,204.98452758789062,126.10489654541016,112.02638244628906,171.07000732421875,24.3799991607666,49.040000915527344,144.86451721191406,270.2877197265625,18.92289924621582,216.86666870117188,114.4920883178711,224.6300048828125,21.033405303955078,193.3114471435547,332.71466064453125,33.697181701660156,137.796875,87.72320556640625,147.1217498779297,122.52783203125,44.38492202758789,179.91314697265625,86.93000030517578
2021-07-16,404.18218994140625,347.4283447265625,202.46022033691406,125.8670883178711,111.86894226074219,169.41000366210938,23.770000457763672,49.13999938964844,142.8253936767578,270.01837158203125,18.11949348449707,214.74000549316406,114.61995697021484,225.00999450683594,20.437252044677734,190.1476593017578,331.73834228515625,33.237098693847656,134.6502227783203,87.66493225097656,146.88583374023438,123.71651458740234,44.35359191894531,175.18450927734375,85.88999938964844
2021-07-19,398.2132568359375,344.5816345214844,199.42730712890625,128.627197265625,112.67288970947266,169.61000061035156,23.290000915527344,45.84000015258789,138.9813690185547,266.4213562011719,18.73682975769043,215.4066619873047,115.357666015625,220.61000061035156,19.715147018432617,186.6911163330078,327.234619140625,32.30770492553711,130.27151489257812,86.06664276123047,145.8197784423828,123.65489196777344,44.25019836425781,168.97084045410156,86.58000183105469
2021-07-20,403.91986083984375,348.5845642089844,205.61557006835938,127.38725280761719,112.51543426513672,169.38999938964844,23.139999389648438,46.5099983215332,142.59124755859375,268.64306640625,18.569469451904297,220.1666717529297,118.78063201904297,224.9600067138672,19.97963523864746,191.17726135253906,334.2364196777344,33.10826873779297,132.7001953125,88.0978012084961,147.19166564941406,122.9945297241211,44.450721740722656,172.6834259033203,87.11000061035156
2021-07-21,407.1900939941406,351.2757263183594,209.15704345703125,125.77366638183594,112.11756896972656,168.75999450683594,23.420000076293945,48.27000045776367,141.8595428466797,270.6435546875,19.365636825561523,218.42999267578125,120.64949035644531,230.8699951171875,20.676551818847656,193.7237091064453,335.036865234375,33.678794860839844,135.4922637939453,88.0894775390625,148.1003875732422,122.56305694580078,44.23139190673828,172.82017517089844,89.41000366210938
2021-07-22,408.0428466796875,353.59771728515625,205.83221435546875,126.96259307861328,112.5817642211914,169.08999633789062,23.559999465942383,49.16999816894531,143.2254180908203,275.202392578125,19.549217224121094,216.4199981689453,119.71505737304688,226.0800018310547,20.445642471313477,192.2804412841797,334.1924133300781,33.31071472167969,133.7815704345703,87.3902359008789,148.52853393554688,122.0934829711914,44.26272201538086,171.10069274902344,91.20999908447266
2021-07-23,412.2407531738281,357.72686767578125,206.79295349121094,126.11341094970703,112.5319595336914,168.55999755859375,23.350000381469727,49.470001220703125,144.94256591796875,278.5975341796875,19.51329803466797,214.4600067138672,120.42324829101562,224.9199981689453,20.37007713317871,192.6205596923828,334.9313049316406,33.36592483520508,133.52455139160156,88.11446380615234,150.1101531982422,123.85663604736328,44.62617874145508,172.08743286132812,92.1500015258789
2021-07-26,413.2528076171875,358.0086669921875,207.39578247070312,125.73973083496094,112.28335571289062,168.16000366210938,23.360000610351562,49.66999816894531,145.36212158203125,278.0011901855469,19.249906539916992,219.2066650390625,119.60685729980469,245.4499969482422,20.87387466430664,193.99951171875,323.7425842285156,33.559165954589844,134.4197540283203,88.15609741210938,150.18003845214844,124.29084014892578,44.688838958740234,174.62762451171875,91.81999969482422
2021-07-27,411.36932373046875,354.0641174316406,204.97509765625,127.08153533935547,112.76404571533203,168.44000244140625,22.959999084472656,49.470001220703125,143.19615173339844,275.5870666503906,19.164098739624023,214.92666625976562,116.67570495605469,235.0800018310547,20.680747985839844,192.960693359375,329.6183776855469,33.54995346069336,134.2424774169922,88.65555572509766,150.87037658691406,124.79586029052734,44.69197082519531,175.37013244628906,91.02999877929688
2021-07-28,411.2006530761719,355.4242858886719,207.98915100097656,127.09004211425781,112.96298217773438,169.2899932861328,23.170000076293945,49.720001220703125,141.44972229003906,275.2793273925781,19.45842933654785,215.66000366210938,119.36095428466797,241.75,20.869670867919922,194.37646484375,327.9295349121094,33.503944396972656,134.4640655517578,88.34754180908203,150.45091247558594,122.94404602050781,44.51024627685547,174.97933959960938,97.93000030517578
2021-07-29,412.9060363769531,356.0557861328125,209.5903778076172,126.3851547241211,112.63972473144531,171.1699981689453,23.719999313354492,50.63999938964844,142.09364318847656,275.5486145019531,19.6170597076416,225.78334045410156,119.60685729980469,235.77999877929688,21.071186065673828,195.40606689453125,327.744873046875,33.87202835083008,135.61634826660156,88.36419677734375,150.45091247558594,123.58199310302734,44.566650390625,174.24659729003906,102.94999694824219
2021-07-30,410.9007873535156,354.2000732421875,208.20579528808594,126.97964477539062,112.73092651367188,169.82000732421875,23.6299991607666,50.65999984741211,142.30831909179688,274.0193786621094,19.454437255859375,229.06666564941406,118.03308868408203,236.5800018310547,20.73532485961914,190.0648956298828,326.9267883300781,33.60517501831055,134.5349884033203,88.48072814941406,150.46841430664062,126.01854705810547,44.663780212402344,171.97021484375,106.19000244140625
2021-08-02,410.03875732421875,354.22930908203125,207.169677734375,128.11216735839844,113.0572280883789,169.61000061035156,23.530000686645508,49.18000030517578,141.97659301757812,273.9328308105469,19.704858779907227,236.55667114257812,119.13472747802734,235.39999389648438,20.57999038696289,188.60325622558594,323.9625244140625,33.61437225341797,133.99432373046875,88.28926849365234,150.52957153320312,125.70845031738281,44.56037902832031,171.51101684570312,108.62999725341797
2021-08-03,413.3745422363281,356.3763427734375,208.02679443359375,128.1802520751953,113.17344665527344,169.49000549316406,23.68000030517578,48.849998474121094,143.77175903320312,276.1449890136719,19.769712448120117,236.5800018310547,118.24948120117188,230.17999267578125,20.932647705078125,191.67369079589844,324.97406005859375,33.991641998291016,135.51889038085938,88.39749145507812,152.38201904296875,127.54248809814453,45.06169128417969,169.00991821289062,112.55999755859375
2021-08-04,411.34124755859375,356.8912658691406,205.43661499023438,128.4438018798828,113.19839477539062,169.52999877929688,23.540000915527344,47.20000076293945,143.37173461914062,275.55828857421875,20.2276668548584,236.97332763671875,121.25932312011719,244.36000061035156,20.365877151489258,188.01487731933594,318.1042785644531,33.706390380859375,134.05638122558594,88.1227798461914,151.4820556640625,126.19573211669922,44.754638671875,168.60934448242188,118.7699966430664
2021-08-05,413.9462585449219,359.15509033203125,209.1288299560547,127.7890625,112.7333755493164,168.86000061035156,23.299999237060547,48.099998474121094,143.47909545898438,278.45318603515625,20.589832305908203,238.2100067138672,123.51177978515625,255.5,20.596790313720703,190.4694061279297,317.3477478027344,34.1480827331543,135.74932861328125,89.15502166748047,151.77037048339844,126.25778198242188,45.58494186401367,172.64434814453125,112.3499984741211
2021-08-06,414.630126953125,357.5811767578125,210.40982055664062,125.65486145019531,111.81171417236328,164.63999938964844,22.520000457763672,47.56999969482422,142.79510498046875,278.3954772949219,20.319456100463867,233.03334045410156,120.9937515258789,258.260009765625,20.785707473754883,191.53578186035156,318.46490478515625,34.83821487426758,139.6051025390625,88.99686431884766,151.26358032226562,125.29199981689453,45.50347137451172,173.0546875,110.11000061035156
2021-08-09,414.2928161621094,358.2417907714844,209.25131225585938,125.2042465209961,111.33014678955078,161.72000122070312,21.75,46.599998474121094,142.74623107910156,277.30865478515625,20.248615264892578,237.9199981689453,122.65603637695312,280.4700012207031,20.49182891845703,192.0322265625,317.5765075683594,34.930240631103516,139.45440673828125,88.5223388671875,151.78781127929688,125.97425842285156,45.61314392089844,172.6540985107422,107.58000183105469
2021-08-10,414.80816650390625,356.405517578125,209.6657257080078,124.62601470947266,111.08104705810547,161.77000427246094,21.6200008392334,47.68000030517578,142.2674560546875,275.4909362792969,19.89043617248535,236.663330078125,119.4494857788086,269.6700134277344,20.85288429260254,196.79420471191406,318.6319885253906,35.29831314086914,141.16514587402344,87.68158721923828,151.84027099609375,126.05400848388672,46.58442306518555,172.99603271484375,106.4800033569336
2021-08-11,415.8389892578125,355.7934875488281,210.6923828125,124.54949188232422,111.25544738769531,164.0,21.84000015258789,48.29999923706055,142.52151489257812,275.9814758300781,19.653976440429688,235.94000244140625,119.31177520751953,278.3999938964844,21.01660919189453,203.7716522216797,319.5643310546875,35.70318603515625,142.84925842285156,88.19769287109375,151.86647033691406,126.36410522460938,47.00114059448242,173.99258422851562,107.68000030517578
2021-08-12,417.085205078125,357.0759582519531,210.19314575195312,124.34542846679688,111.41316986083984,164.0399932861328,21.5,48.099998474121094,145.4821319580078,278.7320861816406,19.859506607055664,240.75,119.8527603149414,256.5,20.995620727539062,202.4662628173828,316.4418029785156,35.767608642578125,143.40765380859375,88.38915252685547,153.08981323242188,126.65648651123047,46.8753547668457,175.16494750976562,106.5
2021-08-13,417.8442687988281,358.3291931152344,208.2811279296875,126.30961608886719,112.16049194335938,166.38999938964844,21.969999313354492,47.43000030517578,145.6873779296875,281.6559753417969,20.141857147216797,239.05667114257812,118.13143920898438,261.25,20.747920989990234,200.93106079101562,314.8849182128906,35.500755310058594,141.80331420898438,88.87199401855469,154.0072784423828,127.26789093017578,47.02315902709961,176.91378784179688,110.55000305175781
2021-08-16,418.8280944824219,358.4846496582031,206.34083557128906,126.61571502685547,112.22692108154297,167.22000122070312,22.100000381469727,47.040000915527344,147.6610870361328,283.33905029296875,19.904407501220703,228.72332763671875,115.06259155273438,256.8299865722656,20.365877151489258,200.1404266357422,316.881591796875,35.40873718261719,140.87261962890625,88.76376342773438,155.39663696289062,128.1538543701172,47.40681457519531,174.9695587158203,107.4800033569336
2021-08-17,416.0826110839844,355.3271789550781,203.8259735107422,126.56472778320312,112.02766418457031,166.97000122070312,21.899999618530273,46.58000183105469,146.75241088867188,281.8771057128906,19.413532257080078,221.90333557128906,113.99044799804688,250.8000030517578,20.155961990356445,196.21502685546875,318.0690002441406,35.1602783203125,139.17079162597656,88.67219543457031,156.8209228515625,128.36651611328125,47.39109802246094,171.78457641601562,107.55999755859375
2021-08-18,411.528564453125,351.9072570800781,202.04580688476562,126.98985290527344,111.95292663574219,167.10000610351562,21.760000228881836,45.400001525878906,143.01007080078125,280.15228271484375,18.996482849121094,229.663330078125,113.9412612915039,244.38999938964844,19.736135482788086,192.87791442871094,313.6710205078125,34.72779846191406,137.9032440185547,87.86473083496094,154.82864379882812,126.9665756225586,46.88793182373047,170.71966552734375,103.44000244140625
2021-08-19,412.165771484375,353.60748291015625,199.6251220703125,127.92510223388672,112.21027374267578,166.61000061035156,21.510000228881836,44.77000045776367,143.34228515625,285.9724426269531,19.752748489379883,224.49000549316406,111.98388671875,248.24000549316406,19.223949432373047,187.9505615234375,311.4103698730469,34.47014236450195,136.75094604492188,88.28926849365234,156.03453063964844,128.46395874023438,47.205543518066406,169.26393127441406,103.69999694824219
2021-08-20,415.4454040527344,357.270263671875,202.99713134765625,128.0101776123047,112.2850112915039,166.6999969482422,21.350000381469727,43.43000030517578,144.79818725585938,293.2863464355469,20.7684268951416,226.75332641601562,113.90193176269531,257.32000732421875,19.265932083129883,188.40097045898438,314.1723937988281,34.681785583496094,137.1409454345703,88.73048400878906,156.79473876953125,128.55255126953125,47.626949310302734,171.09091186523438,104.6500015258789
2021-08-23,419.0999450683594,362.6138000488281,206.85887145996094,127.92510223388672,112.36807250976562,168.72999572753906,21.8799991607666,45.849998474121094,146.28338623046875,293.5657653808594,21.907817840576172,235.43333435058594,117.5216064453125,256.0,19.98802947998047,192.26210021972656,314.3307189941406,34.967044830322266,138.89599609375,88.56399536132812,156.11788940429688,127.89689636230469,47.31247329711914,173.5724639892578,108.7699966430664
2021-08-24,419.7651672363281,363.7213439941406,208.8933563232422,126.93032836914062,112.11065673828125,168.64999389648438,22.079999923706055,47.369998931884766,146.19546508789062,291.6096496582031,21.743188858032227,236.163330078125,119.07571411132812,259.2799987792969,20.31969451904297,195.43360900878906,315.7821044921875,35.178680419921875,139.75579833984375,88.17271423339844,154.16651916503906,126.8602523803711,46.82503128051758,174.3638458251953,107.6500015258789
2021-08-25,420.6460266113281,364.13916015625,209.62802124023438,125.87596893310547,111.82005310058594,167.47999572753906,22.09000015258789,47.810001373291016,144.9642791748047,291.0218505859375,22.1622314453125,237.06666564941406,119.04619598388672,256.7699890136719,20.475032806396484,197.42848205566406,315.5621643066406,35.592769622802734,142.63653564453125,88.11446380615234,153.14688110351562,126.40839385986328,46.84391403198242,174.20751953125,108.30000305175781
2021-08-26,418.1628723144531,361.8268737792969,207.4051513671875,126.22454833984375,111.78682708740234,167.6699981689453,21.850000381469727,47.47999954223633,144.1630401611328,288.2080993652344,22.017562866210938,233.72000122070312,117.20685577392578,248.5399932861328,20.16436004638672,194.19259643554688,318.086669921875,35.41794204711914,143.3722381591797,88.14775848388672,152.3294677734375,126.18690490722656,46.33760070800781,172.49777221679688,107.2699966430664
2021-08-27,421.901611328125,365.34393310546875,213.2543487548828,127.0833511352539,112.40958404541016,170.19000244140625,22.329999923706055,48.150001525878906,145.19882202148438,288.815185546875,22.58426856994629,237.30667114257812,120.0298080444336,259.1199951171875,20.701744079589844,195.65423583984375,318.4122009277344,35.88723373413086,144.52450561523438,89.07178497314453,152.00418090820312,126.08943939208984,46.07658386230469,175.9954071044922,111.4000015258789
2021-08-30,423.7569274902344,369.44384765625,212.3783721923828,127.41495513916016,112.60053253173828,169.35000610351562,22.260000228881836,48.400001525878906,149.61532592773438,292.54437255859375,22.636146545410156,243.6366729736328,120.77735137939453,262.6600036621094,20.458242416381836,194.3856201171875,318.46490478515625,35.381126403808594,142.21104431152344,89.96247863769531,152.64590454101562,126.63878631591797,46.44767761230469,175.83908081054688,111.31999969482422
2021-08-31,423.12908935546875,369.1426696777344,212.79283142089844,126.54771423339844,112.34317016601562,169.69000244140625,22.139999389648438,48.040000915527344,148.35487365722656,290.8965759277344,22.337779998779297,245.24000549316406,120.0298080444336,259.0,20.31969451904297,193.85247802734375,318.7749328613281,35.33511734008789,141.77671813964844,90.38704681396484,152.1800079345703,126.16033172607422,46.573463439941406,177.1287384033203,110.72000122070312
2021-09-01,423.35400390625,369.7547607421875,214.2244873046875,126.7596664428711,112.48790740966797,169.6999969482422,22.3700008392334,47.93000030517578,149.0193328857422,290.84832763671875,22.39365577697754,244.69667053222656,121.69210815429688,265.8999938964844,20.02161979675293,191.17726135253906,315.9930419921875,35.1326789855957,141.57286071777344,91.83548736572266,152.71617126464844,127.44500732421875,46.47282409667969,179.25856018066406,109.98999786376953
2021-09-02,424.6564636230469,369.5798645019531,215.71267700195312,127.31307983398438,112.6875,169.25,22.139999389648438,48.95000076293945,150.1332244873047,290.1930236816406,22.348752975463867,244.1300048828125,122.78392028808594,268.17999267578125,20.529613494873047,194.68898010253906,317.2245178222656,35.25230407714844,142.2288055419922,92.31832885742188,153.76220703125,127.54248809814453,46.71811294555664,177.67584228515625,109.19999694824219
2021-09-03,424.55340576171875,370.71661376953125,214.7142791748047,126.15519714355469,112.27993774414062,171.05999755859375,22.8799991607666,48.65999984741211,150.76834106445312,290.18353271484375,22.79481315612793,244.52333068847656,123.01998138427734,278.44000244140625,20.41206169128418,193.3927764892578,315.4082946777344,35.03145217895508,141.3690185546875,92.33495330810547,153.85887145996094,127.6310806274414,46.93510818481445,176.8356170654297,109.91999816894531
2021-09-07,423.035400390625,371.2411804199219,213.23550415039062,125.09098815917969,111.7476577758789,167.7100067138672,22.510000228881836,48.040000915527344,153.1036376953125,289.2584228515625,22.614192962646484,250.97332763671875,122.66588592529297,266.80999755859375,20.29030990600586,191.4254913330078,309.38360595703125,34.81981658935547,141.12081909179688,91.2944107055664,151.468017578125,127.15263366699219,46.31244659423828,180.09877014160156,109.1500015258789
2021-09-08,422.5200500488281,369.948974609375,210.90899658203125,125.9423828125,112.10527801513672,167.2899932861328,22.170000076293945,48.59000015258789,151.55979919433594,289.287353515625,22.2918758392334,251.2899932861328,119.18389892578125,258.20001220703125,20.030012130737305,190.0833282470703,311.3858947753906,34.73699188232422,140.4915008544922,91.75224304199219,151.09884643554688,128.11842346191406,46.372196197509766,180.89012145996094,106.16999816894531
2021-09-09,420.7115478515625,368.67633056640625,210.805419921875,127.4663314819336,112.83724212646484,168.02999877929688,22.270000457763672,47.75,150.54360961914062,286.4350280761719,22.130216598510742,251.6199951171875,119.71505737304688,256.4200134277344,20.071998596191406,188.84226989746094,309.1444091796875,34.83821487426758,141.10308837890625,89.88758087158203,147.73231506347656,127.57797241210938,46.04514694213867,181.63267517089844,106.1500015258789
2021-09-10,417.39447021484375,365.8782043457031,208.7426300048828,126.34246063232422,112.51283264160156,167.17999267578125,21.989999771118164,48.79999923706055,145.5603485107422,284.9510498046875,22.43058204650879,245.42333984375,118.48554229736328,248.32000732421875,20.063600540161133,188.46534729003906,306.442138671875,34.580570220947266,139.48098754882812,88.57232666015625,146.765380859375,127.70199584960938,45.87847137451172,179.8838348388672,105.19999694824219
2021-09-13,418.46270751953125,365.6255798339844,209.92945861816406,127.10871887207031,112.7873306274414,167.74000549316406,21.989999771118164,49.47999954223633,146.12704467773438,286.1844787597656,22.105274200439453,247.6666717529297,116.23307037353516,242.83999633789062,20.638769149780273,189.55931091308594,306.82318115234375,34.97624206542969,141.6969451904297,89.17166900634766,145.7369842529297,129.07530212402344,45.61746597290039,180.7240447998047,104.80000305175781
2021-09-14,416.2044982910156,364.5860290527344,207.2544708251953,128.64968872070312,113.12831115722656,168.82000732421875,22.100000381469727,49.310001373291016,144.72976684570312,288.882568359375,22.19508171081543,248.163330078125,114.9445571899414,243.0,20.340686798095703,186.00161743164062,305.0777893066406,34.506954193115234,139.2239532470703,89.01349639892578,144.85801696777344,128.85382080078125,45.37845993041992,178.2034149169922,105.7300033569336
2021-09-15,419.68084716796875,367.296630859375,209.1288299560547,128.19851684570312,112.9952392578125,167.8300018310547,22.06999969482422,50.689998626708984,145.61898803710938,293.72967529296875,22.29387092590332,251.94332885742188,115.8888168334961,247.07000732421875,21.100574493408203,189.1272430419922,305.72454833984375,34.83821487426758,140.1901092529297,89.29652404785156,145.40293884277344,128.5791473388672,45.45707702636719,180.1671600341797,105.5999984741211
2021-09-16,419.0155334472656,367.5492248535156,209.27952575683594,127.61103057861328,112.83724212646484,164.02999877929688,21.25,50.70000076293945,145.3844451904297,294.114990234375,22.19508171081543,252.3300018310547,116.62652587890625,243.2100067138672,20.861278533935547,187.16917419433594,302.56158447265625,34.73699188232422,140.12806701660156,89.37145233154297,145.22718811035156,127.68426513671875,45.6080322265625,179.1217803955078,106.22000122070312
2021-09-17,414.9338684082031,363.1966857910156,209.55267333984375,126.998046875,112.58771514892578,163.77000427246094,20.739999771118164,50.31999969482422,142.71693420410156,288.9596862792969,21.853801727294922,253.163330078125,119.50849914550781,245.19000244140625,20.70594024658203,183.62985229492188,302.1009216308594,34.580570220947266,139.7646484375,88.57232666015625,144.81407165527344,127.88805389404297,45.5136833190918,179.24879455566406,103.87999725341797
2021-09-20,408.01519775390625,355.69189453125,204.57005310058594,128.5730743408203,112.93706512451172,164.94000244140625,20.59000015258789,49.599998474121094,139.66835021972656,283.59234619140625,21.068458557128906,243.38999938964844,114.2363510131836,236.52999877929688,20.073646545410156,175.42050170898438,299.8682556152344,33.77838134765625,135.58091735839844,88.03119659423828,143.98779296875,126.60334777832031,44.88787841796875,174.50062561035156,101.55000305175781
2021-09-21,407.6297302246094,356.1294860839844,204.880859375,128.46237182617188,112.9286880493164,166.0399932861328,20.84000015258789,49.58000183105469,140.14712524414062,284.0741271972656,21.201183319091797,246.4600067138672,115.21996307373047,238.4600067138672,20.120386123657227,174.51959228515625,297.73297119140625,33.732181549072266,135.59864807128906,88.0728530883789,144.62063598632812,126.79822540283203,44.9759407043457,167.23178100585938,102.81999969482422
2021-09-22,411.6061096191406,359.45599365234375,208.0644989013672,129.22860717773438,113.2447738647461,165.4199981689453,20.989999771118164,50.47999954223633,142.5117645263672,287.7166442871094,21.894712448120117,250.64666748046875,116.17406463623047,241.85000610351562,20.740785598754883,175.90771484375,302.7653503417969,34.295928955078125,138.1957550048828,88.93025970458984,144.09326171875,127.23242950439453,44.87215805053711,169.6547088623047,104.37999725341797
2021-09-23,416.60711669921875,362.77264404296875,211.74732971191406,126.30843353271484,112.46290588378906,163.50999450683594,20.90999984741211,51.380001068115234,143.46929931640625,288.6609191894531,22.434572219848633,251.2133331298828,117.38389587402344,237.5,21.467409133911133,180.75244140625,304.9536437988281,35.13691329956055,142.86697387695312,88.75544738769531,144.91075134277344,127.75516510009766,44.89731979370117,172.1949005126953,106.1500015258789
2021-09-24,417.29339599609375,363.11309814453125,210.7260284423828,125.07395935058594,112.22172546386719,163.3000030517578,20.709999084472656,51.81999969482422,143.55728149414062,288.4585266113281,22.0344181060791,258.1300048828125,115.21012115478516,231.82000732421875,21.628881454467773,180.93629455566406,309.6670837402344,35.321746826171875,144.51564025878906,87.80642700195312,144.47122192382812,127.18811798095703,45.02310562133789,171.95066833496094,105.80000305175781
2021-09-27,416.0995178222656,360.2145690917969,213.9287109375,124.61424255371094,112.16350555419922,163.63999938964844,20.940000534057617,52.90999984741211,142.04269409179688,283.4671630859375,21.614303588867188,263.78668212890625,115.11176300048828,232.24000549316406,22.398006439208984,183.85963439941406,313.0693054199219,35.80231475830078,148.00799560546875,86.62541198730469,143.42523193359375,125.51351928710938,44.733787536621094,174.15866088867188,108.16000366210938
2021-09-28,407.7143859863281,350.0213928222656,209.06324768066406,122.67306518554688,110.96575164794922,162.0500030517578,20.780000686645508,52.400001525878906,138.66195678710938,273.20458984375,20.65533447265625,259.1866760253906,110.30191040039062,229.83999633789062,22.4744930267334,184.36526489257812,311.9972229003906,35.21084976196289,147.21023559570312,86.03907775878906,143.1088104248047,124.5654525756836,44.18345642089844,170.5047149658203,101.5199966430664
2021-09-29,408.4006042480469,349.4476318359375,208.6192626953125,122.88595581054688,110.9408187866211,161.32000732421875,19.950000762939453,52.31999969482422,139.56088256835938,273.6671142578125,20.473716735839844,260.4366760253906,107.92158508300781,225.27999877929688,22.4744930267334,181.90158081054688,310.3492736816406,35.23857879638672,147.09503173828125,86.68403625488281,144.17234802246094,125.83248901367188,44.164588928222656,168.70703125,100.3499984741211
2021-09-30,403.4090576171875,348.1636657714844,206.6636199951172,122.86896514892578,110.64969635009766,164.22000122070312,20.520000457763672,52.560001373291016,138.26129150390625,271.66278076171875,20.672298431396484,258.49334716796875,108.71830749511719,227.47999572753906,22.134550094604492,176.47769165039062,305.7510681152344,34.68407440185547,145.09178161621094,85.25172424316406,141.95729064941406,123.86553192138672,43.83125305175781,165.27781677246094,102.9000015258789
2021-10-01,408.2030944824219,350.3229675292969,209.99856567382812,123.90294647216797,111.45390319824219,164.58999633789062,20.829999923706055,53.2599983215332,139.38499450683594,278.5815734863281,20.6982479095459,258.40667724609375,109.34781646728516,231.14999389648438,22.878175735473633,178.64723205566406,308.1432189941406,35.25706100463867,148.14097595214844,86.4578857421875,141.0519561767578,123.67058563232422,43.09852981567383,171.96043395996094,102.44999694824219
2021-10-04,402.93896484375,342.9698486328125,208.0901641845703,123.58755493164062,111.2705307006836,165.36000061035156,20.979999542236328,54.4900016784668,135.95530700683594,272.80938720703125,19.69037628173828,260.510009765625,105.43305969238281,229.30999755859375,23.25211524963379,177.54409790039062,306.5396728515625,34.95207977294922,147.98138427734375,86.47464752197266,139.9532012939453,122.97063446044922,42.68342208862305,169.46910095214844,100.33999633789062
2021-10-05,407.13153076171875,347.5996398925781,208.8081817626953,122.3941421508789,110.81216430664062,164.58999633789062,20.920000076293945,55.630001068115234,137.8802490234375,278.2538757324219,20.40785789489746,260.1966552734375,107.25273132324219,240.08999633789062,23.388090133666992,176.96490478515625,308.0989685058594,35.63597106933594,150.39801025390625,85.87992095947266,140.26962280273438,123.44908142089844,42.96331024169922,170.5926513671875,101.80999755859375
2021-10-06,408.8236389160156,349.826904296875,207.72174072265625,123.08463287353516,110.84553527832031,165.02999877929688,20.959999084472656,54.15999984741211,138.7498321533203,282.44561767578125,20.65633201599121,260.9166564941406,108.13797760009766,250.3800048828125,23.141632080078125,176.37655639648438,310.08349609375,35.67293167114258,150.718994140625,86.7008056640625,140.55970764160156,125.09709930419922,43.27777862548828,171.442626953125,103.63999938964844
2021-10-07,412.358154296875,353.03656005859375,210.92442321777344,121.79743957519531,110.35384368896484,164.16000366210938,20.899999618530273,55.36000061035156,140.01031494140625,284.122314453125,21.030540466308594,264.53668212890625,110.75437927246094,251.58999633789062,23.32010269165039,179.95263671875,311.66943359375,35.88549041748047,151.6731414794922,86.93531799316406,141.8166961669922,126.0982894897461,43.787227630615234,173.62132263183594,106.44999694824219
2021-10-08,411.6061096191406,351.276123046875,209.33726501464844,120.94498443603516,109.84549713134766,164.22999572753906,20.950000762939453,55.470001220703125,139.62925720214844,284.122314453125,20.787052154541016,261.8299865722656,108.78715515136719,248.13999938964844,24.03823471069336,179.41026306152344,313.4148254394531,36.06108474731445,151.78907775878906,86.11446380615234,141.45628356933594,125.57551574707031,43.919307708740234,172.6736602783203,105.05999755859375
2021-10-11,408.62615966796875,348.58197021484375,208.13742065429688,120.63806915283203,109.63714599609375,163.9199981689453,20.8799991607666,56.18000030517578,139.5413055419922,283.52490234375,20.651344299316406,263.9800109863281,108.43305206298828,256.5,23.948999404907227,177.3234405517578,316.36517333984375,35.70066833496094,148.59669494628906,86.3322525024414,140.85853576660156,126.0982894897461,43.878421783447266,169.52772521972656,104.68000030517578
2021-10-12,407.62030029296875,347.3661804199219,209.2805938720703,122.7010269165039,110.3371810913086,164.66000366210938,20.93000030517578,56.11000061035156,138.27105712890625,282.2240295410156,20.627391815185547,268.5733337402344,109.9084701538086,249.3300018310547,23.97024154663086,174.59315490722656,317.28656005859375,35.589759826660156,147.45530700683594,87.4630126953125,138.60836791992188,125.9122085571289,43.83125305175781,169.1466827392578,105.04000091552734
2021-10-13,409.0868225097656,350.14788818359375,210.27255249023438,123.89437103271484,110.8955078125,167.58999633789062,21.329999923706055,56.15999984741211,137.684814453125,285.5292663574219,20.894826889038086,270.3599853515625,111.57077026367188,246.77999877929688,23.948999404907227,173.6921844482422,320.51153564453125,35.386444091796875,143.5673828125,88.09960174560547,139.93563842773438,126.20462799072266,43.513641357421875,168.98062133789062,109.16000366210938
2021-10-14,415.96795654296875,356.5964660644531,213.3902130126953,124.354736328125,111.4205551147461,168.0,21.799999237060547,56.810001373291016,140.46957397460938,291.7349548339844,21.70012855529785,272.7733459472656,113.68553161621094,260.0,24.242198944091797,178.64723205566406,320.7861633300781,35.9779052734375,145.76992797851562,89.17172241210938,140.73553466796875,127.6310806274414,43.985347747802734,170.3972625732422,111.98999786376953
2021-10-15,419.13592529296875,358.84320068359375,212.71945190429688,123.63021087646484,111.02056884765625,165.3300018310547,21.579999923706055,57.150001525878906,141.52484130859375,293.1418151855469,21.81587791442871,281.010009765625,113.90193176269531,280.6099853515625,24.361177444458008,182.958740234375,323.9314270019531,36.5139274597168,148.56993103027344,89.10470581054688,141.78152465820312,127.95893859863281,44.19919204711914,172.40008544921875,112.12000274658203
2021-10-18,420.376708984375,362.45166015625,212.5966339111328,124.20986938476562,110.92886352539062,164.9199981689453,21.489999771118164,56.959999084472656,143.19570922851562,296.1097106933594,22.17512321472168,290.03668212890625,115.13143920898438,293.3399963378906,24.378173828125,182.18650817871094,323.3821105957031,36.523170471191406,148.51644897460938,89.33086395263672,140.7443084716797,126.11603546142578,44.55455017089844,167.20248413085938,116.43000030517578
2021-10-19,423.6199035644531,365.19451904296875,213.3902130126953,122.49640655517578,110.32050323486328,165.4499969482422,21.889999389648438,57.41999816894531,145.3551025390625,297.0155334472656,22.24298095703125,288.0899963378906,117.63963317871094,305.6300048828125,24.65437889099121,184.90765380859375,328.7599792480469,36.883602142333984,150.31773376464844,89.37274932861328,144.04054260253906,124.62751007080078,45.501102447509766,167.24154663085938,116.33000183105469
2021-10-20,425.28369140625,364.71795654296875,214.807373046875,121.66954040527344,110.05384063720703,166.89999389648438,22.530000686645508,58.119998931884766,145.84368896484375,296.22540283203125,22.056371688842773,288.6000061035156,116.75438690185547,314.7099914550781,24.854097366333008,187.7114715576172,328.8131408691406,37.179325103759766,152.34190368652344,90.7799301147461,143.96144104003906,125.11481475830078,45.91306686401367,166.62606811523438,116.38999938964844
2021-10-21,426.3930358886719,366.9451904296875,215.35528564453125,121.52459716796875,109.82050323486328,166.75,22.350000381469727,57.40999984741211,146.05865478515625,299.4534606933594,22.644126892089844,298.0,117.69866180419922,300.010009765625,24.395177841186523,185.82696533203125,330.5940246582031,37.022216796875,151.14698791503906,90.90558624267578,143.62741088867188,124.2143783569336,46.16779327392578,167.3978729248047,119.33000183105469
2021-10-22,425.9511413574219,363.8620300292969,214.8451385498047,122.86296081542969,110.26217651367188,167.77000427246094,22.540000915527344,58.029998779296875,145.28672790527344,297.91168212890625,22.678054809570312,303.2266540527344,115.81996154785156,300.8399963378906,24.6246337890625,185.4756622314453,331.887451171875,37.53974533081055,153.18014526367188,91.33275604248047,143.9087371826172,125.55168151855469,46.64893341064453,165.5220489501953,119.81999969482422
2021-10-25,428.23553466796875,367.58721923828125,216.88580322265625,122.67543029785156,110.31219482421875,168.92999267578125,22.739999771118164,57.83000183105469,145.2379150390625,296.9191589355469,23.117130279541016,341.6199951171875,119.81340789794922,325.5400085449219,24.985820770263672,186.91769409179688,333.4201965332031,37.49354934692383,152.43109130859375,91.62592315673828,144.22512817382812,125.56951141357422,47.1898307800293,168.05245971679688,122.36000061035156
2021-10-26,428.6208190917969,368.74456787109375,215.25137329101562,123.6897964477539,110.78720092773438,167.67999267578125,22.3700008392334,58.45000076293945,145.90234375,298.82720947265625,24.66485595703125,339.4766540527344,119.21341705322266,319.489990234375,25.130298614501953,184.54208374023438,294.0650329589844,37.52126693725586,152.84127807617188,91.87720489501953,145.6930389404297,127.35250091552734,46.777862548828125,168.08177185058594,122.93000030517578
2021-10-27,426.7220153808594,369.60052490234375,211.29287719726562,125.94029998779297,111.46222686767578,168.1199951171875,22.290000915527344,56.900001525878906,145.44309997558594,311.4119873046875,24.3994197845459,345.9533386230469,116.73472595214844,311.6700134277344,24.40791893005371,181.29754638671875,293.2056579589844,36.90208053588867,149.6578369140625,91.09822845458984,143.92626953125,126.44316864013672,46.39421081542969,165.64906311035156,122.27999877929688
2021-10-28,430.8394775390625,373.7050476074219,215.50648498535156,125.51402282714844,111.2955322265625,168.0800018310547,22.270000457763672,57.400001525878906,149.07794189453125,312.5491027832031,24.888383865356445,359.0133361816406,119.7740707397461,319.1300048828125,24.582141876220703,188.65554809570312,293.6043701171875,37.354923248291016,151.91390991210938,92.37136840820312,143.1439666748047,127.20093536376953,46.68352127075195,165.77606201171875,121.16000366210938
2021-10-29,431.713623046875,375.54327392578125,215.4497833251953,125.89764404296875,111.23719024658203,166.64999389648438,22.09000015258789,57.150001525878906,146.37135314941406,319.5544738769531,25.5130672454834,371.3333435058594,119.29209899902344,319.4200134277344,24.420669555664062,188.5816192626953,294.4283142089844,37.2070426940918,151.49478149414062,91.33275604248047,143.17031860351562,127.4773178100586,46.98856735229492,165.18011474609375,120.2300033569336
2021-11-01,432.4562072753906,376.8271484375,221.03326416015625,124.99122619628906,111.03851318359375,167.52000427246094,22.229999542236328,57.529998779296875,145.55055236816406,317.38641357421875,25.77251625061035,402.86334228515625,123.06916046142578,330.989990234375,24.841350555419922,189.84799194335938,293.19671630859375,37.22553634643555,151.41453552246094,91.78507995605469,143.29339599609375,127.16531372070312,47.10490798950195,166.27432250976562,125.2300033569336
2021-11-02,434.2046813964844,378.4028015136719,221.4961700439453,125.54595184326172,111.4643325805664,167.16000366210938,21.799999237060547,57.529998779296875,146.58628845214844,321.00958251953125,26.345306396484375,390.6666564941406,121.07243347167969,336.3399963378906,24.607637405395508,191.4563751220703,289.103515625,37.317962646484375,152.01197814941406,92.22062683105469,145.55238342285156,128.43124389648438,47.082908630371094,165.92262268066406,127.62999725341797
2021-11-03,436.8556213378906,382.41986083984375,225.4546661376953,124.24861907958984,111.18040466308594,165.77000427246094,21.809999465942383,55.34000015258789,148.02264404296875,321.84796142578125,26.54189109802246,404.6199951171875,122.59703063964844,344.3800048828125,24.40367317199707,188.1563720703125,293.5688781738281,37.456581115722656,152.06549072265625,92.5305404663086,145.0865478515625,129.31381225585938,47.227569580078125,166.1668701171875,130.52999877929688
2021-11-04,438.914306640625,387.32183837890625,225.36962890625,125.55455780029297,111.76495361328125,167.64999389648438,22.0,54.91999816894531,147.50477600097656,324.19921875,29.73813247680664,409.9700012207031,122.35112762451172,344.45001220703125,24.437665939331055,188.19334411621094,297.24566650390625,36.96677017211914,150.06802368164062,91.65105438232422,144.6822052001953,129.55455017089844,47.573482513427734,166.3622589111328,137.5
2021-11-05,440.4371337890625,387.6914978027344,228.44952392578125,127.43231201171875,112.583251953125,169.83999633789062,22.350000381469727,56.54999923706055,148.0331573486328,323.8329772949219,29.68923568725586,407.36334228515625,120.2855453491211,337.04998779296875,24.756362915039062,190.3101806640625,301.1351623535156,36.985252380371094,149.85400390625,92.12012481689453,143.65379333496094,130.19642639160156,47.243289947509766,171.58917236328125,136.33999633789062
2021-11-08,440.81317138671875,387.166259765625,229.1580810546875,127.19332885742188,112.32439422607422,170.4499969482422,22.649999618530273,57.09000015258789,147.21124267578125,324.7291259765625,30.73902130126953,387.64666748046875,121.37735748291016,353.9200134277344,24.981571197509766,198.04721069335938,302.8096618652344,37.188568115234375,150.75465393066406,92.04473876953125,143.16151428222656,129.2246856689453,46.94139862060547,172.80062866210938,150.16000366210938
2021-11-09,439.3561706542969,384.501220703125,227.82595825195312,128.84918212890625,112.62496948242188,171.2899932861328,22.530000686645508,57.970001220703125,147.57330322265625,323.7269592285156,30.592329025268555,341.1666564941406,118.59374237060547,357.3900146484375,25.083559036254883,193.9429168701172,299.6112976074219,36.985252380371094,149.61322021484375,92.2038803100586,142.8450927734375,129.61697387695312,47.10490798950195,171.08114624023438,148.9199981689453
2021-11-10,435.82159423828125,378.8502197265625,224.2359161376953,126.49343872070312,111.47268676757812,173.14999389648438,22.8700008392334,56.31999969482422,144.7452850341797,318.7642822265625,29.39685821533203,355.98333740234375,114.62979888916016,328.6000061035156,24.420669555664062,191.04043579101562,299.1328430175781,36.92057418823242,149.47056579589844,91.77668762207031,144.39215087890625,130.89181518554688,46.68037796020508,170.4363250732422,139.8699951171875
2021-11-11,435.9625244140625,379.90069580078125,226.04039001464844,126.30563354492188,111.15538787841797,174.1199951171875,23.350000381469727,56.220001220703125,144.6964111328125,320.3349914550781,30.32589340209961,354.5033264160156,115.41667938232422,336.3900146484375,24.51415252685547,192.75975036621094,297.59130859375,37.022216796875,149.46165466308594,91.92748260498047,143.32855224609375,130.5173797607422,46.69925308227539,158.3802490234375,146.00999450683594
2021-11-12,439.2527160644531,383.8982238769531,226.2671356201172,125.75084686279297,111.03851318359375,174.4499969482422,23.420000076293945,55.97999954223633,146.77090454101562,324.46893310546875,30.32589340209961,344.47332763671875,116.54783630371094,342.9800109863281,24.454666137695312,193.4438018798828,300.3998107910156,37.10540008544922,148.79281616210938,91.86045837402344,145.04257202148438,130.6599884033203,46.46653747558594,155.95729064941406,147.88999938964844
2021-11-15,439.4031066894531,383.81072998046875,225.36962890625,124.17176818847656,110.19510650634766,174.17999267578125,23.239999771118164,56.06999969482422,146.7806854248047,323.84259033203125,29.961654663085938,337.7966613769531,115.60356903076172,345.3599853515625,24.65862464904785,192.00177001953125,302.0477600097656,37.10540008544922,148.52536010742188,92.50540161132812,143.73291015625,131.40890502929688,46.199241638183594,154.784912109375,146.49000549316406
2021-11-16,441.1421813964844,386.5438537597656,225.78533935546875,123.85601806640625,110.01145935058594,172.9199981689453,22.959999084472656,56.20000076293945,147.75921630859375,327.1574401855469,30.1392822265625,351.57666015625,116.97077941894531,342.1199951171875,24.696874618530273,189.8942108154297,301.5603942871094,37.06842803955078,147.45530700683594,91.89395904541016,142.98574829101562,131.22171020507812,45.02310562133789,155.17572021484375,152.4499969482422
2021-11-17,440.07061767578125,386.748046875,222.82823181152344,124.83756256103516,110.45399475097656,174.5,23.170000076293945,55.0,150.19577026367188,327.3794860839844,29.19927215576172,363.0033264160156,114.80684661865234,346.5199890136719,24.318683624267578,187.62948608398438,302.99566650390625,36.643314361572266,146.66163635253906,92.17874908447266,143.5219268798828,131.14144897460938,44.63631057739258,153.710205078125,151.33999633789062
2021-11-18,441.5652160644531,390.7552795410156,221.88352966308594,125.3070068359375,110.70447540283203,173.94000244140625,22.959999084472656,55.54999923706055,154.4817352294922,329.4550476074219,31.608177185058594,365.4599914550781,111.95437622070312,323.57000732421875,24.174205780029297,186.1874542236328,303.0754089355469,36.45847702026367,145.39540100097656,92.19550323486328,142.74839782714844,131.15924072265625,45.01996994018555,152.00047302246094,155.02000427246094
2021-11-19,440.775634765625,392.93402099609375,219.8617706298828,126.6300048828125,111.12196350097656,172.61000061035156,22.75,53.779998779296875,157.104248046875,331.2313232421875,32.9154167175293,379.0199890136719,111.3838882446289,332.54998779296875,23.230867385864258,185.28160095214844,302.5084533691406,36.06108474731445,143.4960479736328,91.65105438232422,143.17910766601562,130.89181518554688,44.7778205871582,150.45684814453125,155.41000366210938
2021-11-22,439.5347595214844,388.37237548828125,218.92642211914062,125.14480590820312,110.15335083007812,168.74000549316406,22.34000015258789,54.45000076293945,157.56414794921875,328.06488037109375,31.888586044311523,385.6233215332031,106.71173858642578,315.4800109863281,23.643051147460938,187.0748291015625,305.6448059082031,36.56938171386719,146.5546417236328,91.19873809814453,141.2946014404297,131.76548767089844,45.52940368652344,150.6131591796875,152.52000427246094
2021-11-23,440.11761474609375,386.6021728515625,218.5485382080078,123.33536529541016,109.36846923828125,167.27999877929688,21.920000076293945,56.20000076293945,157.94578552246094,325.9892883300781,31.679025650024414,369.6766662597656,104.22321319580078,317.20001220703125,24.369674682617188,189.8017578125,305.8219299316406,37.142364501953125,150.0591278076172,91.93583679199219,142.1704864501953,133.22756958007812,45.85331726074219,147.55517578125,149.9199981689453
2021-11-24,441.2926330566406,387.8471374511719,218.78472900390625,125.3155746459961,109.89453887939453,167.1199951171875,21.790000915527344,55.880001068115234,158.4644317626953,326.21142578125,32.60506820678711,372.0,106.0035400390625,312.3800048828125,24.607637405395508,191.41018676757812,304.4044189453125,37.05918502807617,148.88204956054688,93.04986572265625,141.7723388671875,132.5321807861328,46.0828857421875,147.8580322265625,157.8000030517578
2021-11-26,431.4504699707031,380.49407958984375,210.53709411621094,128.4821319580078,110.78797149658203,166.85000610351562,21.3700008392334,49.630001068115234,153.4444580078125,318.2663269042969,31.436538696289062,360.6400146484375,105.36420440673828,303.19000244140625,23.617557525634766,183.70089721679688,303.6424560546875,35.830039978027344,144.39666748046875,90.4616470336914,140.85223388671875,131.47129821777344,45.5671501159668,144.7023468017578,154.80999755859375
2021-11-29,436.7427978515625,388.7516784667969,210.40484619140625,127.44940948486328,110.86310577392578,166.6199951171875,21.15999984741211,50.16999816894531,156.80093383789062,324.9756774902344,33.30558776855469,378.9966735839844,105.16747283935547,319.3900146484375,23.753528594970703,181.1033935546875,302.3223876953125,35.940940856933594,143.77244567871094,91.13172912597656,141.33883666992188,132.8531036376953,44.85329055786133,144.40924072265625,161.91000366210938
2021-11-30,428.2449035644531,383.0423583984375,206.11566162109375,129.3869171142578,111.10527801513672,165.5,21.059999465942383,47.90999984741211,161.7523193359375,319.144775390625,32.607059478759766,381.586669921875,103.9576416015625,315.0,23.19687271118164,178.727783203125,297.75762939453125,35.08146286010742,141.63230895996094,89.40625,137.95907592773438,128.89483642578125,44.22434997558594,141.56619262695312,158.3699951171875
2021-12-01,423.4882507324219,376.525634765625,201.4769287109375,130.18507385253906,111.12115478515625,166.16000366210938,20.56999969482422,47.040000915527344,161.23365783691406,318.65240478515625,31.372522354125977,365.0,96.98384857177734,294.5,22.950410842895508,176.98997497558594,293.3804016113281,34.69331741333008,140.79408264160156,87.93207550048828,139.8612823486328,130.5173797607422,43.12683868408203,138.87945556640625,149.11000061035156
2021-12-02,429.9745178222656,379.2393798828125,207.09823608398438,130.34750366210938,111.38046264648438,165.24000549316406,20.690000534057617,48.290000915527344,160.24539184570312,318.0828552246094,32.062156677246094,361.5333251953125,97.39696502685547,284.7099914550781,23.617557525634766,181.90757751464844,295.2652893066406,35.728389739990234,143.75457763671875,90.57054901123047,138.98541259765625,131.28408813476562,42.60166549682617,143.8132781982422,150.67999267578125
2021-12-03,426.233154296875,372.6449279785156,202.8468475341797,131.90274047851562,112.30899047851562,166.6300048828125,20.850000381469727,48.0,158.36654663085938,311.82720947265625,30.632001876831055,338.3233337402344,91.9969482421875,265.6499938964844,23.43058204650879,182.84121704101562,298.19525146484375,35.146156311035156,141.15078735351562,90.26899719238281,141.011474609375,133.61984252929688,43.24319076538086,142.8558349609375,144.00999450683594
2021-12-06,431.28118896484375,375.63092041015625,206.91873168945312,130.09107971191406,111.74018859863281,166.22000122070312,20.709999084472656,50.5099983215332,161.77186584472656,314.89715576171875,29.977304458618164,336.336669921875,93.3936767578125,263.239990234375,23.779027938842773,186.05809020996094,303.6891174316406,35.68218231201172,142.81832885742188,91.85209655761719,144.1612091064453,135.64356994628906,43.711753845214844,146.9103546142578,139.05999755859375
2021-12-07,440.2021179199219,386.94256591796875,211.71798706054688,129.03993225097656,111.7903823852539,166.80999755859375,20.809999465942383,51.59000015258789,167.50607299804688,323.324951171875,32.362548828125,350.5833435058594,98.46910095214844,286.4200134277344,24.335683822631836,189.0252685546875,302.9833984375,36.319854736328125,144.9674072265625,93.17548370361328,144.53280639648438,135.28697204589844,43.57024383544922,147.34024047851562,144.85000610351562
2021-12-08,441.3677978515625,388.6738586425781,213.1634979248047,126.80953216552734,111.04588317871094,166.89999389648438,20.760000228881836,52.41999816894531,171.3223876953125,323.3731384277344,31.76275062561035,356.32000732421875,101.52812194824219,287.4800109863281,24.331430435180664,188.74794006347656,304.6895751953125,36.12578582763672,143.30877685546875,93.84557342529297,145.3998260498047,135.89321899414062,43.129981994628906,149.81201171875,145.24000549316406
2021-12-09,438.387939453125,382.9547424316406,208.33584594726562,127.5188217163086,110.95384979248047,165.8800048828125,20.299999237060547,51.02000045776367,170.81358337402344,321.5679626464844,30.429407119750977,334.6000061035156,96.12811279296875,263.9100036621094,24.14446258544922,188.6925506591797,306.9407958984375,36.051841735839844,143.0858612060547,92.48865509033203,146.780029296875,136.6866455078125,43.729888916015625,149.4212188720703,138.10000610351562
2021-12-10,442.5146484375,387.1177062988281,207.75955200195312,127.21117401123047,111.07936096191406,166.5800018310547,20.5,52.029998779296875,175.5986328125,330.6810607910156,30.137985229492188,339.010009765625,94.59367370605469,255.75999450683594,24.322933197021484,188.0731964111328,308.084228515625,36.088802337646484,142.51513671875,92.7734603881836,146.4173126220703,138.59446716308594,44.52870178222656,149.19651794433594,138.5500030517578
2021-12-13,438.5946960449219,381.52496337890625,204.7233428955078,129.09120178222656,111.58122253417969,167.0,20.610000610351562,51.439998626708984,171.96826171875,327.6497497558594,28.105031967163086,322.13665771484375,92.95105743408203,251.3699951171875,23.647296905517578,186.03030395507812,308.6827392578125,35.70066833496094,140.82086181640625,93.64456939697266,149.03614807128906,140.56472778320312,45.3306884765625,146.9689483642578,133.8000030517578
2021-12-14,435.5771789550781,377.576171875,202.9607696533203,128.7836151123047,111.07936096191406,165.44000244140625,20.309999465942383,50.91999816894531,170.58848571777344,316.9727478027344,28.28068733215332,319.5033264160156,91.88874816894531,255.86000061035156,23.549562454223633,186.39085388183594,308.7630920410156,35.9132194519043,141.8998565673828,92.44677734375,150.6641082763672,141.08180236816406,45.76323699951172,145.66957092285156,135.60000610351562
2021-12-15,442.38299560546875,386.1839294433594,206.18270874023438,127.54444122314453,111.22156524658203,166.14999389648438,20.40999984741211,51.619998931884766,175.4518585205078,323.0642395019531,30.39846420288086,325.3299865722656,93.86580657958984,258.29998779296875,23.434833526611328,187.2319793701172,307.6732482910156,36.01487731933594,140.8386688232422,93.74506378173828,151.41612243652344,141.62559509277344,46.025306701660156,146.9396514892578,146.5
2021-12-16,438.48193359375,376.2532958984375,202.01315307617188,127.59406280517578,111.21819305419922,168.16000366210938,20.790000915527344,51.869998931884766,168.5629119873047,313.65179443359375,28.330585479736328,308.97332763671875,90.36416625976562,247.1699981689453,23.583559036254883,190.57826232910156,308.04852294921875,36.467716217041016,143.041259765625,93.7115707397461,153.07061767578125,143.63153076171875,45.25806427001953,145.32760620117188,138.63999938964844
2021-12-17,433.8151550292969,374.3761901855469,203.87051391601562,129.03990173339844,111.47801208496094,167.8000030517578,20.68000030517578,50.779998779296875,167.46694946289062,312.5898742675781,27.74574851989746,310.8566589355469,95.60679626464844,243.35000610351562,23.103389739990234,186.1412353515625,307.4231872558594,35.663692474365234,139.78648376464844,93.59429931640625,148.84152221679688,140.37753295898438,43.80882263183594,145.33738708496094,137.75
2021-12-20,429.20233154296875,370.7445373535156,201.00869750976562,128.07321166992188,110.99190521240234,167.08999633789062,20.56999969482422,49.900001525878906,166.1068115234375,308.83453369140625,27.663915634155273,299.9800109863281,93.17728424072266,238.0500030517578,22.817153930664062,180.67820739746094,301.4201354980469,34.97095489501953,137.27182006835938,92.86557006835938,148.4168243408203,140.73411560058594,43.95090866088867,143.10008239746094,135.8000030517578
2021-12-21,436.8244934082031,379.04205322265625,206.75125122070312,127.58551788330078,111.20983123779297,167.02000427246094,20.770000457763672,51.56999969482422,169.2772674560547,315.9591064453125,29.0172176361084,312.84332275390625,96.75762176513672,247.69000244140625,23.467105865478516,183.31265258789062,304.4126892089844,35.69526290893555,139.1890106201172,93.91259765625,147.93910217285156,140.64495849609375,44.08351135253906,147.57470703125,144.25
2021-12-22,441.1921081542969,383.6582336425781,208.74124145507812,128.1758270263672,111.38582611083984,168.58999633789062,21.100000381469727,52.47999954223633,171.87037658691406,321.6644287109375,29.341569900512695,336.2900085449219,96.64942169189453,254.5500030517578,23.617753982543945,186.86228942871094,306.52984619140625,35.8624153137207,139.73297119140625,94.87584686279297,148.57608032226562,142.03570556640625,44.140342712402344,148.3856201171875,143.8800048828125
2021-12-23,443.937255859375,386.5505676269531,210.40904235839844,127.06362915039062,111.21819305419922,168.97000122070312,21.15999984741211,53.130001068115234,172.49668884277344,323.1029357910156,29.58109474182129,355.6666564941406,97.4461441040039,268.1499938964844,23.63066864013672,190.60598754882812,309.995849609375,36.04813003540039,140.23231506347656,94.77532196044922,148.85923767089844,142.73110961914062,44.04246520996094,150.09536743164062,146.13999938964844
2021-12-27,450.21990966796875,392.939208984375,212.38011169433594,127.37166595458984,111.5450668334961,169.3699951171875,21.329999923706055,54.52000045776367,176.45974731445312,330.59417724609375,30.883501052856445,364.64666748046875,95.81336212158203,280.2699890136719,24.147180557250977,190.7723388671875,312.9080810546875,36.41957092285156,141.03488159179688,96.38426971435547,150.11557006835938,144.3982391357422,44.443443298339844,149.28443908691406,154.36000061035156
2021-12-28,449.8520202636719,391.1180725097656,211.0818328857422,126.86685943603516,111.4026107788086,168.63999938964844,21.270000457763672,54.66999816894531,175.44203186035156,329.4357604980469,30.261741638183594,362.8233337402344,94.06253051757812,261.3299865722656,24.129972457885742,190.99420166015625,316.0078430175781,36.438148498535156,141.46290588378906,96.73937225341797,150.7172088623047,145.17385864257812,45.08125305175781,151.62921142578125,153.14999389648438
2021-12-29,450.42742919921875,391.0595703125,211.309326171875,125.48090362548828,110.79078674316406,168.58999633789062,21.110000610351562,55.08000183105469,175.53013610839844,330.11151123046875,29.941375732421875,362.0633239746094,93.05394744873047,252.60000610351562,23.975013732910156,191.6505126953125,316.4723815917969,36.3917121887207,141.3915557861328,97.39039611816406,151.7789306640625,146.3773956298828,45.059139251708984,151.30682373046875,148.25999450683594
2021-12-30,449.1823425292969,389.8910217285156,211.25242614746094,126.53324890136719,111.2349853515625,169.8000030517578,21.34000015258789,55.099998474121094,174.3754119873047,327.5726013183594,29.527202606201172,356.7799987792969,95.90020751953125,256.7900085449219,23.828662872314453,190.49501037597656,315.85595703125,36.32670974731445,141.32022094726562,97.8131332397461,152.45130920410156,145.11143493652344,45.204383850097656,152.34243774414062,145.14999389648438
2021-12-31,448.0502014160156,387.456298828125,210.79754638671875,126.78137969970703,111.0673828125,170.9600067138672,21.510000228881836,54.36000061035156,173.7589569091797,324.6764831542969,29.35255241394043,352.260009765625,93.80765533447266,252.3699951171875,23.88892364501953,191.10513305664062,317.4907531738281,36.2617073059082,141.20431518554688,98.08367919921875,151.3541717529297,145.8335723876953,45.68430709838867,151.3263702392578,143.89999389648438
2022-01-03,450.64453125,391.18621826171875,213.5172576904297,123.45327758789062,109.8855972290039,168.3300018310547,21.18000030517578,54.83000183105469,178.1036834716797,323.1607666015625,30.061138153076172,399.9266662597656,96.18780517578125,251.0500030517578,24.629270553588867,191.345458984375,316.552734375,36.707435607910156,144.19161987304688,97.31429290771484,151.77003479003906,145.2273406982422,45.671688079833984,153.1533203125,150.24000549316406
2022-01-04,450.49346923828125,386.1123046875,213.19505310058594,122.93995666503906,109.97779846191406,169.57000732421875,21.31999969482422,55.59000015258789,175.84323120117188,317.61956787109375,29.231792449951172,383.1966552734375,91.92337799072266,250.14999389648438,25.481521606445312,201.58753967285156,323.3688049316406,37.67317581176758,149.6578369140625,97.1959457397461,151.36306762695312,145.7354736328125,44.83497619628906,152.14703369140625,144.4199981689453
2022-01-05,441.8430480957031,374.2505187988281,205.97421264648438,122.27266693115234,109.33244323730469,169.05999755859375,21.0,55.43000030517578,171.16583251953125,305.4267272949219,27.549142837524414,362.7066650390625,85.40771484375,234.22999572753906,25.477216720581055,203.13128662109375,319.9294738769531,37.23673629760742,146.92178344726562,94.414306640625,152.37164306640625,146.3952178955078,45.44118881225586,151.6194610595703,136.14999389648438
2022-01-06,441.427978515625,373.987548828125,207.14926147460938,122.58920288085938,109.18994903564453,166.99000549316406,20.510000228881836,56.88999938964844,168.3085174560547,303.0133972167969,28.121999740600586,354.8999938964844,84.87218475341797,234.0,26.045387268066406,205.20181274414062,319.8044128417969,37.784610748291016,148.482666015625,94.49886322021484,151.8496856689453,145.16493225097656,45.31489181518555,153.29010009765625,136.22999572753906
2022-01-07,439.68280029296875,369.93621826171875,204.7517852783203,121.70801544189453,108.72061157226562,167.75,20.6200008392334,56.66999816894531,168.47483825683594,303.16778564453125,27.19285011291504,342.32000732421875,83.72177124023438,232.3300018310547,26.402645111083984,207.23548889160156,321.7160949707031,38.2303352355957,149.953857421875,93.87318420410156,153.90228271484375,145.08470153808594,45.74745559692383,154.19871520996094,132.0
2022-01-10,439.13568115234375,370.1796569824219,204.0410614013672,122.00746154785156,108.62004852294922,168.25999450683594,20.760000228881836,56.15999984741211,168.49441528320312,303.3898010253906,27.345544815063477,352.7066650390625,83.93995666503906,225.00999450683594,26.320859909057617,204.8783416748047,324.4942932128906,38.10033416748047,150.09742736816406,93.33209228515625,153.14137268066406,143.10552978515625,45.659053802490234,152.9970245361328,132.0
2022-01-11,443.13543701171875,375.7405090332031,206.2111053466797,122.8202133178711,108.9469223022461,170.2899932861328,21.049999237060547,58.15999984741211,171.3223876953125,304.0752868652344,27.76171875,354.79998779296875,86.26060485839844,237.22999572753906,27.216157913208008,203.31613159179688,325.28936767578125,38.434627532958984,150.24990844726562,93.47584533691406,151.5134735107422,141.4473114013672,45.529598236083984,154.25733947753906,137.30999755859375
2022-01-12,444.3334655761719,377.2305908203125,204.67601013183594,122.34965515136719,108.8714599609375,170.74000549316406,21.450000762939453,58.90999984741211,171.7627716064453,307.25128173828125,27.943359375,368.739990234375,83.86061096191406,234.6999969482422,27.26780891418457,205.58082580566406,322.7523498535156,38.46248245239258,151.10211181640625,93.58574676513672,150.22169494628906,141.7593536376953,45.28963088989258,154.16941833496094,137.47000122070312
2022-01-13,438.2111511230469,367.7936706542969,202.79971313476562,123.43623352050781,109.215087890625,170.16000366210938,21.329999923706055,58.27000045776367,168.49441528320312,294.2475891113281,26.522188186645508,343.85333251953125,79.31849670410156,228.22999572753906,27.130069732666016,209.83294677734375,326.2183837890625,38.313907623291016,150.91371154785156,93.39974212646484,149.31044006347656,141.1174774169922,45.930580139160156,151.8636932373047,132.74000549316406
2022-01-14,438.3904113769531,370.0823669433594,203.08396911621094,121.57112884521484,108.25126647949219,169.6699981689453,21.200000762939453,59.970001220703125,169.3555450439453,299.46075439453125,26.888452529907227,349.8699951171875,79.57634735107422,230.02999877929688,27.767112731933594,211.6262664794922,332.86456298828125,37.91461181640625,141.6380615234375,92.55426025390625,148.4964141845703,142.47254943847656,45.8011360168457,148.44422912597656,136.8800048828125
2022-01-18,430.62664794921875,360.86944580078125,196.94338989257812,119.86006164550781,107.22037506103516,169.38999938964844,21.690000534057617,60.970001220703125,166.1557159423828,292.17205810546875,25.851520538330078,343.5033264160156,76.27389526367188,222.0,27.8790225982666,212.48593139648438,336.3663635253906,37.0695915222168,135.69947814941406,91.58197021484375,147.84176635742188,139.7266845703125,44.99916076660156,148.7666473388672,131.92999267578125
2022-01-19,426.1552734375,356.9057922363281,193.740478515625,120.6899185180664,107.38801574707031,172.0800018310547,22.3700008392334,61.04999923706055,162.66236877441406,292.8285827636719,25.017181396484375,331.8833312988281,75.12348175048828,219.5,27.676721572875977,205.89102172851562,337.0719909667969,36.44742965698242,133.60031127929688,90.34756469726562,147.38168334960938,144.42495727539062,45.44750213623047,146.6563262939453,128.27000427246094
2022-01-20,421.43853759765625,352.2702331542969,190.23428344726562,121.43428802490234,107.329345703125,171.64999389648438,22.6200008392334,60.65999984741211,160.97921752929688,291.158447265625,24.102006912231445,332.0899963378906,75.24249267578125,221.6199951171875,27.42276382446289,201.2188262939453,335.10675048828125,36.215267181396484,132.46104431152344,89.18924713134766,146.20498657226562,145.2047576904297,44.58869934082031,144.22361755371094,121.88999938964844
2022-01-21,413.16546630859375,342.502197265625,186.67124938964844,122.88008117675781,108.03335571289062,171.08999633789062,22.3799991607666,60.779998779296875,158.92431640625,285.7812805175781,23.327547073364258,314.6333312988281,70.928466796875,191.97000122070312,26.880422592163086,198.85955810546875,331.5960693359375,35.47239303588867,130.14659118652344,88.96944427490234,145.8687286376953,145.76046752929688,44.26348876953125,134.21922302246094,118.80999755859375
2022-01-24,414.9200744628906,344.07012939453125,190.97344970703125,121.87057495117188,107.69811248779297,172.02999877929688,22.110000610351562,60.11000061035156,158.15127563476562,286.1094665527344,23.325551986694336,310.0,72.9317626953125,191.47999572753906,27.061206817626953,199.08245849609375,333.4988098144531,35.57454299926758,130.03001403808594,89.13854217529297,144.187744140625,144.57733154296875,44.266639709472656,134.29739379882812,116.52999877929688
2022-01-25,409.8542785644531,336.0940856933594,188.42433166503906,121.67375946044922,107.39640045166016,172.5800018310547,22.020000457763672,60.970001220703125,156.3507537841797,278.5023193359375,22.279634475708008,306.1333312988281,70.21442413330078,185.6300048828125,28.1114559173584,199.0638885498047,345.86224365234375,35.72312545776367,131.4473419189453,88.783447265625,148.3107147216797,142.9998321533203,43.30363464355469,133.3692169189453,111.12999725341797
2022-01-26,408.8260192871094,335.5682067871094,185.70468139648438,120.20228576660156,106.66720581054688,169.7899932861328,21.719999313354492,61.68000030517578,156.2626953125,286.43768310546875,22.726743698120117,312.4700012207031,68.45906066894531,178.63999938964844,28.064105987548828,199.0453338623047,349.49798583984375,35.815982818603516,132.6942596435547,87.39686584472656,148.97422790527344,141.75392150878906,42.861602783203125,130.5261993408203,110.70999908447266
2022-01-27,406.8072509765625,332.1888122558594,181.48776245117188,122.40960693359375,106.91028594970703,167.60000610351562,21.020000457763672,61.86000061035156,155.8028106689453,289.45941162109375,21.900388717651367,276.3666687011719,65.7813949584961,170.1999969482422,28.369714736938477,197.0761260986328,347.5684509277344,35.4909782409668,130.35292053222656,85.95108795166016,150.92950439453125,142.63233947753906,42.8900146484375,132.30430603027344,102.5999984741211
2022-01-28,416.91058349609375,342.6092834472656,185.0223846435547,122.45233154296875,107.0275650024414,167.10000610351562,20.709999084472656,61.970001220703125,166.6743927001953,297.5879211425781,22.79460906982422,282.1166687011719,68.34005737304688,177.5800018310547,28.249189376831055,186.84942626953125,351.2042236328125,35.95527648925781,131.51913452148438,88.73271942138672,151.99122619628906,143.86026000976562,43.42045593261719,135.44046020507812,105.23999786376953
2022-01-31,424.41949462890625,353.56536865234375,190.69863891601562,121.81917572021484,107.07787322998047,168.08999633789062,20.799999237060547,62.47999954223633,171.02882385253906,300.2137756347656,24.437334060668945,312.239990234375,74.8061294555664,190.14999389648438,28.374019622802734,187.22096252441406,347.6130676269531,36.27099609375,133.30429077148438,89.8233871459961,152.43357849121094,143.81546020507812,44.14350128173828,139.68060302734375,114.25
2022-02-01,427.28729248046875,355.9708251953125,192.7075653076172,121.41487884521484,107.25592041015625,168.22999572753906,20.940000534057617,62.529998779296875,170.8624725341797,298.0705261230469,24.58903694152832,310.4166564941406,76.4424819946289,197.72999572753906,29.385528564453125,190.7413330078125,345.7192687988281,36.772430419921875,135.591796875,89.50209045410156,151.18609619140625,143.17906188964844,44.490821838378906,141.16563415527344,116.77999877929688
2022-02-02,431.43798828125,358.8633117675781,190.7933807373047,121.82606506347656,107.26431274414062,168.83999633789062,20.93000030517578,62.52000045776367,172.06605529785156,302.6078186035156,25.19183921813965,301.88665771484375,72.53507232666016,187.3699951171875,29.480226516723633,190.36045837402344,346.01409912109375,37.02315139770508,134.50634765625,90.64349365234375,152.85829162597656,145.74256896972656,44.471866607666016,139.33865356445312,122.76000213623047
2022-02-03,421.2970275878906,344.31365966796875,187.1829376220703,120.87511444091797,106.3994140625,168.60000610351562,20.709999084472656,63.5099983215332,169.18917846679688,290.8205261230469,23.90040397644043,297.0466613769531,68.46897888183594,181.30999755859375,29.2004451751709,186.3199462890625,348.1223449707031,36.61457443237305,133.3939971923828,89.67963409423828,152.84938049316406,147.1229248046875,44.51606369018555,136.80825805664062,120.08000183105469
2022-02-04,423.278076171875,348.6570739746094,187.9884033203125,119.09319305419922,105.34138488769531,168.86000061035156,20.790000915527344,64.91000366210938,168.90501403808594,295.3481750488281,24.27066993713379,307.7733459472656,72.1482925415039,194.44000244140625,29.656700134277344,184.29502868652344,347.791748046875,37.23673629760742,136.85667419433594,88.79188537597656,151.8496856689453,144.78347778320312,43.99195098876953,138.75247192382812,123.5999984741211
2022-02-07,421.9196472167969,345.85235595703125,188.9170684814453,119.17024230957031,105.53450775146484,170.11000061035156,21.270000457763672,64.68000030517578,168.18980407714844,290.531005859375,24.67885971069336,302.4466552734375,71.88053131103516,205.74000549316406,30.035480499267578,185.60472106933594,350.4805908203125,37.34817123413086,137.31417846679688,88.66509246826172,151.34536743164062,143.69894409179688,43.55938720703125,139.23117065429688,123.66999816894531
2022-02-08,425.39117431640625,349.73809814453125,192.13897705078125,118.3735122680664,105.13983917236328,170.6300048828125,21.450000762939453,63.619998931884766,171.29574584960938,294.0159606933594,25.058101654052734,307.3333435058594,71.79127502441406,208.72999572753906,29.389833450317383,187.16517639160156,353.7859191894531,37.86818313598633,139.8977508544922,88.25079345703125,151.74349975585938,143.37625122070312,43.56885528564453,139.20187377929688,128.22999572753906
2022-02-09,431.6172790527344,357.1492919921875,195.7873077392578,118.59622192382812,105.49251556396484,171.2100067138672,21.530000686645508,64.16999816894531,172.71641540527344,300.4356994628906,26.651926040649414,310.6666564941406,75.48050689697266,214.5,29.63517951965332,189.11582946777344,352.4458312988281,38.109615325927734,140.48085021972656,90.24610900878906,151.72579956054688,143.05361938476562,43.47413635253906,143.84259033203125,132.85000610351562
2022-02-10,423.8629455566406,349.0660400390625,192.7834014892578,116.71144104003906,104.05662536621094,170.55999755859375,21.420000076293945,63.959999084472656,168.64053344726562,291.9114685058594,25.77267837524414,301.51666259765625,73.14994049072266,204.77000427246094,29.450096130371094,188.62351989746094,344.307861328125,37.77532196044922,139.8977508544922,88.11551666259766,149.89437866210938,140.87551879882812,42.965797424316406,148.65916442871094,125.7699966430664
2022-02-11,415.5048828125,337.9931640625,190.831298828125,118.44205474853516,104.82915496826172,173.80999755859375,21.829999923706055,65.73999786376953,165.2308807373047,284.8255615234375,23.90140151977539,286.6666564941406,71.30532836914062,194.52999877929688,30.306655883789062,186.92373657226562,353.9198303222656,37.24601745605469,138.0767059326172,87.31230163574219,148.3814697265625,140.08676147460938,42.7289924621582,146.0310516357422,113.18000030517578
2022-02-14,414.146484375,338.411865234375,190.16798400878906,116.9684829711914,103.89707946777344,174.74000549316406,22.049999237060547,66.36000061035156,165.46600341796875,284.78692626953125,24.218774795532227,291.9200134277344,70.79954528808594,195.25,29.592134475708008,185.6697540283203,345.6835632324219,36.828155517578125,136.79388427734375,86.51756286621094,146.51463317871094,140.4901123046875,42.29327392578125,147.37930297851562,114.2699966430664
2022-02-15,420.8254089355469,346.82623291015625,195.26611328125,115.6405258178711,103.37645721435547,173.0800018310547,21.610000610351562,64.27999877929688,169.2969512939453,290.0675964355469,26.442344665527344,307.4766540527344,74.6573715209961,208.9499969482422,29.2822322845459,188.93934631347656,341.44036865234375,37.3296012878418,138.7943878173828,87.29539489746094,148.02755737304688,140.56178283691406,42.425880432128906,151.16026306152344,121.47000122070312
2022-02-16,421.2970275878906,346.7385559082031,195.6736297607422,116.3259506225586,103.52760314941406,174.86000061035156,21.8700008392334,63.540000915527344,169.0618438720703,289.7289733886719,26.45831298828125,307.7966613769531,72.26730346679688,207.9600067138672,29.518970489501953,189.15293884277344,345.62103271484375,37.357460021972656,139.0455322265625,87.70123291015625,147.93910217285156,141.62843322753906,42.1606559753418,152.75277709960938,117.69000244140625
2022-02-17,412.29754638671875,336.42523193359375,190.66073608398438,117.19123840332031,103.60318756103516,177.25,22.040000915527344,64.16999816894531,165.46600341796875,281.24517822265625,24.458293914794922,292.1166687011719,67.61609649658203,191.9199981689453,29.471614837646484,180.88613891601562,347.2914733886719,36.42885208129883,135.843017578125,86.77120971679688,147.03663635253906,143.2508087158203,43.849857330322266,149.43096923828125,112.37000274658203
2022-02-18,409.6278381347656,332.588134765625,189.0213165283203,118.4249267578125,103.8551254272461,177.1199951171875,22.1200008392334,64.73999786376953,163.91796875,278.5364685058594,23.595014572143555,285.6600036621094,64.26405334472656,189.16000366210938,29.29083251953125,178.29457092285156,345.2279968261719,36.41957092285156,136.4799346923828,86.24700927734375,145.4605712890625,143.3224639892578,43.56885528564453,147.8775634765625,113.83000183105469
2022-02-22,405.2319641113281,329.2476806640625,186.35855102539062,118.73329162597656,103.72073364257812,177.49000549316406,22.309999465942383,65.54000091552734,160.99818420410156,278.3332824707031,23.3435115814209,273.84332275390625,62.8657112121582,176.75999450683594,28.81736183166504,177.60726928710938,344.9956970214844,36.23385238647461,136.23770141601562,85.93419647216797,143.4838104248047,141.55673217773438,43.08261489868164,144.6828155517578,115.6500015258789
2022-02-23,398.0436096191406,320.81402587890625,182.8712921142578,117.09691619873047,102.78028106689453,178.2899932861328,22.729999542236328,66.23999786376953,156.8341064453125,271.1263732910156,22.342510223388672,254.67999267578125,60.37647247314453,172.74000549316406,29.114355087280273,173.3902130126953,347.4076232910156,35.60239791870117,133.385009765625,84.5137710571289,143.55503845214844,139.79095458984375,42.640586853027344,142.5138702392578,109.76000213623047
2022-02-24,404.0338439941406,331.5947570800781,187.66622924804688,117.17412567138672,103.26728820800781,177.13999938964844,22.309999465942383,66.33999633789062,159.45010375976562,284.9791564941406,23.7007999420166,266.92333984375,65.0772705078125,179.55999755859375,28.88623046875,171.5510711669922,353.49102783203125,35.17524337768555,129.671142578125,85.93419647216797,140.81251525878906,136.02638244628906,42.47639846801758,145.96267700195312,116.61000061035156
2022-02-25,412.94842529296875,336.73681640625,191.89260864257812,117.259765625,103.68717193603516,176.5500030517578,22.399999618530273,65.80000305175781,161.5175018310547,287.6104736328125,24.108991622924805,269.9566650390625,67.25907135009766,176.8300018310547,29.648099899291992,173.75245666503906,365.8008117675781,36.308143615722656,132.73915100097656,88.00557708740234,147.81129455566406,141.83457946777344,43.060516357421875,146.0896759033203,121.05999755859375
2022-02-28,411.8919372558594,337.7398376464844,192.669677734375,119.82991027832031,104.79557800292969,178.3800048828125,22.6200008392334,67.4800033569336,161.78201293945312,289.0421447753906,24.336538314819336,290.1433410644531,69.88715362548828,190.77000427246094,30.37982749938965,174.23550415039062,390.1851501464844,35.769554138183594,127.20423889160156,86.69512939453125,146.53802490234375,139.72821044921875,42.675315856933594,145.04429626464844,123.33999633789062
2022-03-01,405.6186828613281,332.5685729980469,189.04031372070312,121.21537017822266,105.15401458740234,181.6199951171875,23.540000915527344,71.81999969482422,159.9008026123047,285.327392578125,23.430343627929688,288.1233215332031,67.7450180053711,196.1699981689453,30.685440063476562,169.8234100341797,410.7018737792969,34.45093536376953,122.40491485595703,86.2385482788086,146.0304412841797,137.4157257080078,42.9373893737793,142.34779357910156,113.83000183105469
2022-03-02,413.08050537109375,338.14898681640625,193.5414581298828,117.07189178466797,103.55525970458984,179.72999572753906,23.3700008392334,75.41999816894531,163.1929168701172,290.3964538574219,24.175983428955078,293.2966613769531,67.001220703125,194.5,31.387033462524414,178.90765380859375,404.7564697265625,35.34239959716797,124.94361114501953,87.85342407226562,147.84689331054688,137.84591674804688,42.991058349609375,143.95005798339844,118.27999877929688
2022-03-03,411.0240478515625,333.3185119628906,191.24822998046875,118.26432037353516,103.93394470214844,180.8000030517578,23.290000915527344,74.52999877929688,162.86961364746094,286.26580810546875,23.670907974243164,279.7633361816406,62.73678207397461,178.02999877929688,31.473119735717773,180.98828125,402.795654296875,35.2309684753418,124.05548858642578,88.57208251953125,150.01954650878906,138.35684204101562,43.97931671142578,142.22080993652344,111.9800033569336
2022-03-04,407.6845703125,328.4881896972656,188.2537841796875,120.30606079101562,104.03489685058594,183.67999267578125,23.639999389648438,79.45999908447266,159.87144470214844,280.40350341796875,22.89432144165039,279.42999267578125,59.73184585571289,165.75,32.38133239746094,181.7406768798828,412.0870056152344,34.57166290283203,120.56591033935547,88.9779052734375,150.91000366210938,139.05593872070312,45.09387969970703,137.4823760986328,108.41000366210938
2022-03-07,395.6663818359375,316.3731384277344,183.57254028320312,119.38810729980469,102.77276611328125,186.41000366210938,23.700000762939453,82.37000274658203,156.07965087890625,269.8106994628906,21.31319808959961,268.1933288574219,57.56987762451172,161.13999938964844,32.85911178588867,182.70664978027344,419.2826843261719,33.308773040771484,115.91014862060547,87.21931457519531,153.3408660888672,136.99440002441406,44.730777740478516,130.42849731445312,102.94999694824219
2022-03-08,392.6665954589844,314.902587890625,184.58648681640625,118.1871109008789,102.15853118896484,191.50999450683594,24.450000762939453,85.43000030517578,154.2572784423828,266.85052490234375,21.474903106689453,274.79998779296875,58.135162353515625,161.99000549316406,33.375633239746094,195.0605010986328,403.84796142578125,33.11376190185547,115.09381866455078,86.79658508300781,150.23326110839844,131.5716552734375,43.8056640625,128.71875,105.52999877929688
2022-03-09,403.19427490234375,326.23846435546875,189.78890991210938,117.02899932861328,102.33522033691406,185.82000732421875,23.799999237060547,75.47000122070312,159.6558837890625,279.0879211425781,22.972177505493164,286.3233337402344,61.19960403442383,178.97000122070312,32.35550308227539,194.85614013671875,403.6051025390625,34.33022689819336,119.70474243164062,88.1324234008789,150.8031463623047,133.3463897705078,44.032997131347656,130.57504272460938,111.05000305175781
2022-03-10,401.3736877441406,322.6156005859375,189.44772338867188,115.34764099121094,101.16561889648438,186.39999389648438,24.010000228881836,74.05999755859375,155.3154754638672,276.2727966308594,22.6168212890625,279.4333190917969,59.04755401611328,172.97000122070312,33.34550094604492,196.72317504882812,399.6834411621094,34.04236602783203,118.28738403320312,88.35226440429688,151.07028198242188,129.9134521484375,45.03388214111328,130.56527709960938,106.45999908447266
2022-03-11,396.2701416015625,315.92510986328125,186.4248504638672,115.73363494873047,101.1235580444336,185.08999633789062,23.8700008392334,76.4000015258789,151.60205078125,270.9328918457031,22.05983543395996,265.1166687011719,55.12030792236328,160.07000732421875,33.07862854003906,199.5469207763672,394.89837646484375,33.80092239379883,115.62307739257812,87.6505126953125,150.79425048828125,128.37179565429688,44.85707092285156,128.71875,104.29000091552734
2022-03-14,393.37408447265625,309.8578796386719,182.61544799804688,113.03138732910156,99.65946960449219,182.3000030517578,23.15999984741211,72.83999633789062,147.57516479492188,267.42132568359375,21.291236877441406,255.4566650390625,51.85751724243164,153.19000244140625,32.088645935058594,200.11351013183594,399.764404296875,34.228084564208984,116.77132415771484,86.96566009521484,152.87783813476562,130.0120391845703,45.482242584228516,126.06132507324219,102.25
2022-03-15,402.0245666503906,319.5771484375,185.52464294433594,112.8341064453125,100.44200134277344,178.88999938964844,23.0,68.62999725341797,151.95477294921875,277.78192138671875,22.93124771118164,267.2966613769531,53.940147399902344,155.97999572753906,30.913558959960938,201.06092834472656,403.5602111816406,34.71095275878906,118.8435287475586,87.54905700683594,156.8402557373047,134.6908721923828,46.02846908569336,131.1123809814453,109.33000183105469
2022-03-16,410.9391174316406,331.4291687011719,191.36195373535156,113.94075012207031,101.30025482177734,180.00999450683594,23.110000610351562,68.27999877929688,156.36383056640625,284.7857360839844,24.45148277282715,280.07666015625,59.543418884277344,172.52999877929688,30.77151870727539,200.70797729492188,378.9779052734375,35.685977935791016,124.1541748046875,88.5889892578125,155.3977813720703,134.2337188720703,45.892696380615234,134.96173095703125,115.37000274658203
2022-03-17,416.08038330078125,335.4416198730469,194.36587524414062,113.09146881103516,102.29315948486328,180.88999938964844,23.329999923706055,73.68000030517578,157.3729705810547,285.5885925292969,24.720991134643555,290.5333251953125,62.409515380859375,177.22000122070312,31.830381393432617,205.9281768798828,385.4989929199219,36.1317024230957,125.72407531738281,89.95866394042969,157.42794799804688,134.655029296875,45.96243667602539,136.26112365722656,111.69000244140625
2022-03-18,420.63763427734375,342.307373046875,196.4127655029297,114.47256469726562,102.49510192871094,179.3000030517578,23.020000457763672,74.63999938964844,160.66505432128906,290.6286315917969,26.40492820739746,301.7966613769531,65.22602081298828,185.94000244140625,31.80025291442871,205.19435119628906,383.3312683105469,36.215267181396484,125.67919921875,89.95866394042969,155.68267822265625,134.58331298828125,46.09872055053711,137.07203674316406,113.45999908447266
2022-03-21,420.51458740234375,341.355712890625,194.6785888671875,111.82182312011719,101.07305908203125,180.6699981689453,23.280000686645508,79.54000091552734,162.0367431640625,289.4000549316406,26.685413360595703,307.0533447265625,63.450828552246094,176.80999755859375,33.0821647644043,207.79518127441406,395.7618103027344,36.17985153198242,125.27555084228516,89.40908813476562,156.56422424316406,135.09422302246094,45.7152099609375,135.43067932128906,115.91999816894531
2022-03-22,425.4352111816406,348.0643615722656,196.6306915283203,110.38915252685547,100.82904052734375,179.36000061035156,22.8799991607666,78.55999755859375,165.40719604492188,294.1402587890625,26.475793838500977,331.32666015625,66.41609954833984,186.0800018310547,32.83882141113281,206.8662872314453,396.2925109863281,36.767154693603516,127.93981170654297,89.63737487792969,155.82518005371094,136.13394165039062,45.57890701293945,136.88641357421875,114.77999877929688
2022-03-23,419.956298828125,343.06219482421875,193.2192840576172,112.80834197998047,101.11514282226562,181.80999755859375,23.239999771118164,81.94999694824219,166.76913452148438,289.71929931640625,25.58741569519043,333.03668212890625,65.1268539428711,183.11000061035156,33.40373611450195,206.36474609375,400.4840087890625,36.086631774902344,125.39215087890625,88.6317138671875,155.2374725341797,135.183837890625,44.992530822753906,134.47325134277344,113.91999816894531
2022-03-24,426.286865234375,350.68731689453125,195.44107055664062,111.92476654052734,101.1572036743164,183.1300048828125,23.610000610351562,79.75,170.55108642578125,294.178955078125,28.09884262084961,337.97332763671875,65.85081481933594,190.19000244140625,33.486305236816406,206.40188598632812,404.5135498046875,36.37562561035156,126.20849609375,89.19277954101562,156.0388946533203,135.41690063476562,45.27145767211914,135.76287841796875,120.52999877929688
2022-03-25,428.36865234375,350.3947448730469,195.7069091796875,110.37203216552734,100.35784149169922,182.3800048828125,23.479999542236328,80.73999786376953,171.1879425048828,293.7725830078125,27.641674041748047,336.8800048828125,63.97644805908203,186.7100067138672,34.22068405151367,207.4700927734375,408.0484313964844,36.841739654541016,127.31189727783203,90.30641174316406,157.53480529785156,136.9854736328125,45.46796417236328,135.938720703125,119.66999816894531
2022-03-28,431.4156494140625,355.8161315917969,195.77337646484375,111.3156509399414,100.91321563720703,179.05999755859375,22.93000030517578,74.52999877929688,172.0501708984375,300.5636291503906,28.167715072631836,363.9466552734375,66.50535583496094,201.41000366210938,33.37331771850586,206.06752014160156,400.2411804199219,36.73918914794922,126.36994934082031,91.26702117919922,158.34506225585938,137.9266357421875,46.276222229003906,135.5283966064453,120.23999786376953
2022-03-29,436.7526550292969,361.9396667480469,201.0145263671875,112.1563720703125,101.7630386352539,179.13999938964844,22.90999984741211,76.1500015258789,175.34226989746094,305.11993408203125,28.60392189025879,366.5233459472656,70.79954528808594,204.52999877929688,33.286399841308594,205.3151092529297,393.1983947753906,36.82309341430664,126.6480484008789,93.94485473632812,158.26490783691406,139.34286499023438,46.66608810424805,139.10418701171875,123.2300033569336
2022-03-30,434.0557556152344,357.9418640136719,196.97921752929688,113.03138732910156,101.9986343383789,180.5800018310547,22.940000534057617,77.91000366210938,174.17630004882812,303.6205139160156,27.639680862426758,364.663330078125,68.1119613647461,196.6999969482422,33.67314910888672,207.20997619628906,401.1136779785156,36.56207275390625,126.07386779785156,93.26475524902344,159.9122314453125,138.3837432861328,47.50285339355469,137.71685791015625,119.22000122070312
2022-03-31,427.3750915527344,353.5052490234375,194.89988708496094,113.305908203125,101.7630386352539,180.64999389648438,22.8799991607666,74.12000274658203,171.0802001953125,298.2516174316406,27.23641014099121,359.20001220703125,65.7417221069336,189.86000061035156,33.21687316894531,206.96853637695312,397.0210266113281,35.72306442260742,122.28829193115234,92.12562561035156,157.81082153320312,136.9585723876953,47.201751708984375,134.00428771972656,109.33999633789062
2022-04-01,428.5863037109375,352.83245849609375,197.08367919921875,113.73722076416016,102.10452270507812,179.5,22.739999771118164,74.16999816894531,170.7862548828125,299.32537841796875,26.6634578704834,361.5299987792969,66.98138427734375,186.9600067138672,33.486305236816406,204.135498046875,401.140625,35.62984085083008,121.38226318359375,93.91934204101562,158.66561889648438,139.01113891601562,47.86418914794922,133.84796142578125,108.19000244140625
2022-04-04,432.2578125,360.0968017578125,197.40647888183594,112.94676971435547,102.45866394042969,180.3699951171875,22.6299991607666,76.86000061035156,174.83273315429688,304.6943664550781,27.31027603149414,381.8166809082031,69.91690063476562,191.64999389648438,33.52975845336914,205.10147094726562,399.36871337890625,35.47134780883789,121.92049407958984,93.46028137207031,157.1341094970703,138.10585021972656,47.87369918823242,135.39161682128906,110.52999877929688
2022-04-05,426.7977600097656,352.1011047363281,192.73504638671875,110.39503479003906,100.66265106201172,179.24000549316406,22.360000610351562,74.80000305175781,171.52105712890625,300.73773193359375,25.883872985839844,363.7533264160156,65.9301528930664,177.1699981689453,33.003944396972656,200.65223693847656,402.2738952636719,35.24763107299805,120.50167846679688,93.00123596191406,158.14918518066406,138.58987426757812,48.0099983215332,132.4997100830078,106.81999969482422
2022-04-06,422.53009033203125,344.45648193359375,190.00051879882812,109.50147247314453,100.07241821289062,179.66000366210938,22.56999969482422,73.05000305175781,168.35638427734375,289.7289733886719,24.36264419555664,348.586669921875,62.87562942504883,166.83999633789062,33.199493408203125,200.82872009277344,408.8759765625,35.00524139404297,118.82978820800781,94.10636138916016,162.2629852294922,140.57078552246094,49.125694274902344,129.5198974609375,103.66999816894531
2022-04-07,424.65924072265625,345.2755432128906,189.38340759277344,108.67668151855469,99.6086196899414,180.33999633789062,22.700000762939453,73.11000061035156,168.6601104736328,291.5379943847656,24.16400909423828,352.4200134277344,62.141746520996094,166.19000244140625,33.63404083251953,200.54078674316406,418.7071228027344,34.96794891357422,118.46829986572266,93.17123413085938,161.84446716308594,142.3903045654297,49.61698532104492,128.83599853515625,103.72000122070312
2022-04-08,423.52374267578125,340.44891357421875,187.8737335205078,107.49961853027344,98.8244400024414,181.47000122070312,22.81999969482422,74.11000061035156,166.6515655517578,287.2815246582031,23.076982498168945,341.8299865722656,60.148372650146484,160.94000244140625,34.55963897705078,201.59039306640625,415.1181945800781,35.322200775146484,120.63722229003906,93.32425689697266,162.16500854492188,143.50177001953125,49.892738342285156,128.83599853515625,101.0
2022-04-11,416.2847900390625,332.3948059082031,186.6108856201172,105.79844665527344,97.86319732666016,182.3699951171875,23.149999618530273,72.30000305175781,162.3992919921875,275.9535827636719,21.877164840698242,325.30999755859375,59.34507369995117,153.8699951171875,33.52106857299805,200.6801300048828,417.5736999511719,35.163726806640625,120.19441223144531,92.3211441040039,160.13485717773438,142.9550018310547,48.90382385253906,127.64404296875,97.37000274658203
2022-04-12,414.7423095703125,330.99066162109375,187.1995849609375,105.65238952636719,97.93065643310547,183.77000427246094,23.469999313354492,75.9800033569336,164.27069091796875,272.85797119140625,21.464920043945312,328.98333740234375,59.34507369995117,149.85000610351562,34.07728576660156,201.28387451171875,420.5419006347656,34.7815055847168,118.87496185302734,92.18512725830078,160.18826293945312,142.52474975585938,48.567848205566406,127.82968139648438,95.0999984741211
2022-04-13,419.49261474609375,337.71868896484375,190.76014709472656,105.86717224121094,98.43656158447266,184.64999389648438,23.75,78.41999816894531,166.9552764892578,278.2365417480469,22.162649154663086,340.7900085449219,61.21944046020508,154.7899932861328,34.585697174072266,202.74220275878906,422.0171203613281,34.7815055847168,115.04322814941406,92.83970642089844,160.86502075195312,142.92811584472656,49.832515716552734,129.30494689941406,97.73999786376953
2022-04-14,414.2691955566406,329.99603271484375,188.90863037109375,103.74502563476562,97.2897720336914,184.0399932861328,23.639999389648438,79.56999969482422,161.94859313964844,270.7007141113281,21.21936798095703,328.3333435058594,58.50210189819336,147.2899932861328,34.69868850708008,211.603515625,420.6408386230469,34.38996505737305,113.9768295288086,92.44015502929688,160.18826293945312,142.13038635253906,49.788143157958984,127.46820068359375,93.05999755859375
2022-04-18,414.4395446777344,330.2496032714844,187.63633728027344,103.22954559326172,96.54776763916016,184.61000061035156,23.8700008392334,80.41000366210938,161.73304748535156,271.36822509765625,21.74341583251953,334.7633361816406,56.87566375732422,145.16000366210938,35.20709991455078,213.5633544921875,420.44305419921875,34.59506607055664,116.0915298461914,92.06612396240234,158.19366455078125,140.77691650390625,49.40778732299805,124.83031463623047,93.88999938964844
2022-04-19,421.1296081542969,337.6309509277344,191.3772735595703,102.45628356933594,95.78045654296875,181.82000732421875,23.239999771118164,76.86000061035156,164.01593017578125,275.9922180175781,22.15766143798828,342.7166748046875,59.176475524902344,151.27000427246094,34.92030715942383,215.64401245117188,413.66107177734375,35.070499420166016,118.49539947509766,94.07235717773438,163.0198516845703,142.88327026367188,49.96879959106445,128.8652801513672,96.93000030517578
2022-04-20,420.81744384765625,332.70684814453125,192.10838317871094,104.518310546875,96.77543640136719,182.7100067138672,23.280000686645508,77.23999786376953,163.84938049316406,277.0177001953125,21.44295883178711,325.73333740234375,55.66575622558594,147.1300048828125,35.055015563964844,218.3563232421875,408.2373352050781,35.3128776550293,118.9111328125,95.63655090332031,163.74107360839844,146.68368530273438,50.59638977050781,121.70393371582031,94.0199966430664
2022-04-21,414.5246887207031,325.8227233886719,187.80726623535156,103.74502563476562,95.74674224853516,182.05999755859375,22.790000915527344,78.12000274658203,163.0557403564453,271.6487731933594,20.146318435668945,336.260009765625,52.898834228515625,137.32000732421875,33.942569732666016,216.02487182617188,395.3480529785156,34.753543853759766,117.98932647705078,94.97345733642578,163.26918029785156,146.56922912597656,50.67245864868164,118.86090087890625,89.8499984741211
2022-04-22,403.15045166015625,317.2908020019531,182.94589233398438,103.09208679199219,95.63712310791016,180.2899932861328,22.309999465942383,76.30999755859375,158.5193634033203,265.0899658203125,19.47953224182129,335.01666259765625,52.0261116027832,131.52000427246094,33.11258316040039,201.8758087158203,400.9697570800781,33.71876525878906,114.60039520263672,93.30726623535156,161.64857482910156,145.34339904785156,49.718406677246094,115.54889678955078,88.13999938964844
2022-04-25,405.4877624511719,321.3665771484375,184.05679321289062,104.12308502197266,96.69956970214844,177.0500030517578,21.829999923706055,74.6500015258789,159.58729553222656,271.5616760253906,19.86583137512207,332.67333984375,53.90047836303711,135.13999938964844,32.017520904541016,202.2491455078125,398.3612976074219,33.77470779418945,114.56425476074219,93.0692367553711,165.6287841796875,146.51516723632812,49.74376678466797,117.19023895263672,90.69000244140625
2022-04-26,393.7445068359375,309.23663330078125,178.2554473876953,105.17131042480469,96.64896392822266,177.32000732421875,21.649999618530273,76.45999908447266,153.6302032470703,261.4042053222656,18.753856658935547,292.1400146484375,50.260833740234375,127.1500015258789,32.060977935791016,196.2759552001953,401.239501953125,32.926361083984375,111.17530822753906,91.53905487060547,164.44451904296875,144.02740478515625,49.22395324707031,113.10641479492188,85.16000366210938
2022-04-27,394.85162353515625,308.8660888671875,177.51487731933594,103.82235717773438,95.72142791748047,175.97999572753906,21.489999771118164,76.37000274658203,153.4048614501953,273.9801330566406,18.38153648376465,293.836669921875,49.15009689331055,122.55000305175781,32.53029251098633,199.69186401367188,400.2411804199219,32.89840316772461,109.72935485839844,90.93548583984375,162.147216796875,143.6398162841797,48.88796615600586,112.55928802490234,84.91000366210938
2022-04-28,404.825439453125,319.8358154296875,180.8285675048828,103.97703552246094,96.00814056396484,176.92999267578125,21.420000076293945,78.08000183105469,160.33193969726562,280.18096923828125,19.746051788330078,292.5033264160156,48.46580123901367,122.69000244140625,33.516719818115234,198.2732391357422,397.2998962402344,33.317909240722656,111.46448516845703,92.61017608642578,163.35818481445312,147.29029846191406,49.512386322021484,112.63745880126953,89.63999938964844
2022-04-29,389.8647766113281,305.4436340332031,175.6063995361328,102.62814331054688,94.94567108154297,176.91000366210938,21.040000915527344,77.16000366210938,154.46304321289062,268.4660339355469,18.513296127319336,290.2533264160156,46.740196228027344,112.70999908447266,32.65631103515625,196.4999237060547,388.6741638183594,32.171260833740234,107.8676986694336,88.35968017578125,160.68687438964844,144.7124481201172,48.49176788330078,109.06166076660156,85.5199966430664
2022-05-02,392.2115783691406,310.5432434082031,177.44842529296875,100.84918212890625,94.38284301757812,173.6300048828125,20.8700008392334,78.37999725341797,154.76675415039062,275.1893005371094,19.49750328063965,300.9800109863281,49.71538162231445,121.33999633789062,33.177764892578125,197.92794799804688,387.4958190917969,32.180580139160156,108.85274505615234,86.22589111328125,159.0662841796875,142.75653076171875,48.17164993286133,110.88862609863281,89.83999633789062
2022-05-03,394.00946044921875,310.87481689453125,178.96759033203125,101.52909088134766,94.99130249023438,174.08999633789062,20.829999923706055,76.69000244140625,156.25604248046875,272.5870666503906,19.566375732421875,303.0833435058594,49.4575309753418,123.55999755859375,34.10770034790039,199.37452697753906,391.0577087402344,32.600093841552734,111.1843490600586,87.29704284667969,158.75469970703125,140.80056762695312,48.339630126953125,110.93749237060547,91.12999725341797
2022-05-04,406.0082092285156,321.3861083984375,183.74346923828125,102.08850860595703,95.92095947265625,175.8000030517578,21.280000686645508,80.22000122070312,162.6638641357422,280.5196228027344,20.297048568725586,317.5400085449219,51.996360778808594,130.14999389648438,35.52433776855469,207.7463836669922,400.9246826171875,33.59757995605469,114.86246490478516,88.30016326904297,160.4553985595703,141.83709716796875,49.008426666259766,113.5167465209961,99.41999816894531
2022-05-05,391.5775451660156,305.19976806640625,176.29005432128906,99.29144287109375,94.450439453125,175.1300048828125,20.780000686645508,80.4800033569336,153.6007843017578,268.30157470703125,18.809751510620117,291.09332275390625,47.35506820678711,114.25,34.989830017089844,201.53048706054688,398.5950927734375,32.618743896484375,111.9886474609375,85.94537353515625,157.39234924316406,139.22320556640625,48.5885124206543,110.01911926269531,93.87000274658203
2022-05-06,389.24017333984375,301.54327392578125,173.35617065429688,97.82836151123047,93.6475601196289,175.4199981689453,20.65999984741211,82.12999725341797,154.32693481445312,265.7670593261719,18.641063690185547,288.54998779296875,45.252601623535156,103.73999786376953,36.032737731933594,200.33587646484375,404.24371337890625,32.385677337646484,111.80790710449219,84.92526245117188,157.04502868652344,140.61131286621094,47.5769157409668,107.75248718261719,95.33999633789062
2022-05-09,376.7778015136719,289.7447509765625,166.0641326904297,98.68897247314453,93.9771499633789,172.8800048828125,20.030000686645508,76.56999969482422,149.20497131347656,255.94825744628906,16.919200897216797,262.3699951171875,40.78982162475586,83.51000213623047,33.05175018310547,192.5333709716797,394.7184143066406,31.61193084716797,110.12699127197266,81.18479919433594,157.89984130859375,140.259765625,48.13361740112305,104.5186538696289,86.36000061035156
2022-05-10,377.6484069824219,293.26483154296875,166.11160278320312,99.58407592773438,94.3743667602539,171.4199981689453,19.549999237060547,74.52999877929688,151.6089324951172,260.70770263671875,17.563026428222656,266.67999267578125,40.740234375,72.98999786376953,33.351593017578125,189.45343017578125,394.97930908203125,31.332258224487305,107.44295501708984,79.70562744140625,157.6861572265625,139.5206756591797,47.456024169921875,105.20254516601562,88.7300033569336
2022-05-11,371.6490173339844,284.5671691894531,161.98138427734375,101.50326538085938,94.81385803222656,172.82000732421875,19.8700008392334,78.18000030517578,143.74932861328125,252.0497283935547,16.599775314331055,244.6666717529297,36.62455749511719,53.720001220703125,33.79916763305664,191.525390625,396.130615234375,31.04326629638672,106.7651596069336,79.53559875488281,156.83139038085938,137.5556640625,46.959781646728516,102.78938293457031,87.91999816894531
2022-05-12,371.26104736328125,283.8943176269531,163.88035583496094,101.31393432617188,94.85609436035156,170.1699981689453,19.1200008392334,79.2300033569336,139.88333129882812,247.0193634033203,16.145606994628906,242.6666717529297,38.66752243041992,58.5,33.942569732666016,189.49073791503906,390.89581298828125,30.810209274291992,106.67478942871094,80.15618133544922,158.38070678710938,136.9968719482422,46.91522979736328,101.91008758544922,87.05999755859375
2022-05-13,380.1370849609375,294.4154052734375,169.073974609375,99.8164291381836,94.35746765136719,168.7899932861328,19.420000076293945,81.27999877929688,144.34786987304688,252.60113525390625,17.67382049560547,256.5299987792969,43.23938751220703,67.87000274658203,35.102821350097656,190.7040557861328,391.41748046875,31.257680892944336,107.62368774414062,82.27294921875,157.4724578857422,138.46604919433594,47.09656524658203,104.860595703125,95.12000274658203
2022-05-16,378.59466552734375,291.0026550292969,168.26693725585938,99.713134765625,94.4842529296875,170.39999389648438,19.93000030517578,83.11000061035156,142.807373046875,252.96876525878906,17.232624053955078,241.4566650390625,40.680728912353516,61.70000076293945,36.02839660644531,193.37332153320312,393.5581970214844,30.996652603149414,106.87361145019531,81.7543716430664,158.5676727294922,139.81808471679688,47.14745330810547,102.76006317138672,94.23999786376953
2022-05-17,386.38250732421875,298.5400085449219,173.4130859375,98.50824737548828,93.9433822631836,169.3300018310547,19.920000076293945,81.11000061035156,146.43789672851562,258.1152038574219,18.14396858215332,253.8699951171875,42.72369384765625,70.0,36.44557571411133,198.87991333007812,396.6612854003906,31.826337814331055,110.41617584228516,82.8680191040039,159.2266082763672,139.42152404785156,41.78408432006836,106.14044952392578,102.47000122070312
2022-05-18,370.8067626953125,283.8846130371094,167.33648681640625,100.60821533203125,94.28984832763672,169.4199981689453,19.729999542236328,79.29000091552734,138.17601013183594,246.36328125,16.907215118408203,236.60333251953125,40.82948684692383,63.029998779296875,35.51129913330078,194.07334899902344,390.6618957519531,30.95003890991211,108.52742004394531,80.46222686767578,156.27037048339844,130.732421875,38.94651794433594,101.90030670166016,96.27999877929688
2022-05-19,368.5357666015625,282.3634338378906,167.6117706298828,100.84918212890625,94.54340362548828,171.91000366210938,20.270000457763672,80.58000183105469,134.77113342285156,245.45184326171875,17.092884063720703,236.47332763671875,42.674102783203125,67.41999816894531,35.380924224853516,192.9720001220703,382.8276062011719,30.744943618774414,106.91878509521484,80.10517883300781,154.8813018798828,127.72193145751953,37.87767028808594,100.76699829101562,96.66999816894531
2022-05-20,368.6966552734375,281.48590087890625,167.18453979492188,101.99385070800781,95.00823211669922,172.02999877929688,20.06999969482422,81.6500015258789,135.00657653808594,244.88941955566406,16.663660049438477,221.3000030517578,42.05923080444336,66.1500015258789,35.533016204833984,184.62820434570312,381.5054016113281,30.689016342163086,106.04219818115234,80.61524200439453,157.58824157714844,127.80305480957031,37.91901397705078,100.06356048583984,93.5
2022-05-23,375.594970703125,286.166259765625,169.20693969726562,100.31558990478516,94.67018127441406,172.8300018310547,20.100000381469727,81.97000122070312,140.42298889160156,252.73373413085938,16.867292404174805,224.96665954589844,41.791465759277344,66.0999984741211,36.47164535522461,190.5360565185547,389.4925842285156,31.686504364013672,112.60317993164062,81.55036163330078,160.80538940429688,130.741455078125,39.000606536865234,103.3951187133789,95.06999969482422
2022-05-24,372.7277526855469,280.081787109375,166.70030212402344,102.2950439453125,95.9124755859375,174.1300048828125,20.389999389648438,82.0,137.724609375,251.7349853515625,16.124645233154297,209.3866729736328,38.88570022583008,61.36000061035156,36.61070251464844,191.93603515625,398.2623291015625,31.62124252319336,114.1937255859375,82.23892974853516,162.5618438720703,133.06695556640625,39.487308502197266,99.25265502929688,91.16000366210938
2022-05-25,376.0207824707031,284.0016174316406,169.70065307617188,102.69954681396484,96.90128326416016,173.0800018310547,20.34000015258789,82.4800033569336,137.88162231445312,254.5469970703125,16.944150924682617,219.60000610351562,40.69064712524414,67.16999816894531,37.36681365966797,195.35194396972656,402.5438232421875,31.87295150756836,114.98899841308594,82.9360122680664,160.9667205810547,130.8856658935547,39.24555206298828,100.88423919677734,92.6500015258789
2022-05-26,383.53424072265625,291.87042236328125,173.48907470703125,102.23481750488281,96.9266128540039,172.75999450683594,20.309999465942383,84.58999633789062,141.0803680419922,257.8242492675781,17.818559646606445,235.91000366210938,42.27741241455078,69.87000274658203,37.77963638305664,198.7865753173828,402.948486328125,32.60940933227539,116.97718048095703,83.03804016113281,160.82333374023438,132.0303955078125,40.08218002319336,103.18016815185547,98.75
2022-05-27,392.94964599609375,301.39697265625,178.1605224609375,102.48441314697266,97.43370819091797,172.85000610351562,20.360000610351562,85.45999908447266,146.83035278320312,264.94134521484375,18.776817321777344,253.2100067138672,45.034420013427734,75.31999969482422,38.47056579589844,202.65982055664062,405.2601318359375,33.159427642822266,118.63096618652344,85.26528930664062,162.2840576171875,134.04942321777344,40.87110137939453,106.80480194091797,102.26000213623047
2022-05-31,390.7448425292969,300.5973815917969,175.94822692871094,100.31558990478516,96.71533966064453,171.13999938964844,19.84000015258789,85.47000122070312,146.04537963867188,263.6129455566406,18.6380672454834,252.75332641601562,43.725337982177734,78.0999984741211,37.892616271972656,201.45584106445312,398.3362731933594,33.06621170043945,119.49853515625,84.21966552734375,160.88607788085938,133.2923126220703,40.9188232421875,107.8990478515625,101.86000061035156
2022-06-01,387.5842590332031,298.37420654296875,174.95130920410156,100.20093536376953,96.15115356445312,172.22999572753906,20.1299991607666,85.54000091552734,145.9178466796875,264.1462097167969,18.286705017089844,246.7899932861328,42.14848709106445,68.62999725341797,38.509674072265625,203.06117248535156,397.6030578613281,32.53483581542969,117.40191650390625,83.52259063720703,159.25506591796875,131.2732391357422,39.9072265625,106.67780303955078,101.22000122070312
2022-06-02,394.96514892578125,306.54541015625,179.2239227294922,100.25265502929688,96.19353485107422,174.35000610351562,20.59000015258789,87.25,148.3708953857422,266.24066162109375,19.5563907623291,258.3333435058594,45.252601623535156,73.81999969482422,38.38800811767578,205.3291015625,399.24127197265625,32.98230743408203,119.29070281982422,84.67021179199219,158.75323486328125,132.68836975097656,40.56253433227539,108.31915283203125,108.58999633789062
2022-06-03,388.4831848144531,298.56927490234375,177.6098175048828,100.0370864868164,95.88854217529297,172.5800018310547,20.229999542236328,89.47000122070312,142.65036010742188,261.8191833496094,18.68597984313965,234.51666259765625,42.80302810668945,66.69000244140625,38.89642333984375,208.0357208251953,400.67138671875,32.506866455078125,117.62783813476562,83.53958129882812,158.09902954101562,131.49859619140625,39.86586380004883,106.16975402832031,106.30000305175781
2022-06-06,389.66607666015625,299.5638732910156,178.37887573242188,98.19207000732422,95.21083068847656,171.82000732421875,20.3700008392334,88.38999938964844,143.39608764648438,260.58770751953125,18.751863479614258,238.27999877929688,43.13030242919922,70.66999816894531,38.852970123291016,208.71702575683594,401.3230285644531,32.600093841552734,117.23925018310547,83.27605438232422,158.08108520507812,130.98480224609375,39.72270965576172,105.34909057617188,105.6500015258789
2022-06-07,393.40386962890625,302.14788818359375,181.25582885742188,99.25254821777344,95.71913146972656,172.94000244140625,20.520000457763672,90.04000091552734,145.9178466796875,264.22393798828125,18.891599655151367,238.8866729736328,44.409629821777344,69.56999969482422,40.013221740722656,211.9556427001953,412.98944091796875,32.8517951965332,117.54652404785156,84.42369079589844,159.8196258544922,132.4449920654297,39.24555206298828,105.31001281738281,105.27999877929688
2022-06-08,389.12664794921875,299.97332763671875,178.4548797607422,98.37312316894531,95.16847229003906,172.77999877929688,20.350000381469727,91.98999786376953,145.18191528320312,262.19732666015625,18.618045806884766,241.86666870117188,45.609622955322266,69.19999694824219,40.100120544433594,214.4755859375,401.3230285644531,32.27381134033203,115.67582702636719,82.47696685791016,158.86973571777344,130.7955780029297,38.90516662597656,104.870361328125,101.9000015258789
2022-06-09,379.8721008300781,291.938720703125,174.75547790527344,98.70074462890625,94.54158782958984,172.22999572753906,19.969999313354492,91.08000183105469,139.96180725097656,256.748046875,18.019010543823242,239.7066650390625,42.84270095825195,63.7599983215332,39.213645935058594,208.75437927246094,391.647705078125,31.462766647338867,113.24480438232422,80.521728515625,155.6704559326172,128.4339599609375,38.49797821044922,100.92332458496094,98.80000305175781
2022-06-10,368.8575439453125,281.64190673828125,170.0145721435547,98.08859252929688,93.62664794921875,174.5399932861328,20.190000534057617,90.12999725341797,134.55528259277344,245.306396484375,16.946735382080078,232.22999572753906,39.778255462646484,58.709999084472656,38.54878616333008,200.83053588867188,389.3577880859375,30.32544708251953,108.0394058227539,78.73651123046875,154.6309356689453,127.94725799560547,38.71429443359375,97.11305236816406,94.81999969482422
2022-06-13,354.85260009765625,268.54656982421875,162.02748107910156,95.01068878173828,91.4664306640625,169.92999267578125,19.5,90.36000061035156,129.40380859375,234.90225219726562,15.621865272521973,215.73666381835938,36.2774543762207,52.0099983215332,36.53682327270508,193.0840301513672,383.69189453125,29.421178817749023,104.82215881347656,74.80052185058594,153.07159423828125,124.52210998535156,37.98582077026367,93.50794219970703,86.98999786376953
2022-06-14,353.78338623046875,269.03411865234375,161.24684143066406,93.81226348876953,90.99203491210938,168.57000732421875,19.3700008392334,88.44999694824219,130.26731872558594,237.0645294189453,15.810561180114746,220.88999938964844,36.68406295776367,51.58000183105469,36.60635757446289,192.90667724609375,376.6685485839844,29.16948127746582,103.0779800415039,74.23096466064453,150.72369384765625,120.63725280761719,38.00172424316406,92.05223083496094,86.98999786376953
2022-06-15,358.8270263671875,275.75238037109375,163.60777282714844,95.56245422363281,92.41522979736328,170.77000427246094,19.959999084472656,86.93000030517578,132.88717651367188,244.1137237548828,16.500450134277344,233.0,39.09395980834961,55.0099983215332,35.798091888427734,192.26268005371094,374.7950134277344,29.49576187133789,104.29801940917969,75.99066925048828,152.33677673339844,119.43846130371094,37.97627258300781,93.67401885986328,89.30000305175781
2022-06-16,346.95123291015625,264.62677001953125,156.02996826171875,96.32118225097656,92.51690673828125,172.69000244140625,20.239999771118164,87.66000366210938,127.61795806884766,237.52996826171875,15.575940132141113,213.10000610351562,36.67414474487305,51.04999923706055,33.78178787231445,181.80023193359375,366.3686828613281,28.749980926513672,102.5086669921875,73.99292755126953,152.4174041748047,120.1685791015625,38.37074279785156,92.11084747314453,82.05000305175781
2022-06-17,347.69915771484375,267.8445129394531,157.24850463867188,96.63157653808594,92.70326232910156,171.27000427246094,19.979999542236328,83.33999633789062,129.08982849121094,240.12855529785156,15.8544921875,216.75999450683594,38.47909164428711,51.220001220703125,31.93495750427246,179.79360961914062,365.6627502441406,28.833881378173828,102.14717102050781,74.55400848388672,151.86178588867188,119.30326843261719,37.629539489746094,92.1694564819336,81.56999969482422
2022-06-21,356.4520263671875,274.60205078125,160.06634521484375,94.99343872070312,91.77139282226562,170.6300048828125,19.979999542236328,84.05000305175781,133.3189239501953,246.0336151123047,16.539392471313477,237.0366668701172,40.16503143310547,57.4900016784668,33.589378356933594,183.27490234375,379.1937255859375,29.409320831298828,104.6775894165039,75.59112548828125,155.04315185546875,122.91769409179688,38.86380386352539,91.14363098144531,83.79000091552734
2022-06-22,355.8058166503906,274.20159912109375,159.76173400878906,97.60578155517578,92.44065856933594,171.30999755859375,19.760000228881836,80.87999725341797,132.80868530273438,245.44212341308594,16.33371925354004,236.086669921875,40.76998519897461,51.90999984741211,32.2447509765625,175.3043670654297,376.016845703125,29.34371566772461,104.09015655517578,76.55174255371094,157.48965454101562,124.83758544921875,38.393009185791016,91.34879302978516,83.75
2022-06-23,359.2935791015625,278.28521728515625,161.67523193359375,98.40762329101562,93.15223693847656,170.25999450683594,19.3700008392334,78.9800033569336,135.67385864257812,250.99810791015625,16.198938369750977,235.07000732421875,43.66583251953125,58.880001068115234,31.049522399902344,166.75523376464844,371.6453552246094,29.231252670288086,102.95146179199219,78.0061264038086,161.0025634765625,128.2627410888672,39.3250732421875,92.13038635253906,82.43000030517578
2022-06-24,370.71697998046875,287.8202819824219,166.6826629638672,97.0454330444336,93.26238250732422,170.08999633789062,19.510000228881836,81.2699966430664,139.0001983642578,259.5696716308594,17.098487854003906,245.7066650390625,45.45094680786133,62.709999084472656,31.458175659179688,173.1204376220703,379.26611328125,30.309032440185547,106.02411651611328,79.66582489013672,163.3594207763672,130.11053466796875,39.35688781738281,95.53032684326172,87.08000183105469
2022-06-27,369.30096435546875,285.7101135253906,167.30145263671875,96.21771240234375,92.40677642822266,169.89999389648438,19.489999771118164,82.93000030517578,139.0001983642578,256.8450012207031,16.841901779174805,244.9199981689453,44.429466247558594,55.959999084472656,32.38097381591797,175.08038330078125,379.4561767578125,30.20594024658203,105.17461395263672,79.54605102539062,163.2070770263672,129.1190185546875,39.48413848876953,94.38723754882812,86.16000366210938
2022-06-28,361.75506591796875,277.00543212890625,164.15989685058594,96.66603088378906,92.38136291503906,169.6199951171875,19.190000534057617,84.72000122070312,134.85946655273438,248.6903839111328,15.956327438354492,232.663330078125,41.82121658325195,51.18000030517578,33.25542449951172,174.94039916992188,380.7776794433594,29.906034469604492,104.66854858398438,78.57930755615234,158.56504821777344,127.01884460449219,38.927433013916016,93.7131118774414,80.77999877929688
2022-06-29,361.46044921875,277.2594299316406,162.49391174316406,98.17485046386719,92.93199920654297,169.49000549316406,19.139999389648438,82.94999694824219,136.61582946777344,252.35557556152344,15.517032623291016,228.49000549316406,41.16667556762695,49.75,32.0997428894043,171.24444580078125,379.13043212890625,29.73733901977539,104.19861602783203,78.0916748046875,158.60984802246094,128.1725616455078,38.78428268432617,93.4493179321289,77.98999786376953
2022-06-30,358.5238037109375,273.8205871582031,161.22781372070312,99.03700256347656,93.21153259277344,168.4600067138672,18.639999389648438,80.3499984741211,134.15298461914062,249.02972412109375,15.134649276733398,224.47332763671875,39.5501594543457,47.02000045776367,31.42302703857422,166.83920288085938,389.1496887207031,29.474924087524414,101.76761627197266,77.94625091552734,159.07582092285156,129.6057586669922,38.676124572753906,92.22808074951172,76.47000122070312
2022-07-01,362.3157653808594,275.62786865234375,163.17935180664062,100.05378723144531,94.38975524902344,168.32000732421875,18.309999465942383,81.66999816894531,136.3214569091797,251.69618225097656,14.499672889709473,227.26333618164062,40.87907791137695,49.040000915527344,31.89321517944336,166.40054321289062,392.37176513671875,29.877920150756836,103.0689697265625,79.34928894042969,160.87705993652344,131.69692993164062,39.01014709472656,93.92805480957031,73.66999816894531
2022-07-05,363.0,280.3465270996094,164.5311737060547,100.83991241455078,94.36421966552734,164.75,17.729999542236328,74.77999877929688,138.90208435058594,254.866943359375,14.939963340759277,233.06666564941406,44.598060607910156,55.40999984741211,30.627674102783203,162.1726531982422,375.8358459472656,29.774829864501953,102.67693328857422,79.12684631347656,159.64039611816406,130.42596435546875,39.525489807128906,94.94412994384766,75.19999694824219
2022-07-06,364.2259826660156,282.14422607421875,163.31265258789062,99.146728515625,93.89704132080078,162.13999938964844,17.690000534057617,73.66999816894531,140.23654174804688,258.1248779296875,15.105696678161621,231.73333740234375,43.596412658691406,51.709999084472656,30.104778289794922,160.81935119628906,385.4659729003906,29.69985008239746,102.0113754272461,78.98140716552734,159.78378295898438,131.642822265625,39.805419921875,93.86942291259766,75.3499984741211
2022-07-07,369.6810607910156,288.1817932128906,167.1776885986328,98.27420043945312,93.88856506347656,162.22999572753906,17.75,76.55000305175781,143.6021728515625,260.24835205078125,15.832528114318848,244.5433349609375,46.44267654418945,57.459999084472656,31.190139770507812,168.25784301757812,382.1171569824219,30.130962371826172,104.59152221679688,79.19527435302734,159.96302795410156,131.5977325439453,39.86586380004883,95.18836975097656,79.30000305175781
2022-07-08,369.3769836425781,288.5432434082031,167.15863037109375,97.18569946289062,93.73567199707031,162.3000030517578,17.790000915527344,78.54000091552734,144.27915954589844,259.53082275390625,15.812560081481934,250.76333618164062,46.47242736816406,60.290000915527344,31.17695426940918,167.1565704345703,380.4517822265625,30.06536293029785,104.26329803466797,78.7761001586914,159.765869140625,130.7144317626953,39.891319274902344,93.65448760986328,79.3499984741211
2022-07-11,365.1573486328125,282.378662109375,163.7981414794922,98.86164093017578,93.99897766113281,161.42999267578125,17.579999923706055,78.2300033569336,142.14990234375,256.4764709472656,15.12766170501709,234.3433380126953,43.25922393798828,53.880001068115234,30.87814712524414,163.34866333007812,379.2933349609375,29.82168960571289,102.89573669433594,78.60499572753906,159.82858276367188,131.6337890625,39.9072265625,91.4855728149414,76.94999694824219
2022-07-12,361.9261474609375,279.6431579589844,163.23648071289062,99.44905090332031,94.13490295410156,160.8300018310547,17.440000534057617,72.80999755859375,143.12130737304688,245.96571350097656,15.057775497436523,233.07000732421875,43.953433990478516,54.2400016784668,30.27614402770996,162.8539581298828,374.69549560546875,29.634248733520508,102.99600982666016,78.2969970703125,157.58822631835938,130.47105407714844,39.78633499145508,91.44650268554688,76.36000061035156
2022-07-13,360.0254211425781,279.0667419433594,163.0937042236328,100.58938598632812,94.83993530273438,161.60000610351562,17.690000534057617,73.19000244140625,142.75830078125,245.04457092285156,15.139642715454102,237.0399932861328,43.64599609375,53.099998474121094,30.227807998657227,162.27532958984375,369.27398681640625,29.3718318939209,102.02960968017578,77.92057037353516,157.2207794189453,131.3273162841797,39.88177490234375,90.80167388916016,77.5199966430664
2022-07-14,359.15106201171875,280.0632629394531,161.41815185546875,99.76869201660156,94.2368392944336,159.3300018310547,17.0,72.8499984741211,145.68234252929688,246.36328125,15.347309112548828,238.31333923339844,42.74352264404297,53.41999816894531,29.656553268432617,158.60739135742188,362.3138732910156,28.80951690673828,98.46481323242188,77.21906280517578,157.4358673095703,130.9397430419922,40.6611442565918,89.72698211669922,78.5999984741211
2022-07-15,366.0126953125,285.1434326171875,164.7786865234375,100.33023834228516,94.99285125732422,159.00999450683594,17.190000534057617,73.73999786376953,147.35044860839844,248.92312622070312,15.736680030822754,240.06666564941406,43.745174407958984,53.790000915527344,30.139925003051758,161.8179931640625,360.567138671875,29.78420066833496,102.97779083251953,78.52798461914062,159.7210693359375,130.7594757080078,41.05878448486328,93.00967407226562,81.11000061035156
2022-07-18,362.9905090332031,282.73040771484375,164.31219482421875,99.28494262695312,94.33025360107422,159.16000366210938,17.219999313354492,76.80999755859375,144.3086395263672,246.52809143066406,16.075136184692383,240.54666137695312,43.60633087158203,58.66999816894531,30.829816818237305,161.92066955566406,350.5207214355469,29.67173957824707,101.92020416259766,77.97190856933594,156.13645935058594,129.173095703125,40.96335220336914,93.49817657470703,81.43000030517578
2022-07-19,372.7981872558594,291.4252624511719,170.1097869873047,98.74934387207031,94.59361267089844,159.5399932861328,17.290000915527344,78.05000305175781,148.16485595703125,251.64776611328125,16.964706420898438,245.52999877929688,45.42119216918945,65.83000183105469,31.778959274291992,168.6873016357422,353.32647705078125,30.562074661254883,104.44563293457031,79.99092864990234,153.86026000976562,129.8311004638672,41.21466064453125,97.31822204589844,85.87999725341797
2022-07-20,375.1741638183594,296.0462341308594,172.77536010742188,99.00849914550781,94.49166107177734,158.0399932861328,17.190000534057617,77.63999938964844,150.16653442382812,254.30453491210938,17.77839469909668,247.5,47.72200393676758,75.2699966430664,32.08655548095703,169.13841247558594,357.7070617675781,30.674535751342773,104.42739868164062,79.8027114868164,152.9820098876953,127.58672332763672,41.558223724365234,100.97216033935547,89.43000030517578
2022-07-21,378.9945983886719,300.2959899902344,173.66065979003906,100.71896362304688,95.78280639648438,160.27000427246094,17.399999618530273,75.48999786376953,152.4331817626953,256.7964782714844,18.021005630493164,271.7066650390625,48.555057525634766,73.9800033569336,31.52410316467285,170.0970458984375,357.68896484375,30.871349334716797,105.1385498046875,80.43579864501953,153.5196990966797,127.70735168457031,42.16582107543945,101.78306579589844,91.08999633789062
2022-07-22,375.4783020019531,295.03021240234375,170.8904266357422,102.41215515136719,96.52180480957031,160.6699981689453,17.139999389648438,74.52999877929688,151.1968231201172,252.45252990722656,17.29117774963379,272.24334716796875,45.86747360229492,70.81999969482422,31.264842987060547,167.86965942382812,357.2725830078125,30.69329071044922,104.62799072265625,80.8550033569336,154.24554443359375,129.7485809326172,42.05765914916992,100.35665893554688,88.0999984741211
2022-07-25,375.9344177246094,293.3498840332031,171.77574157714844,101.41006469726562,95.70636749267578,160.22999572753906,16.979999542236328,76.22000122070312,150.0782470703125,250.96900939941406,16.99665069580078,268.4333190917969,45.272438049316406,67.06999969482422,32.4117317199707,170.86770629882812,361.85235595703125,30.890090942382812,105.04737854003906,80.99188232421875,154.5502471923828,130.62857055664062,41.99722671508789,100.32736206054688,87.54000091552734
2022-07-26,371.4867858886719,287.5858154296875,170.7190399169922,101.48780822753906,95.68937683105469,160.0399932861328,17.15999984741211,75.16000366210938,148.7535858154297,244.2494659423828,16.50644302368164,258.8599853515625,43.11046600341797,52.93000030517578,32.11731719970703,170.32261657714844,359.1461181640625,30.458986282348633,103.40631103515625,81.07743072509766,155.64356994628906,130.882568359375,38.80337142944336,97.48429870605469,85.25
2022-07-27,381.13287353515625,299.7391052246094,174.60316467285156,100.91767120361328,96.32645416259766,161.6699981689453,17.600000381469727,77.87000274658203,153.84616088867188,260.5780334472656,17.761423110961914,274.82000732421875,45.99639892578125,58.83000183105469,32.84236526489258,174.10064697265625,360.7119140625,30.927581787109375,105.06560516357422,81.56507873535156,155.21340942382812,132.1254425048828,40.269866943359375,101.11871337890625,89.81999969482422
2022-07-28,385.9132080078125,302.6700439453125,177.0021209716797,101.72105407714844,97.12491607666016,163.63999938964844,18.43000030517578,77.12999725341797,154.39556884765625,268.0151062011719,17.955108642578125,280.8999938964844,45.79805374145508,62.25,33.02692413330078,176.5347442626953,367.5362548828125,31.152511596679688,104.6735610961914,84.20863342285156,156.1095428466797,134.32090759277344,41.27509689331055,102.48650360107422,91.66999816894531
2022-07-29,391.5393371582031,308.1898193359375,178.25877380371094,101.44463348388672,97.35426330566406,164.10000610351562,18.700000762939453,78.05000305175781,159.4586944580078,272.2135925292969,18.133827209472656,297.1499938964844,44.756736755371094,62.959999084472656,34.459434509277344,186.31825256347656,374.5325012207031,31.592992782592773,105.17501068115234,84.66205596923828,156.39634704589844,126.01995849609375,42.00676345825195,103.65889739990234,94.47000122070312
2022-08-01,390.37994384765625,308.0041809082031,178.19212341308594,103.88775634765625,97.54670715332031,165.02999877929688,18.790000915527344,75.12999725341797,158.4774932861328,269.5664978027344,18.411380767822266,297.27667236328125,45.312103271484375,62.70000076293945,33.74756622314453,183.1322784423828,379.48333740234375,31.330575942993164,104.12654876708984,83.97764587402344,155.8496856689453,129.6397247314453,42.16263961791992,103.77613830566406,96.77999877929688
2022-08-02,387.8044128417969,307.0858154296875,178.020751953125,101.68952941894531,96.35462951660156,164.0500030517578,18.40999984741211,75.93000030517578,157.0056610107422,266.4733581542969,18.496240615844727,300.586669921875,46.52201461791992,67.2300033569336,33.668479919433594,172.4653778076172,388.0816650390625,30.98381996154785,102.50370788574219,82.89969635009766,154.96250915527344,128.77784729003906,42.20716857910156,102.3008804321289,99.29000091552734
2022-08-03,393.8773193359375,315.4485778808594,180.63870239257812,103.29061126708984,97.40194702148438,164.4499969482422,18.489999771118164,73.52999877929688,163.01075744628906,273.8909912109375,18.86264991760254,307.39666748046875,49.34844207763672,80.80999755859375,32.70174789428711,171.8638916015625,388.55224609375,31.45241355895996,103.57952117919922,83.1648941040039,156.4590606689453,131.43597412109375,41.51368713378906,106.51171112060547,98.08999633789062
2022-08-04,393.6111755371094,316.9237365722656,180.25791931152344,103.2559814453125,97.55520629882812,167.1699981689453,18.639999389648438,71.52999877929688,162.69677734375,275.0352478027344,19.18413543701172,308.6333312988281,49.75505065917969,88.9000015258789,31.48894500732422,172.58755493164062,387.49334716796875,31.349323272705078,102.43988037109375,83.03658294677734,153.9498291015625,131.22731018066406,39.945396423339844,105.63241577148438,103.91000366210938
2022-08-05,392.9458923339844,314.33477783203125,181.6382598876953,100.79812622070312,96.23542785644531,165.2899932861328,18.329999923706055,71.54000091552734,162.47076416015625,274.3176574707031,18.958494186401367,288.1700134277344,49.65587615966797,93.05000305175781,32.11293029785156,174.23223876953125,385.93658447265625,31.57424545288086,105.53970336914062,83.26757049560547,153.34046936035156,131.2908172607422,40.26667785644531,104.17669677734375,102.30999755859375
2022-08-08,392.4897155761719,313.31884765625,183.56129455566406,102.42515563964844,96.61856079101562,166.69000244140625,19.030000686645508,73.54000091552734,161.99911499023438,271.8063659667969,17.764419555664062,290.42333984375,50.37984085083008,98.0199966430664,32.2799072265625,174.62692260742188,383.628662109375,31.555511474609375,104.2541732788086,84.01184844970703,152.52496337890625,131.78981018066406,40.59434127807617,106.59963989257812,100.06999969482422
2022-08-09,390.93115234375,309.7724609375,181.0575714111328,102.02708435058594,96.18429565429688,167.1999969482422,18.93000030517578,73.44999694824219,162.0482635498047,273.7261962890625,17.058557510375977,283.3333435058594,47.632747650146484,87.68000030517578,32.84675598144531,174.8336944580078,387.8734130859375,31.71483039855957,105.19325256347656,84.4738540649414,152.5070343017578,131.48133850097656,40.99517059326172,105.64219665527344,95.54000091552734
2022-08-10,399.1422424316406,318.41845703125,186.2268524169922,101.36065673828125,97.09542083740234,166.77999877929688,18.950000762939453,74.31999969482422,166.2930450439453,280.3778381347656,18.067928314208984,294.3566589355469,51.143470764160156,94.13999938964844,33.08405303955078,179.2414093017578,389.1768493652344,32.42709732055664,107.9375,85.7571029663086,152.94613647460938,132.72425842285156,41.081050872802734,109.84325408935547,99.05000305175781
2022-08-11,399.1422424316406,316.6111145019531,186.92181396484375,98.99800872802734,96.15876770019531,166.33999633789062,18.670000076293945,76.27999877929688,165.55613708496094,278.30279541015625,17.913177490234375,286.6300048828125,49.507118225097656,84.0,34.22214889526367,182.32403564453125,388.1449890136719,32.81135940551758,109.53299713134766,85.55180358886719,149.78271484375,131.78070068359375,41.47724151611328,114.98223876953125,98.12000274658203
2022-08-12,405.8992919921875,322.7757568359375,190.7392578125,100.0019302368164,97.27425384521484,167.8699951171875,19.170000076293945,74.9800033569336,169.1031951904297,283.0443420410156,18.67894744873047,300.0299987792969,51.579830169677734,90.48999786376953,34.481414794921875,184.99310302734375,393.02337646484375,33.32681655883789,111.34730529785156,87.02330017089844,148.1338348388672,133.05990600585938,42.24402618408203,118.7729721069336,100.83000183105469
2022-08-15,407.5719909667969,325.38409423828125,191.41517639160156,99.91535186767578,97.20609283447266,165.7100067138672,18.68000030517578,72.87999725341797,170.17425537109375,284.5569152832031,19.001426696777344,309.32000732421875,51.75834274291992,91.97000122070312,33.80908966064453,184.1566619873047,396.4356384277344,33.31745147705078,111.64817810058594,87.37405395507812,148.84178161621094,134.77450561523438,42.365440368652344,121.40107727050781,101.01000213623047
2022-08-16,408.3702392578125,324.62213134765625,191.33900451660156,100.33075714111328,96.83143615722656,165.4199981689453,18.56999969482422,71.23999786376953,170.0170135498047,283.8199768066406,18.84867286682129,306.5633239746094,50.32033920288086,90.38999938964844,33.72999954223633,185.63217163085938,398.3815002441406,33.56111145019531,112.7148666381836,87.14305114746094,150.16812133789062,136.01734924316406,44.528446197509766,122.08496856689453,100.19999694824219
2022-08-17,405.4716491699219,320.9195556640625,188.12132263183594,99.28360748291016,95.92037200927734,164.35000610351562,18.25,72.05000305175781,171.51058959960938,283.0718078613281,18.3055477142334,303.9966735839844,47.632747650146484,85.44000244140625,34.011226654052734,184.13784790039062,399.67572021484375,33.39242172241211,111.76668548583984,86.62120056152344,150.17703247070312,135.3914031982422,44.57636642456055,119.98443603515625,98.2699966430664
2022-08-18,406.650146484375,321.6912841796875,189.368408203125,99.43074035644531,96.16729736328125,163.9199981689453,18.040000915527344,74.20999908447266,171.1175537109375,281.95440673828125,18.742847442626953,302.8699951171875,47.10713577270508,83.47000122070312,34.925228118896484,185.472412109375,397.6484069824219,33.42990493774414,110.90055847167969,86.04800415039062,149.45115661621094,135.87222290039062,44.43259048461914,119.84766387939453,100.44000244140625
2022-08-19,401.1855773925781,315.4192810058594,185.3034210205078,97.82967376708984,95.02628326416016,162.72000122070312,17.549999237060547,74.05999755859375,168.5333251953125,278.0482177734375,17.820327758789062,296.6666564941406,44.32037353515625,74.05999755859375,34.91643142700195,183.8277587890625,398.2637634277344,32.76449966430664,108.15631866455078,85.1411361694336,151.72740173339844,135.83595275878906,43.77761459350586,117.37586975097656,95.94999694824219
2022-08-22,392.8318786621094,307.1151123046875,181.48599243164062,97.50079345703125,94.38768005371094,161.63999938964844,17.5,74.68000030517578,164.652099609375,269.8860168457031,17.00663948059082,289.913330078125,43.24930953979492,71.47000122070312,34.85051727294922,180.21884155273438,391.29461669921875,32.042850494384766,106.36933898925781,83.28467559814453,151.19508361816406,135.4730682373047,42.994850158691406,113.27249908447266,92.83999633789062
2022-08-23,391.8815002441406,306.8612060546875,181.78109741210938,96.96419525146484,94.48983764648438,162.77000427246094,17.6200008392334,76.83000183105469,164.3180389404297,268.6131286621094,17.153404235839844,296.4533386230469,43.01129150390625,71.18000030517578,36.107261657714844,185.34083557128906,392.0097351074219,31.911645889282227,105.32087707519531,82.21527099609375,149.87791442871094,132.8602752685547,42.81273651123047,112.21734619140625,92.48999786376953
2022-08-24,393.1359558105469,307.75018310546875,183.1709747314453,96.25455474853516,94.20889282226562,163.25,17.6299991607666,78.04000091552734,164.61280822753906,267.9815368652344,17.1943359375,297.0966796875,44.1319465637207,71.4800033569336,36.55107879638672,182.47439575195312,392.54364013671875,32.08032989501953,105.576171875,82.6858139038086,149.38174438476562,132.28875732421875,43.12265396118164,113.73168182373047,92.7300033569336
2022-08-25,398.6861267089844,313.1917419433594,186.0174102783203,97.59597778320312,95.1795425415039,163.75,17.729999542236328,76.5,167.0692901611328,270.9548645019531,17.884227752685547,296.07000732421875,45.40135955810547,71.37000274658203,36.83230972290039,186.91033935546875,397.00579833984375,32.577056884765625,108.0833740234375,83.9177474975586,150.7801055908203,132.17990112304688,43.410194396972656,114.75752258300781,97.18000030517578
2022-08-26,385.19091796875,300.3547058105469,179.90565490722656,98.33163452148438,94.60903930664062,161.75999450683594,17.360000610351562,75.8499984741211,160.77090454101562,260.4995422363281,16.233884811401367,288.0899963378906,42.48567581176758,66.73999786376953,36.401676177978516,180.36923217773438,390.20855712890625,31.60236930847168,104.5459213256836,81.80461883544922,148.19992065429688,129.08631896972656,42.04594802856445,111.44551849365234,91.18000030517578
2022-08-29,382.6440124511719,297.39447021484375,178.24925231933594,97.51808166503906,93.91085815429688,161.86000061035156,17.290000915527344,78.69000244140625,158.56991577148438,257.7204895019531,15.775616645812988,284.82000732421875,41.781551361083984,66.33999633789062,36.95095443725586,180.23764038085938,388.89617919921875,31.377437591552734,104.29065704345703,81.0688705444336,147.05413818359375,128.54202270507812,42.45488739013672,110.91793823242188,88.48999786376953
2022-08-30,378.4433898925781,294.0825500488281,175.75506591796875,97.76042938232422,94.03003692626953,160.50999450683594,16.959999084472656,75.47000122070312,156.14291381835938,255.52447509765625,15.443153381347656,277.70001220703125,41.56336975097656,67.02999877929688,35.69860076904297,175.68893432617188,384.7599792480469,31.208751678466797,104.30889892578125,79.94815063476562,146.5399169921875,127.17208862304688,42.32709884643555,109.84325408935547,86.94000244140625
2022-08-31,375.5638122558594,292.3728942871094,174.68881225585938,96.82574462890625,93.04231262207031,159.27000427246094,16.579999923706055,73.11000061035156,154.48233032226562,254.06698608398438,15.069755554199219,275.6099853515625,41.53361892700195,66.80000305175781,35.37343978881836,173.59317016601562,382.7555847167969,30.974443435668945,103.68891906738281,79.57171630859375,145.55654907226562,125.13997650146484,42.349464416503906,109.50131225585938,84.87000274658203
2022-09-01,376.7422790527344,292.4999084472656,172.78488159179688,95.05303955078125,92.48220825195312,157.8699951171875,16.3799991607666,70.94999694824219,155.20944213867188,253.02725219726562,13.91461181640625,277.1600036621094,41.374942779541016,65.52999877929688,34.50338363647461,171.4597625732422,385.0332946777344,31.06816864013672,104.40007019042969,79.7171630859375,149.16519165039062,126.68223571777344,42.96609115600586,109.94095611572266,82.33000183105469
2022-09-02,372.76971435546875,288.367431640625,171.44253540039062,95.59075164794922,92.55049896240234,159.25999450683594,16.56999969482422,71.43000030517578,153.09686279296875,248.81015014648438,13.625078201293945,270.2099914550781,40.25428771972656,65.26000213623047,35.136138916015625,169.9466552734375,381.3525390625,30.824491500854492,103.67069244384766,78.60499572753906,146.81954956054688,124.43236541748047,42.49323272705078,108.64154052734375,80.23999786376953
2022-09-06,371.36322021484375,286.2962341308594,169.74806213378906,93.22309875488281,91.29530334472656,158.3300018310547,16.540000915527344,71.41999816894531,151.8391571044922,246.07969665527344,13.443371772766113,274.4200134277344,39.7584228515625,62.779998779296875,34.810970306396484,169.78689575195312,380.63275146484375,30.749523162841797,103.69805145263672,79.3150634765625,147.21652221679688,123.0443115234375,42.282379150390625,107.55709075927734,78.72000122070312
2022-09-07,378.03472900390625,292.0798034667969,173.4417266845703,94.69747161865234,92.5419692993164,159.94000244140625,17.0,67.62000274658203,153.24427795410156,250.78260803222656,13.696038246154785,283.70001220703125,41.127010345458984,68.25,34.406707763671875,169.97482299804688,382.7829284667969,31.358694076538086,105.6673355102539,80.8635482788086,148.0194549560547,124.90406036376953,43.3686637878418,110.09727478027344,79.61000061035156
2022-09-08,380.5057067871094,293.59405517578125,174.88876342773438,93.72608184814453,92.3284912109375,158.97999572753906,17.030000686645508,68.08999633789062,151.7703857421875,251.20046997070312,13.971675872802734,289.260009765625,42.34683609008789,73.08000183105469,34.55610275268555,172.1270751953125,382.33648681640625,31.911645889282227,108.12895202636719,81.08599853515625,149.21031188964844,125.06742858886719,43.58911895751953,109.74555206298828,82.77999877929688
2022-09-09,386.41693115234375,300.01263427734375,178.4015655517578,93.93424987792969,92.5419692993164,159.82000732421875,17.31999969482422,71.0999984741211,154.6297149658203,256.9723205566406,14.368158340454102,299.67999267578125,44.231117248535156,80.87000274658203,35.41737365722656,178.08546447753906,384.04937744140625,32.20216751098633,108.64862823486328,81.96717071533203,149.4990234375,126.97254943847656,43.72011184692383,112.52998352050781,85.44999694824219
2022-09-12,390.570068359375,303.5785827636719,180.5625762939453,93.16239929199219,92.33702850341797,160.6300048828125,18.170000076293945,72.37000274658203,160.58419799804688,259.100341796875,14.486001014709473,304.4200134277344,45.302188873291016,82.55000305175781,36.06771469116211,180.82029724121094,381.4163513183594,32.46458435058594,109.93413543701172,82.7627944946289,149.4358673095703,128.0067596435547,44.113094329833984,113.71214294433594,84.63999938964844
2022-09-13,373.58709716796875,286.9313049316406,173.49887084960938,93.37921142578125,91.67102813720703,158.5399932861328,17.829999923706055,72.01000213623047,151.16119384765625,244.85537719726562,13.113801956176758,292.1300048828125,42.22782897949219,75.25,35.15811538696289,173.21722412109375,372.9341125488281,31.25560188293457,106.11408233642578,79.59740447998047,145.54751586914062,125.35768127441406,43.202518463134766,109.18867492675781,77.02999877929688
2022-09-14,375.01263427734375,289.2076416015625,174.1747589111328,93.70010375976562,92.10649108886719,157.92999267578125,18.0,72.7300033569336,152.6055908203125,245.078857421875,13.110807418823242,302.6099853515625,43.38814926147461,78.69999694824219,36.15120315551758,173.53675842285156,379.5850524902344,31.161884307861328,105.867919921875,78.69053649902344,148.5517578125,125.6570816040039,43.10667037963867,109.91165161132812,77.44999694824219
2022-09-15,370.7549743652344,284.3912353515625,172.9085693359375,93.63938903808594,91.66248321533203,154.97999572753906,17.6299991607666,69.76000213623047,149.716796875,238.43251037597656,12.912066459655762,303.75,44.3402099609375,77.2300033569336,35.21963119506836,171.50677490234375,376.8153381347656,31.264982223510742,107.46340942382812,77.23616027832031,148.9306640625,124.68635559082031,42.64340591430664,108.221435546875,76.66000366210938
2022-09-16,367.92645263671875,282.6521911621094,170.3953857421875,92.85884857177734,91.4489974975586,155.83999633789062,17.989999771118164,69.9000015258789,148.0758514404297,237.81065368652344,13.180716514587402,303.3500061035156,42.22782897949219,74.0,34.468223571777344,168.66851806640625,377.4530944824219,30.98381996154785,106.74314880371094,77.24472045898438,151.20413208007812,125.44844055175781,42.553932189941406,105.7594223022461,76.51000213623047
2022-09-19,370.7797546386719,284.8533630371094,171.85191345214844,93.07565307617188,91.60272216796875,155.9600067138672,17.989999771118164,70.05000305175781,151.7900848388672,237.5968780517578,13.36447525024414,309.07000732421875,42.138572692871094,69.93000030517578,34.48866271972656,171.14964294433594,379.4847717285156,31.33523178100586,107.7278060913086,77.13350677490234,150.0132598876953,125.18534851074219,42.918174743652344,106.65826416015625,76.7699966430664
2022-09-20,366.5237731933594,282.5827941894531,169.51004028320312,92.14765930175781,90.68907165527344,155.07000732421875,17.729999542236328,69.22000122070312,154.16790771484375,235.58544921875,13.158743858337402,308.7300109863281,41.09725570678711,67.94000244140625,34.248779296875,167.27764892578125,383.18377685546875,30.873586654663086,105.60350799560547,75.25990295410156,148.83143615722656,124.74081420898438,42.66896057128906,105.0950698852539,75.25
2022-09-21,360.13018798828125,277.5228271484375,166.920654296875,93.6914291381836,91.03058624267578,155.7899932861328,18.059999465942383,68.68000030517578,151.04327392578125,232.1845703125,13.243633270263672,300.79998779296875,40.00635528564453,67.63999938964844,33.746822357177734,161.60110473632812,382.83758544921875,30.23293685913086,102.55840301513672,74.07075500488281,147.30674743652344,123.13504791259766,43.058746337890625,102.08592987060547,74.4800033569336
2022-09-22,357.1051940917969,274.10711669921875,163.16033935546875,91.29776000976562,89.74981689453125,155.6999969482422,18.09000015258789,68.97000122070312,150.0803680419922,234.15708923339844,12.544548988342285,288.5899963378906,38.2906608581543,62.939998626708984,33.62688064575195,160.28538513183594,384.5504455566406,29.724185943603516,101.39139556884766,73.12967681884766,149.9230194091797,123.5705337524414,42.61783981323242,99.80953979492188,69.5
2022-09-23,351.1219177246094,269.6441650390625,159.27618408203125,91.67066955566406,89.49366760253906,153.00999450683594,17.360000610351562,65.31999969482422,147.810546875,231.18373107910156,12.499608993530273,275.3299865722656,37.51711654663086,61.880001068115234,31.308095932006836,154.35516357421875,376.3416442871094,29.253124237060547,99.50415802001953,72.15766143798828,150.4102020263672,122.99896240234375,41.553916931152344,97.21074676513672,67.95999908447266
2022-09-26,347.6484375,268.5284729003906,157.09542846679688,89.91881561279297,87.93961334228516,151.22999572753906,16.920000076293945,63.20000076293945,148.14462280273438,230.72703552246094,12.211986541748047,276.010009765625,37.12042236328125,62.279998779296875,30.53960609436035,152.83262634277344,371.40350341796875,28.791481018066406,97.36163330078125,70.1340560913086,149.48995971679688,123.1169204711914,41.953285217285156,95.86249542236328,66.30000305175781
2022-09-27,346.7608642578125,268.63616943359375,157.63125610351562,87.55113220214844,86.61613464355469,151.5399932861328,16.899999618530273,64.41999816894531,149.11741638183594,229.7165069580078,12.396743774414062,282.94000244140625,37.89397048950195,63.04999923706055,30.88165283203125,152.66343688964844,364.1968078613281,28.669004440307617,96.50462341308594,69.2000961303711,148.80435180664062,119.7330322265625,41.8382682800293,93.64472198486328,67.16999816894531
2022-09-28,353.5838623046875,273.9798278808594,162.61679077148438,90.4825210571289,88.35800170898438,154.69000244140625,17.450000762939453,67.12999725341797,147.23081970214844,234.2445831298828,12.719320297241211,287.80999755859375,39.65924835205078,67.30999755859375,32.24983215332031,157.66329956054688,364.4337158203125,29.234283447265625,98.4556884765625,70.6356430053711,150.0854034423828,119.7330322265625,42.52838134765625,97.11305236816406,68.36000061035156
2022-09-29,346.1978759765625,266.0816650390625,158.97097778320312,90.01419067382812,87.7005386352539,154.66000366210938,17.3700008392334,66.7699966430664,139.9989776611328,230.77566528320312,12.203997611999512,268.2099914550781,37.487361907958984,61.939998626708984,32.24983215332031,155.91522216796875,355.131591796875,28.866853713989258,96.78727722167969,68.56015014648438,148.43446350097656,116.75740051269531,42.25361633300781,95.2079086303711,64.13999938964844
2022-09-30,340.8444519042969,261.56988525390625,157.81312561035156,88.8520278930664,87.478515625,154.6699981689453,17.5,65.27999877929688,135.79351806640625,226.30589294433594,12.123101234436035,265.25,37.417938232421875,64.48999786376953,31.992189407348633,154.20477294921875,351.9427185058594,28.603055953979492,95.2738265991211,69.32979583740234,147.37893676757812,114.53474426269531,41.43888854980469,92.15969848632812,63.36000061035156
2022-10-03,349.84320068359375,267.7063903808594,161.9947967529297,90.26383972167969,89.0968246459961,158.42999267578125,19.100000381469727,67.88999938964844,139.96951293945312,233.92388916015625,12.495614051818848,242.39999389648438,37.5865364074707,65.94999694824219,33.800132751464844,160.92445373535156,364.1968078613281,29.3756046295166,98.21866607666016,70.56645965576172,147.23458862304688,116.58502197265625,42.34307861328125,94.895263671875,66.11000061035156
2022-10-04,360.68365478515625,276.1232604980469,168.41567993164062,90.01177215576172,89.50806427001953,160.6999969482422,19.360000610351562,70.27999877929688,143.55596923828125,241.8334197998047,13.149754524230957,249.44000244140625,40.452632904052734,74.5,35.25270080566406,168.81890869140625,370.0003356933594,30.468475341796875,102.81367492675781,71.99333953857422,149.41781616210938,118.0274887084961,42.892608642578125,99.10611724853516,67.9000015258789
2022-10-05,359.8438720703125,275.9764404296875,167.17164611816406,89.15111541748047,88.83126068115234,159.80999755859375,18.989999771118164,71.94000244140625,143.8507080078125,242.14434814453125,13.191701889038086,240.80999755859375,39.70883560180664,72.97000122070312,35.98122024536133,167.64413452148438,366.7205810546875,30.23293685913086,101.54425811767578,70.583740234375,148.95770263671875,117.21099853515625,42.467674255371094,98.4808349609375,67.94000244140625
2022-10-06,356.1318359375,273.80377197265625,166.23390197753906,88.65557098388672,88.62566375732422,159.6300048828125,19.040000915527344,72.98999786376953,142.89764404296875,239.80259704589844,13.112805366516113,238.1300048828125,39.8377571105957,73.91000366210938,36.62087631225586,168.04823303222656,364.078369140625,29.808979034423828,99.47456359863281,68.62068176269531,146.0707550048828,114.74339294433594,42.071495056152344,97.73831939697266,67.8499984741211
2022-10-07,346.1978759765625,263.3706359863281,161.3440704345703,87.79491424560547,87.74324035644531,157.8800048828125,18.5,75.0999984741211,137.65060424804688,227.60792541503906,12.060187339782715,223.07000732421875,37.2195930480957,67.0,36.33658981323242,166.8640594482422,368.0415954589844,29.10238265991211,97.48764038085938,66.96894836425781,144.52801513671875,112.73849487304688,41.07466506958008,94.92459106445312,58.439998626708984
2022-10-10,343.55462646484375,260.7379455566406,160.44459533691406,86.4300308227539,86.955078125,155.47999572753906,18.09000015258789,73.77999877929688,137.97488403320312,222.7592010498047,11.654716491699219,222.9600067138672,35.9997673034668,67.04000091552734,35.59030532836914,167.9166717529297,373.53546142578125,28.970483779907227,96.57697296142578,66.337646484375,144.7174835205078,112.27579498291016,41.31748580932617,92.9706039428711,57.810001373291016
2022-10-11,341.3788757324219,257.1558837890625,160.492431640625,86.81255340576172,86.77517700195312,155.16000366210938,17.68000030517578,71.75,136.55995178222656,219.02792358398438,11.570828437805176,216.5,35.35514450073242,70.16000366210938,35.30601501464844,168.93167114257812,374.51031494140625,28.603055953979492,93.7897720336914,67.01217651367188,146.810546875,112.70219421386719,42.38780212402344,90.95799255371094,57.630001068115234
2022-10-12,340.2527770996094,257.0677795410156,160.05226135253906,87.2385482788086,86.67237854003906,155.99000549316406,17.59000015258789,70.93000030517578,135.93106079101562,219.3583221435547,11.484939575195312,217.24000549316406,35.82125473022461,69.94999694824219,35.59030532836914,168.6967315673828,362.0830993652344,28.537107467651367,95.30756378173828,66.31169128417969,146.77442932128906,112.88363647460938,41.90855407714844,91.2608642578125,57.849998474121094
2022-10-13,349.2324523925781,263.0966796875,164.01385498046875,86.4039535522461,86.82660675048828,154.91000366210938,17.389999389648438,72.5199966430664,140.5001220703125,227.60792541503906,11.944336891174316,221.72000122070312,35.741920471191406,69.26000213623047,37.042884826660156,172.11766052246094,369.86376953125,29.714763641357422,100.60601806640625,67.52240753173828,148.9938201904297,114.58917236328125,42.26319122314453,94.41654205322266,58.939998626708984
2022-10-14,341.27392578125,255.18861389160156,159.62167358398438,85.69110870361328,85.99557495117188,152.97999572753906,16.809999465942383,70.16999816894531,135.97039794921875,222.0887451171875,11.212296485900879,204.99000549316406,33.7088737487793,63.59000015258789,35.661380767822266,167.465576171875,354.7852783203125,29.21544075012207,102.28015899658203,65.84471893310547,148.3712921142578,113.47331237792969,41.672122955322266,92.27693176269531,55.939998626708984
2022-10-17,350.04364013671875,263.6153869628906,164.71241760253906,85.27381896972656,86.40680694580078,153.4199981689453,17.1200008392334,70.12999725341797,139.93020629882812,230.80479431152344,11.872429847717285,219.35000610351562,36.079105377197266,69.16999816894531,36.105587005615234,169.91847229003906,361.9828796386719,29.950300216674805,106.5759506225586,68.32666778564453,150.2929229736328,115.5235824584961,41.97245788574219,95.09066772460938,57.959999084472656
2022-10-18,354.1564636230469,265.6999816894531,166.66448974609375,85.47377014160156,86.92082214355469,153.75,17.229999542236328,68.69999694824219,141.24688720703125,231.74729919433594,11.95132827758789,220.19000244140625,36.66422653198242,66.20999908447266,36.42098617553711,172.50296020507812,393.442626953125,30.430784225463867,109.31714630126953,69.07037353515625,149.76966857910156,116.4580078125,42.85746765136719,96.21421813964844,57.91999816894531
2022-10-19,351.6467590332031,264.7310791015625,163.83203125,83.91764068603516,85.73001861572266,151.69000244140625,17.010000228881836,70.04000091552734,141.35496520996094,229.78453063964844,12.035216331481934,222.0399932861328,35.087379455566406,63.189998626708984,37.4959831237793,173.3112335205078,400.84063720703125,29.93145751953125,107.17387390136719,67.34944915771484,148.5787811279297,117.53760528564453,42.73605728149414,96.71247863769531,57.22999954223633
2022-10-20,348.6980895996094,263.3804016113281,161.74600219726562,82.4832534790039,84.98468780517578,151.4499969482422,17.170000076293945,70.18000030517578,140.89315795898438,229.4638671875,12.178030967712402,207.27999877929688,34.95845031738281,63.59000015258789,37.53151321411133,169.67410278320312,404.8311767578125,29.450971603393555,106.82428741455078,67.055419921875,148.95770263671875,116.02367401123047,42.84148025512695,96.3216781616211,57.77000045776367
2022-10-21,357.1719055175781,269.5561218261719,165.25784301757812,80.99666595458984,85.22452545166016,154.14999389648438,17.760000228881836,70.56999969482422,144.70558166503906,235.26483154296875,12.449673652648926,214.44000244140625,35.58324432373047,66.37999725341797,38.61538314819336,179.9677276611328,414.1879577636719,30.32715606689453,112.43551635742188,67.58293151855469,152.20555114746094,117.47637939453125,43.70733642578125,99.69230651855469,58.81999969482422
2022-10-24,361.54248046875,272.5215759277344,165.96595764160156,80.32726287841797,85.18171691894531,153.64999389648438,17.68000030517578,70.37999725341797,146.84762573242188,240.2495574951172,12.582500457763672,211.25,35.136962890625,66.38999938964844,38.79751205444336,180.98953247070312,416.7846374511719,30.732267379760742,112.57349395751953,67.57429504394531,154.2534637451172,118.19817352294922,44.54121780395508,99.3796615600586,58.70000076293945
2022-10-25,367.3158264160156,278.15887451171875,170.49212646484375,82.66576385498047,86.32112884521484,154.0,17.860000610351562,70.61000061035156,149.6873016357422,243.56301879882812,13.243633270263672,222.4199981689453,37.49728012084961,75.05000305175781,38.83749771118164,184.33876037597656,419.2354431152344,31.099689483642578,112.86783599853516,70.22917938232422,154.0098876953125,119.55950164794922,44.7520866394043,101.95893859863281,61.470001220703125
2022-10-26,364.5483703613281,272.0126953125,171.33421325683594,83.85680389404297,86.7152328491211,154.97999572753906,17.979999542236328,72.97000122070312,146.7493896484375,224.77061462402344,12.879110336303711,224.63999938964844,37.57661819458008,73.80999755859375,39.366111755371094,186.344482421875,421.4311218261719,31.175065994262695,114.16484832763672,70.18594360351562,155.3631591796875,120.4000473022461,45.09394454956055,102.22271728515625,59.72999954223633
2022-10-27,362.60174560546875,267.0603332519531,171.3725128173828,84.7348403930664,87.11786651611328,154.74000549316406,17.979999542236328,73.62000274658203,142.2786102294922,220.32998657226562,13.158743858337402,225.08999633789062,37.55678176879883,72.47000122070312,39.50826644897461,200.70631408691406,429.968017578125,31.429447174072266,114.61558532714844,70.28971862792969,155.45339965820312,120.49140930175781,44.962955474853516,102.0370864868164,58.599998474121094
2022-10-28,371.2283020019531,275.23260498046875,175.26708984375,84.15237426757812,87.29779815673828,153.16000366210938,17.739999771118164,72.81999969482422,153.02810668945312,229.1917724609375,13.815881729125977,228.52000427246094,38.56834411621094,72.06999969482422,39.64596176147461,207.51824951171875,441.75738525390625,32.21140670776367,115.97700500488281,71.83769226074219,157.76290893554688,123.5429916381836,45.53166198730469,103.51233673095703,62.0099983215332
2022-10-31,368.5467834472656,272.03228759765625,175.42977905273438,83.55252075195312,86.82660675048828,151.91000366210938,17.6200008392334,71.52999877929688,150.66990661621094,225.55764770507812,13.47932243347168,227.5399932861328,37.9633903503418,66.25,39.97911834716797,204.79344177246094,443.40643310546875,32.0135612487793,115.79301452636719,71.7598648071289,156.9509735107422,123.04046630859375,45.47415542602539,104.0887680053711,60.060001373291016
2022-11-01,366.9341125488281,269.252685546875,175.66900634765625,84.33338928222656,87.45130920410156,153.4600067138672,18.049999237060547,73.12000274658203,148.02674865722656,221.70980834960938,13.525262832641602,227.82000732421875,37.97330856323242,63.290000915527344,40.36558532714844,206.72352600097656,442.4498596191406,32.09836196899414,117.88111114501953,71.73390197753906,156.15704345703125,123.23236083984375,45.26968002319336,103.56119537353516,59.65999984741211
2022-11-02,357.7253723144531,260.02349853515625,169.8414306640625,83.96733856201172,87.03023529052734,152.38999938964844,17.729999542236328,74.08000183105469,142.50462341308594,213.8682861328125,13.201685905456543,214.97999572753906,36.138607025146484,60.709999084472656,39.392765045166016,202.9769744873047,439.197265625,31.693241119384766,116.7956771850586,69.76220703125,153.7572479248047,121.4598617553711,44.96935272216797,99.47737121582031,58.630001068115234
2022-11-03,354.0419921875,254.9439697265625,168.70274353027344,83.51419830322266,86.72087860107422,151.80999755859375,17.940000534057617,73.29000091552734,136.4617156982422,208.1839141845703,13.403422355651855,215.30999755859375,35.900596618652344,55.79999923706055,40.121280670166016,207.4425506591797,441.7118225097656,31.37291717529297,117.00724792480469,69.66706085205078,154.01890563964844,120.62845611572266,44.95975875854492,96.96650695800781,60.11000061035156
2022-11-04,359.1377258300781,259.04473876953125,170.98016357421875,82.1111068725586,86.89276123046875,156.47000122070312,19.260000228881836,76.81999969482422,136.19595336914062,215.1217803955078,14.13746166229248,207.47000122070312,34.92870330810547,58.81999969482422,40.60990905761719,215.56961059570312,438.8420104980469,31.947614669799805,120.20840454101562,70.61833953857422,154.70458984375,122.83032989501953,45.039634704589844,97.28890228271484,62.189998626708984
2022-11-07,362.5730895996094,261.89276123046875,171.75527954101562,81.29188537597656,86.5748291015625,155.85000610351562,19.149999618530273,76.55999755859375,136.72744750976562,221.4182891845703,14.282270431518555,197.0800018310547,34.70060348510742,56.970001220703125,41.30732345581055,216.2886199951172,445.18310546875,32.267940521240234,120.84309387207031,70.61833953857422,156.0577850341797,124.7124252319336,45.51249313354492,98.11934661865234,63.08000183105469
2022-11-08,364.52935791015625,263.80133056640625,171.8222198486328,82.18080139160156,86.93571472167969,159.4499969482422,19.700000762939453,74.47000122070312,137.2982635498047,222.3899688720703,14.582876205444336,191.3000030517578,34.56175994873047,50.83000183105469,41.347293853759766,217.42393493652344,450.1849670410156,32.45636749267578,120.91668701171875,70.83452606201172,156.83367919921875,124.99568939208984,45.621124267578125,97.6015396118164,63.849998474121094
2022-11-09,357.01922607421875,257.7137756347656,167.10472106933594,82.45096588134766,86.7123031616211,158.64999389648438,19.360000610351562,71.66999816894531,132.74134826660156,218.1534423828125,13.75795841217041,177.58999633789062,32.30061721801758,45.97999954223633,39.32613754272461,213.3841094970703,442.03985595703125,31.90992546081543,119.3437271118164,70.10811614990234,155.57968139648438,124.69416809082031,44.56039047241211,84.75408935546875,59.91999816894531
2022-11-10,376.6390075683594,276.73004150390625,177.3914337158203,85.62316131591797,89.61673736572266,163.47999572753906,19.969999313354492,72.23999786376953,144.55194091796875,236.1004638671875,15.729373931884766,190.72000122070312,36.99149703979492,50.91999816894531,40.201229095458984,219.92164611816406,447.1328430175781,33.520973205566406,124.25579833984375,75.23629760742188,157.4020538330078,128.98831176757812,45.48373794555664,88.37873077392578,68.47000122070312
2022-11-11,380.2843322753906,281.82904052734375,178.84593200683594,85.3094482421875,89.85734558105469,164.55999755859375,19.950000762939453,74.37999725341797,147.33731079101562,240.11354064941406,16.305618286132812,195.97000122070312,40.06585693359375,57.459999084472656,41.3695068359375,223.74395751953125,422.61553955078125,33.79418182373047,124.45816802978516,75.22763061523438,152.6927032470703,128.7964324951172,45.55403137207031,92.82405853271484,72.37000274658203
2022-11-14,377.04931640625,279.36273193359375,176.84597778320312,85.10031127929688,89.40192413330078,164.9199981689453,20.239999771118164,71.91000366210938,145.93966674804688,234.71096801757812,16.27366065979004,190.9499969482422,38.58818054199219,53.220001220703125,41.35618591308594,223.75335693359375,420.9573974609375,33.31370162963867,123.17955780029297,73.39430236816406,155.09251403808594,128.8055877685547,44.215328216552734,92.11084747314453,73.52999877929688
2022-11-15,380.2651672363281,283.2286376953125,179.46791076660156,86.47722625732422,90.6479263305664,165.5,19.8799991607666,73.25,147.67190551757812,235.1190948486328,16.6441707611084,194.4199981689453,39.6394157409668,55.529998779296875,41.79151153564453,221.94635009765625,425.70416259765625,33.389060974121094,122.28729248046875,74.18990325927734,155.5255126953125,128.35791015625,47.10679244995117,93.31255340576172,76.37000274658203
2022-11-16,377.36419677734375,279.36273193359375,176.3101043701172,88.36833953857422,91.42125701904297,165.1199951171875,19.739999771118164,72.04000091552734,146.441650390625,235.5478057861328,15.88916301727295,186.9199981689453,37.59645080566406,48.83000183105469,40.93862533569336,219.89328002929688,424.783935546875,33.228912353515625,122.45288848876953,73.51536560058594,156.49087524414062,129.4999237060547,47.44546127319336,91.7884292602539,72.69999694824219
2022-11-17,376.2095642089844,278.7461853027344,174.67381286621094,87.43588256835938,90.93147277832031,163.9199981689453,19.290000915527344,70.13999938964844,148.3411865234375,235.49908447265625,15.65646743774414,183.1699981689453,36.812984466552734,48.790000915527344,41.0274658203125,218.02000427246094,430.7333068847656,33.04991149902344,121.91932678222656,73.0137939453125,157.75390625,128.70509338378906,47.285709381103516,89.34595489501953,73.9000015258789
2022-11-18,377.91766357421875,278.7559814453125,175.80296325683594,86.83452606201172,90.92288970947266,162.7899932861328,19.25,69.02999877929688,148.9022216796875,235.05087280273438,15.38882064819336,180.19000244140625,36.25761795043945,45.2599983215332,40.70318603515625,218.9566192626953,434.4231872558594,33.323123931884766,123.11516571044922,73.93909454345703,158.96282958984375,130.25828552246094,47.99819564819336,89.68791198730469,73.56999969482422
2022-11-21,376.54351806640625,275.8883361816406,174.8843231201172,87.20054626464844,90.785400390625,161.8800048828125,19.200000762939453,69.02999877929688,145.6739501953125,235.85963439941406,15.296940803527832,167.8699951171875,34.90886688232422,41.22999954223633,40.152366638183594,219.65673828125,438.1768493652344,33.426753997802734,122.38849639892578,74.3282470703125,159.780029296875,131.9119415283203,48.292118072509766,95.33492279052734,72.45999908447266
2022-11-22,381.6106872558594,279.8619079589844,176.7503204345703,88.43806457519531,91.5931625366211,162.07000732421875,19.43000030517578,69.9800033569336,147.8096923828125,238.7633819580078,16.01699447631836,169.91000366210938,35.0179557800293,43.38999938964844,41.40949630737305,224.47242736816406,436.8648986816406,33.76591491699219,124.2190170288086,74.73470306396484,160.5518341064453,133.04489135742188,48.464656829833984,93.99644470214844,75.25
2022-11-23,384.01544189453125,282.6708068847656,177.20960998535156,89.98057556152344,92.5125961303711,163.0800018310547,19.809999465942383,67.41000366210938,148.6856689453125,241.24819946289062,16.497364044189453,183.1999969482422,36.01960372924805,45.56999969482422,40.960838317871094,224.15072631835938,438.2952880859375,33.90725326538086,125.54362487792969,74.7952651977539,160.72430419921875,133.8031768798828,48.69789123535156,96.60501098632812,76.4000015258789
2022-11-25,383.9295349121094,280.8112487792969,177.58279418945312,89.67557525634766,92.60711669921875,163.22000122070312,19.719999313354492,66.95999908447266,145.77239990234375,241.1604766845703,16.248695373535156,182.86000061035156,35.702247619628906,44.279998779296875,40.8098030090332,222.99649047851562,440.4727783203125,34.020301818847656,125.78280639648438,75.27088165283203,160.9331817626953,134.04989624023438,48.90557098388672,96.59524536132812,75.13999938964844
2022-11-28,377.8031005859375,276.69091796875,174.00396728515625,89.92829895019531,91.93685150146484,161.92999267578125,19.260000228881836,66.87999725341797,141.9438018798828,235.57705688476562,15.806272506713867,182.9199981689453,34.70060348510742,42.5099983215332,39.69038009643555,219.77975463867188,440.2450256347656,33.43617248535156,123.58431243896484,73.25593566894531,161.0148468017578,133.9402313232422,49.046142578125,93.48841094970703,73.19000244140625
2022-11-29,377.1542663574219,274.596435546875,174.51113891601562,88.873779296875,91.4814453125,162.72999572753906,19.559999465942383,68.33999633789062,138.94190979003906,234.18360900878906,15.61851692199707,180.8300018310547,34.51217269897461,43.11000061035156,40.290069580078125,222.44775390625,441.05584716796875,33.634029388427734,125.61723327636719,74.46664428710938,159.8889617919922,132.9169921875,48.87360763549805,92.51141357421875,73.38999938964844
2022-11-30,389.034912109375,287.1141662597656,179.29566955566406,89.52742004394531,92.5985336303711,164.80999755859375,20.43000030517578,70.2300033569336,145.69363403320312,248.61488342285156,16.905162811279297,194.6999969482422,37.17000961303711,45.72999954223633,40.48997497558594,223.66827392578125,444.8055114746094,34.2087287902832,127.10738372802734,76.17024993896484,161.62322998046875,136.27915954589844,48.69789123535156,95.61824798583984,77.62999725341797
2022-12-01,388.74853515625,287.466552734375,178.90338134765625,92.387451171875,93.75712585449219,167.83999633789062,20.979999542236328,70.44999694824219,145.96925354003906,248.17637634277344,17.1169376373291,194.6999969482422,37.5865364074707,45.27000045776367,40.35670852661133,222.98703002929688,443.4302978515625,34.01088333129883,125.32286834716797,76.00594329833984,162.29518127441406,136.36138916015625,49.00141525268555,96.3216781616211,77.4800033569336
2022-12-02,388.3000793457031,286.32135009765625,179.94639587402344,93.54926300048828,94.32608032226562,167.25999450683594,21.290000915527344,69.83999633789062,145.47711181640625,248.49790954589844,16.85820960998535,194.86000061035156,37.844383239746094,47.66999816894531,40.11683654785156,223.40333557128906,454.9265441894531,33.85071563720703,124.32942199707031,75.7811050415039,162.42225646972656,137.60398864746094,48.9534797668457,97.14234924316406,74.9800033569336
2022-12-05,381.3148498535156,281.5159606933594,174.98956298828125,92.23893737792969,93.52436065673828,164.38999938964844,20.440000534057617,67.72000122070312,144.3157501220703,243.80117797851562,16.592491149902344,182.4499969482422,35.771671295166016,46.0,38.92634582519531,220.03521728515625,449.829345703125,33.01221466064453,120.84309387207031,74.3974609375,162.33148193359375,136.2152099609375,48.45186996459961,93.72288513183594,73.62000274658203
2022-12-06,375.81829833984375,275.682861328125,172.3102569580078,93.42698669433594,93.8088607788086,164.83999633789062,20.440000534057617,65.2300033569336,140.65444946289062,238.85110473632812,15.970149040222168,179.82000732421875,34.33366012573242,42.40999984741211,37.900211334228516,215.98587036132812,443.71453857421875,32.720157623291016,121.04548645019531,73.69697570800781,159.89804077148438,136.3888397216797,47.889564514160156,90.1666259765625,70.2699966430664
2022-12-07,375.1789245605469,274.5573425292969,171.80307006835938,95.62837219238281,94.85192108154297,166.3300018310547,20.920000076293945,63.650001525878906,138.71556091308594,238.1202850341797,16.103010177612305,174.0399932861328,34.065895080566406,41.2599983215332,37.811363220214844,216.63865661621094,441.1476135253906,32.5882568359375,120.96265411376953,73.84398651123047,160.8695831298828,137.2659454345703,47.64035415649414,90.02985382080078,70.13999938964844
2022-12-08,378.1180114746094,277.8066101074219,173.04705810546875,95.36627960205078,94.55022430419922,166.47000122070312,21.209999084472656,62.709999084472656,140.3985595703125,241.07281494140625,17.15089988708496,173.44000244140625,34.869197845458984,42.810001373291016,37.6425666809082,218.47413635253906,444.97967529296875,32.61652374267578,122.23211669921875,74.36284637451172,160.89683532714844,138.25267028808594,47.714111328125,90.420654296875,70.47000122070312
2022-12-09,375.2934875488281,276.0351867675781,170.9227294921875,92.88536834716797,93.84334564208984,167.05999755859375,21.559999465942383,62.849998474121094,139.9163055419922,239.14341735839844,16.983076095581055,179.0500030517578,34.3634147644043,40.2400016784668,36.72748565673828,215.03976440429688,443.3294677734375,32.53173065185547,121.5698013305664,74.2244873046875,159.5711669921875,137.88719177246094,46.60127639770508,91.23155212402344,68.58999633789062
2022-12-12,380.70416259765625,279.499755859375,172.9322509765625,93.1823959350586,93.72264099121094,165.67999267578125,21.459999084472656,64.41000366210938,142.2095184326172,246.05209350585938,17.516517639160156,167.82000732421875,35.0179557800293,42.599998474121094,37.691436767578125,220.49880981445312,445.8414611816406,32.96511459350586,123.4555435180664,74.7952651977539,161.47793579101562,139.30335998535156,47.47037887573242,92.48210906982422,70.66999816894531
2022-12-13,383.5860595703125,282.50445556640625,174.36460876464844,94.0821304321289,94.54161071777344,168.50999450683594,21.829999923706055,65.86000061035156,143.17408752441406,250.34934997558594,18.052949905395508,160.9499969482422,34.99812316894531,38.689998626708984,38.406612396240234,222.7978057861328,440.2491149902344,33.04991149902344,123.33592987060547,76.17890167236328,162.72190856933594,139.0932159423828,47.30040740966797,92.52118682861328,71.6500015258789
2022-12-14,381.1335144042969,280.40997314453125,173.22064208984375,94.48399353027344,94.62779998779297,168.10000610351562,21.989999771118164,67.36000061035156,140.94969177246094,250.64166259765625,17.655372619628906,156.8000030517578,34.64109802246094,40.189998626708984,38.17118453979492,221.8422393798828,444.8055114746094,32.635372161865234,122.71963500976562,75.66004943847656,163.22129821777344,139.6414337158203,47.03742980957031,91.98383331298828,68.93000030517578
2022-12-15,371.8104553222656,270.99481201171875,168.8850555419922,94.85263061523438,94.70738220214844,165.35000610351562,21.239999771118164,66.1500015258789,134.3456268310547,242.64163208007812,16.93412971496582,157.6699981689453,32.94524383544922,37.97999954223633,37.940189361572266,218.2281494140625,438.93817138671875,31.994712829589844,119.67488098144531,74.64823913574219,161.16014099121094,138.060791015625,46.617313385009766,88.40804290771484,66.52999877929688
2022-12-16,367.42071533203125,268.4109802246094,167.625732421875,93.7931137084961,94.30094909667969,166.7899932861328,21.3700008392334,64.9000015258789,132.3870086669922,238.43211364746094,16.55353546142578,150.22999572753906,32.98490905761719,36.599998474121094,37.47377014160156,220.17710876464844,441.6885681152344,31.749765396118164,118.92977905273438,72.71977233886719,159.50759887695312,137.4486541748047,45.7802734375,88.00747680664062,65.41000366210938
2022-12-19,364.30511474609375,264.6388854980469,165.35702514648438,92.21683502197266,93.34981536865234,166.32000732421875,21.1200008392334,66.06999969482422,130.2808074951172,234.30052185058594,16.23686408996582,149.8699951171875,31.953514099121094,35.16999816894531,37.46928405761719,219.77032470703125,441.6885681152344,31.664447784423828,119.63806915283203,71.79443359375,159.33506774902344,137.41207885742188,45.79631042480469,83.80640411376953,64.58999633789062
2022-12-20,364.80364990234375,264.4328918457031,166.23184204101562,90.57936096191406,92.25169372558594,169.0800018310547,22.229999542236328,66.22000122070312,130.21189880371094,235.61602783203125,16.068044662475586,137.8000030517578,31.9039249420166,34.970001220703125,38.034751892089844,222.46665954589844,445.6855163574219,31.79715919494629,120.21759796142578,71.61285400390625,159.50759887695312,137.4669189453125,46.19719314575195,85.01787567138672,65.05000305175781
2022-12-21,370.2583312988281,268.268798828125,169.0965576171875,90.80703735351562,92.8829116821289,168.8000030517578,22.06999969482422,68.05999755859375,133.3122100830078,238.17874145507812,16.483604431152344,137.57000732421875,32.43946075439453,35.150001525878906,38.75728988647461,228.7014617919922,447.0607604980469,32.2901496887207,121.5698013305664,72.22683715820312,161.33265686035156,138.727783203125,46.55958938598633,84.92017364501953,67.68000030517578
2022-12-22,364.97625732421875,261.7055358886719,166.885498046875,90.78953552246094,92.85697937011719,166.75999450683594,21.690000534057617,67.69999694824219,130.1429901123047,232.0983428955078,15.322829246520996,125.3499984741211,31.338642120361328,34.59000015258789,37.86421203613281,224.73733520507812,439.4056701660156,32.005733489990234,120.19001007080078,71.92339324951172,160.7424774169922,139.04750061035156,46.01438903808594,84.67593383789062,63.86000061035156
2022-12-23,367.0756530761719,262.29412841796875,167.6449737548828,89.4585189819336,92.5716323852539,167.25999450683594,21.850000381469727,69.31999969482422,129.7788543701172,232.62452697753906,15.189971923828125,123.1500015258789,30.713850021362305,35.4900016784668,39.071449279785156,226.94175720214844,443.0636291503906,32.18586730957031,120.76031494140625,72.5635986328125,161.15106201171875,139.44036865234375,46.107391357421875,85.985107421875,64.5199966430664
2022-12-27,365.6280822753906,258.58575439453125,166.5202178955078,87.68966674804688,91.37840270996094,168.6699981689453,22.110000610351562,69.52999877929688,127.97774505615234,230.8998260498047,14.106114387512207,109.0999984741211,29.533695220947266,32.650001525878906,39.48882293701172,230.03549194335938,445.0896911621094,32.1763801574707,121.18345642089844,72.53730010986328,161.10569763183594,140.65554809570312,46.12022399902344,84.3828353881836,63.27000045776367
2022-12-28,361.08404541015625,255.1717529296875,163.93426513671875,87.17300415039062,91.09302520751953,167.91000366210938,21.600000381469727,68.58000183105469,124.05071258544922,228.53192138671875,14.021203994750977,112.70999908447266,29.394851684570312,32.529998779296875,38.604713439941406,226.47817993164062,442.9994812011719,32.06261444091797,121.84576416015625,71.30072021484375,160.40655517578125,138.83738708496094,45.312049865722656,82.23345184326172,62.56999969482422
2022-12-29,367.5837097167969,261.3916320800781,168.08717346191406,88.16251373291016,91.74154663085938,168.85000610351562,21.969999313354492,68.52999877929688,127.56436157226562,234.8462371826172,14.587605476379395,121.81999969482422,30.91219711303711,34.779998779296875,39.00862121582031,227.25396728515625,446.5106506347656,32.50819778442383,122.54486846923828,72.86180114746094,161.2237091064453,139.41297912597656,45.587852478027344,85.1741943359375,64.81999969482422
2022-12-30,366.61541748046875,261.234619140625,167.61611938476562,87.1817626953125,91.16219329833984,169.63999938964844,22.020000457763672,70.11000061035156,127.87931060791016,233.68666076660156,14.598596572875977,123.18000030517578,30.981618881225586,35.38999938964844,39.25545120239258,226.64846801757812,445.99725341796875,32.422882080078125,123.35437774658203,72.33558654785156,160.3974609375,138.47190856933594,45.4724006652832,84.88109588623047,64.7699966430664
2023-01-03,365.07208251953125,259.46868896484375,166.6932373046875,88.84554290771484,91.7934341430664,171.05999755859375,22.049999237060547,67.63999938964844,123.09600830078125,233.4528045654297,14.299909591674805,108.0999984741211,30.20806884765625,33.599998474121094,37.87767791748047,226.00509643554688,437.7830505371094,32.53664016723633,124.29258728027344,72.40573120117188,161.7957305908203,138.4810791015625,46.05287170410156,86.92301940917969,64.0199966430664
2023-01-04,367.8904724121094,260.7048034667969,168.7697296142578,90.06272888183594,92.45921325683594,172.6699981689453,21.889999389648438,64.30000305175781,124.36566162109375,223.2407989501953,14.733452796936035,113.63999938964844,31.517152786254883,37.70000076293945,37.87318801879883,228.35142517089844,436.8387451171875,33.05805587768555,125.45162963867188,74.0457534790039,163.5572967529297,139.08404541015625,46.104183197021484,89.86376953125,64.66000366210938
2023-01-05,363.6915588378906,256.6236267089844,166.96240234375,90.43924713134766,92.3900375366211,170.52000427246094,21.389999389648438,64.77999877929688,123.04680633544922,216.6244659423828,14.24996280670166,110.33999633789062,30.763439178466797,33.529998779296875,38.564327239990234,227.3297119140625,437.361328125,32.81156921386719,125.423828125,72.05493927001953,162.34963989257812,137.35728454589844,45.94704055786133,89.80514526367188,62.33000183105469
2023-01-06,372.03179931640625,263.706787109375,170.71157836914062,92.10301971435547,93.90322875976562,173.7100067138672,21.920000076293945,64.83000183105469,127.57421112060547,219.1774444580078,14.84333610534668,113.05999755859375,31.110544204711914,33.2599983215332,39.29584503173828,235.4472198486328,433.8501281738281,33.54155731201172,127.82389068603516,73.99313354492188,163.66624450683594,140.62814331054688,47.07270431518555,91.75912475585938,63.959999084472656
2023-01-09,371.8209228515625,265.4139709472656,170.99998474121094,92.59339904785156,94.2750244140625,174.10000610351562,21.739999771118164,65.87999725341797,128.0958251953125,221.3114471435547,15.611526489257812,119.7699966430664,32.53863525390625,38.27000045776367,39.15672302246094,233.32791137695312,420.78619384765625,33.41831970214844,127.29569244384766,74.01943969726562,159.4258575439453,138.91049194335938,46.48582077026367,92.58956909179688,67.23999786376953
2023-01-10,374.4284362792969,267.6604919433594,173.5282745361328,91.06099700927734,93.9551010131836,174.74000549316406,21.729999542236328,65.9000015258789,128.66668701171875,222.99720764160156,15.892230987548828,118.8499984741211,33.34193420410156,43.22999954223633,39.434967041015625,237.00830078125,423.8115234375,33.60792541503906,128.43548583984375,74.18606567382812,159.04454040527344,138.77340698242188,46.45695877075195,93.36138916015625,68.05000305175781
2023-01-11,379.1641540527344,272.2909851074219,175.69122314453125,92.54086303710938,94.75923919677734,174.6199951171875,21.549999237060547,68.05000305175781,131.3831329345703,229.740234375,15.984132766723633,123.22000122070312,34.472503662109375,43.790000915527344,39.55614471435547,237.2164306640625,424.4624938964844,33.9207763671875,129.3899383544922,76.8434066772461,158.790283203125,137.64964294433594,46.8642463684082,94.11368560791016,69.05999755859375
2023-01-12,380.5446472167969,273.7626647949219,178.6425018310547,94.36225891113281,95.83143615722656,176.63999938964844,21.8799991607666,68.61000061035156,131.30441284179688,232.41014099121094,16.49359703063965,123.55999755859375,35.196468353271484,47.54999923706055,40.31010437011719,241.32252502441406,423.30731201171875,33.98713684082031,129.26022338867188,77.81687927246094,157.99124145507812,136.873046875,46.44092559814453,97.51360321044922,70.80000305175781
2023-01-13,382.0209655761719,275.6462707519531,179.81529235839844,93.47782897949219,95.52017211914062,178.75999450683594,22.329999923706055,70.05000305175781,132.63308715820312,233.1117706298828,16.881189346313477,122.4000015258789,35.69233322143555,49.97999954223633,40.368446350097656,244.52980041503906,412.38861083984375,34.243099212646484,132.52206420898438,77.33452606201172,157.47369384765625,137.85067749023438,46.5948600769043,97.11305236816406,71.0
2023-01-17,381.32110595703125,276.20550537109375,179.59423828125,92.8736343383789,95.17425537109375,177.58999633789062,22.010000228881836,70.86000061035156,133.79446411132812,234.20309448242188,17.68334197998047,131.49000549316406,36.733646392822266,54.13999938964844,40.45371627807617,242.44839477539062,409.94091796875,34.01558303833008,130.4741668701172,77.55378723144531,156.50218200683594,137.4486541748047,46.31264114379883,97.61132049560547,71.58999633789062
2023-01-18,375.30078125,272.6148681640625,176.69100952148438,95.12409210205078,96.28972625732422,177.0800018310547,21.56999969482422,69.51000213623047,133.07598876953125,229.77923583984375,17.35868263244629,128.77999877929688,35.65266418457031,50.209999084472656,39.71321487426758,239.1937713623047,404.5411071777344,33.38039016723633,126.55436706542969,76.42243957519531,154.14134216308594,133.7666473388672,45.16773986816406,96.76133728027344,70.52999877929688
2023-01-19,372.56866455078125,269.9364929199219,174.9990692138672,94.52865600585938,96.09082794189453,179.88999938964844,21.959999084472656,70.58999633789062,133.13504028320312,225.99847412109375,16.74732780456543,127.16999816894531,34.50225830078125,49.41999816894531,40.20688247680664,233.61366271972656,402.7442626953125,32.991695404052734,124.86783599853516,76.00148010253906,153.93252563476562,130.937744140625,44.523128509521484,96.80040740966797,67.70999908447266
2023-01-20,379.50927734375,277.3238220214844,177.88308715820312,92.99622344970703,95.58931732177734,179.2899932861328,22.020000457763672,71.55000305175781,135.69395446777344,234.07643127441406,17.8201961517334,133.4199981689453,36.19811248779297,55.15999984741211,40.60630798339844,237.3781280517578,406.3838195800781,33.51311492919922,125.17361450195312,76.90479278564453,153.21519470214844,131.44337463378906,45.07152557373047,101.09918212890625,70.06999969482422
2023-01-23,384.0628356933594,283.48492431640625,180.08447265625,92.55838012695312,95.31262969970703,179.6300048828125,21.579999923706055,71.5,138.8828887939453,236.3760528564453,19.172767639160156,143.75,37.76504898071289,55.959999084472656,40.660160064697266,240.22044372558594,404.5502624511719,33.90181350708008,127.20303344726562,77.25559997558594,152.82472229003906,129.67820739746094,45.744998931884766,103.2583236694336,76.52999877929688
2023-01-24,383.650634765625,282.90606689453125,179.69992065429688,93.88939666748047,95.81414794921875,180.27999877929688,21.760000228881836,70.22000122070312,140.28045654296875,235.84988403320312,19.244691848754883,143.88999938964844,37.17000961303711,53.560001373291016,40.503082275390625,244.887939453125,411.838623046875,33.9207763671875,128.2965087890625,77.44852447509766,152.82472229003906,130.3861083984375,45.866859436035156,103.56119537353516,74.69999694824219
2023-01-25,383.79443359375,282.2781982421875,180.19985961914062,94.11709594726562,95.85738372802734,181.11000061035156,21.969999313354492,70.51000213623047,139.6210174560547,234.45643615722656,19.302631378173828,144.42999267578125,37.19975662231445,52.7599983215332,40.50758361816406,245.6769561767578,416.3582458496094,34.18621826171875,128.91734313964844,77.48361206054688,153.91433715820312,130.29417419433594,45.6487922668457,105.63241577148438,74.91000366210938
2023-01-26,388.0125427246094,287.7818298339844,181.26687622070312,93.67926788330078,95.82278442382812,179.47000122070312,21.989999771118164,70.93000030517578,141.68789672851562,241.65745544433594,19.781124114990234,160.27000427246094,37.95347595214844,53.02000045776367,41.786617279052734,249.17523193359375,421.53790283203125,34.36634826660156,129.7143096923828,78.35186004638672,153.3513946533203,129.77012634277344,45.60709762573242,107.17607116699219,75.16000366210938
2023-01-27,388.904052734375,290.6466064453125,182.24745178222656,93.44280242919922,95.54608917236328,179.22000122070312,21.68000030517578,69.5,143.62677001953125,241.81336975097656,20.343528747558594,177.89999389648438,40.055938720703125,61.369998931884766,40.942901611328125,251.4757080078125,421.3454895019531,34.36634826660156,130.02935791015625,79.22886657714844,152.7521209716797,129.2368927001953,45.956661224365234,107.0197525024414,75.4000015258789
2023-01-30,384.02447509765625,284.7701416015625,179.70956420898438,93.10130310058594,95.18292999267578,178.75999450683594,21.65999984741211,68.0999984741211,140.74305725097656,236.50277709960938,19.141799926757812,166.66000366210938,38.19148635864258,56.15999984741211,40.00493621826172,248.58583068847656,422.2530212402344,34.19570541381836,128.92665100097656,78.22032165527344,147.09530639648438,129.64141845703125,45.587852478027344,105.11460876464844,72.44999694824219
2023-01-31,389.67095947265625,289.03765869140625,184.07395935058594,93.84561157226562,95.86602020263672,179.41000366210938,21.829999923706055,69.31999969482422,142.01266479492188,241.4723358154297,19.516407012939453,173.22000122070312,39.59974670410156,58.47999954223633,40.35947799682617,239.8306884765625,424.7008056640625,34.66023635864258,129.6957550048828,79.86031341552734,148.38467407226562,130.90097045898438,46.13946533203125,105.99391174316406,75.1500015258789
2023-02-01,393.8122863769531,295.2182312011719,186.96755981445312,94.9737548828125,96.83919525146484,181.6699981689453,22.079999923706055,67.36000061035156,143.13465881347656,246.2859649658203,20.920923233032227,181.41000366210938,41.34518814086914,65.69999694824219,39.56512451171875,237.2165069580078,423.77490234375,34.66023635864258,129.35287475585938,80.35142517089844,149.7466583251953,131.6456756591797,46.39602279663086,106.87320709228516,84.63999938964844
2023-02-02,399.54498291015625,305.8136901855469,190.6494140625,95.09666442871094,96.97798156738281,177.89999389648438,21.56999969482422,66.56999969482422,148.43960571289062,257.8328857421875,21.686113357543945,188.27000427246094,44.04269027709961,81.45999908447266,38.66305923461914,232.80564880371094,419.13604736328125,34.75505065917969,128.75057983398438,82.17560577392578,150.3096160888672,130.7079315185547,46.05928421020508,110.60530853271484,88.30999755859375
2023-02-03,395.2982482910156,300.3786315917969,189.37088012695312,93.6744155883789,95.87643432617188,173.4600067138672,20.56999969482422,64.4000015258789,152.0615234375,251.7427520751953,21.0777587890625,189.97999572753906,42.4955940246582,74.62999725341797,38.577781677246094,235.5244140625,420.86871337890625,34.688690185546875,130.7428741455078,80.63208770751953,149.46519470214844,131.11239624023438,45.446746826171875,108.16282653808594,86.08999633789062
2023-02-06,392.88238525390625,297.8376770019531,186.631103515625,92.98089599609375,95.13919830322266,173.82000732421875,20.479999542236328,65.5,149.3352508544922,250.20314025878906,21.066770553588867,194.75999450683594,41.89064025878906,74.58999633789062,38.40275955200195,239.00364685058594,430.0547180175781,34.6792106628418,131.5120391845703,80.04448699951172,148.3302001953125,129.99996948242188,45.11642074584961,107.34215545654297,83.68000030517578
2023-02-07,398.0207214355469,304.00848388671875,188.01539611816406,92.23462677001953,94.82693481445312,173.97999572753906,20.3799991607666,67.76000213623047,152.20913696289062,260.7171936035156,22.149625778198242,196.80999755859375,42.62451934814453,71.41999816894531,39.650390625,237.33056640625,429.3487854003906,35.07737350463867,133.11512756347656,79.86908721923828,148.36648559570312,128.73123168945312,45.21262741088867,109.06166076660156,85.91000366210938
2023-02-08,393.6684875488281,298.60296630859375,185.2659912109375,92.67359161376953,94.92234802246094,174.41000366210938,20.479999542236328,68.68000030517578,149.52224731445312,259.90850830078125,22.18159294128418,201.2899932861328,41.394775390625,69.44000244140625,39.29584503173828,236.57957458496094,430.5589294433594,34.868804931640625,132.17921447753906,79.49195098876953,148.55718994140625,127.39814758300781,44.96889877319336,109.20821380615234,84.69000244140625
2023-02-09,390.25567626953125,295.9639587402344,182.58389282226562,91.79564666748047,94.1243896484375,173.02999877929688,20.18000030517578,67.91999816894531,148.48883056640625,256.8779602050781,22.313453674316406,207.32000732421875,40.16503143310547,59.630001068115234,38.959251403808594,234.1174774169922,430.9623107910156,34.4801139831543,130.1220245361328,78.62373352050781,146.55050659179688,126.00069427490234,45.38581085205078,107.82087707519531,83.20999908447266
2023-02-10,391.16644287109375,294.02142333984375,182.94921875,90.76850891113281,93.46519470214844,173.36000061035156,20.239999771118164,69.87000274658203,148.85350036621094,256.371337890625,21.242586135864258,196.88999938964844,38.82619857788086,57.09000015258789,40.485130310058594,235.4388427734375,440.80828857421875,34.59387969970703,130.69654846191406,78.89559936523438,147.23146057128906,127.11312866210938,46.09135818481445,105.57379150390625,81.4800033569336
2023-02-13,395.75836181640625,298.7304382324219,185.150634765625,91.53228759765625,93.81212615966797,172.47999572753906,20.200000762939453,69.5,151.65296936035156,264.38104248046875,21.765029907226562,194.63999938964844,39.49065399169922,56.400001525878906,40.38191604614258,235.8951416015625,441.8534851074219,34.992061614990234,132.11436462402344,79.59721374511719,147.7763214111328,128.77720642089844,46.79369354248047,105.18301391601562,83.12999725341797
2023-02-14,395.57623291015625,300.9378356933594,185.06411743164062,91.32157135009766,93.57796478271484,172.61000061035156,20.1200008392334,69.4000015258789,151.0122833251953,265.2093505859375,22.9467830657959,209.25,40.482383728027344,59.029998779296875,40.39537811279297,232.2923126220703,441.4959411621094,34.802452087402344,132.69815063476562,78.96576690673828,147.13157653808594,128.0509033203125,46.65899658203125,105.18301391601562,85.94999694824219
2023-02-15,396.86090087890625,303.2432556152344,186.93869018554688,90.4699935913086,93.22237396240234,170.88999938964844,19.889999389648438,69.0199966430664,153.11181640625,263.0895080566406,22.740005493164062,214.24000549316406,42.86253356933594,69.33999633789062,39.7087287902832,236.41798400878906,440.5150146484375,34.84036636352539,133.254150390625,79.28147888183594,144.70726013183594,127.75669860839844,47.00535583496094,106.72664642333984,85.18000030517578
2023-02-16,391.396484375,297.55322265625,185.150634765625,89.1882095336914,92.4764404296875,170.75,19.84000015258789,68.44999694824219,151.5149688720703,256.0853576660156,21.97880744934082,202.0399932861328,41.67245864868164,65.58999633789062,39.31828308105469,234.3456573486328,432.02581787109375,34.48959732055664,131.4193878173828,78.50971221923828,143.68124389648438,126.08341979980469,46.26774215698242,103.3951187133789,80.08000183105469
2023-02-17,390.418701171875,295.4537048339844,185.66014099121094,89.88178253173828,92.8407211303711,171.25999450683594,20.010000228881836,67.0199966430664,150.37155151367188,252.08999633789062,21.36545181274414,208.30999755859375,41.5137825012207,65.19999694824219,37.91806411743164,235.5529022216797,436.04119873046875,34.49907302856445,131.80856323242188,78.20274353027344,146.68087768554688,128.72203063964844,46.96366882324219,102.79914093017578,78.5
2023-02-21,382.5865173339844,288.4588317871094,180.1806182861328,88.13473510742188,91.52233123779297,170.6199951171875,20.06999969482422,66.69000244140625,146.35963439941406,246.82469177246094,20.633228302001953,197.3699951171875,38.9848747253418,62.06999969482422,37.72957229614258,228.82257080078125,439.304931640625,33.78803634643555,129.3899383544922,76.63294219970703,144.49517822265625,128.63011169433594,47.24909210205078,99.74114990234375,76.7699966430664
2023-02-22,382.0592956542969,288.67462158203125,180.6708984375,88.94242858886719,91.78256225585938,169.66000366210938,19.75,64.91999816894531,146.78355407714844,245.69154357910156,20.732120513916016,200.86000061035156,39.93693161010742,61.18000030517578,37.47825241088867,226.14183044433594,439.6166076660156,33.750125885009766,128.3983917236328,75.9400863647461,144.29397583007812,129.1725311279297,46.25812911987305,99.34058380126953,76.61000061035156
2023-02-23,384.0916748046875,291.19598388671875,181.9590606689453,89.81156158447266,92.5024642944336,169.57000732421875,19.6299991607666,66.37999725341797,147.2665557861328,248.87612915039062,23.63905143737793,202.07000732421875,39.33197784423828,62.36000061035156,38.043724060058594,226.19886779785156,439.2039794921875,33.778564453125,129.42701721191406,76.51013946533203,144.24826049804688,128.75881958007812,45.56861877441406,99.38943481445312,79.75
2023-02-24,379.98858642578125,286.32012939453125,180.2575225830078,88.6439208984375,91.8085708618164,168.35000610351562,19.09000015258789,67.0999984741211,144.61497497558594,243.4545135498047,23.261451721191406,196.8800048828125,38.122066497802734,58.439998626708984,37.994361877441406,224.50674438476562,440.4141540527344,33.8070068359375,130.5946044921875,75.16831970214844,142.63868713378906,128.03248596191406,45.69048309326172,97.99234771728516,78.08999633789062
2023-02-27,381.2828063964844,288.3705749511719,180.8919677734375,88.88973236083984,91.8345947265625,169.00999450683594,18.93000030517578,66.25,145.8076934814453,244.37277221679688,23.476226806640625,207.6300048828125,38.498924255371094,58.959999084472656,38.10655975341797,228.1286163330078,439.5799560546875,33.79751968383789,131.7344207763672,75.28231048583984,142.32772827148438,127.92219543457031,45.36015319824219,98.13888549804688,78.7699966430664
2023-02-28,379.8735656738281,287.9976806640625,180.901611328125,89.2935791015625,91.8692855834961,169.77999877929688,19.219999313354492,67.20999908447266,145.304931640625,243.64990234375,23.191526412963867,205.7100067138672,39.29230880737305,64.83000183105469,37.55903625488281,227.71986389160156,437.5226745605469,33.8638916015625,132.837158203125,75.17707824707031,140.1603240966797,126.46955871582031,45.581443786621094,97.31822204589844,78.58000183105469
2023-03-01,378.41644287109375,285.6824645996094,181.13230895996094,88.33432006835938,91.29655456542969,170.75999450683594,19.290000915527344,68.06999969482422,143.2349395751953,240.57278442382812,22.674074172973633,202.77000427246094,38.37991714477539,64.66999816894531,38.299530029296875,236.3894500732422,437.58721923828125,33.750125885009766,132.0958251953125,74.22991943359375,139.52931213378906,126.56149291992188,44.94645309448242,96.2728271484375,78.29000091552734
2023-03-02,381.35943603515625,288.04681396484375,181.56491088867188,87.55101776123047,91.37489318847656,170.66000366210938,19.239999771118164,68.30000305175781,143.82635498046875,245.30075073242188,23.2894229888916,190.89999389648438,38.85594940185547,63.70000076293945,38.63612365722656,239.7261199951172,441.2589416503906,33.588958740234375,130.72433471679688,75.09815979003906,139.41957092285156,128.64846801757812,45.05869674682617,96.64408111572266,80.44000244140625
2023-03-03,387.47564697265625,294.0017395019531,184.0931854248047,89.6720199584961,92.4106674194336,172.49000549316406,19.549999237060547,69.86000061035156,148.87326049804688,249.38409423828125,23.86481285095215,197.7899932861328,40.12535858154297,64.51000213623047,39.16120147705078,242.7015380859375,440.8714294433594,34.119869232177734,133.1244354248047,76.2382583618164,140.85536193847656,129.58624267578125,45.11322021484375,98.8130111694336,81.5199966430664
2023-03-06,387.74407958984375,294.3353576660156,181.4014892578125,88.97676849365234,92.15823364257812,171.6199951171875,19.31999969482422,70.48999786376953,151.63327026367188,250.9275360107422,23.5291690826416,193.80999755859375,39.29230880737305,62.77000045776367,39.17916488647461,241.43724060058594,442.97479248046875,34.1483039855957,132.34603881835938,75.9400863647461,142.26368713378906,129.0346221923828,45.10680389404297,98.34406280517578,81.16000366210938
2023-03-07,381.8003845214844,290.7250061035156,179.29617309570312,89.52241516113281,91.89714050292969,168.6199951171875,18.450000762939453,67.8499984741211,149.43508911132812,248.2704315185547,23.26740074157715,187.7100067138672,38.63776779174805,61.88999938964844,38.49700164794922,233.98439025878906,441.5818176269531,33.26662826538086,128.4540252685547,74.16851806640625,140.9193878173828,126.46955871582031,44.657814025878906,96.78086853027344,82.11000061035156
2023-03-08,382.4235534667969,292.1770324707031,179.38270568847656,89.61039733886719,91.74915313720703,168.5399932861328,18.399999618530273,67.0999984741211,150.68698120117188,247.83087158203125,24.15961456298828,182.0,38.58818054199219,63.0099983215332,38.102073669433594,236.43701171875,442.35675048828125,33.143375396728516,127.69417572021484,75.01924133300781,139.885986328125,126.48795318603516,44.28900909423828,97.0153579711914,85.37000274658203
2023-03-09,375.367919921875,287.1147766113281,174.39346313476562,89.83042907714844,91.6621322631836,170.1999969482422,18.440000534057617,66.23999786376953,148.43951416015625,246.48281860351562,23.41527557373047,172.9199981689453,36.9815788269043,58.09000015258789,37.56351852416992,229.0602264404297,438.989501953125,31.79715919494629,120.78125762939453,73.30029296875,138.31298828125,125.55940246582031,43.990760803222656,93.92805480957031,84.02999877929688
2023-03-10,369.9515686035156,283.08270263671875,169.36570739746094,92.92835235595703,92.97642517089844,173.8699951171875,18.860000610351562,67.13999938964844,146.37939453125,242.83908081054688,22.94468879699707,173.44000244140625,35.722084045410156,53.439998626708984,37.08332824707031,215.7991180419922,438.6665954589844,31.21886444091797,123.84850311279297,70.8709716796875,138.65133666992188,126.1293716430664,43.92660903930664,91.41717529296875,82.66999816894531
2023-03-13,369.42425537109375,285.18206787109375,166.6067657470703,93.13956451416016,93.05477905273438,177.86000061035156,20.0,65.25,148.32125854492188,248.0457763671875,22.945688247680664,174.47999572753906,36.67414474487305,59.16999816894531,36.3293571472168,213.60321044921875,440.3547668457031,29.98641586303711,121.62452697753906,71.80060577392578,139.97740173339844,127.0027847290039,44.05489730834961,90.46949768066406,82.01000213623047
2023-03-14,375.5309143066406,291.7355041503906,169.69259643554688,91.60818481445312,92.77625274658203,176.8300018310547,19.889999389648438,62.93000030517578,150.41098022460938,254.75680541992188,24.04171371459961,183.25999450683594,37.457611083984375,62.650001525878906,36.68838882446289,214.52532958984375,441.7755432128906,30.593164443969727,124.74736785888672,72.49345397949219,140.763916015625,128.57493591308594,44.28900909423828,91.2120132446289,87.44999694824219
2023-03-15,373.1822509765625,293.2659606933594,166.89512634277344,93.37718963623047,93.66407012939453,178.2100067138672,20.0,60.02000045776367,150.80526733398438,259.29931640625,24.20656967163086,180.4499969482422,37.755126953125,64.47000122070312,34.71821975708008,206.5306396484375,436.646240234375,29.77785301208496,118.85379028320312,72.4408187866211,141.15713500976562,130.3953094482422,44.78289031982422,90.95799255371094,89.68000030517578
2023-03-16,379.7297668457031,300.9967346191406,169.1734619140625,92.64672088623047,93.52479553222656,178.57000732421875,19.920000076293945,60.04999923706055,153.6244354248047,269.81036376953125,25.518409729003906,184.1300048828125,38.91545486450195,67.77999877929688,35.09519577026367,207.9090576171875,436.5816650390625,30.346670150756836,121.16117095947266,72.28296661376953,140.864501953125,131.36985778808594,44.528499603271484,92.12061309814453,96.5999984741211
2023-03-17,375.2896728515625,299.5741271972656,164.607177734375,94.03726196289062,93.99481201171875,183.77000427246094,20.6299991607666,58.65999984741211,152.7865753173828,272.96563720703125,25.70224952697754,180.1300048828125,38.360084533691406,74.9800033569336,34.543174743652344,204.39173889160156,429.7825622558594,29.37019157409668,116.5834732055664,70.64295959472656,139.3555450439453,131.4066162109375,44.88916015625,91.0556869506836,97.83999633789062
2023-03-20,378.89837646484375,300.6373291015625,166.7413330078125,93.20997619628906,93.71629333496094,183.83999633789062,20.690000534057617,59.790000915527344,155.15228271484375,265.9322509765625,25.877090454101562,183.25,37.90388870239258,75.13999938964844,35.23472213745117,209.4300079345703,438.85113525390625,29.696983337402344,117.8159408569336,71.4498062133789,140.73643493652344,133.42922973632812,45.3721809387207,92.05223083496094,96.80999755859375
2023-03-21,383.87347412109375,304.93115234375,169.81756591796875,92.40909576416016,94.16889953613281,180.3699951171875,20.540000915527344,61.22999954223633,157.00546264648438,267.44635009765625,26.175827026367188,197.5800018310547,40.00635528564453,83.98999786376953,36.454566955566406,213.81234741210938,437.9839782714844,30.44965171813965,120.9758529663086,71.13409423828125,140.73643493652344,132.46388244628906,45.21761703491211,94.31884765625,95.93000030517578
2023-03-22,377.3298034667969,300.7846984863281,165.00135803222656,93.6412124633789,94.71723937988281,183.44000244140625,21.100000381469727,61.61000061035156,155.5761260986328,265.9908447265625,26.444591522216797,191.14999389648438,38.072479248046875,77.13999938964844,35.67913055419922,209.08778381347656,432.5778503417969,29.744619369506836,117.85299682617188,68.47674560546875,138.1392059326172,132.38116455078125,44.92780303955078,92.71658325195312,97.58000183105469
2023-03-23,378.3498840332031,304.3514404296875,164.2689971923828,93.6412124633789,94.98706817626953,185.74000549316406,21.280000686645508,60.9900016784668,156.66046142578125,271.2366027832031,27.166950225830078,192.22000122070312,37.487361907958984,66.30000305175781,35.184844970703125,208.60301208496094,431.65533447265625,29.544546127319336,117.53793334960938,68.04701232910156,138.21237182617188,132.197265625,45.29167938232422,93.62518310546875,100.27999877929688
2023-03-24,380.83258056640625,305.47161865234375,165.75486755371094,94.03726196289062,95.28296661376953,183.64999389648438,21.219999313354492,60.959999084472656,157.96157836914062,274.0792541503906,26.75531578063965,190.41000366210938,37.417938232421875,67.83000183105469,35.320892333984375,206.29296875,437.7809753417969,29.525487899780273,115.74947357177734,69.79205322265625,139.60243225097656,134.8910675048828,45.66199493408203,91.91544342041016,97.94999694824219
2023-03-27,381.544677734375,303.37872314453125,167.59780883789062,91.82825469970703,94.14278411865234,181.9499969482422,21.219999313354492,64.1500015258789,156.0197296142578,269.9861755371094,26.50753402709961,191.80999755859375,37.447689056396484,62.540000915527344,36.07365036010742,207.23410034179688,436.7200622558594,29.935169219970703,119.06694030761719,69.71231079101562,140.19688415527344,134.18313598632812,46.425174713134766,93.42001342773438,96.61000061035156
2023-03-28,380.6882019042969,301.7672424316406,167.35658264160156,91.99545288085938,93.9861068725586,183.44000244140625,21.43000030517578,64.55000305175781,155.39871215820312,268.8627624511719,26.38664436340332,189.19000244140625,36.88240432739258,63.040000915527344,36.63142395019531,209.28744506835938,434.9210510253906,29.925643920898438,119.42832946777344,69.54401397705078,138.84341430664062,134.56008911132812,46.244842529296875,92.63841247558594,94.55999755859375
2023-03-29,386.22149658203125,307.2696533203125,169.25738525390625,91.8106460571289,94.42132568359375,182.52999877929688,21.440000534057617,64.1500015258789,158.4741668701172,274.0207214355469,26.960132598876953,193.8800048828125,38.27082824707031,65.30000305175781,37.139305114746094,211.98716735839844,437.45806884765625,30.363903045654297,119.66925811767578,71.08529663085938,140.2060089111328,134.97378540039062,46.44449996948242,94.6412582397461,96.08999633789062
2023-03-30,388.48291015625,310.1780700683594,169.0258026123047,92.23308563232422,94.55188751220703,184.17999267578125,21.940000534057617,65.31999969482422,160.04144287109375,277.478759765625,27.358779907226562,195.27999877929688,38.16173553466797,64.16000366210938,37.302555084228516,213.4511260986328,436.52630615234375,30.297212600708008,119.30786895751953,72.01539611816406,140.31576538085938,135.56219482421875,46.908203125,95.84295654296875,97.87999725341797
2023-03-31,393.9584655761719,315.3365478515625,172.1326904296875,93.61477661132812,95.40487670898438,183.22000122070312,22.1200008392334,66.44000244140625,162.54519653320312,281.63043212890625,27.75243377685547,207.4600067138672,40.00635528564453,67.56999969482422,37.561038970947266,217.5387725830078,436.11114501953125,30.630672454833984,120.75343322753906,73.55668640136719,141.7515869140625,136.7022247314453,47.48139953613281,97.82625579833984,98.01000213623047
2023-04-03,395.4596252441406,314.5700988769531,172.20985412597656,94.05509185791016,95.98113250732422,184.5399932861328,22.059999465942383,70.2699966430664,163.79705810546875,280.58526611328125,27.94026756286621,194.77000427246094,39.25263977050781,63.61000061035156,39.261558532714844,218.5178985595703,448.92523193359375,30.687833786010742,120.61444854736328,72.97205352783203,143.4434814453125,137.4561004638672,47.88068771362305,97.46476745605469,96.55999755859375
2023-04-04,393.2655944824219,313.5090026855469,169.1898193359375,94.52269744873047,96.10334777832031,187.97999572753906,22.969999313354492,70.2699966430664,163.26475524902344,280.5363464355469,27.4287166595459,192.5800018310547,39.044376373291016,62.540000915527344,38.54960250854492,206.71124267578125,450.6965026855469,30.402015686035156,119.0020751953125,72.87462615966797,144.9432830810547,138.11805725097656,47.41054916381836,97.27912902832031,95.87000274658203
2023-04-05,392.2359313964844,310.4139099121094,167.5302734375,95.51089477539062,96.41766357421875,187.8300018310547,22.940000534057617,70.23999786376953,161.42149353027344,277.7620544433594,26.857223510742188,185.52000427246094,37.65595626831055,60.779998779296875,39.13003921508789,202.98486328125,452.0340881347656,30.363903045654297,119.17951965332031,72.48487091064453,151.45474243164062,139.06503295898438,48.19626998901367,97.61132049560547,92.55999755859375
2023-04-06,393.7659912109375,312.50677490234375,167.78111267089844,95.7579574584961,96.33037567138672,186.49000549316406,22.889999389648438,70.26000213623047,162.3086395263672,284.8541259765625,27.013086318969727,185.05999755859375,38.25099182128906,61.439998626708984,38.536006927490234,198.8401641845703,452.20025634765625,30.47823143005371,119.04876708984375,72.98091888427734,151.03404235839844,139.9476318359375,48.56013870239258,97.66992950439453,92.47000122070312
2023-04-10,394.1701354980469,312.3298645019531,169.57579040527344,94.21391296386719,95.88508605957031,185.11000061035156,22.8799991607666,69.76000213623047,159.71617126464844,282.6952209472656,27.554609298706055,184.50999450683594,38.21132278442383,66.12999725341797,38.844364166259766,204.88607788085938,458.27056884765625,30.54492950439453,119.44100952148438,73.3175048828125,150.27499389648438,138.7892303466797,48.466758728027344,98.49060821533203,95.4800033569336
2023-04-11,394.2760314941406,310.325439453125,170.91693115234375,94.40800476074219,95.85887908935547,186.27999877929688,23.040000915527344,71.06999969482422,158.5037384033203,276.2869567871094,27.144969940185547,186.7899932861328,38.4493408203125,70.19000244140625,39.211669921875,209.7056884765625,450.0506896972656,30.811695098876953,120.0293960571289,73.62754821777344,150.22926330566406,138.51339721679688,48.3250732421875,98.10957336425781,94.02999877929688
2023-04-12,392.6689147949219,307.58404541015625,169.66259765625,94.31095886230469,95.65806579589844,187.19000244140625,23.43000030517578,72.43000030517578,157.81375122070312,276.9317321777344,26.4715633392334,180.5399932861328,37.33860397338867,67.83999633789062,39.2388801574707,209.61061096191406,450.29052734375,30.74500274658203,120.0107192993164,73.27322387695312,149.9091796875,138.89035034179688,48.09000015258789,95.6866455078125,92.33000183105469
2023-04-13,397.8846740722656,313.60723876953125,171.91075134277344,93.56981658935547,95.82395935058594,189.72000122070312,23.739999771118164,71.80000305175781,163.1957550048828,283.13482666015625,26.439592361450195,185.89999389648438,38.83611297607422,68.94999694824219,39.4837532043457,210.72286987304688,454.01763916015625,31.021297454833984,120.46833801269531,73.0517807006836,151.9119873046875,139.53390502929688,48.1383056640625,98.51990509033203,92.08999633789062
2023-04-14,396.9126892089844,313.01776123046875,170.30906677246094,92.71398162841797,95.50963592529297,186.36000061035156,23.309999465942383,72.08999633789062,162.8507537841797,279.5203857421875,26.734336853027344,185.0,38.469173431396484,69.91000366210938,39.556312561035156,212.6335906982422,450.1890869140625,31.326169967651367,129.5648651123047,71.91796112060547,151.66505432128906,138.82598876953125,47.81306838989258,97.6015396118164,91.75
2023-04-17,398.3369445800781,313.282958984375,172.4993133544922,91.61107635498047,94.90717315673828,185.52999877929688,23.020000457763672,70.83999633789062,162.8704833984375,282.118896484375,26.978120803833008,187.0399932861328,38.64768600463867,67.72000122070312,39.089229583740234,214.1165771484375,451.7113037109375,31.688207626342773,130.5922088623047,73.41494750976562,151.50958251953125,138.87196350097656,48.1479606628418,97.99234771728516,89.87000274658203
2023-04-18,398.59674072265625,313.3026123046875,171.7660369873047,91.93753051757812,95.22149658203125,186.25,23.149999618530273,70.7300033569336,164.0927734375,281.6988220214844,27.642532348632812,184.30999755859375,38.56834411621094,67.26000213623047,39.243412017822266,214.07852172851562,462.56951904296875,31.783493041992188,132.05848693847656,73.24666595458984,147.2479248046875,139.01905822753906,48.25422668457031,98.60784912109375,89.77999877929688
2023-04-19,398.5294494628906,313.1552734375,171.98794555664062,91.84929656982422,94.75003814697266,185.36000061035156,23.229999542236328,69.30000305175781,165.2362060546875,281.7770080566406,27.906293869018555,180.58999633789062,38.53859329223633,64.44000244140625,39.10737228393555,213.55567932128906,456.8036804199219,31.859703063964844,131.89036560058594,73.6806869506836,148.6379852294922,139.04664611816406,48.30575942993164,96.47799682617188,89.94000244140625
2023-04-20,396.3545837402344,310.767578125,171.1002960205078,92.63455963134766,95.10800170898438,186.08999633789062,23.170000076293945,67.5999984741211,164.27020263671875,279.4910583496094,27.080026626586914,162.99000549316406,37.080753326416016,60.5,38.76273727416992,211.293212890625,452.5968933105469,31.76443099975586,131.50746154785156,72.95433807373047,149.59823608398438,139.556396484375,48.61489486694336,95.81364440917969,90.11000061035156
2023-04-21,396.66253662109375,311.0918273925781,171.3221893310547,92.11398315429688,95.16914367675781,184.25,22.979999542236328,68.20999908447266,162.66346740722656,279.14923095703125,27.095016479492188,165.0800018310547,37.31876754760742,59.040000915527344,38.536006927490234,210.5286102294922,445.17047119140625,31.650110244750977,131.25527954101562,72.96320343017578,148.78428649902344,144.38558959960938,48.85962677001953,97.27912902832031,88.43000030517578
2023-04-24,397.07635498046875,310.443359375,171.2064208984375,93.005126953125,95.58822631835938,184.80999755859375,23.079999923706055,69.25,162.9690704345703,275.2514953613281,27.018081665039062,162.5500030517578,36.812984466552734,54.75,39.12550735473633,213.54884338378906,443.666748046875,31.57388687133789,131.43272399902344,72.6885986328125,149.68966674804688,144.6446075439453,49.19130325317383,97.38660430908203,87.56999969482422
2023-04-25,390.7731628417969,304.5872497558594,166.98025512695312,94.37272644042969,96.0073013305664,185.75,22.989999771118164,67.62000274658203,161.4313507080078,269.0484619140625,26.217790603637695,160.6699981689453,35.61299514770508,55.54999923706055,38.390892028808594,208.96112060546875,438.7403564453125,31.03082847595215,128.5749053955078,71.97111511230469,151.0614471435547,144.68162536621094,48.808101654052734,95.7550277709961,83.80000305175781
2023-04-26,389.1180419921875,306.4344177246094,165.36895751953125,93.36686706542969,95.58822631835938,184.74000549316406,22.829999923706055,65.36000061035156,161.42149353027344,288.5368957519531,26.932157516479492,153.75,34.92870330810547,53.88999938964844,37.87846755981445,206.6290283203125,425.86175537109375,30.7354679107666,126.29608154296875,71.28018188476562,148.7202606201172,143.00711059570312,48.5955696105957,94.38723754882812,85.94000244140625
2023-04-27,396.8646545410156,314.7666931152344,167.57847595214844,92.44044494628906,95.23896026611328,184.75,22.889999389648438,65.80999755859375,166.0050811767578,297.77801513671875,27.201923370361328,160.19000244140625,35.40473175048828,54.16999816894531,38.0145149230957,204.851318359375,428.9799499511719,31.230897903442383,127.9958724975586,72.892333984375,149.06781005859375,144.75563049316406,48.746917724609375,97.630859375,87.44000244140625
2023-04-28,400.2519226074219,316.9380798339844,169.0450897216797,93.93157196044922,95.98113250732422,184.8000030517578,23.0,67.5,167.2569122314453,300.15179443359375,27.724456787109375,164.30999755859375,35.62290954589844,53.790000915527344,38.6040153503418,209.1236114501953,428.4725646972656,31.60247039794922,129.10726928710938,73.7870101928711,149.70797729492188,144.6724090576172,48.61489486694336,100.14171600341797,89.37000274658203
2023-05-01,399.84783935546875,316.5745849609375,169.1416015625,91.22309112548828,94.43222045898438,183.97000122070312,22.889999389648438,66.55000305175781,167.168212890625,298.49114990234375,28.88442611694336,161.8300018310547,35.444400787353516,50.13999938964844,38.16868209838867,207.66128540039062,433.0668029785156,31.516725540161133,131.87168884277344,73.23779296875,149.61651611328125,144.84815979003906,48.81454086303711,99.8583984375,89.69000244140625
2023-05-02,395.3537292480469,313.8135681152344,165.66806030273438,93.4963607788086,95.57111358642578,187.52000427246094,23.350000381469727,63.04999923706055,166.13316345214844,298.3446044921875,28.18505096435547,160.30999755859375,34.61134719848633,51.31999969482422,36.50898361206055,205.63499450683594,423.3432922363281,30.802165985107422,129.74234008789062,71.9976806640625,150.92428588867188,144.71859741210938,48.682518005371094,98.28543853759766,89.91000366210938
2023-05-03,392.6401062011719,311.7599792480469,166.27590942382812,94.01824188232422,95.72879028320312,189.11000061035156,23.43000030517578,60.310001373291016,165.05877685546875,297.3579406738281,27.77741050720215,160.61000061035156,34.472503662109375,48.4900016784668,35.8197021484375,206.1033477783203,417.9740295410156,30.44965171813965,126.99652862548828,71.71421813964844,148.9488983154297,144.5336151123047,48.502193450927734,98.53945922851562,81.62000274658203
2023-05-04,389.8590393066406,310.6595458984375,164.41371154785156,93.08949279785156,95.46598052978516,190.44000244140625,23.940000534057617,60.70000076293945,163.4224395751953,298.3446044921875,27.537622451782227,161.1999969482422,35.444400787353516,49.220001220703125,35.420650482177734,201.07598876953125,416.92236328125,30.059022903442383,125.25942993164062,72.30770111083984,148.27218627929688,143.86749267578125,48.637943267822266,95.2079086303711,86.61000061035156
2023-05-05,397.07635498046875,317.2624206542969,168.32144165039062,92.77989959716797,95.0892562866211,187.4600067138672,23.56999969482422,63.029998779296875,171.0913848876953,303.4633483886719,28.654634475708008,170.05999755859375,37.080753326416016,58.2400016784668,36.382015228271484,205.57766723632812,420.25274658203125,30.802165985107422,127.70635223388672,73.51238250732422,148.775146484375,144.34860229492188,49.058162689208984,98.207275390625,89.83999633789062
2023-05-08,397.1821594238281,318.0484313964844,167.9355010986328,91.47960662841797,94.40592956542969,187.69000244140625,23.489999771118164,64.26000213623047,171.02236938476562,301.5096435546875,29.125213623046875,171.7899932861328,37.50719451904297,58.099998474121094,36.382015228271484,205.2909393310547,416.0275573730469,30.84980010986328,128.01454162597656,73.08721160888672,148.43679809570312,143.6732177734375,49.365238189697266,100.60090637207031,95.04000091552734
2023-05-09,395.4403381347656,316.0341796875,167.43374633789062,91.15233612060547,94.37090301513672,189.02000427246094,23.479999542236328,64.87000274658203,169.3170928955078,299.8978271484375,28.54572868347168,169.14999389648438,37.93363952636719,60.209999084472656,36.3956184387207,204.04844665527344,417.02386474609375,30.7354679107666,127.39813995361328,72.77717590332031,147.2844696044922,142.20228576660156,49.44927978515625,99.8290786743164,95.05999755859375
2023-05-10,397.2879943847656,319.4731140136719,168.2828369140625,92.03688049316406,95.11556243896484,188.75,23.309999465942383,64.38999938964844,171.08155822753906,305.0849609375,28.859453201293945,168.5399932861328,38.469173431396484,62.63999938964844,35.98295974731445,203.7425994873047,418.0479431152344,30.563982009887695,127.46353912353516,73.47694396972656,147.83319091796875,142.49835205078125,49.310279846191406,98.8130111694336,97.0199966430664
2023-05-11,396.5951843261719,320.5147399902344,166.9899444580078,93.00989532470703,95.48350524902344,187.1300048828125,22.200000762939453,63.25,171.26878356933594,302.93585205078125,28.552724838256836,172.0800018310547,38.53859329223633,60.349998474121094,35.55215835571289,200.74147033691406,415.7784423828125,30.516340255737305,127.06192779541016,72.67088317871094,147.22958374023438,142.8313446044922,49.49453353881836,90.18616485595703,97.0999984741211
2023-05-12,396.0754699707031,319.36505126953125,166.65220642089844,92.2314682006836,94.89652252197266,186.80999755859375,22.020000457763672,62.06999969482422,170.34092712402344,301.82220458984375,28.3149356842041,167.97999572753906,37.36835479736328,57.34000015258789,35.60657501220703,200.27313232421875,415.8706970214844,30.392484664916992,125.24078369140625,72.66201782226562,147.0375518798828,144.28382873535156,49.47837448120117,89.87352752685547,95.26000213623047
2023-05-15,397.4420166015625,321.0944519042969,168.68809509277344,91.27619171142578,94.38842010498047,187.2100067138672,22.100000381469727,62.9900016784668,169.84742736816406,302.3008728027344,28.927391052246094,166.35000610351562,38.25099182128906,60.77000045776367,35.7879638671875,201.94573974609375,416.9131774902344,30.64019775390625,126.29608154296875,72.53801727294922,145.9126739501953,144.3300323486328,49.093711853027344,90.72351837158203,97.4000015258789
2023-05-16,394.7860412597656,321.4579772949219,166.2276611328125,91.0019760131836,93.91533660888672,184.8699951171875,21.809999465942383,62.540000915527344,169.84742736816406,304.5281677246094,29.187158584594727,166.52000427246094,37.3088493347168,57.880001068115234,34.90822982788086,198.03660583496094,413.0477294921875,30.3543758392334,125.44621276855469,70.72212219238281,145.7206573486328,144.08030700683594,48.41490936279297,88.88676452636719,101.4800033569336
2023-05-17,399.57830810546875,325.34893798828125,169.93276977539062,90.73658752441406,93.90657043457031,184.22999572753906,21.81999969482422,64.5999984741211,170.45941162109375,307.4064025878906,30.151304244995117,173.86000061035156,38.26091384887695,61.040000915527344,35.57937240600586,202.7198944091797,421.8764343261719,30.96413230895996,129.30337524414062,71.67878723144531,145.40057373046875,143.46969604492188,48.334102630615234,90.63558197021484,103.75
2023-05-18,403.427490234375,331.3917541503906,170.9652099609375,90.06434631347656,93.51236724853516,181.83999633789062,21.559999465942383,64.04000091552734,172.78895568847656,311.83148193359375,31.649980545043945,176.88999938964844,38.796443939208984,60.2599983215332,35.83784484863281,205.22406005859375,420.44647216796875,31.192792892456055,130.28399658203125,71.33332824707031,144.9341583251953,141.110595703125,48.961185455322266,91.60281372070312,107.93000030517578
2023-05-19,402.840576171875,330.64501953125,169.9231414794922,89.42748260498047,93.3984375,183.63999938964844,21.860000610351562,63.900001525878906,172.89752197265625,311.6553039550781,31.23634910583496,180.13999938964844,38.37991714477539,56.779998779296875,36.11445999145508,205.28140258789062,419.28411865234375,31.059402465820312,129.98512268066406,71.21817779541016,145.32737731933594,141.70269775390625,48.456939697265625,89.24825286865234,105.81999969482422
2023-05-22,403.0041198730469,331.75531005859375,171.99758911132812,89.10902404785156,93.3634033203125,183.2100067138672,21.670000076293945,63.90999984741211,171.9498748779297,314.4356384277344,31.148427963256836,188.8699951171875,40.24436950683594,61.06999969482422,35.964813232421875,204.7843780517578,419.49627685546875,31.11656951904297,128.9111328125,71.6522216796875,144.544189453125,137.99290466308594,48.03025436401367,89.70744323730469,108.0
2023-05-23,398.4812316894531,327.5499267578125,171.18710327148438,89.36553955078125,93.5561294555664,183.42999267578125,21.510000228881836,64.87000274658203,169.34400939941406,308.6400146484375,30.660858154296875,185.77000427246094,39.371646881103516,59.099998474121094,36.35026931762695,203.30294799804688,417.5681457519531,30.754528045654297,127.56627655029297,70.97899627685547,144.4888916015625,136.5034637451172,47.93974685668945,87.75346374511719,108.12000274658203
2023-05-24,395.59429931640625,325.86968994140625,169.37315368652344,88.92327880859375,93.18818664550781,181.9499969482422,21.15999984741211,65.66000366210938,169.620361328125,307.25958251953125,30.510988235473633,182.89999389648438,39.13363265991211,58.36000061035156,36.50898361206055,200.42605590820312,417.65118408203125,30.3543758392334,126.39884948730469,69.45543670654297,144.35067749023438,135.37478637695312,47.719947814941406,87.02070617675781,108.2699966430664
2023-05-25,399.0201721191406,333.7990417480469,168.05126953125,88.70214080810547,92.88156127929688,180.1999969482422,20.860000610351562,64.08999633789062,170.7555389404297,319.076171875,37.9463996887207,184.47000122070312,38.062564849853516,56.869998931884766,35.86051559448242,200.69366455078125,408.52728271484375,30.344850540161133,126.70703125,69.44657897949219,142.27748107910156,134.50514221191406,47.244781494140625,86.11211395263672,120.3499984741211
2023-05-26,404.1877746582031,342.32781982421875,169.96170043945312,89.41862487792969,93.27578735351562,180.9199981689453,21.3799991607666,64.80000305175781,173.1640167236328,325.8997497558594,38.911556243896484,193.1699981689453,38.776607513427734,56.91999816894531,35.71994400024414,202.43316650390625,413.7119445800781,30.592559814453125,127.89314270019531,70.24378967285156,142.22218322753906,134.51437377929688,47.32882308959961,86.25865173339844,127.02999877929688
2023-05-30,404.34173583984375,343.8802795410156,169.3345489501953,90.31199645996094,93.9766616821289,182.0399932861328,21.299999237060547,62.29999923706055,175.00985717773438,324.2550354003906,40.075523376464844,201.16000366210938,39.48073959350586,61.16999816894531,35.352630615234375,200.6171875,413.2691650390625,30.583030700683594,128.37876892089844,70.50953674316406,142.2406005859375,132.4606170654297,47.212459564208984,85.79946899414062,125.2699966430664
2023-05-31,402.09954833984375,341.9249572753906,167.6653289794922,91.09927368164062,94.28327178955078,182.32000732421875,21.610000610351562,60.630001068115234,174.9604949951172,321.4942626953125,37.800537109375,203.92999267578125,40.155113220214844,62.20000076293945,34.73136901855469,196.6507568359375,412.37750244140625,30.25909996032715,126.74440002441406,70.86386108398438,142.8763885498047,131.83152770996094,47.474281311035156,85.93624877929688,118.20999908447266
2023-06-01,405.919921875,345.8748779296875,169.47927856445312,91.45667266845703,94.57245635986328,183.75999450683594,21.950000762939453,62.54999923706055,177.76380920410156,325.59625244140625,39.73482894897461,207.52000427246094,40.76998519897461,63.56999969482422,35.162174224853516,199.82391357421875,417.63433837890625,30.583030700683594,128.49085998535156,70.87271881103516,142.39723205566406,133.1822052001953,47.64883804321289,86.55175018310547,119.47000122070312
2023-06-02,411.7899475097656,348.4689025878906,175.62550354003906,90.45452117919922,94.31755065917969,181.0500030517578,21.690000534057617,64.1500015258789,178.61270141601562,328.3570556640625,39.29221725463867,213.97000122070312,41.27576446533203,64.55000305175781,36.23236846923828,216.60733032226562,422.11090087890625,31.24995231628418,131.18992614746094,72.60001373291016,144.63632202148438,135.55056762695312,48.1046028137207,88.68159484863281,117.86000061035156
2023-06-05,411.0008544921875,348.7145080566406,173.27122497558594,90.2859878540039,94.11541748046875,182.13999938964844,21.639999389648438,64.02999877929688,177.26039123535156,328.8857116699219,39.13636016845703,217.61000061035156,41.712127685546875,58.709999084472656,35.99203109741211,212.63131713867188,422.296630859375,31.08799171447754,129.9010772705078,72.09510803222656,145.88021850585938,135.0139923095703,48.4213752746582,88.90630340576172,117.93000030517578
2023-06-06,411.8958435058594,348.6555480957031,177.83505249023438,90.81809997558594,94.29998779296875,182.33999633789062,21.649999618530273,63.790000915527344,176.89517211914062,326.6732177734375,38.61981201171875,221.30999755859375,42.32699966430664,51.61000061035156,36.282249450683594,216.6551055908203,425.95599365234375,31.478605270385742,130.13455200195312,72.78604888916016,145.75125122070312,133.6725311279297,48.41490936279297,90.03962707519531,124.2300033569336
2023-06-07,410.4715270996094,342.7404479980469,181.1624298095703,89.47002410888672,93.45622253417969,180.14999389648438,21.510000228881836,64.70999908447266,175.5231475830078,316.58941650390625,37.44572067260742,224.57000732421875,41.90055465698242,53.2599983215332,37.24361038208008,225.13282775878906,428.8536682128906,31.60247039794922,131.3953857421875,74.12358856201172,146.0645294189453,133.95928955078125,48.48602294921875,90.39132690429688,117.83000183105469
2023-06-08,412.9543762207031,346.9950256347656,180.4851531982422,90.51656341552734,94.08025360107422,182.52999877929688,22.299999237060547,63.459999084472656,178.23760986328125,318.4299621582031,38.479923248291016,234.86000061035156,42.32699966430664,54.900001525878906,37.08488464355469,224.08151245117188,431.10125732421875,31.57388687133789,131.43272399902344,73.6629867553711,147.66778564453125,135.47654724121094,49.18745040893555,90.40110778808594,121.05000305175781
2023-06-09,413.6953430175781,348.32147216796875,179.024169921875,90.39239501953125,93.83416748046875,182.0399932861328,22.270000457763672,62.93000030517578,178.62257385253906,319.9278869628906,38.73971176147461,244.39999389648438,42.15840530395508,53.279998779296875,36.880828857421875,224.6358642578125,429.72674560546875,31.583415985107422,131.6942596435547,73.23779296875,147.4374542236328,135.58755493164062,49.48482894897461,89.81492614746094,124.91999816894531
2023-06-12,417.44830322265625,354.2070617675781,179.7691650390625,90.65848541259766,94.13298797607422,181.8800048828125,22.079999923706055,60.2400016784668,181.41600036621094,324.88165283203125,39.4511604309082,249.8300018310547,42.922035217285156,50.560001373291016,36.527122497558594,227.37890625,427.1076354980469,31.57388687133789,131.68487548828125,73.25550079345703,147.33607482910156,134.523681640625,49.81131362915039,90.9970703125,129.19000244140625
2023-06-13,420.2005310058594,356.9288024902344,181.83004760742188,89.76271057128906,93.71109771728516,180.5399932861328,21.739999771118164,62.13999938964844,180.94223022460938,327.2703857421875,40.989959716796875,258.7099914550781,43.923683166503906,52.400001525878906,36.69944381713867,234.58543395996094,420.1419372558594,31.76443099975586,132.63751220703125,73.7249755859375,148.11009216308594,134.19984436035156,50.19919967651367,91.69073486328125,124.52999877929688
2023-06-14,420.700927734375,359.5227966308594,179.87559509277344,90.48110961914062,94.00114440917969,180.63999938964844,21.969999313354492,61.83000183105469,181.57395935058594,330.2563171386719,42.96341323852539,256.7900085449219,43.705501556396484,53.900001525878906,36.32305908203125,232.55921936035156,420.30908203125,31.640575408935547,132.14251708984375,73.99958038330078,148.86566162109375,135.45803833007812,50.70669174194336,90.32295227050781,127.33000183105469
2023-06-15,425.91656494140625,363.8067932128906,181.35594177246094,91.3502426147461,94.81855010986328,181.91000366210938,21.940000534057617,63.40999984741211,183.60733032226562,340.7904052734375,42.61968994140625,255.89999389648438,44.17161560058594,54.25,36.72211456298828,236.71682739257812,423.4668884277344,32.05978775024414,133.63681030273438,74.38932800292969,150.86512756347656,137.3360595703125,50.98467254638672,90.80167388916016,124.23999786376953
2023-06-16,424.46588134765625,361.51739501953125,179.9046173095703,90.99547576904297,94.65155029296875,181.6300048828125,22.18000030517578,64.3499984741211,182.5314178466797,335.1415100097656,42.658653259277344,260.5400085449219,43.943519592285156,55.59000015258789,36.66769027709961,234.42300415039062,426.45751953125,31.99309730529785,133.7955780029297,74.33618927001953,151.32586669921875,138.34445190429688,50.27354049682617,89.21894836425781,120.08000183105469
2023-06-20,422.263671875,360.9998474121094,179.12091064453125,91.62518310546875,94.99435424804688,179.75,21.260000228881836,63.91999816894531,182.6202392578125,330.951416015625,43.773780822753906,274.45001220703125,43.89392852783203,57.09000015258789,35.84700012207031,230.4851837158203,425.7237548828125,31.75383949279785,133.11383056640625,73.4592514038086,151.23373413085938,137.06777954101562,49.83070373535156,87.68506622314453,118.93000030517578
2023-06-21,420.10009765625,356.08026123046875,178.7048797607422,91.84690856933594,94.88887023925781,179.49000549316406,20.84000015258789,65.04000091552734,181.58384704589844,326.5556945800781,43.01137161254883,259.4599914550781,42.30716323852539,58.099998474121094,36.13063049316406,230.8005828857422,432.8380432128906,31.715557098388672,132.917724609375,73.01634216308594,151.0033721923828,138.251953125,49.92767333984375,86.60060119628906,112.11000061035156
2023-06-22,421.6165466308594,360.2815856933594,177.37937927246094,90.73828887939453,94.39669036865234,177.7100067138672,20.530000686645508,62.52000045776367,184.5845489501953,332.5765380859375,42.991397857666016,264.6099853515625,42.317081451416016,57.4900016784668,35.64571762084961,226.8436737060547,430.4139709472656,31.46673011779785,130.35873413085938,71.97111511230469,152.60665893554688,138.72377014160156,50.34465408325195,86.45405578613281,110.69999694824219
2023-06-23,418.42913818359375,356.7100830078125,174.70895385742188,91.6429214477539,94.66033935546875,178.1999969482422,20.579999923706055,62.41999816894531,184.2686767578125,327.9850158691406,42.176025390625,256.6000061035156,41.791465759277344,61.470001220703125,35.38954544067383,224.0719451904297,426.6339416503906,31.332754135131836,129.6769561767578,70.97899627685547,152.47764587402344,137.34530639648438,50.250919342041016,86.07302856445312,110.01000213623047
2023-06-26,416.7195129394531,351.9281005859375,174.88307189941406,91.74047088623047,94.76582336425781,178.50999450683594,20.899999618530273,62.72999954223633,182.87693786621094,321.69989013671875,40.600257873535156,241.0500030517578,41.55345153808594,61.939998626708984,36.025413513183594,226.47093200683594,420.5412902832031,31.265758514404297,129.99447631835938,72.61774444580078,150.7730255126953,137.48411560058594,50.118385314941406,86.65921783447266,107.51000213623047
2023-06-27,421.2881164550781,357.9792785644531,177.4083709716797,91.5009994506836,94.66033935546875,177.69000244140625,20.979999542236328,61.29999923706055,185.63087463378906,327.5444641113281,41.84328842163086,250.2100067138672,42.96170425415039,69.88999938964844,36.107757568359375,230.04554748535156,420.86639404296875,31.514585494995117,130.00381469726562,73.51238250732422,150.45973205566406,138.7885284423828,49.937374114990234,87.01094055175781,110.38999938964844
2023-06-28,421.5005798339844,358.67779541015625,178.27914428710938,91.89126586914062,95.07344818115234,177.27999877929688,20.84000015258789,62.52000045776367,186.80548095703125,328.797607421875,41.08488845825195,256.239990234375,43.81459426879883,70.75,36.47372817993164,231.17332458496094,417.625,31.43802261352539,129.43411254882812,73.61869049072266,150.15567016601562,138.76080322265625,50.20889663696289,86.7862319946289,110.16999816894531
2023-06-29,423.16192626953125,357.9595642089844,180.33033752441406,90.23274993896484,94.35269927978516,177.08999633789062,20.719999313354492,62.959999084472656,187.1410675048828,328.0143737792969,40.79011535644531,257.5,43.427818298339844,72.43000030517578,36.89459991455078,233.4385528564453,424.8507385253906,31.983522415161133,133.954345703125,74.4410400390625,151.2061004638672,138.1964569091797,49.86949157714844,86.90347290039062,111.23999786376953
2023-06-30,428.1554870605469,363.4793701171875,181.19146728515625,91.29704284667969,95.04707336425781,178.27000427246094,20.889999389648438,63.54999923706055,191.46453857421875,333.38916015625,42.26895523071289,261.7699890136719,43.774925231933594,71.55000305175781,37.132476806640625,235.16851806640625,427.581298828125,32.261051177978516,135.83157348632812,74.85309600830078,152.51449584960938,140.3797607421875,50.806888580322266,87.22588348388672,113.91000366210938
2023-07-03,428.64813232421875,364.3353576660156,181.5591278076172,90.77947235107422,94.7807846069336,178.47000122070312,21.010000228881836,63.38999938964844,189.97402954101562,330.8927001953125,42.37986755371094,279.82000732421875,44.74681854248047,79.93000030517578,37.219398498535156,236.39187622070312,429.62457275390625,32.442901611328125,136.92428588867188,75.58766174316406,150.5150146484375,141.0828857421875,51.1365966796875,88.41780853271484,115.81999969482422
2023-07-05,428.01068115234375,364.3254699707031,179.7498321533203,89.91686248779297,94.10183715820312,177.83999633789062,21.209999084472656,64.62999725341797,188.85861206054688,331.0492858886719,42.28395462036133,282.4800109863281,44.58814239501953,78.3499984741211,37.0135383605957,234.00242614746094,429.791748046875,32.37590408325195,136.0121612548828,75.75785064697266,150.01744079589844,140.84231567382812,51.10749816894531,87.7241439819336,113.94999694824219
2023-07-06,424.6590576171875,361.5509033203125,176.84719848632812,88.64517211914062,93.14950561523438,177.30999755859375,20.829999923706055,64.44000244140625,189.33242797851562,334.10382080078125,42.07011413574219,276.5400085449219,42.88236999511719,78.0999984741211,36.18095016479492,229.94039916992188,428.7515869140625,32.09836196899414,134.66744995117188,75.17559814453125,148.90255737304688,140.61105346679688,50.78425979614258,86.69831085205078,113.4800033569336
2023-07-07,423.5868835449219,360.3504333496094,178.71458435058594,88.11156463623047,93.06134033203125,178.63999938964844,21.18000030517578,65.8499984741211,188.21701049804688,330.13885498046875,42.46979522705078,274.42999267578125,43.368316650390625,78.72000122070312,36.95863723754883,234.33694458007812,426.0302429199219,32.14621353149414,135.73004150390625,75.0053939819336,146.73715209960938,137.65985107421875,49.614131927490234,86.60060119628906,113.16999816894531
2023-07-10,424.6590576171875,360.468505859375,181.77198791503906,88.22718811035156,93.54629516601562,178.77999877929688,21.239999771118164,65.54000091552734,186.1737823486328,324.8620300292969,42.14706039428711,269.6099853515625,44.9947509765625,81.20999908447266,37.24684524536133,237.80642700195312,427.581298828125,32.289772033691406,136.49172973632812,75.327880859375,146.9767303466797,137.7153778076172,50.06343078613281,86.07302856445312,113.58000183105469
2023-07-11,427.3634948730469,362.2494812011719,183.63934326171875,88.68073272705078,93.98719787597656,179.4499969482422,21.200000762939453,67.02999877929688,185.65060424804688,325.48858642578125,42.37187957763672,269.7900085449219,46.66085433959961,89.1500015258789,38.06571578979492,241.66775512695312,433.0703125,32.67258071899414,138.62631225585938,76.40282440185547,146.1658935546875,136.99375915527344,49.98908996582031,87.43104553222656,111.31999969482422
2023-07-12,430.80206298828125,366.8246765136719,185.64215087890625,89.6678237915039,94.81607055664062,181.8800048828125,22.149999618530273,67.87000274658203,187.3188018798828,330.1192321777344,43.867706298828125,271.989990234375,47.08729934692383,85.94999694824219,38.417964935302734,242.38461303710938,429.0487365722656,32.88311767578125,139.31275939941406,76.81491088867188,145.65908813476562,137.70611572265625,50.115150451660156,88.07587432861328,114.58000183105469
2023-07-13,434.2212219238281,373.0528259277344,187.14183044433594,90.61051177978516,95.48619079589844,182.00999450683594,22.780000686645508,69.08999633789062,188.0788116455078,335.464599609375,45.941097259521484,277.8999938964844,49.21951675415039,107.0,38.27157211303711,244.5446319580078,433.1538391113281,32.997962951660156,139.98983764648438,77.3075942993164,146.33172607421875,137.7986602783203,49.82101058959961,88.38850402832031,115.91999816894531
2023-07-14,433.9508056640625,372.9741516113281,185.31317138671875,90.07694244384766,94.74552154541016,181.42999267578125,22.860000610351562,67.47000122070312,188.2268829345703,337.99041748046875,45.43348693847656,281.3800048828125,48.16828536987305,105.30999755859375,37.26057052612305,244.3152618408203,431.2312927246094,32.77784729003906,140.83615112304688,77.15530395507812,147.30845642089844,138.8162841796875,49.99232482910156,86.58106994628906,115.94000244140625
2023-07-17,435.4575500488281,376.4571838378906,187.29666137695312,90.12139892578125,94.90424346923828,181.55999755859375,22.790000915527344,66.58000183105469,191.4842529296875,338.47015380859375,46.42470932006836,290.3800048828125,49.26910400390625,105.55000305175781,37.187374114990234,246.07386779785156,436.4880065917969,33.093666076660156,144.23080444335938,76.6536636352539,146.57130432128906,137.83563232421875,50.053741455078125,83.59146118164062,118.31999969482422
2023-07-18,438.6932678222656,379.53692626953125,189.60910034179688,90.53047180175781,95.14231872558594,183.63999938964844,22.989999771118164,67.95999908447266,191.2276153564453,351.941162109375,47.4568977355957,293.3399963378906,49.44761657714844,104.58999633789062,37.562503814697266,252.14305114746094,423.2347412109375,33.466896057128906,144.4940948486328,76.23262023925781,146.56210327148438,138.0946807861328,49.96323013305664,83.97248840332031,117.93000030517578
2023-07-19,439.6687927246094,379.44830322265625,190.41213989257812,91.55313873291016,95.68019104003906,183.6699981689453,23.100000381469727,67.69000244140625,192.57994079589844,347.623779296875,47.04022979736328,291.260009765625,50.231082916259766,110.1500015258789,37.78208541870117,252.37359619140625,419.34326171875,33.610450744628906,145.04888916015625,77.09259033203125,146.26724243164062,139.03831481933594,49.979393005371094,85.03741455078125,116.43000030517578
2023-07-20,436.7518615722656,370.70135498046875,188.74798583984375,90.44153594970703,95.0364990234375,182.74000549316406,22.68000030517578,68.05000305175781,190.63539123535156,339.586181640625,45.48444747924805,262.8999938964844,47.36498260498047,101.26000213623047,38.225830078125,250.77914428710938,423.52264404296875,33.859275817871094,146.8355712890625,76.8417739868164,155.14981079101562,140.16571044921875,50.90385818481445,84.22650909423828,110.25
2023-07-21,436.7518615722656,369.5894470214844,188.14808654785156,90.46821594238281,95.20403289794922,182.17999267578125,22.56999969482422,68.98999786376953,189.4607391357422,336.55133056640625,44.274383544921875,260.0199890136719,47.53357696533203,100.81999969482422,38.56435012817383,247.4749755859375,422.36175537109375,33.74443435668945,145.70713806152344,77.20008850097656,156.81756591796875,142.37210083007812,51.19154739379883,85.1741943359375,110.94999694824219
2023-07-24,438.70294189453125,370.1798400878906,188.61251831054688,90.13916778564453,95.08939361572266,181.39999389648438,22.329999923706055,70.69000244140625,190.2603302001953,337.8631286621094,44.577152252197266,269.05999755859375,47.017879486083984,98.8499984741211,39.18650436401367,249.12704467773438,424.2563171386719,34.069828033447266,148.57521057128906,77.83612823486328,157.6376495361328,142.82826232910156,51.492149353027344,84.60753631591797,110.61000061035156
2023-07-25,439.900634765625,372.6888732910156,188.59315490722656,89.9701919555664,94.93949890136719,182.41000366210938,22.6200008392334,71.16000366210938,191.11903381347656,343.6099853515625,45.64331817626953,265.2799987792969,46.87903594970703,97.68000030517578,39.39236068725586,251.71083068847656,421.7951354980469,33.849700927734375,147.46560668945312,77.28072357177734,158.84469604492188,143.1633758544922,51.45014190673828,83.65985870361328,113.0
2023-07-26,439.9682922363281,371.4490966796875,190.0831756591797,90.05911254882812,95.3803939819336,183.3000030517578,22.90999984741211,70.66000366210938,191.9877166748047,330.67730712890625,45.41649627685547,264.3500061035156,47.880680084228516,99.75,39.40608596801758,248.1185760498047,420.55059814453125,34.05068588256836,148.34950256347656,77.63008117675781,159.14878845214844,143.3123779296875,51.63438415527344,83.88456726074219,110.08999633789062
2023-07-27,437.0513000488281,370.5635681152344,187.62559509277344,88.30721282958984,94.21646881103516,180.4199981689453,22.110000610351562,71.43000030517578,190.7241973876953,323.775390625,45.8641471862793,255.7100067138672,46.48234558105469,92.69000244140625,39.15447998046875,248.0993194580078,416.6777038574219,33.62002182006836,146.7133026123047,75.94598388671875,160.04258728027344,141.60870361328125,51.44690704345703,83.39606475830078,111.0999984741211
2023-07-28,441.3301696777344,377.313232421875,190.0541534423828,88.76074981689453,94.83368682861328,181.86000061035156,22.31999969482422,72.08999633789062,193.30052185058594,331.2646789550781,46.71348190307617,266.44000244140625,49.03108596801758,94.76000213623047,39.27342224121094,250.14520263671875,417.0120544433594,33.68701934814453,147.5502471923828,75.88328552246094,160.77049255371094,145.61181640625,51.68933868408203,84.14835357666016,112.95999908447266
2023-07-31,442.1704406738281,377.5100402832031,192.2601318359375,88.97418212890625,95.09822845458984,182.35000610351562,22.690000534057617,73.16999816894531,193.91249084472656,328.86614990234375,46.692501068115234,267.42999267578125,50.032737731933594,98.61000061035156,40.01908874511719,254.697998046875,414.56939697265625,33.811431884765625,148.53762817382812,76.37596130371094,154.3665771484375,145.5094451904297,51.67317581176758,86.84485626220703,114.4000015258789
2023-08-01,440.9051208496094,376.6343078613281,191.3796844482422,87.51616668701172,94.15059661865234,180.4600067138672,22.290000915527344,72.95999908447266,193.08334350585938,329.27734375,46.470672607421875,261.07000732421875,49.04100799560547,94.1500015258789,39.83152770996094,277.2507019042969,419.1295471191406,33.811431884765625,147.80413818359375,76.25054931640625,155.61973571777344,145.46286010742188,51.43074035644531,86.98162841796875,117.5999984741211
2023-08-02,434.7718505859375,368.3694152832031,188.7769775390625,86.57984924316406,93.57550048828125,179.60000610351562,21.75,71.4800033569336,190.09251403808594,320.62298583984375,44.23442459106445,254.11000061035156,46.3038330078125,90.43000030517578,39.310020446777344,276.21337890625,416.6033935546875,33.52432632446289,146.13027954101562,75.81159973144531,156.55958557128906,145.77938842773438,51.4662971496582,84.31444549560547,109.3499984741211
2023-08-03,433.52581787109375,367.77911376953125,188.24484252929688,84.58232879638672,92.73494720458984,179.5399932861328,21.6299991607666,73.13999938964844,188.70068359375,319.800537109375,44.48023223876953,259.32000732421875,45.80796813964844,90.75,39.708011627197266,270.3350524902344,416.0090026855469,33.54346466064453,147.02365112304688,74.98745727539062,157.2322235107422,146.16110229492188,51.47922897338867,83.52307891845703,113.1500015258789
2023-08-04,431.56512451171875,366.0572204589844,187.86749267578125,86.08045959472656,93.6993637084961,180.19000244140625,21.65999984741211,73.79000091552734,179.63926696777344,320.8970642089844,44.645103454589844,253.86000061035156,45.004669189453125,87.30999755859375,39.762908935546875,265.5229797363281,413.96575927734375,33.409481048583984,146.7133026123047,74.37832641601562,155.75790405273438,144.559814453125,51.181846618652344,84.31444549560547,115.81999969482422
2023-08-07,435.3320007324219,369.1565246582031,187.99327087402344,85.2332992553711,93.46931457519531,179.77999877929688,21.209999084472656,73.81999969482422,176.53982543945312,323.1781311035156,45.381526947021484,251.4499969482422,44.776573181152344,85.95999908447266,39.808658599853516,270.5271301269531,417.7364807128906,33.878414154052734,147.40916442871094,75.3099594116211,159.49893188476562,146.0866241455078,51.876808166503906,84.8322525024414,116.80999755859375
2023-08-08,433.4389343261719,366.01788330078125,186.81288146972656,86.22314453125,93.8409194946289,178.63999938964844,20.899999618530273,74.05999755859375,177.47756958007812,319.203369140625,44.629112243652344,249.6999969482422,44.53855514526367,88.04000091552734,40.00536346435547,271.71826171875,417.4485778808594,33.57217788696289,146.58168029785156,74.82621765136719,159.5726318359375,146.24488830566406,51.92853546142578,86.10234069824219,113.2300033569336
2023-08-09,430.5412292480469,361.9936828613281,185.3518829345703,86.66902923583984,93.92941284179688,177.7899932861328,20.799999237060547,75.0999984741211,175.88833618164062,315.463623046875,42.52075958251953,242.19000244140625,42.93195724487305,84.33999633789062,40.50857925415039,273.29345703125,420.55059814453125,33.32334899902344,144.6163330078125,74.81726837158203,159.47129821777344,146.05870056152344,52.012569427490234,85.47706604003906,110.47000122070312
2023-08-10,430.69580078125,362.66265869140625,184.5294647216797,85.24222564697266,93.26580810546875,177.60000610351562,20.829999923706055,74.19999694824219,175.67120361328125,316.14892578125,42.354896545410156,245.33999633789062,42.62451934814453,83.38999938964844,40.503997802734375,272.61151123046875,417.9872131347656,33.35205841064453,144.40005493164062,74.5306167602539,158.64198303222656,145.33253479003906,51.98661804199219,89.6488265991211,110.2300033569336
2023-08-11,430.44464111328125,360.3504333496094,184.7907257080078,85.0460433959961,92.94729614257812,177.60000610351562,20.799999237060547,74.25,175.73049926757812,314.2692565917969,40.823081970214844,242.64999389648438,42.396419525146484,81.01000213623047,41.12615203857422,273.9562683105469,421.7022399902344,33.41904067993164,145.2369842529297,74.6470718383789,160.19000244140625,146.1797332763672,52.29154968261719,86.97186279296875,107.56999969482422
2023-08-14,432.82073974609375,364.3944091796875,184.47142028808594,84.85877227783203,92.91191864013672,177.05999755859375,20.719999313354492,73.80999755859375,177.38116455078125,317.2356262207031,43.71882247924805,239.75999450683594,42.56501388549805,80.80999755859375,40.95232009887695,273.3030700683594,418.0151062011719,33.35205841064453,145.53787231445312,74.15437316894531,159.81222534179688,145.03465270996094,51.90228271484375,86.76669311523438,111.9800033569336
2023-08-15,427.7788391113281,360.5275573730469,182.03321838378906,84.34153747558594,92.42526245117188,176.58999633789062,20.670000076293945,72.62000274658203,175.3944549560547,315.1013488769531,43.90568161010742,232.9600067138672,41.82121658325195,79.18000030517578,40.10143280029297,266.4161682128906,411.9781494140625,32.739566802978516,141.83291625976562,73.3212661743164,159.35153198242188,144.1036834716797,51.636287689208984,85.05695343017578,111.3499984741211
2023-08-16,424.6397705078125,356.7100830078125,179.807861328125,83.68164825439453,92.00941467285156,175.57000732421875,20.559999465942383,71.37000274658203,174.52464294433594,314.3361511230469,43.452030181884766,225.60000610351562,40.89891052246094,79.0,39.75375747680664,263.669189453125,413.4177551269531,32.69171142578125,141.23110961914062,72.4165267944336,158.84469604492188,142.6327667236328,51.6622314453125,84.36329650878906,107.19000244140625
2023-08-17,421.4040222167969,352.8136291503906,177.68894958496094,83.32493591308594,91.76165008544922,175.3000030517578,20.799999237060547,71.9800033569336,171.98443603515625,310.8827819824219,43.310150146484375,219.22000122070312,39.90718078613281,75.55999755859375,40.229522705078125,264.3031311035156,414.8572998046875,32.52902603149414,139.76416015625,71.83424377441406,160.33743286132812,141.60870361328125,50.5041618347168,83.94319152832031,104.44000244140625
2023-08-18,421.60687255859375,352.37091064453125,178.65650939941406,83.6192626953125,92.10672760009766,175.3300018310547,20.8700008392334,72.79000091552734,172.46875,310.4903564453125,43.26518249511719,215.49000549316406,40.046024322509766,73.19000244140625,40.62751388549805,262.9871826171875,417.9964904785156,32.51945495605469,140.08384704589844,72.05819702148438,158.93687438964844,142.00900268554688,51.230796813964844,83.98226928710938,105.44999694824219
2023-08-21,424.3500061035156,358.0481262207031,178.39527893066406,82.50455474853516,91.55816650390625,175.80999755859375,21.360000610351562,72.58000183105469,173.8031005859375,315.78814697265625,46.93031311035156,231.27999877929688,40.760066986083984,75.27999877929688,40.371341705322266,261.9786682128906,419.32464599609375,32.48117446899414,140.5634307861328,71.39530181884766,154.2007293701172,141.2921600341797,51.09455108642578,83.90410614013672,108.22000122070312
2023-08-22,423.2005310058594,357.5364685058594,177.86312866210938,83.13770294189453,91.84130859375,176.10000610351562,21.459999084472656,72.27999877929688,175.17697143554688,316.35711669921875,45.63232421875,233.19000244140625,40.67081069946289,74.9000015258789,40.06025695800781,259.5294189453125,420.6712951660156,32.1749267578125,137.64834594726562,71.60134887695312,152.9752197265625,141.34803771972656,50.9323616027832,83.81616973876953,105.66000366210938
2023-08-23,427.9140625,363.17431640625,179.759521484375,85.1976318359375,93.13309478759766,177.88999938964844,22.290000915527344,71.36000061035156,179.02191162109375,320.81121826171875,47.079200744628906,236.86000061035156,41.612953186035156,77.77999877929688,39.95962142944336,262.2475891113281,422.18524169921875,32.49074935913086,138.5792999267578,72.73004913330078,151.60231018066406,142.6699981689453,51.285945892333984,83.85526275634766,109.43000030517578
2023-08-24,421.98358154296875,355.4111328125,177.27291870117188,84.63582611083984,92.81458282470703,177.85000610351562,22.110000610351562,71.41000366210938,174.3368377685547,313.91424560546875,47.126155853271484,230.0399932861328,40.13528060913086,73.66000366210938,39.68513870239258,258.6649169921875,420.30908203125,32.37590408325195,138.44764709472656,72.45234680175781,152.11830139160156,142.00900268554688,50.893428802490234,80.57256317138672,101.80000305175781
2023-08-25,424.95843505859375,358.16619873046875,178.02760314941406,84.91226959228516,92.86766815185547,177.6199951171875,22.219999313354492,72.44999694824219,176.541015625,316.8674011230469,45.9820556640625,238.58999633789062,40.63114547729492,74.26000213623047,40.06940460205078,261.7961730957031,418.9531555175781,32.52902603149414,138.27838134765625,72.506103515625,154.2993621826172,142.93997192382812,51.19511032104492,81.44208526611328,102.25
2023-08-28,427.6532287597656,360.8620910644531,179.61436462402344,85.00145721435547,93.15965270996094,178.1300048828125,22.219999313354492,72.41000366210938,178.1027069091797,317.5736999511719,46.79841232299805,238.82000732421875,40.740234375,73.70999908447266,40.339317321777344,263.9381408691406,420.0954284667969,32.71084976196289,138.75794982910156,73.18690490722656,152.48028564453125,143.1633758544922,51.487060546875,82.22368621826172,102.61000061035156
2023-08-29,433.8348693847656,368.7432861328125,182.1202850341797,85.88429260253906,93.90287017822266,179.8699951171875,22.709999084472656,73.31999969482422,181.9871826171875,322.194580078125,48.74589538574219,257.17999267578125,42.95178985595703,84.69999694824219,40.44910430908203,268.97119140625,416.4548034667969,33.007530212402344,139.88636779785156,74.07376861572266,152.49884033203125,143.24720764160156,51.91850280761719,82.45816802978516,105.91999816894531
2023-08-30,435.621826171875,370.7996826171875,182.8072509765625,85.79509735107422,93.77013397216797,180.32000732421875,22.56999969482422,73.66000366210938,185.47630310058594,322.5674133300781,49.22551727294922,256.8999938964844,43.24930953979492,83.83000183105469,40.65039825439453,271.1802978515625,420.1791076660156,33.026676177978516,139.32217407226562,74.34248352050781,151.96051025390625,143.4054718017578,52.29154968261719,82.3409194946289,106.58999633789062
2023-08-31,434.9842834472656,371.9114990234375,182.4879608154297,86.17854309082031,93.92941284179688,180.02000427246094,22.389999389648438,75.05999755859375,185.69371032714844,321.55682373046875,49.31645202636719,258.0799865722656,43.38814926147461,79.5999984741211,40.67783737182617,270.0277099609375,419.1881103515625,32.90225601196289,137.60133361816406,73.79605102539062,150.057861328125,143.6847686767578,52.748939514160156,81.75472259521484,105.72000122070312
2023-09-01,435.795654296875,371.5179748535156,184.6552734375,84.8360366821289,93.26078796386719,180.11000061035156,22.170000076293945,76.91999816894531,187.26531982421875,322.4397888183594,48.47111511230469,245.00999450683594,43.25922393798828,77.98999786376953,41.51042556762695,274.945556640625,419.0290832519531,33.198936462402344,138.06210327148438,73.92146301269531,148.94412231445312,143.84298706054688,52.41157150268555,79.76166534423828,109.44999694824219
2023-09-05,433.9122009277344,371.990234375,180.76573181152344,83.64643859863281,92.59481811523438,178.63999938964844,21.59000015258789,77.76000213623047,187.5025177001953,327.2372741699219,48.51007843017578,256.489990234375,43.64599609375,77.5,41.730010986328125,270.5080261230469,416.2335510253906,32.86397933959961,136.5387725830078,73.06149291992188,149.1297607421875,141.91592407226562,51.989864349365234,79.32201385498047,110.77999877929688
2023-09-06,430.9952087402344,368.7137451171875,180.0884552001953,83.85214233398438,92.50603485107422,177.8300018310547,21.239999771118164,78.5199966430664,180.79119873046875,326.5799865722656,47.028114318847656,251.9199981689453,43.8046760559082,78.04000091552734,41.74831008911133,271.727783203125,396.36572265625,32.8448371887207,136.31307983398438,72.90921020507812,146.65167236328125,141.6366424560547,52.37913513183594,79.11685180664062,109.27999877929688
2023-09-07,429.6719665527344,366.076904296875,178.3468780517578,84.08470153808594,92.91448974609375,178.02000427246094,21.049999237060547,77.94999694824219,175.503173828125,323.66619873046875,46.20869445800781,251.49000549316406,43.64599609375,81.79000091552734,41.7071418762207,270.3157958984375,398.2356262207031,32.75870132446289,135.1470184326172,73.36608123779297,148.52650451660156,142.9865264892578,53.027915954589844,78.71627807617188,106.58999633789062
2023-09-08,430.319091796875,366.5885314941406,177.9501953125,84.4067153930664,92.98554992675781,178.0800018310547,21.010000228881836,78.30000305175781,176.11598205566406,327.9436340332031,45.54015350341797,248.5,43.68000030517578,82.08999633789062,42.10970687866211,271.13232421875,395.571044921875,32.8256950378418,135.25047302246094,73.07941436767578,149.01840209960938,142.37210083007812,53.12522888183594,79.70303344726562,106.08999633789062
2023-09-11,433.14910888671875,370.907958984375,178.3759307861328,83.79849243164062,92.80793762207031,178.41000366210938,21.15999984741211,78.37000274658203,177.28231811523438,331.5441589355469,45.14643478393555,273.5799865722656,44.599998474121094,80.62000274658203,41.55617141723633,270.9114074707031,393.299072265625,32.97882080078125,135.84288024902344,73.08837127685547,150.96743774414062,144.06643676757812,53.31013488769531,80.62140655517578,105.31999969482422
2023-09-12,430.7730407714844,366.7951354980469,178.20176696777344,84.28148651123047,92.78128051757812,177.49000549316406,21.1299991607666,79.69999694824219,174.25778198242188,325.4909973144531,44.83864212036133,267.4800109863281,44.0099983215332,81.31999969482422,42.535152435302734,270.6808776855469,390.6531677246094,33.198936462402344,137.61073303222656,73.05255889892578,151.8212890625,141.53424072265625,53.3685188293457,81.75472259521484,105.30999755859375
2023-09-13,431.2753601074219,368.19232177734375,177.03102111816406,84.26363372802734,92.98554992675781,177.0800018310547,20.93000030517578,79.68000030517578,172.19198608398438,329.6998291015625,45.45322036743164,271.29998779296875,43.43000030517578,79.86000061035156,42.21492385864258,265.0234680175781,393.60760498046875,33.198936462402344,137.6765594482422,72.25528717041016,152.2018585205078,142.5210418701172,53.381492614746094,81.559326171875,107.70999908447266
2023-09-14,434.993896484375,371.203125,179.52728271484375,83.6553726196289,92.81681060791016,177.1699981689453,20.729999542236328,81.12000274658203,173.70425415039062,332.2898254394531,45.54914855957031,276.0400085449219,43.61000061035156,83.44999694824219,42.70899200439453,271.4012756347656,398.1888732910156,33.50517654418945,140.34716796875,73.56315612792969,151.9698028564453,144.0850372314453,53.60532760620117,82.53632354736328,106.62999725341797
2023-09-15,429.75299072265625,364.84698486328125,177.6502685546875,83.14559173583984,92.67472839355469,178.33999633789062,21.110000610351562,81.29000091552734,172.98269653320312,323.9703369140625,43.86932373046875,274.3900146484375,43.060001373291016,82.1500015258789,42.09140396118164,268.1259460449219,396.468505859375,33.332923889160156,139.93341064453125,73.2854232788086,149.84439086914062,142.87481689453125,53.40745162963867,83.61100769042969,101.48999786376953
2023-09-18,430.0050354003906,365.2273254394531,176.46986389160156,83.61961364746094,92.85233306884766,179.38999938964844,21.299999237060547,81.44999694824219,175.90841674804688,322.8322448730469,43.935279846191406,265.2799987792969,42.0099983215332,81.61000061035156,42.448097229003906,269.84527587890625,401.900634765625,33.42423629760742,140.22491455078125,72.63150787353516,150.79110717773438,143.414794921875,53.011695861816406,83.06389617919922,102.37000274658203
2023-09-19,429.1133117675781,364.4489440917969,175.7829132080078,83.00247955322266,92.54154968261719,179.22000122070312,21.270000457763672,81.5,176.9956817626953,322.4300537109375,43.489593505859375,266.5,41.5099983215332,78.12999725341797,42.05177688598633,268.6253967285156,397.6466064453125,33.38578796386719,140.04624938964844,72.30006408691406,150.5404815673828,142.99586486816406,52.998714447021484,80.05476379394531,101.61000061035156
2023-09-20,425.1683044433594,359.1969909667969,174.02198791503906,83.26184844970703,92.57707977294922,179.35000610351562,21.34000015258789,80.13999938964844,173.4571533203125,314.69915771484375,42.2094841003418,262.5899963378906,40.779998779296875,76.66999816894531,41.660064697265625,267.60723876953125,399.1799011230469,33.15507507324219,139.4538116455078,72.36276245117188,151.19944763183594,142.87481689453125,53.1706428527832,80.66048431396484,100.33999633789062
2023-09-21,418.1409606933594,352.61492919921875,171.3225555419922,81.12419128417969,91.64473724365234,178.0500030517578,21.440000534057617,80.41000366210938,171.91522216796875,313.4826354980469,40.98833465576172,255.6999969482422,39.540000915527344,74.41999816894531,41.088619232177734,261.2871398925781,390.38201904296875,32.607139587402344,138.36302185058594,69.89932250976562,150.0393524169922,141.6366424560547,52.52510452270508,80.82659149169922,96.11000061035156
2023-09-22,417.20074462890625,352.6642761230469,170.9355010986328,81.77710723876953,92.20413208007812,178.6199951171875,21.579999923706055,80.62999725341797,172.7652130126953,311.0102844238281,41.580928802490234,244.8800048828125,38.81999969482422,70.95999908447266,41.157745361328125,262.2763671875,386.7449951171875,32.357200622558594,137.037109375,69.37079620361328,148.9626922607422,141.1153106689453,52.66459274291992,79.3806381225586,96.19999694824219
2023-09-25,418.95513916015625,354.33929443359375,171.69989013671875,79.76466369628906,91.30731964111328,177.6999969482422,21.200000762939453,80.38999938964844,174.04031372070312,311.5303039550781,42.1924934387207,246.99000549316406,38.79999923706055,71.75,41.673885345458984,263.43865966796875,386.0438232421875,32.43410873413086,137.7141876220703,69.30809783935547,148.7399444580078,140.25880432128906,52.89815902709961,79.14616394042969,97.37999725341797
2023-09-26,412.8001708984375,349.0184326171875,169.49227905273438,79.48739624023438,91.04979705810547,176.27999877929688,20.959999084472656,80.87999725341797,169.96803283691406,306.23248291015625,41.881717681884766,244.1199951171875,38.43000030517578,70.5199966430664,41.43425369262695,258.8761901855469,382.1637268066406,32.00152587890625,136.2848663330078,68.04500579833984,147.58909606933594,139.01132202148438,52.7132568359375,78.20824432373047,95.95999908447266
2023-09-27,412.9649353027344,349.8362731933594,171.0767822265625,79.07593536376953,90.62358856201172,174.10000610351562,20.700000762939453,82.9000015258789,168.4557647705078,306.8701477050781,42.43832778930664,240.5,38.68000030517578,71.5199966430664,42.46653747558594,261.9402160644531,382.1357116699219,31.95345687866211,137.08413696289062,67.5881576538086,145.81637573242188,137.16799926757812,52.460227966308594,78.06169128417969,98.06999969482422
2023-09-28,415.359130859375,352.76275634765625,172.62237548828125,79.31744384765625,90.78341674804688,173.22999572753906,20.739999771118164,81.56999969482422,168.71273803710938,307.70416259765625,43.05889129638672,246.3800048828125,39.119998931884766,75.16000366210938,42.51261901855469,265.3308410644531,384.22998046875,32.18417739868164,138.7861785888672,68.2366943359375,145.60293579101562,136.23704528808594,52.726226806640625,78.28639221191406,102.76000213623047
2023-09-29,414.35107421875,353.0189514160156,171.8058624267578,79.32637786865234,90.58807373046875,171.4499969482422,20.34000015258789,80.86000061035156,169.2267303466797,309.7742004394531,43.46860122680664,250.22000122070312,39.66999816894531,75.08000183105469,41.655452728271484,262.21875,382.36004638671875,31.886167526245117,136.3694610595703,68.43569946289062,144.5541534423828,135.79019165039062,51.879573822021484,79.18524169921875,102.81999969482422
2023-10-02,414.186279296875,355.9651184082031,169.2103729248047,77.9984359741211,89.75813293457031,169.64999389648438,19.420000076293945,79.38999938964844,171.73728942871094,315.7096252441406,44.75070571899414,251.60000610351562,39.040000915527344,75.30999755859375,40.82594299316406,260.9893493652344,381.2942199707031,31.617000579833984,135.1940460205078,67.17839813232422,143.99725341796875,135.1664581298828,51.93472671508789,79.79096984863281,103.2699966430664
2023-10-03,408.64190673828125,349.718017578125,166.36216735839844,76.32059478759766,88.72410583496094,169.16000366210938,19.440000534057617,79.93000030517578,170.4029541015625,307.4588623046875,43.48659133911133,246.52999877929688,37.970001220703125,72.4800033569336,40.79829025268555,258.3479309082031,377.56378173828125,31.117136001586914,134.19728088378906,65.86685943603516,144.17359924316406,135.4457550048828,51.60708999633789,77.70997619628906,100.08000183105469
2023-10-04,411.61767578125,354.4772644042969,166.43994140625,77.39728546142578,89.49964141845703,169.13999938964844,19.309999465942383,75.58999633789062,171.64837646484375,312.9233703613281,44.01022720336914,261.1600036621094,38.529998779296875,73.47000122070312,39.51714324951172,254.56349182128906,375.2263488769531,31.347841262817383,134.7991180419922,66.67188262939453,144.34071350097656,135.89259338378906,52.2266731262207,77.49504089355469,104.06999969482422
2023-10-05,411.46258544921875,353.4327392578125,166.56631469726562,77.011474609375,89.3926773071289,168.8300018310547,19.25,73.98999786376953,172.88388061523438,313.31585693359375,44.656776428222656,260.04998779296875,38.540000915527344,74.62000274658203,39.27289962768555,250.50057983398438,371.5052490234375,31.492034912109375,135.3674774169922,67.04273986816406,145.84420776367188,133.8723907470703,51.603843688964844,78.95075988769531,102.91000366210938
2023-10-06,416.3477783203125,359.35467529296875,168.17022705078125,76.07832336425781,89.125244140625,169.6999969482422,19.729999542236328,74.16000366210938,175.43397521972656,321.0662841796875,45.73002624511719,260.5299987792969,39.209999084472656,78.45999908447266,39.507930755615234,255.53363037109375,374.6654052734375,31.761194229125977,137.45150756835938,67.22364807128906,146.3083038330078,134.14236450195312,50.73772048950195,81.0317611694336,107.23999786376953
2023-10-09,419.0133056640625,361.1873779296875,169.14231872558594,77.86385345458984,90.23059844970703,172.82000732421875,20.059999465942383,77.12999725341797,176.91659545898438,323.577880859375,45.24135971069336,259.6700134277344,39.36000061035156,79.0999984741211,40.82594299316406,260.5859375,408.1368408203125,31.78042984008789,137.13888549804688,67.956298828125,147.14358520507812,133.46279907226562,50.552818298339844,82.75125122070312,106.97000122070312
2023-10-10,421.1941833496094,363.1876525878906,171.05735778808594,77.75619506835938,90.26626586914062,172.52999877929688,19.979999542236328,76.70999908447266,176.32354736328125,322.1749267578125,45.765995025634766,263.6199951171875,40.189998626708984,79.62000274658203,40.87662887573242,262.4204406738281,406.7998962402344,32.01113510131836,137.9724884033203,68.28192138671875,146.97653198242188,134.78475952148438,51.12374496459961,83.03458404541016,109.01000213623047
2023-10-11,422.9195556640625,365.77911376953125,170.76571655273438,79.38021850585938,90.81895446777344,173.7899932861328,20.18000030517578,75.66999816894531,177.71722412109375,326.128662109375,46.773292541503906,262.989990234375,39.900001525878906,77.3499984741211,40.35126876831055,262.05548095703125,408.2490234375,32.059200286865234,138.4461669921875,69.46683502197266,144.95321655273438,133.1276397705078,51.32810974121094,82.8978042602539,108.30999755859375
2023-10-12,420.3412780761719,364.5080261230469,166.9065399169922,77.22679138183594,89.8740234375,173.25999450683594,19.959999084472656,75.41999816894531,178.61668395996094,324.8924865722656,46.912193298339844,258.8699951171875,38.47999954223633,75.19000244140625,40.39735412597656,258.962646484375,405.9023132324219,31.857324600219727,138.12408447265625,68.45376586914062,145.0924530029297,133.42555236816406,51.56167221069336,82.40931701660156,108.79000091552734
2023-10-13,418.2475280761719,359.92620849609375,165.5164794921875,78.60856628417969,90.37323760986328,178.8300018310547,20.780000686645508,78.98999786376953,176.77822875976562,321.5274353027344,45.42922592163086,251.1199951171875,37.77000045776367,73.43000030517578,41.28677749633789,257.3586120605469,412.3721618652344,31.924619674682617,140.19862365722656,68.28192138671875,145.57508850097656,134.70094299316406,51.84714126586914,82.40931701660156,105.08999633789062
2023-10-16,422.64813232421875,363.9956359863281,168.189697265625,77.34347534179688,89.74923706054688,177.9600067138672,20.68000030517578,78.38999938964844,176.64971923828125,326.3445129394531,46.06279373168945,253.9199981689453,38.529998779296875,75.20999908447266,41.56328201293945,260.0960693359375,411.7644958496094,32.26107406616211,140.05654907226562,69.09597778320312,146.2061767578125,135.98568725585938,52.29479217529297,83.73802185058594,106.45999908447266
2023-10-17,422.62872314453125,362.8034362792969,170.06578063964844,76.49104309082031,89.03608703613281,178.2899932861328,20.920000076293945,78.80000305175781,175.097900390625,325.7754821777344,43.90729904174805,254.85000610351562,39.18000030517578,77.45999908447266,41.9964714050293,261.8825378417969,412.4376525878906,32.41488265991211,139.75340270996094,68.99647521972656,144.8697052001953,136.16256713867188,52.362918853759766,84.21674346923828,105.13999938964844
2023-10-18,416.9971618652344,358.0441589355469,166.56631469726562,75.81809997558594,88.32294464111328,180.8699951171875,20.950000762939453,79.83999633789062,173.8031005859375,323.8623352050781,42.1665153503418,242.67999267578125,37.43000030517578,73.93000030517578,42.37897491455078,248.98297119140625,417.05633544921875,31.857324600219727,138.2188262939453,67.53116607666016,141.75120544433594,139.6723175048828,52.4018440246582,82.73171997070312,102.16999816894531
2023-10-19,413.333251953125,354.69403076171875,163.91250610351562,74.26586151123047,87.60982513427734,183.08999633789062,21.110000610351562,81.68000030517578,173.42750549316406,325.0495300292969,42.07158279418945,220.11000061035156,36.61000061035156,73.0999984741211,42.305240631103516,242.90298461914062,419.96405029296875,31.43436050415039,137.6314697265625,65.93016815185547,141.3707275390625,138.88629150390625,52.15206527709961,81.3346176147461,102.4000015258789
2023-10-20,408.25421142578125,349.4027099609375,161.79336547851562,74.68756866455078,87.95744323730469,183.58999633789062,21.399999618530273,80.69999694824219,170.87738037109375,320.4875183105469,41.35808181762695,211.99000549316406,36.029998779296875,74.66000366210938,41.59554672241211,240.59547424316406,415.2799072265625,30.953712463378906,135.41482543945312,65.4869613647461,142.00181579589844,138.69891357421875,51.500038146972656,80.74842071533203,101.80999755859375
2023-10-23,407.546630859375,350.4570617675781,160.42279052734375,75.58484649658203,88.64385223388672,182.97000122070312,21.049999237060547,78.88999938964844,170.99600219726562,323.0873718261719,42.944969177246094,212.0800018310547,36.11000061035156,77.20999908447266,40.9227180480957,238.78041076660156,417.14044189453125,30.761451721191406,133.56761169433594,64.84476470947266,140.507568359375,138.79261779785156,52.229915618896484,81.18806457519531,100.01000213623047
2023-10-24,410.6192626953125,353.8663330078125,161.8225555419922,76.58077239990234,89.14308166503906,182.9499969482422,21.020000457763672,76.93000030517578,171.43089294433594,324.2744140625,43.632484436035156,216.52000427246094,37.16999816894531,82.06999969482422,40.346656799316406,240.93344116210938,412.22259521484375,30.972938537597656,133.72866821289062,65.67691040039062,140.35902404785156,140.43206787109375,52.956546783447266,80.66048431396484,101.66999816894531
2023-10-25,404.7259826660156,345.20513916015625,159.1493377685547,74.87599182128906,88.33187103271484,183.72000122070312,20.940000534057617,78.45999908447266,169.11801147460938,334.2225341796875,41.74980926513672,212.4199981689453,35.220001220703125,77.79000091552734,40.27293014526367,236.4825897216797,418.5709533691406,30.857580184936523,132.99925231933594,64.26587677001953,140.67462158203125,141.087890625,52.79759979248047,78.7358169555664,96.05999755859375
2023-10-26,399.87957763671875,338.6230773925781,159.55760192871094,76.02448272705078,88.97367095947266,184.00999450683594,20.850000381469727,76.88999938964844,164.95677185058594,321.6844482421875,40.297821044921875,205.75999450683594,34.7599983215332,74.61000061035156,39.959556579589844,234.0592803955078,416.96282958984375,30.79029083251953,133.34024047851562,65.49601745605469,138.2893524169922,140.33839416503906,52.47644805908203,77.94445037841797,93.66999816894531
2023-10-27,398.0670166015625,340.2488708496094,157.68148803710938,75.70146942138672,88.79541778564453,186.14999389648438,21.18000030517578,78.36000061035156,166.27134704589844,323.56805419921875,40.47169876098633,207.3000030517578,34.099998474121094,70.77999877929688,39.001007080078125,230.3228759765625,414.5506896972656,30.232742309570312,128.53749084472656,64.44676971435547,135.13375854492188,137.86514282226562,52.28181076049805,77.50481414794922,96.43000030517578
2023-10-30,402.826171875,344.0818176269531,158.5563507080078,75.3604965209961,88.52799987792969,185.10000610351562,21.34000015258789,76.05000305175781,168.31736755371094,330.9261779785156,41.132240295410156,197.36000061035156,34.290000915527344,73.5999984741211,39.13003921508789,233.79856872558594,416.84130859375,30.77106285095215,130.17630004882812,64.85379791259766,136.46096801757812,139.83250427246094,52.881935119628906,78.82374572753906,96.18000030517578
2023-10-31,405.3560485839844,345.7274169921875,159.92698669433594,74.99263000488281,88.40320587158203,184.08999633789062,20.979999542236328,75.0199966430664,168.79180908203125,331.7109680175781,40.75151062011719,200.83999633789062,35.08000183105469,77.12000274658203,39.25907516479492,218.24484252929688,425.0689697265625,31.107515335083008,131.72988891601562,65.95731353759766,137.67681884765625,140.55386352539062,53.008453369140625,79.71280670166016,98.5
2023-11-01,409.6791076660156,351.7281494140625,160.84075927734375,76.6186294555664,89.6683120727539,183.50999450683594,20.969999313354492,74.75,171.95477294921875,339.5203857421875,42.295433044433594,205.66000366210938,35.310001373291016,77.80999755859375,39.16691589355469,223.82528686523438,422.9559326171875,31.30939483642578,131.6162109375,66.3643569946289,138.00164794921875,140.160400390625,53.48206329345703,79.20477294921875,108.04000091552734
2023-11-02,417.5302734375,358.1131896972656,165.1276397705078,78.36530303955078,90.7330322265625,184.1199951171875,20.8700008392334,76.18000030517578,175.51304626464844,341.727783203125,43.4755973815918,218.50999450683594,38.279998779296875,84.5999984741211,40.35126876831055,230.86355590820312,428.2477722167969,32.04958724975586,133.96551513671875,68.54421997070312,139.44024658203125,141.8748016357422,53.69290542602539,81.37370300292969,107.83000183105469
2023-11-03,421.3395690917969,362.32049560546875,169.61863708496094,78.89649963378906,91.18038177490234,184.7899932861328,21.219999313354492,74.8499984741211,174.60369873046875,346.1229553222656,44.97355270385742,219.9600067138672,40.439998626708984,85.80000305175781,39.945735931396484,232.43728637695312,423.85345458984375,32.47255325317383,135.46217346191406,70.181396484375,140.4611358642578,140.59136962890625,53.413936614990234,83.11274719238281,112.25
2023-11-06,422.308837890625,363.798583984375,167.49951171875,78.13121032714844,90.69722747802734,183.35000610351562,21.079999923706055,74.91000366210938,177.15383911132812,349.7823791503906,45.719032287597656,219.27000427246094,39.77000045776367,86.37000274658203,39.49410629272461,230.05255126953125,421.8152770996094,32.37643051147461,136.4852752685547,69.1683578491211,140.79527282714844,141.40638732910156,53.48530197143555,82.08689880371094,111.75
2023-11-07,423.51080322265625,367.2374572753906,166.9065399169922,79.28363037109375,91.4219741821289,182.58999633789062,20.729999542236328,71.80000305175781,179.71383666992188,353.7066955566406,45.92288589477539,222.17999267578125,40.90999984741211,89.06999969482422,38.618507385253906,226.8085479736328,420.8709716796875,32.328369140625,136.41893005371094,68.5984878540039,140.0527801513672,141.07847595214844,53.735084533691406,82.64379119873047,113.44999694824219
2023-11-08,423.82098388671875,367.4739074707031,165.1276397705078,80.63416290283203,91.88719940185547,180.77000427246094,20.649999618530273,70.19000244140625,180.7714080810547,356.3261413574219,46.54145050048828,222.11000061035156,40.34000015258789,88.31999969482422,38.134620666503906,226.71200561523438,415.7380676269531,32.366817474365234,137.09156799316406,68.82463836669922,139.54232788085938,140.53512573242188,53.29715347290039,82.55585479736328,113.58999633789062
2023-11-09,420.5157165527344,364.6459655761719,162.57102966308594,78.7794418334961,90.9566879272461,181.49000549316406,20.690000534057617,70.25,180.29698181152344,353.8636779785156,46.91719055175781,209.97999572753906,39.09000015258789,92.86000061035156,38.01941680908203,226.06515502929688,413.68109130859375,32.23223876953125,136.68418884277344,67.73920440673828,136.8229522705078,140.8536376953125,53.17388916015625,88.26148986816406,113.48999786376953
2023-11-10,427.0777587890625,372.843994140625,164.38885498046875,79.22061157226562,91.4129867553711,179.50999450683594,20.34000015258789,71.79000091552734,184.48350524902344,362.6736755371094,48.30122756958008,214.64999389648438,39.72999954223633,92.91999816894531,38.438777923583984,231.4042205810547,415.93438720703125,32.59752655029297,138.71136474609375,68.37238311767578,136.6651611328125,141.84671020507812,53.910255432128906,86.23912048339844,118.58999633789062
2023-11-13,426.670654296875,371.68133544921875,164.44712829589844,79.04054260253906,91.4219741821289,180.50999450683594,20.43000030517578,72.91999816894531,182.8999481201172,359.74029541015625,48.586021423339844,223.7100067138672,39.90999984741211,92.63999938964844,38.71528625488281,233.32550048828125,416.0840148925781,32.54945755004883,138.0956573486328,67.8025131225586,137.01785278320312,142.8303985595703,54.39358901977539,87.3822021484375,116.79000091552734
2023-11-14,434.9483947753906,379.68231201171875,173.4778289794922,80.83222961425781,92.85347747802734,182.1199951171875,21.170000076293945,72.69000244140625,185.51278686523438,363.2622985839844,49.621299743652344,237.41000366210938,41.95000076293945,92.08999633789062,39.06092071533203,239.3017578125,415.3266296386719,33.16468811035156,140.61544799804688,71.5653076171875,137.04566955566406,142.51187133789062,54.38385772705078,88.97470092773438,119.87999725341797
2023-11-15,435.8691711425781,379.968017578125,173.77914428710938,79.69780731201172,92.37033081054688,181.63999938964844,21.450000762939453,71.33999633789062,186.07691955566406,363.4097900390625,48.85383987426758,242.83999633789062,43.0099983215332,98.1500015258789,38.987178802490234,242.42022705078125,416.1868896484375,33.34733963012695,141.846923828125,71.77334594726562,138.10374450683594,141.85606384277344,55.07481002807617,91.76889038085938,118.0
2023-11-16,436.40234375,380.293212890625,170.96986389160156,80.68817138671875,93.13082885742188,183.69000244140625,21.760000228881836,68.05000305175781,187.75946044921875,369.7997131347656,49.44541931152344,233.58999633789062,42.209999084472656,96.91999816894531,38.2267951965332,239.63966369628906,416.6075744628906,33.48192596435547,143.46676635742188,71.61959075927734,139.31027221679688,143.17701721191406,50.61769485473633,92.33555603027344,119.83000183105469
2023-11-17,436.94512939453125,380.3819885253906,173.3125762939453,81.06629180908203,93.3992691040039,183.6699981689453,21.75,70.75,187.73968505859375,363.58673095703125,49.26355743408203,234.3000030517578,43.70000076293945,99.05000305175781,39.028663635253906,244.3318634033203,415.7566833496094,33.65494918823242,144.7645721435547,71.5653076171875,139.0225830078125,141.5281982421875,50.39387130737305,91.98383331298828,120.62000274658203
2023-11-20,440.30859375,385.0130310058594,174.32351684570312,81.56149291992188,93.77503967285156,183.3699951171875,21.479999542236328,72.30000305175781,189.48158264160156,371.04827880859375,50.373775482177734,235.60000610351562,44.880001068115234,106.0999984741211,39.083961486816406,241.8023223876953,414.94329833984375,33.7895393371582,145.2097930908203,72.08993530273438,140.24815368652344,140.7786865234375,50.37765121459961,92.84358215332031,121.52999877929688
2023-11-21,439.34893798828125,382.7762756347656,172.07803344726562,81.52549743652344,93.80188751220703,185.35000610351562,21.770000457763672,72.52999877929688,188.67991638183594,366.75225830078125,49.90910720825195,241.1999969482422,43.869998931884766,105.48999786376953,38.99639892578125,240.7982635498047,419.0010070800781,33.77030563354492,144.9066619873047,71.58341217041016,141.38015747070312,140.160400390625,50.5593147277832,92.27693176269531,119.16000366210938
2023-11-22,441.04522705078125,384.343017578125,173.1570587158203,81.81361389160156,94.17765045166016,184.55999755859375,21.670000076293945,71.61000061035156,189.343017578125,371.4512634277344,48.68195724487305,234.2100067138672,44.31999969482422,109.25,38.97797393798828,237.515625,421.1047058105469,33.90488815307617,145.24771118164062,71.9361572265625,141.09950256347656,141.4813690185547,50.17329025268555,92.8826675415039,122.51000213623047
2023-11-24,441.3166198730469,383.8010559082031,174.32351684570312,80.8502426147461,93.69451141357422,185.52000427246094,22.270000457763672,70.81999969482422,188.01678466796875,371.038330078125,47.74261474609375,235.4499969482422,44.880001068115234,115.54000091552734,39.13926696777344,238.81903076171875,422.6099853515625,34.01063537597656,145.4466094970703,72.14421081542969,142.67120361328125,141.818603515625,50.624183654785156,93.84989166259766,122.30999755859375
2023-11-27,440.5218200683594,383.466064453125,173.74026489257812,82.20075225830078,94.45500946044922,186.77000427246094,22.559999465942383,69.95999908447266,187.83860778808594,372.1983642578125,48.20829391479492,236.0800018310547,45.45000076293945,119.7699966430664,39.001007080078125,238.84799194335938,416.5140380859375,33.89527130126953,145.11508178710938,72.40652465820312,141.5298309326172,141.68746948242188,50.85451126098633,92.9803695678711,122.6500015258789
2023-11-28,440.9579162597656,384.4710693359375,173.0695343017578,82.36277770996094,94.830810546875,189.25999450683594,22.920000076293945,71.26000213623047,188.44236755371094,376.21917724609375,47.78758239746094,246.72000122070312,46.70000076293945,128.27000427246094,39.010223388671875,238.9541778564453,419.1132507324219,33.88566207885742,145.4466094970703,72.88590240478516,141.85726928710938,142.67111206054688,51.46111297607422,90.37179565429688,122.01000213623047
2023-11-29,440.6477966308594,384.0966491699219,173.98329162597656,83.3981704711914,95.60027313232422,189.5399932861328,22.8799991607666,72.5199966430664,187.4229278564453,372.434326171875,48.106361389160156,244.13999938964844,46.900001525878906,127.81999969482422,38.71989059448242,240.8368682861328,416.0653076171875,34.12599182128906,146.18551635742188,73.39242553710938,142.30633544921875,141.58438110351562,50.63067626953125,90.37179565429688,123.8499984741211
2023-11-30,442.3828125,383.13104248046875,174.6443328857422,82.43482208251953,95.09921264648438,188.75,23.1299991607666,70.13999938964844,187.9969940185547,372.4933166503906,46.73731994628906,240.0800018310547,46.11000061035156,124.72000122070312,38.97797393798828,242.06300354003906,421.6302490234375,34.5105094909668,147.85272216796875,73.92610168457031,144.69200134277344,143.82345581054688,50.5041618347168,90.55741882324219,121.16000366210938
2023-12-01,444.99993896484375,384.2247619628906,179.74774169921875,83.98739624023438,96.24425506591797,192.00999450683594,23.329999923706055,69.23999786376953,189.27374267578125,368.1678161621094,46.732322692871094,238.8300018310547,48.43000030517578,133.75999450683594,39.18073654174805,247.89447021484375,423.17449951171875,34.770050048828125,148.5726776123047,75.74417114257812,148.1722412109375,143.0177459716797,50.06624221801758,90.44996643066406,121.38999938964844
2023-12-04,442.6639099121094,380.65777587890625,181.67247009277344,83.6532211303711,95.8041763305664,187.86000061035156,22.459999084472656,68.47000122070312,187.4823455810547,362.8887939453125,45.47819900512695,235.5800018310547,48.689998626708984,141.08999633789062,39.001007080078125,245.95387268066406,424.3797607421875,34.73160171508789,149.66204833984375,76.29593658447266,148.6400146484375,142.45562744140625,50.053260803222656,89.89307403564453,118.56999969482422
2023-12-05,442.5766296386719,381.61358642578125,179.2422637939453,85.45056915283203,96.56754302978516,187.14999389648438,22.1200008392334,67.58000183105469,191.43130493164062,366.2115173339844,46.53755187988281,238.72000122070312,48.2599983215332,140.1999969482422,38.318965911865234,246.37867736816406,420.1895751953125,34.558570861816406,149.64308166503906,75.7894058227539,148.33131408691406,137.49038696289062,50.51714324951172,88.70114135742188,118.37999725341797
2023-12-06,440.7932434082031,379.4064025878906,178.92147827148438,86.58858489990234,96.9267578125,187.83999633789062,21.93000030517578,64.76000213623047,190.34263610839844,362.5544738769531,45.47520446777344,239.3699951171875,48.040000915527344,134.6300048828125,37.74751663208008,247.1317138671875,423.17449951171875,34.385536193847656,148.0706024169922,75.56327056884766,146.5256805419922,137.38734436035156,49.968929290771484,89.39480590820312,116.81999969482422
2023-12-07,444.1566467285156,384.70758056640625,180.21435546875,86.0918197631836,96.93573760986328,188.14999389648438,21.790000915527344,65.11000061035156,192.27256774902344,364.66815185546875,46.56753921508789,242.63999938964844,48.290000915527344,136.19000244140625,37.48944854736328,248.5220184326172,421.00872802734375,34.5489501953125,148.5253143310547,75.78035736083984,145.38427734375,137.24681091308594,49.64006805419922,90.22525787353516,128.3699951171875
2023-12-08,446.0661315917969,386.422119140625,181.58499145507812,85.38732147216797,96.41486358642578,185.63999938964844,21.100000381469727,66.52999877929688,193.69778442382812,367.8925476074219,47.47697448730469,243.83999633789062,49.18000030517578,146.6199951171875,37.89499282836914,250.5398406982422,421.86566162109375,34.73160171508789,150.16412353515625,75.65373229980469,144.46746826171875,135.98208618164062,49.1191291809082,90.97998809814453,128.9199981689453
2023-12-11,447.8011474609375,389.722900390625,181.964111328125,85.20669555664062,96.38792419433594,183.58999633789062,20.90999984741211,66.80000305175781,191.19375610351562,365.0121765136719,46.598514556884766,239.74000549316406,48.529998779296875,138.02000427246094,37.94106674194336,251.91082763671875,424.9164733886719,34.943084716796875,150.7135467529297,75.86175537109375,145.0662078857422,136.60975646972656,49.24285125732422,90.37227630615234,134.41000366210938
2023-12-12,449.84637451171875,392.8268127441406,181.77940368652344,85.45960998535156,96.93573760986328,183.49000549316406,20.84000015258789,64.25,192.7080535888672,368.0400085449219,47.62788391113281,237.00999450683594,48.380001068115234,139.6199951171875,37.420318603515625,252.40321350097656,425.2649230957031,35.193023681640625,152.05868530273438,75.81654357910156,145.07557678222656,136.72218322753906,49.28192138671875,89.26467895507812,137.61000061035156
2023-12-13,456.0497741699219,397.82244873046875,187.93272399902344,87.46466827392578,98.56119537353516,187.6300048828125,21.770000457763672,65.33000183105469,195.92466735839844,368.0301818847656,48.058631896972656,239.2899932861328,50.16999816894531,150.4600067138672,37.94106674194336,258.7174072265625,425.08599853515625,35.760189056396484,152.57020568847656,78.72003936767578,145.74917602539062,139.1954345703125,50.15776824951172,90.98979187011719,138.19000244140625
2023-12-14,457.513427734375,397.4776611328125,193.16250610351562,89.7398681640625,99.60938262939453,188.72999572753906,22.149999618530273,67.16000366210938,196.07308959960938,359.73309326171875,48.32046127319336,251.0500030517578,52.02000045776367,153.6300048828125,39.056304931640625,275.32354736328125,419.276123046875,36.11586380004883,155.3457794189453,80.99036407470703,146.75953674316406,135.5230255126953,49.545650482177734,92.0777816772461,138.0
2023-12-15,456.76019287109375,399.3990173339844,191.53909301757812,89.83955383300781,99.4651870727539,187.0,21.829999923706055,67.1500015258789,195.5386505126953,364.4518127441406,48.860130310058594,253.5,51.11000061035156,147.89999389648438,38.848934173583984,275.873779296875,416.0181884765625,35.90437698364258,156.52041625976562,79.85067749023438,145.1597900390625,134.8672637939453,49.731239318847656,91.6072998046875,139.14999389648438
2023-12-18,459.3293762207031,401.9147033691406,191.60716247558594,89.12372589111328,99.05061340332031,187.85000610351562,21.799999237060547,68.08999633789062,193.8759307861328,366.3393249511719,50.046409606933594,252.0800018310547,51.06999969482422,153.42999267578125,39.16624069213867,275.8448791503906,420.82049560546875,36.02417755126953,157.4676971435547,79.66978454589844,145.42173767089844,136.93763732910156,50.457305908203125,91.0191879272461,138.89999389648438
2023-12-19,462.12255859375,403.96832275390625,195.32049560546875,89.6039810180664,99.17678833007812,189.1300048828125,22.030000686645508,69.36000061035156,194.9151153564453,366.93896484375,49.57368850708008,257.2200012207031,53.18000030517578,161.16000366210938,39.63615798950195,282.84454345703125,421.6490783691406,36.29467010498047,159.57066345214844,80.27580261230469,146.3759765625,136.93763732910156,50.639644622802734,92.06797790527344,140.14999389648438
2023-12-20,455.71881103515625,397.9654541015625,191.4998779296875,90.2110595703125,99.43816375732422,188.10000610351562,22.040000915527344,68.79000091552734,192.82681274414062,364.34368896484375,48.081607818603516,247.13999938964844,51.0099983215332,161.86000061035156,39.26860046386719,279.706787109375,416.7620849609375,35.64741134643555,157.7708282470703,79.2989273071289,143.3916015625,134.82040405273438,50.04706954956055,89.46070861816406,135.47000122070312
2023-12-21,460.0398864746094,402.595947265625,194.75851440429688,89.64019775390625,99.40209197998047,189.42999267578125,22.309999465942383,69.02999877929688,192.6783447265625,367.21417236328125,48.96006774902344,254.5,52.310001373291016,168.02999877929688,39.42213439941406,280.0542907714844,421.86566162109375,35.99519348144531,158.67074584960938,80.00216674804688,144.86038208007812,135.14828491210938,50.40195846557617,90.19583892822266,139.91000366210938
2023-12-22,460.9644470214844,403.1982421875,196.57322692871094,89.23246765136719,99.2308578491211,190.27000427246094,22.1200008392334,68.69000244140625,191.60946655273438,368.2366027832031,48.800174713134766,252.5399932861328,53.0099983215332,175.47999572753906,39.5384521484375,280.33428955078125,422.0539855957031,36.072479248046875,158.57603454589844,80.31348419189453,145.44046020507812,136.1038818359375,51.00431442260742,89.21566009521484,139.60000610351562
2023-12-26,462.9108581542969,405.6664733886719,199.1294403076172,89.4861831665039,99.43816375732422,191.72000122070312,22.200000762939453,70.20999908447266,191.06515502929688,368.31524658203125,49.24889373779297,256.6099853515625,53.790000915527344,172.0500030517578,39.87810516357422,285.4223327636719,423.8995666503906,36.217384338378906,159.5138397216797,80.90868377685547,146.07662963867188,136.72218322753906,50.92616653442383,89.14705657958984,143.41000366210938
2023-12-27,463.74786376953125,406.4923400878906,199.83187866210938,91.07184600830078,100.366455078125,192.58999633789062,22.229999542236328,68.91999816894531,191.16407775878906,367.7353210449219,49.386810302734375,261.44000244140625,54.2599983215332,185.24000549316406,39.701297760009766,287.8263244628906,422.76019287109375,36.33331298828125,160.47061157226562,81.30242156982422,146.2730712890625,136.83460998535156,51.40479278564453,88.58834838867188,146.07000732421875
2023-12-28,463.9230041503906,406.29473876953125,199.0708770751953,90.41038513183594,100.10511016845703,191.47000122070312,21.989999771118164,67.18000030517578,191.58966064453125,368.92474365234375,49.49174880981445,253.17999267578125,54.13999938964844,186.36000061035156,39.09645080566406,286.62921142578125,424.8883056640625,36.43958282470703,161.3231658935547,81.87928771972656,146.4882354736328,136.5254364013672,51.30385971069336,88.60795593261719,148.75999450683594
2023-12-29,462.5799255371094,404.5364074707031,195.82200622558594,89.59491729736328,99.7355728149414,191.1699981689453,21.780000686645508,66.6500015258789,190.55047607421875,369.6719665527344,49.49174880981445,248.47999572753906,52.369998931884766,173.9199981689453,39.00804901123047,285.4609375,426.7809143066406,36.32365036010742,161.1337127685547,80.90868377685547,146.63795471191406,137.28428649902344,51.32990264892578,88.50013732910156,147.41000366210938
2024-01-02,459.9912109375,397.6907653808594,194.6609649658203,89.07843780517578,99.05961608886719,190.72000122070312,21.649999618530273,65.7699966430664,183.73130798339844,364.5894470214844,48.13856887817383,248.4199981689453,50.5,156.8800048828125,39.426788330078125,282.6031188964844,429.4927673339844,36.47821807861328,163.00933837890625,81.6045913696289,149.65977478027344,139.34536743164062,51.86387252807617,88.91181182861328,138.5800018310547
2024-01-03,456.2346496582031,393.4825744628906,189.4705352783203,89.44993591308594,98.83428955078125,189.1300048828125,21.059999465942383,68.19000244140625,182.35560607910156,364.32403564453125,47.53993606567383,238.4499969482422,48.52000045776367,152.24000549316406,40.06886672973633,274.4835510253906,432.31768798828125,36.16908645629883,162.29888916015625,79.6541976928711,150.5952911376953,138.50221252441406,51.867130279541016,89.83317565917969,135.32000732421875
2024-01-04,454.7650451660156,391.45751953125,189.09979248046875,88.09080505371094,98.2845230102539,189.32000732421875,21.079999923706055,67.56999969482422,180.03964233398438,361.7090759277344,47.96867752075195,237.92999267578125,48.90999984741211,155.60000610351562,39.366310119628906,276.2214050292969,431.1405944824219,36.31399154663086,163.37591552734375,79.50769805908203,150.2772216796875,139.26100158691406,51.36571502685547,88.76477813720703,136.00999450683594
2024-01-05,455.3879089355469,391.9217834472656,188.5436553955078,87.2481460571289,97.93301391601562,189.35000610351562,21.209999084472656,69.02999877929688,179.317138671875,361.52227783203125,49.0670051574707,237.49000549316406,48.900001525878906,153.97999572753906,39.398868560791016,278.9536437988281,429.85064697265625,36.46855545043945,164.19561767578125,79.30624389648438,150.7449951171875,138.10870361328125,51.02384948730469,89.0980453491211,138.5800018310547
2024-01-08,461.8890075683594,400.02203369140625,191.93890380859375,88.10888671875,98.68106842041016,187.8699951171875,21.1299991607666,66.4000015258789,183.6521453857422,368.34478759765625,52.22107696533203,240.4499969482422,50.279998779296875,159.4199981689453,38.942909240722656,282.1590270996094,431.8280334472656,36.700416564941406,163.95729064941406,80.44168853759766,151.11923217773438,139.2985076904297,51.52526092529297,89.73516082763672,146.17999267578125
2024-01-09,461.18829345703125,400.812255859375,190.2217559814453,87.54713439941406,98.85234069824219,187.92999267578125,21.0,67.38999938964844,183.23646545410156,369.4261474609375,53.10753631591797,234.9600067138672,49.5,151.99000549316406,38.3194580078125,282.19769287109375,429.6528625488281,36.46855545043945,162.6610565185547,79.90142822265625,151.2127685546875,139.8699493408203,51.87038803100586,87.89242553710938,149.25999450683594
2024-01-10,463.7965087890625,403.52880859375,190.3291015625,87.1393814086914,98.72612762451172,187.5,20.940000534057617,66.55999755859375,184.27566528320312,376.28790283203125,54.31679916381836,233.94000244140625,49.349998474121094,151.2899932861328,37.94258117675781,283.2210388183594,428.8148193359375,36.526527404785156,163.00421142578125,79.99301147460938,151.43731689453125,140.4695281982422,52.51506423950195,87.51995849609375,148.5399932861328
2024-01-11,463.59210205078125,404.3684997558594,188.83636474609375,87.62870025634766,99.32096099853516,187.8699951171875,20.81999969482422,67.6500015258789,183.68182373046875,378.1164245605469,54.78850173950195,227.22000122070312,48.18000030517578,141.16000366210938,38.0402946472168,281.9755859375,426.6773681640625,36.39126968383789,162.31793212890625,79.2513198852539,150.7637176513672,141.00352478027344,52.45646667480469,87.67678833007812,148.02000427246094
2024-01-12,463.91326904296875,404.575927734375,188.52413940429688,87.45653533935547,99.53730773925781,189.7100067138672,21.190000534057617,68.0199966430664,184.00843811035156,381.8913879394531,54.67657470703125,218.88999938964844,47.380001068115234,130.77999877929688,38.46834182739258,280.3825988769531,436.1406555175781,36.32365036010742,161.1265411376953,79.72747802734375,151.92379760742188,141.087890625,52.52484130859375,88.55894470214844,146.55999755859375
2024-01-16,462.2101135253906,404.5364074707031,186.1923828125,85.9161605834961,98.5278549194336,187.91000366210938,20.959999084472656,67.25,181.74197387695312,383.66094970703125,56.347557067871094,219.91000366210938,46.7599983215332,133.8800048828125,37.55176544189453,277.31243896484375,431.11236572265625,36.072479248046875,160.11619567871094,79.14142608642578,150.17431640625,140.3290252685547,52.69088363647461,91.20542907714844,158.74000549316406
2024-01-17,459.640869140625,402.2545166015625,184.86544799804688,85.78025817871094,98.32057189941406,185.83999633789062,20.649999618530273,67.94000244140625,180.80174255371094,382.8744812011719,56.018760681152344,215.5500030517578,45.91999816894531,133.86000061035156,37.24003601074219,269.00933837890625,429.8223571777344,36.00484848022461,159.25839233398438,77.69466400146484,150.09011840820312,140.4695281982422,52.44342803955078,88.54914093017578,160.1699981689453
2024-01-18,463.7283020019531,407.96417236328125,185.95819091796875,84.98287200927734,98.13129425048828,187.3699951171875,20.809999465942383,69.05999755859375,186.6905517578125,387.1999816894531,57.07210922241211,211.8800048828125,45.65999984741211,124.33999633789062,37.17954635620117,272.16644287109375,432.7414245605469,36.06282043457031,159.5729217529297,77.2734603881836,150.81985473632812,139.6597137451172,53.14997482299805,90.382080078125,162.6699981689453
2024-01-19,469.5093078613281,416.05450439453125,187.74363708496094,85.25469207763672,98.23045349121094,187.92999267578125,20.670000076293945,68.81999969482422,189.5904541015625,391.918701171875,59.45465850830078,212.19000244140625,46.279998779296875,124.75,37.300514221191406,276.70574951171875,431.0370788574219,36.64244842529297,162.3274688720703,78.19829559326172,151.25953674316406,139.12237548828125,52.86996078491211,91.21522521972656,174.22999572753906
2024-01-22,470.5019836425781,416.5978698730469,191.75352478027344,85.76210021972656,98.50082397460938,187.22000122070312,20.219999313354492,69.69000244140625,191.896484375,389.7952575683594,59.61756134033203,208.8000030517578,47.33000183105469,128.2100067138672,37.44009780883789,279.993896484375,431.9786682128906,36.81633758544922,162.13685607910156,78.66527557373047,151.99867248535156,139.395751953125,52.87321853637695,93.1951904296875,168.17999267578125
2024-01-23,471.8741760253906,418.3265380859375,191.1974334716797,85.08255004882812,98.14030456542969,187.9499969482422,20.530000686645508,69.66000366210938,193.1732177734375,392.1447448730469,59.83642578125,209.13999938964844,47.380001068115234,124.19000244140625,37.51919174194336,280.1490478515625,414.00311279296875,36.874305725097656,161.06935119628906,78.12503814697266,149.51007080078125,145.16542053222656,53.0067138671875,91.91114807128906,168.4199981689453
2024-01-24,472.3900146484375,420.6479187011719,189.62661743164062,84.58419036865234,97.9510498046875,186.39999389648438,20.709999084472656,70.54000091552734,192.50021362304688,395.7428283691406,61.32451629638672,207.8300018310547,46.279998779296875,121.33999633789062,38.05425262451172,281.9434509277344,406.4512939453125,37.01921081542969,162.50857543945312,77.00791931152344,148.71485900878906,143.41188049316406,52.257843017578125,91.6465072631836,178.2899932861328
2024-01-25,474.9593200683594,421.16162109375,191.1974334716797,85.13689422607422,98.59998321533203,187.13999938964844,20.940000534057617,72.2300033569336,192.17361450195312,398.0136413574219,61.57936096191406,182.6300048828125,45.81999969482422,121.01000213623047,38.910343170166016,291.73016357421875,405.876953125,37.202762603759766,164.83419799804688,77.99684143066406,149.2761993408203,146.71153259277344,53.01974105834961,92.97955322265625,180.3300018310547
2024-01-26,474.3558654785156,418.65252685546875,191.20718383789062,84.97380828857422,98.32057189941406,187.00999450683594,20.860000610351562,73.0999984741211,190.44158935546875,397.089599609375,60.99371337890625,183.25,45.91999816894531,125.19999694824219,39.19880676269531,290.430419921875,404.8128662109375,37.33800506591797,164.2051544189453,77.77708435058594,149.22007751464844,147.2017364501953,53.4853401184082,93.46963500976562,177.25
2024-01-29,478.11248779296875,422.9396667480469,194.5536346435547,85.95240783691406,98.72612762451172,188.3300018310547,21.209999084472656,72.05000305175781,189.75869750976562,402.7816162109375,62.42683792114258,190.92999267578125,48.11000061035156,132.82000732421875,39.14297866821289,294.1356201171875,403.0238342285156,37.43461227416992,164.63401794433594,78.28984832763672,149.08908081054688,147.22061157226562,53.736045837402344,95.55741119384766,177.8300018310547
2024-01-30,477.7427062988281,420.1243896484375,192.89505004882812,86.73162841796875,99.04161071777344,188.58999633789062,21.190000534057617,72.80999755859375,186.1066436767578,401.6706848144531,62.73564910888672,191.58999633789062,46.86000061035156,130.82000732421875,39.54776382446289,295.60028076171875,406.47955322265625,37.90798568725586,168.00811767578125,77.55731201171875,148.53712463378906,148.47447204589844,53.91511917114258,95.018310546875,172.05999755859375
2024-01-31,469.9471740722656,411.895751953125,188.18267822265625,87.58336639404297,99.2939453125,188.4499969482422,20.90999984741211,70.91999816894531,182.5040740966797,390.84710693359375,61.489418029785156,187.2899932861328,45.40999984741211,128.1999969482422,38.8079833984375,291.28399658203125,404.3420715332031,37.444271087646484,166.18763732910156,76.81561279296875,148.65870666503906,148.14450073242188,53.80441665649414,94.14595794677734,167.69000244140625
2024-02-01,476.09796142578125,416.74603271484375,190.68035888671875,89.3013916015625,100.06185150146484,190.41000366210938,21.209999084472656,69.06999969482422,184.93878173828125,396.9421691894531,62.98849868774414,188.86000061035156,46.029998779296875,128.9499969482422,38.80332565307617,298.4422302246094,404.6810302734375,37.502235412597656,165.58717346191406,78.20745086669922,148.15353393554688,150.0677032470703,54.80073547363281,95.13592529296875,170.47999572753906
2024-02-02,481.11004638671875,423.7892150878906,189.6754150390625,87.32884979248047,99.14833068847656,188.61000061035156,20.75,67.51000213623047,183.93914794921875,404.25616455078125,66.11959838867188,187.91000366210938,46.65999984741211,129.22000122070312,38.85915756225586,305.6198425292969,401.1028747558594,37.65680694580078,166.54029846191406,77.2368392944336,146.51634216308594,149.04013061523438,55.21098709106445,95.20453643798828,177.66000366210938
2024-02-05,479.3582763671875,423.236083984375,187.26556396484375,85.56537628173828,98.1986312866211,187.57000732421875,20.469999313354492,68.18000030517578,185.7503204345703,398.7804260253906,69.28964233398438,181.05999755859375,45.20000076293945,117.30000305175781,38.76145553588867,311.7401123046875,397.08221435546875,37.43461227416992,166.3210906982422,75.61610412597656,145.758544921875,149.1532745361328,54.914695739746094,94.73406219482422,174.22999572753906
2024-02-06,480.74993896484375,422.3865966796875,188.9534454345703,86.40167999267578,98.75035858154297,188.5500030517578,20.510000228881836,68.80999755859375,187.35366821289062,398.6231994628906,68.18132019042969,185.10000610351562,46.70000076293945,119.79000091552734,38.88707733154297,313.02044677734375,402.0256652832031,37.51189422607422,166.89295959472656,76.63247680664062,147.87286376953125,149.86033630371094,55.28913116455078,97.32173156738281,167.8800048828125
2024-02-07,484.7596435546875,426.7329406738281,188.51437377929688,85.9834976196289,98.46092987060547,188.5,20.329999923706055,69.41999816894531,187.46255493164062,407.03826904296875,70.0561752319336,187.5800018310547,47.16999816894531,122.06999969482422,38.96617126464844,313.86431884765625,404.99176025390625,37.79205322265625,167.20745849609375,76.52261352539062,147.79800415039062,150.0111541748047,55.14912414550781,97.1747055053711,170.94000244140625
2024-02-08,484.97369384765625,427.52325439453125,191.37301635742188,85.48355865478516,97.95442199707031,188.3300018310547,20.649999618530273,71.5199966430664,186.38375854492188,407.0971374511719,69.59845733642578,189.55999755859375,48.439998626708984,132.5500030517578,39.366310119628906,312.3221130371094,402.07275390625,37.64714431762695,166.60704040527344,77.14527130126953,146.31985473632812,149.5586395263672,55.1458740234375,108.34870910644531,169.35000610351562
2024-02-09,487.7765808105469,431.73138427734375,194.48533630371094,85.31082916259766,97.82779693603516,187.60000610351562,20.68000030517578,71.66999816894531,187.1468048095703,413.4281311035156,72.08894348144531,193.57000732421875,49.59000015258789,141.99000549316406,38.76145553588867,307.6275634765625,401.6019592285156,37.75341033935547,166.80718994140625,77.2643051147461,146.65667724609375,148.40847778320312,55.1165657043457,106.2413330078125,172.47999572753906
2024-02-12,487.56243896484375,430.04217529296875,198.01719665527344,85.41082763671875,97.83686065673828,187.11000061035156,20.760000228881836,72.11000061035156,185.46212768554688,408.2277526855469,72.203857421875,188.1300048828125,50.720001220703125,147.30999755859375,39.18950653076172,311.9632568359375,403.0802917480469,37.92729949951172,167.5506134033203,77.28263092041016,147.67642211914062,148.11622619628906,55.44866943359375,107.12348937988281,171.91000366210938
2024-02-13,480.8472595214844,423.3348083496094,189.87054443359375,83.94732666015625,96.76054382324219,184.52999877929688,20.200000762939453,72.6500015258789,183.37115478515625,399.4390869140625,72.08394622802734,184.02000427246094,47.880001068115234,140.38999938964844,38.79402542114258,303.4373779296875,401.62078857421875,37.4152946472168,166.0923309326172,75.6893539428711,146.38534545898438,147.32432556152344,55.07098388671875,108.27029418945312,171.5399932861328
2024-02-14,485.21697998046875,427.9480285644531,194.28045654296875,84.37457275390625,97.21276092529297,184.4199981689453,20.440000534057617,71.55000305175781,182.4892120361328,403.29986572265625,73.8548583984375,188.7100067138672,50.5,160.3800048828125,38.75680160522461,307.1911315917969,393.7771301269531,37.772727966308594,167.7793731689453,76.2845458984375,145.702392578125,146.72096252441406,54.89516067504883,109.3484878540039,178.6999969482422
2024-02-15,488.5648498535156,429.2223205566406,199.46115112304688,84.81088256835938,97.56552124023438,185.66000366210938,20.940000534057617,72.83999633789062,182.20179748535156,400.4141845703125,72.61360931396484,200.4499969482422,51.63999938964844,165.6699981689453,39.83622741699219,313.3599548339844,398.4192810058594,38.41999053955078,171.4393768310547,78.0609359741211,147.74188232421875,148.0219268798828,55.119815826416016,110.22084045410156,176.75999450683594
2024-02-16,486.13189697265625,425.33026123046875,196.7488555908203,84.32002258300781,97.21276092529297,186.33999633789062,21.389999389648438,73.41000366210938,180.665771484375,397.951904296875,72.56863403320312,199.9499969482422,50.33000183105469,180.30999755859375,39.81296157836914,312.23480224609375,399.3138122558594,38.28474044799805,170.6387481689453,77.25514221191406,147.5722198486328,148.4933319091797,55.46820068359375,109.3876953125,173.8699951171875
2024-02-20,483.4554748535156,422.1198425292969,194.0365753173828,84.39273834228516,97.53838348388672,187.47000122070312,21.06999969482422,72.41999816894531,179.9225616455078,396.7011413574219,69.40957641601562,193.75999450683594,48.689998626708984,173.3000030517578,39.45005416870117,304.31036376953125,399.5021057128906,38.17848205566406,171.3059539794922,77.11780548095703,148.80709838867188,149.4360809326172,57.258968353271484,107.27052307128906,165.69000244140625
2024-02-21,483.8934020996094,420.43060302734375,193.11944580078125,83.79277801513672,97.29415130615234,187.47999572753906,20.959999084472656,73.19999694824219,180.6757049560547,396.100341796875,67.4307861328125,194.77000427246094,47.310001373291016,162.41000366210938,40.1898307800293,307.60821533203125,402.59063720703125,38.29440689086914,172.42111206054688,77.54817199707031,149.58004760742188,151.21791076660156,56.55569076538086,105.53561401367188,164.2899932861328
2024-02-22,493.9078674316406,432.7389831542969,194.58294677734375,84.20184326171875,97.44792175292969,187.55999755859375,20.81999969482422,73.5999984741211,182.70718383789062,405.4272155761719,78.49002075195312,197.41000366210938,48.47999954223633,170.91000366210938,40.25962448120117,312.409423828125,403.8524169921875,38.7387809753418,174.4894256591797,77.69466400146484,151.24855041503906,151.36874389648438,57.11246109008789,105.50619506835938,181.86000061035156
2024-02-23,494.24847412109375,431.4646911621094,195.0219268798828,85.32903289794922,97.73735809326172,188.6199951171875,20.989999771118164,71.91999816894531,180.8739013671875,404.13702392578125,78.76885986328125,191.97000122070312,48.40999984741211,165.97999572753906,39.99441909790039,314.1456298828125,405.95220947265625,38.9319953918457,175.3662872314453,77.65804290771484,152.55885314941406,151.8118133544922,57.161293029785156,105.60421752929688,176.52000427246094
2024-02-26,492.4382629394531,431.2374572753906,196.25125122070312,85.07450866699219,97.42984771728516,188.1999969482422,20.6200008392334,72.79000091552734,179.52615356445312,401.3794250488281,79.04369354248047,199.39999389648438,50.08000183105469,193.94000244140625,40.13400650024414,315.6005554199219,404.12548828125,38.7387809753418,174.7658233642578,76.80645751953125,151.5690460205078,151.04820251464844,58.216217041015625,105.54541015625,176.00999450683594
2024-02-27,493.3531188964844,432.2747497558594,199.03184509277344,84.47456359863281,97.29415130615234,188.0,20.56999969482422,73.8499984741211,180.98289489746094,401.32025146484375,78.65291595458984,199.72999572753906,51.540000915527344,199.22000122070312,39.961849212646484,317.7828674316406,405.30255126953125,38.845054626464844,174.85159301757812,76.89802551269531,151.74815368652344,150.18087768554688,58.20645523071289,107.25091552734375,178.0
2024-02-28,492.7010192871094,429.97308349609375,197.39279174804688,85.0108642578125,97.2851333618164,188.33999633789062,20.549999237060547,73.62000274658203,179.78384399414062,401.556640625,77.61556243896484,202.0399932861328,51.15999984741211,200.8000030517578,39.882755279541016,319.65496826171875,407.23291015625,38.989959716796875,175.73800659179688,77.67636108398438,152.28549194335938,150.887939453125,58.23576354980469,108.60356140136719,176.5399932861328
2024-02-29,494.4722900390625,433.6576843261719,198.7684326171875,85.61083221435547,97.3755874633789,189.30999755859375,20.729999542236328,73.36000061035156,179.11984252929688,407.38714599609375,79.06367492675781,201.8800048828125,51.25,203.55999755859375,40.07817077636719,323.92266845703125,406.19891357421875,38.970645904541016,177.3392333984375,78.33564758300781,152.12522888183594,149.84146118164062,57.249202728271484,109.36809539794922,192.52999877929688
2024-03-01,499.114501953125,440.18719482421875,200.8758087158203,86.14424133300781,97.96834564208984,192.88999938964844,21.170000076293945,74.95999908447266,178.03968811035156,409.21905517578125,82.22872161865234,202.63999938964844,51.13999938964844,205.77000427246094,40.543426513671875,326.5802917480469,404.51055908203125,38.922340393066406,176.6053466796875,79.26962280273438,152.82276916503906,149.7566375732422,57.395721435546875,109.73076629638672,202.63999938964844
2024-03-04,498.57928466796875,438.6166076660156,200.69046020507812,85.7977523803711,97.78678894042969,196.00999450683594,21.860000610351562,74.01000213623047,173.52081298828125,408.6477966308594,85.18492126464844,188.13999938964844,50.68000030517578,229.14999389648438,40.11073303222656,328.4716491699219,409.7085266113281,39.018951416015625,177.93020629882812,80.01132202148438,150.6735382080078,150.42596435546875,57.923179626464844,111.43626403808594,205.36000061035156
2024-03-05,493.59637451171875,430.74359130859375,198.7684326171875,87.01964569091797,98.32237243652344,197.19000244140625,21.670000076293945,73.44999694824219,168.585693359375,396.5632629394531,85.91551971435547,180.74000549316406,48.900001525878906,216.77000427246094,40.408504486083984,323.505615234375,409.7464599609375,39.02861404418945,179.71255493164062,79.04070281982422,150.79608154296875,150.19973754882812,58.6460075378418,110.63252258300781,205.1300048828125
2024-03-06,496.0975341796875,433.4501953125,200.25140380859375,87.53030395507812,98.58565521240234,198.80999755859375,22.100000381469727,74.33999633789062,167.59475708007812,396.0117492675781,88.64997100830078,176.5399932861328,49.68000030517578,238.5500030517578,40.53413009643555,325.5425109863281,411.16925048828125,39.231475830078125,180.64662170410156,79.4344482421875,150.2021942138672,150.43539428710938,59.163700103759766,107.87822723388672,210.6300048828125
2024-03-07,501.02203369140625,440.0291748046875,201.9197998046875,87.44823455810547,98.83074951171875,199.94000244140625,22.239999771118164,74.2300033569336,167.47579956054688,402.9552001953125,92.61672973632812,178.64999389648438,50.25,242.6199951171875,40.8784294128418,329.9945068359375,407.85888671875,39.17351531982422,179.06442260742188,79.41613006591797,149.7591552734375,151.42529296875,58.95857238769531,107.995849609375,211.3800048828125
2024-03-08,498.01483154296875,433.6774597167969,201.79293823242188,87.29322052001953,98.9668960571289,201.6300048828125,22.229999542236328,73.36000061035156,169.1902313232422,400.0793151855469,87.47863006591797,175.33999633789062,50.75,256.6199951171875,41.02265930175781,328.9954528808594,410.61907958984375,39.24113845825195,179.3980255126953,80.331787109375,150.37188720703125,151.17074584960938,58.724143981933594,108.1330795288086,207.38999938964844
2024-03-11,497.58660888671875,432.06732177734375,200.19290161132812,87.24761199951172,98.98507690429688,202.0,22.350000381469727,73.62000274658203,171.1920166015625,398.4049987792969,85.72562408447266,177.77000427246094,50.650001525878906,254.1699981689453,41.4460563659668,324.9023132324219,412.3739013671875,39.30876541137695,179.46475219726562,79.94721984863281,151.9838409423828,152.30206298828125,59.251609802246094,110.08362579345703,198.38999938964844
2024-03-12,502.9393615722656,438.260986328125,199.91969299316406,86.51811981201172,98.66734313964844,199.7899932861328,22.09000015258789,73.3499984741211,171.66766357421875,409.00238037109375,91.86116027832031,177.5399932861328,50.25,256.1400146484375,41.38091278076172,327.10406494140625,412.525634765625,39.472991943359375,180.9420623779297,79.77323913574219,153.40724182128906,152.66030883789062,59.98419189453125,110.23065185546875,202.75999450683594
2024-03-13,502.15093994140625,434.8924560546875,200.70022583007812,86.09867095947266,98.56749725341797,201.19000244140625,22.790000915527344,75.08999633789062,169.5866241455078,408.8251037597656,90.83673095703125,169.47999572753906,50.36000061035156,251.72999572753906,42.041595458984375,331.2554626464844,412.2315979003906,39.7628059387207,182.409912109375,79.37034606933594,151.8612823486328,153.00914001464844,59.857208251953125,110.26985931396484,194.7899932861328
2024-03-14,501.1583251953125,433.7959899902344,197.10984802246094,84.77644348144531,97.84127044677734,200.35000610351562,22.729999542236328,76.30000305175781,171.4397430419922,418.7920837402344,87.89439392089844,162.5,48.7400016784668,233.6699981689453,42.47429656982422,331.6434326171875,413.3414001464844,39.444007873535156,179.15972900390625,78.17996978759766,150.0796661376953,152.25491333007812,59.806243896484375,109.83857727050781,187.05999755859375
2024-03-15,497.717041015625,428.6394958496094,197.4805908203125,84.74911499023438,97.86849212646484,199.7100067138672,23.030000686645508,76.33000183105469,171.06317138671875,410.1251220703125,87.78746032714844,163.57000732421875,48.65999984741211,242.36000061035156,42.599918365478516,336.5416259765625,413.3888244628906,39.40536880493164,181.38052368164062,78.0060043334961,149.10873413085938,152.14178466796875,59.47300720214844,109.73076629638672,191.05999755859375
2024-03-18,500.6750793457031,432.72760009765625,196.34886169433594,84.4937515258789,97.70509338378906,200.02999877929688,22.90999984741211,77.9800033569336,172.1532745361328,411.01153564453125,88.40512084960938,173.8000030517578,48.790000915527344,239.6199951171875,42.747188568115234,341.3234558105469,410.9036560058594,39.631309509277344,183.62989807128906,78.0426254272461,147.77017211914062,151.98155212402344,59.64942932128906,111.59309387207031,190.64999389648438
2024-03-19,503.4574279785156,433.8057556152344,197.17813110351562,84.73087310791016,97.98651885986328,199.8000030517578,22.790000915527344,78.43000030517578,174.4919891357422,415.0397033691406,89.34757995605469,171.32000732421875,48.5099983215332,230.1199951171875,43.23497772216797,343.26336669921875,414.68829345703125,39.82524490356445,184.70693969726562,78.01515197753906,147.25172424316406,152.56602478027344,59.65922546386719,112.2400131225586,181.4199981689453
2024-03-20,508.1140441894531,438.94921875,201.08071899414062,84.70349884033203,98.16806030273438,202.17999267578125,23.290000915527344,77.25,177.0586395263672,418.8018798828125,90.3210220336914,175.66000366210938,50.209999084472656,256.8800048828125,43.174007415771484,345.7367248535156,417.7425842285156,40.300392150878906,187.12789916992188,78.5279312133789,146.82749938964844,152.7168731689453,60.03166961669922,114.15135192871094,179.72999572753906
2024-03-21,509.793212890625,441.0264587402344,203.3910369873047,84.88587188720703,98.31329345703125,201.97000122070312,22.649999618530273,76.81999969482422,169.824462890625,422.87933349609375,91.3834228515625,172.82000732421875,50.529998779296875,262.0,43.43197250366211,353.6029357910156,420.3510437011719,40.630088806152344,189.72991943359375,79.09564208984375,146.81808471679688,152.59432983398438,60.22769546508789,114.3865966796875,178.67999267578125
2024-03-22,508.82672119140625,441.5309143066406,200.58383178710938,85.69743347167969,98.64917755126953,200.35000610351562,22.559999465942383,76.68000030517578,170.72625732421875,422.2588806152344,94.23580932617188,170.8300018310547,49.40999984741211,255.50999450683594,43.33816909790039,347.34674072265625,422.9310302734375,40.164634704589844,187.404296875,78.10011291503906,146.32791137695312,152.40577697753906,59.65922546386719,113.57305908203125,179.64999389648438
2024-03-25,507.42095947265625,439.92852783203125,201.0435791015625,85.26888275146484,98.31329345703125,200.99000549316406,22.579999923706055,77.76000213623047,169.30914306640625,416.4678039550781,94.94841003417969,172.6300048828125,50.25,279.7099914550781,43.74152755737305,345.2517395019531,423.3388977050781,40.00947952270508,185.6886749267578,77.61990356445312,146.3184814453125,151.01991271972656,59.365196228027344,116.9938735961914,178.6300048828125
2024-03-26,506.48370361328125,438.5041809082031,200.681640625,85.50595092773438,98.28607940673828,201.63999938964844,22.34000015258789,77.29000091552734,168.179443359375,415.27606201171875,92.50879669189453,177.6699981689453,50.029998779296875,266.80999755859375,43.40383529663086,345.6784973144531,423.03533935546875,40.14524459838867,186.55599975585938,77.305908203125,146.8369598388672,151.3593292236328,59.306392669677734,117.55257415771484,177.8699951171875
2024-03-27,510.7401123046875,439.9977722167969,205.0538787841797,86.35398864746094,98.9668960571289,203.10000610351562,22.510000228881836,77.51000213623047,171.74696350097656,415.05938720703125,90.19910430908203,179.8300018310547,50.11000061035156,256.70001220703125,43.807193756103516,353.69024658203125,433.2699890136719,40.62038803100586,190.16839599609375,79.30066680908203,148.90135192871094,153.30137634277344,59.512210845947266,118.58175659179688,179.58999633789062
2024-03-28,510.64251708984375,439.1866760253906,205.69940185546875,86.2810287475586,98.87612915039062,205.72000122070312,22.75,78.7300033569336,169.93344116210938,414.360107421875,90.30504608154297,175.7899932861328,50.08000183105469,265.1199951171875,44.28091049194336,355.416748046875,431.4583435058594,40.843421936035156,190.91180419921875,79.86399841308594,149.11817932128906,152.96197509765625,58.973148345947266,119.93440246582031,180.49000549316406
2024-04-01,509.754150390625,440.1164855957031,203.7627410888672,84.67267608642578,97.92937469482422,207.82000732421875,22.860000610351562,79.66999816894531,168.4965362548828,418.15191650390625,90.31202697753906,175.22000122070312,49.2400016784668,252.11000061035156,44.609230041503906,352.80755615234375,429.4853820800781,40.62038803100586,189.61557006835938,78.5249252319336,148.731689453125,151.38758850097656,58.80653762817383,119.120849609375,183.33999633789062
2024-04-02,506.5130615234375,436.3181457519531,200.0165252685547,84.2060775756836,97.78357696533203,210.88999938964844,23.84000015258789,80.79000091552734,167.3172607421875,415.0692443847656,89.40155792236328,166.6300048828125,47.779998779296875,245.83999633789062,45.23303985595703,353.8648376464844,429.91217041015625,40.40705871582031,189.539306640625,77.53677368164062,148.68455505371094,151.37815856933594,57.98324966430664,120.3852767944336,178.6999969482422
2024-04-03,507.0694580078125,437.2974548339844,201.3271942138672,84.18777465820312,97.84736633300781,212.74000549316406,24.729999542236328,81.25,168.11996459960938,414.09417724609375,88.91382598876953,168.3800048828125,47.91999816894531,251.5800018310547,45.542598724365234,364.4953918457031,424.8470153808594,40.38766860961914,189.00555419921875,77.61990356445312,145.41351318359375,147.211181640625,58.24788284301758,116.62139892578125,180.77000427246094
2024-04-04,500.8800964355469,430.6108093261719,199.31227111816406,84.7916030883789,97.95671081542969,211.52000427246094,24.489999771118164,82.2699966430664,167.29747009277344,411.5630798339844,85.85653686523438,171.11000061035156,47.27000045776367,249.61000061035156,45.51445388793945,358.67578125,430.6711120605469,39.93190383911133,187.5675048828125,77.1212158203125,143.7544708251953,146.55126953125,58.31648254394531,114.76885986328125,165.8300018310547
2024-04-05,506.11273193359375,435.68511962890625,199.97740173339844,83.61140441894531,97.5284423828125,215.13999938964844,25.030000686645508,82.4000015258789,168.05059814453125,419.0875549316406,87.95836639404297,164.89999389648438,47.119998931884766,240.89999389648438,46.00224685668945,367.89990234375,431.9421081542969,40.310089111328125,189.2931671142578,77.51831817626953,143.65077209472656,147.16407775878906,58.659515380859375,116.0333023071289,170.4199981689453
2024-04-08,506.3958435058594,435.813720703125,201.07289123535156,83.60225677490234,97.51931762695312,216.47999572753906,25.399999618530273,82.19999694824219,166.93080139160156,418.1716003417969,87.0838623046875,172.97999572753906,48.099998474121094,256.989990234375,45.71144485473633,362.2451477050781,429.09649658203125,40.48463439941406,190.28062438964844,78.34945678710938,142.89666748046875,147.10748291015625,58.59091567993164,115.02371215820312,169.89999389648438
2024-04-09,506.9815673828125,437.426025390625,201.8651580810547,84.37991333007812,98.02050018310547,217.6699981689453,25.719999313354492,81.1500015258789,168.13978576660156,419.8360900878906,85.30583953857422,176.8800048828125,48.619998931884766,242.9499969482422,45.72551727294922,360.72235107421875,424.5340881347656,40.25190353393555,189.00555419921875,79.39301300048828,143.5565185546875,147.6920166015625,58.600711822509766,115.63143157958984,170.77999877929688
2024-04-10,501.9051208496094,433.6079406738281,196.53440856933594,82.54098510742188,96.62631225585938,215.61000061035156,25.450000762939453,82.08999633789062,166.26683044433594,416.8616638183594,86.98991394042969,171.75999450683594,47.4900016784668,250.99000549316406,45.86622619628906,360.8872985839844,428.4609375,39.65069580078125,187.39498901367188,76.1053695678711,141.5863494873047,148.23880004882812,59.41419982910156,114.86688995361328,167.13999938964844
2024-04-11,505.6929931640625,440.5318908691406,197.86463928222656,82.16587829589844,96.42586517333984,219.8000030517578,26.010000228881836,81.55000305175781,173.4613494873047,421.46112060546875,90.56488800048828,174.60000610351562,48.20000076293945,263.010009765625,45.83339309692383,360.7998962402344,429.03955078125,39.36948013305664,187.35659790039062,76.36393737792969,140.25721740722656,146.91893005371094,58.894744873046875,114.82768249511719,170.5
2024-04-12,498.7128601074219,433.509033203125,194.34341430664062,82.60501861572266,96.64454650878906,216.88999938964844,25.6299991607666,81.52999877929688,174.95773315429688,415.52227783203125,88.13626861572266,171.0500030517578,46.5099983215332,245.75,45.08763885498047,354.64080810546875,427.2184143066406,38.84585189819336,175.23878479003906,75.45892333984375,139.06005859375,146.43814086914062,58.94374465942383,111.74992370605469,163.27999877929688
2024-04-15,492.4649353027344,426.37738037109375,191.4970703125,81.3241958618164,95.57839965820312,220.9499969482422,26.40999984741211,81.6500015258789,171.13255310058594,407.38714599609375,85.95248413085938,161.47999572753906,44.380001068115234,223.41000366210938,44.6655158996582,352.9725036621094,429.76043701171875,38.651912689208984,175.33465576171875,74.17526245117188,139.1260528564453,146.55126953125,58.73793029785156,110.7109375,160.32000732421875
2024-04-16,491.5667724609375,426.41693115234375,190.79281616210938,80.7844009399414,95.25949096679688,221.22000122070312,25.799999237060547,81.33000183105469,167.85240173339844,408.31292724609375,87.36568450927734,157.11000061035156,43.650001525878906,218.8300018310547,44.27621841430664,349.0635986328125,430.92718505859375,38.390098571777344,173.3309783935547,73.13169860839844,136.16612243652344,147.0226287841797,58.649723052978516,111.62249755859375,163.4600067138672
2024-04-17,488.65753173828125,421.2140197753906,188.7778778076172,81.6810073852539,95.77889251708984,219.58999633789062,25.850000381469727,78.91000366210938,166.48486328125,405.6143798828125,83.98760223388672,155.4499969482422,43.02000045776367,213.77999877929688,44.14957809448242,347.550537109375,432.5776062011719,38.48706817626953,172.64073181152344,72.59607696533203,136.46775817871094,147.97482299804688,58.463497161865234,110.70114135742188,154.02000427246094
2024-04-18,487.65203857421875,418.8104248046875,188.6213836669922,81.26929473876953,95.58751678466797,220.33999633789062,25.860000610351562,78.77999877929688,165.53346252441406,398.1588134765625,84.62322998046875,149.92999267578125,42.90999984741211,218.0800018310547,44.01356506347656,347.1722106933594,432.6155090332031,38.622833251953125,173.7624053955078,72.6053237915039,137.38214111328125,149.24342346191406,58.08124923706055,110.20124816894531,155.0800018310547
2024-04-19,483.3956298828125,410.1455993652344,188.91482543945312,81.56204986572266,95.68775177001953,221.02999877929688,26.200000762939453,78.8499984741211,163.51190185546875,393.0866394042969,76.15701293945312,147.0500030517578,42.0,211.00999450683594,44.54357147216797,345.25445556640625,439.9950866699219,39.15615463256836,178.12442016601562,72.95623779296875,139.42770385742188,150.04995727539062,58.34588623046875,110.37767791748047,146.63999938964844
2024-04-22,487.84722900390625,414.27032470703125,191.02755737304688,81.42481231689453,95.92469024658203,215.57000732421875,24.93000030517578,78.77999877929688,164.3443145751953,394.8988342285156,79.47315216064453,142.0500030517578,42.599998474121094,225.86000061035156,44.83436584472656,348.1261901855469,437.5858154296875,39.631309509277344,181.5853271484375,73.6026840209961,140.56826782226562,152.32716369628906,58.94374465942383,109.76997375488281,148.63999938964844
2024-04-23,493.6363525390625,420.4524230957031,194.2260284423828,81.4522933959961,96.08869171142578,215.0399932861328,24.989999771118164,79.9800033569336,165.39476013183594,401.4089050292969,82.37650299072266,144.67999267578125,43.869998931884766,236.42999267578125,45.08294677734375,353.61663818359375,436.400146484375,39.883426666259766,184.2025146484375,74.27684783935547,140.98304748535156,153.23805236816406,57.914634704589844,111.45586395263672,152.27000427246094
2024-04-24,493.4020690917969,421.87677001953125,193.35549926757812,80.87589263916016,95.71510314941406,214.63999938964844,24.899999618530273,79.63999938964844,167.49566650390625,402.8763732910156,79.63206481933594,162.1300048828125,43.900001525878906,224.3699951171875,45.11578369140625,353.8794860839844,435.508544921875,39.87372589111328,185.10369873046875,74.41535949707031,140.01214599609375,154.2817840576172,58.67912292480469,111.66170501708984,151.74000549316406
2024-04-25,491.5276794433594,419.83917236328125,192.1817626953125,80.30867004394531,95.4326171875,215.9199981689453,25.059999465942383,80.44000244140625,168.35781860351562,393.00787353515625,82.58540344238281,170.17999267578125,43.61000061035156,223.61000061035156,45.3221549987793,329.0362854003906,440.8582458496094,39.6410026550293,185.38172912597656,73.99056243896484,138.4002227783203,154.23434448242188,59.012359619140625,110.53450012207031,153.75999450683594
2024-04-26,496.1844177246094,426.3179626464844,194.0206298828125,80.72950744628906,95.7970962524414,216.6199951171875,24.889999389648438,80.38999938964844,167.77313232421875,400.1777648925781,87.68551635742188,168.2899932861328,44.06999969482422,236.32000732421875,44.904720306396484,334.2735900878906,437.54791259765625,39.582820892333984,185.49676513671875,74.02750396728516,137.7592010498047,153.03880310058594,58.96335220336914,110.49530792236328,157.39999389648438
2024-04-29,497.94158935546875,428.0489807128906,195.58563232421875,81.40652465820312,96.19803619384766,216.17999267578125,24.829999923706055,79.5,171.93521118164062,396.1693115234375,87.70751953125,194.0500030517578,45.130001068115234,218.16000366210938,45.209590911865234,340.5233154296875,443.4857177734375,39.52463150024414,185.29542541503906,74.7847671508789,138.4002227783203,153.38987731933594,59.04176330566406,109.85818481445312,160.1999969482422
2024-04-30,490.0535888671875,419.9776611328125,191.61444091796875,80.71121978759766,95.66951751708984,211.8699951171875,24.049999237060547,78.37999725341797,168.79383850097656,383.4446105957031,86.35327911376953,183.27999877929688,43.459999084472656,203.92999267578125,43.86348342895508,325.697265625,441.0005798339844,39.13675308227539,183.81907653808594,73.51957702636719,136.298095703125,154.85105895996094,58.16946792602539,108.89761352539062,158.3800048828125
2024-05-01,488.4622497558594,416.9410095214844,192.01547241210938,81.3061294555664,96.0675048828125,213.7899932861328,24.270000457763672,75.93000030517578,167.77313232421875,388.96978759765625,82.99415588378906,179.99000549316406,43.81999969482422,210.08999633789062,43.16462707519531,322.2901306152344,437.9653015136719,39.13675308227539,183.93409729003906,73.54727935791016,142.5101776123047,155.0408477783203,57.679412841796875,108.28990936279297,144.27000427246094
2024-05-02,493.0310974121094,422.26251220703125,195.54649353027344,81.65501403808594,96.6621322631836,213.1300048828125,24.360000610351562,75.93000030517578,171.46949768066406,391.8259582519531,85.76859283447266,180.00999450683594,44.93000030517578,228.85000610351562,43.413211822509766,326.544189453125,439.359619140625,39.233734130859375,183.7423553466797,74.58159637451172,141.32244873046875,155.4583282470703,58.522300720214844,110.38748931884766,146.16000366210938
2024-05-03,499.1423645019531,430.74932861328125,197.48316955566406,82.4813003540039,97.33911895751953,212.9600067138672,24.219999313354492,75.12999725341797,181.7261505126953,400.51263427734375,88.7389144897461,181.19000244140625,45.470001220703125,223.25,43.41790008544922,327.8194274902344,438.1359558105469,39.321006774902344,182.63986206054688,75.08029174804688,140.70970153808594,156.046630859375,58.63011169433594,111.40686798095703,150.60000610351562
2024-05-06,504.2969970703125,435.4674987792969,200.03607177734375,82.80262756347656,97.61357116699219,215.1999969482422,25.06999969482422,75.66000366210938,180.07119750976562,407.28863525390625,92.0880126953125,184.75999450683594,46.5,226.92999267578125,43.760292053222656,333.0275573730469,438.9612121582031,39.82524490356445,184.0683135986328,75.14493560791016,140.0592803955078,156.02764892578125,58.67912292480469,114.1611557006836,155.77999877929688
2024-05-07,504.8533935546875,435.5367431640625,200.48602294921875,83.30757141113281,97.65930938720703,214.2100067138672,24.920000076293945,75.5,180.75497436523438,403.1521301269531,90.50292205810547,177.80999755859375,45.54999923706055,214.33999633789062,43.718082427978516,335.8505859375,442.6604309082031,39.961002349853516,183.82864379882812,75.85603332519531,140.19126892089844,157.28012084960938,59.41419982910156,103.3008041381836,154.42999267578125
2024-05-08,504.9022216796875,435.2795715332031,199.3220672607422,82.80262756347656,97.41232299804688,213.5800018310547,24.950000762939453,76.11000061035156,181.09190368652344,404.3340148925781,90.36101531982422,174.72000122070312,44.43000030517578,211.1999969482422,43.66648483276367,335.36395263671875,442.1672668457031,40.106449127197266,187.5675048828125,75.21881103515625,140.4080352783203,156.6254119873047,59.10056686401367,103.34981536865234,153.6199951171875
2024-05-09,507.81134033203125,436.2291259765625,201.3565673828125,83.20658111572266,97.56784057617188,216.9499969482422,25.860000610351562,76.5199966430664,182.90542602539062,406.0871276855469,88.69694519042969,171.97000122070312,44.15999984741211,210.4499969482422,44.252769470214844,342.4508972167969,444.2825012207031,40.40705871582031,189.3411102294922,76.76105499267578,141.25645446777344,157.5457763671875,59.44282531738281,103.70268249511719,152.38999938964844
2024-05-10,508.4656066894531,437.2578430175781,199.84046936035156,82.73837280273438,97.25678253173828,218.7100067138672,25.770000457763672,75.30000305175781,181.64512634277344,408.4704895019531,89.82731628417969,168.47000122070312,42.91999816894531,200.9199981689453,44.00887680053711,345.38104248046875,444.74725341796875,40.56220626831055,190.55862426757812,76.54863739013672,141.31300354003906,158.31436157226562,59.48217010498047,103.69288635253906,151.9199981689453
2024-05-13,508.5338134765625,438.2667541503906,200.26107788085938,82.94954681396484,97.29337310791016,216.25999450683594,25.799999237060547,76.12999725341797,184.85035705566406,407.4659118652344,90.34801483154297,171.88999938964844,44.16999816894531,199.50999450683594,43.89161682128906,347.2208557128906,446.3407897949219,40.39736557006836,190.52029418945312,76.79798126220703,142.54786682128906,157.38450622558594,59.41332244873047,103.73209381103516,150.55999755859375
2024-05-14,510.8670349121094,441.0857849121094,202.33470153808594,83.41775512695312,97.57696533203125,218.08999633789062,26.1299991607666,75.20999908447266,185.9915313720703,410.2630310058594,91.30448150634766,177.5500030517578,45.119998931884766,203.0500030517578,43.94790267944336,348.6811218261719,443.134765625,40.600990295410156,193.18545532226562,77.38903045654297,142.69871520996094,157.28012084960938,58.872398376464844,103.2615966796875,153.16000366210938
2024-05-15,517.1930541992188,447.9800720214844,204.85824584960938,84.5561752319336,98.44607543945312,220.88999938964844,27.1200008392334,75.87999725341797,188.26397705078125,417.43597412109375,94.57662963867188,173.99000549316406,45.77000045776367,219.91000366210938,44.0463981628418,350.4918212890625,440.1943054199219,40.9015998840332,193.7606658935547,78.46028900146484,143.91470336914062,157.99176025390625,58.842891693115234,100.73273468017578,159.6699981689453
2024-05-16,516.1289672851562,447.07012939453125,203.38125610351562,84.47355651855469,98.2905502319336,220.02999877929688,27.059999465942383,76.25,188.38302612304688,415.3738708496094,94.3057861328125,174.83999633789062,44.959999084472656,199.1699981689453,43.9244499206543,341.4189453125,440.9056701660156,40.9015998840332,194.1057891845703,78.40486907958984,145.432373046875,159.27267456054688,62.95393753051758,101.32084655761719,162.6199951171875
2024-05-17,516.8709106445312,446.8525085449219,203.52801513671875,83.90433502197266,98.06183624267578,223.66000366210938,28.790000915527344,76.97000122070312,188.41281127929688,414.60430908203125,92.42684173583984,177.4600067138672,45.45000076293945,207.60000610351562,44.538875579833984,346.82171630859375,442.2052001953125,41.202205657958984,196.32994079589844,78.39563751220703,145.77175903320312,159.06394958496094,63.5833740234375,101.2032241821289,164.47000122070312
2024-05-20,517.466552734375,449.96832275390625,203.97792053222656,83.65644073486328,98.01609802246094,224.55999755859375,28.979999542236328,76.7300033569336,189.57383728027344,419.6658630371094,94.72654724121094,174.9499969482422,45.599998474121094,225.19000244140625,44.24808120727539,353.12994384765625,443.0399169921875,40.6397819519043,187.5004119873047,77.93387603759766,143.74765014648438,158.75083923339844,63.12112808227539,100.86016845703125,166.3300018310547
2024-05-21,518.7355346679688,450.84857177734375,203.78228759765625,84.08795166015625,98.18079376220703,224.22999572753906,29.270000457763672,76.16000366210938,190.87376403808594,423.3165588378906,95.33219146728516,186.60000610351562,45.20000076293945,225.77999877929688,44.03232192993164,349.5475158691406,444.2065734863281,40.9015998840332,191.2776641845703,77.90618133544922,143.7191619873047,159.73760986328125,64.07511901855469,100.96798706054688,164.66000366210938
2024-05-22,517.241943359375,450.7595520019531,202.06080627441406,84.18895721435547,98.03439331054688,220.11000061035156,28.219999313354492,74.87000274658203,189.43487548828125,424.7767333984375,94.89645385742188,180.11000061035156,44.9900016784668,231.50999450683594,43.18807601928711,346.5005187988281,445.5345153808594,40.66887283325195,190.11764526367188,77.2043228149414,145.8667755126953,159.22525024414062,64.17346954345703,100.97777557373047,165.52000427246094
2024-05-23,513.4639282226562,448.7318115234375,198.7449493408203,83.64728546142578,97.60443115234375,215.72000122070312,27.549999237060547,74.44999694824219,185.44577026367188,421.3037414550781,103.74046325683594,173.74000549316406,43.61000061035156,218.86000061035156,42.79409408569336,341.39947509765625,443.0399169921875,40.106449127197266,188.78504943847656,75.54203796386719,142.2557373046875,157.02394104003906,63.77022171020508,98.6645736694336,160.42999267578125
2024-05-24,516.8612060546875,452.9752502441406,200.94573974609375,83.89515686035156,97.86973571777344,215.9199981689453,27.739999771118164,75.3499984741211,188.52195739746094,424.42156982421875,106.4089584350586,179.24000549316406,44.380001068115234,237.64999389648438,42.855072021484375,339.647216796875,443.2960205078125,40.348873138427734,192.4185028076172,75.59744262695312,139.66151428222656,156.87210083007812,64.30131530761719,99.74275970458984,166.36000061035156
2024-05-28,517.222412109375,454.6864013671875,200.67185974121094,82.69245910644531,97.28421783447266,218.19000244140625,29.239999771118164,77.66000366210938,188.53189086914062,424.5794677734375,113.83676147460938,176.75,44.029998779296875,245.0,43.29595184326172,337.2816467285156,434.8825378417969,39.9028205871582,191.2584991455078,75.0987548828125,137.20030212402344,154.7657012939453,63.9669303894043,100.40929412841797,171.61000061035156
2024-05-29,513.6005249023438,451.4816589355469,197.70816040039062,81.69172668457031,96.76276397705078,216.16000366210938,29.170000076293945,76.56999969482422,188.82958984375,423.44482421875,114.76023864746094,176.19000244140625,43.47999954223633,236.64999389648438,42.53144073486328,329.1433410644531,429.41900634765625,39.582820892333984,189.9259033203125,74.36918640136719,137.25730895996094,153.38037109375,63.84891891479492,98.88021087646484,165.13999938964844
2024-05-30,510.193359375,446.6447448730469,199.58615112304688,82.4813003540039,97.35741424560547,216.57000732421875,28.420000076293945,75.52999877929688,189.82188415527344,409.1382141113281,110.43767547607422,178.7899932861328,42.790000915527344,234.75999450683594,42.65338897705078,330.2530822753906,437.2159118652344,39.79615020751953,191.09548950195312,75.45892333984375,138.0555419921875,154.2628173828125,63.81940841674805,99.68395233154297,166.75
2024-05-31,514.8402709960938,445.8138732910156,201.26852416992188,83.04132080078125,97.78738403320312,215.3000030517578,27.760000228881836,74.81999969482422,190.77456665039062,409.59210205078125,109.57115936279297,178.0800018310547,42.45000076293945,225.9199981689453,43.7133903503418,329.54254150390625,446.1321105957031,40.37796401977539,194.25917053222656,76.87186431884766,139.3764190673828,156.12249755859375,64.67505645751953,101.85014343261719,166.89999389648438
2024-06-03,515.2601318359375,448.2076110839844,200.1339111328125,84.38448333740234,98.46235656738281,217.22000122070312,27.889999389648438,71.83000183105469,192.5408935546875,408.0035400390625,114.93512725830078,176.2899932861328,42.97999954223633,231.38999938964844,42.5689582824707,322.5723571777344,446.5235900878906,40.125850677490234,193.48265075683594,76.6964111328125,140.39320373535156,156.22691345214844,64.73406982421875,100.73273468017578,163.5500030517578
2024-06-04,515.8361206054688,449.4341125488281,197.55166625976562,85.37018585205078,98.8480453491211,215.27000427246094,27.020000457763672,71.08999633789062,192.85842895507812,410.51953125,116.37132263183594,174.77000427246094,43.22999954223633,244.1999969482422,42.16090774536133,318.8829040527344,447.7555236816406,39.94160079956055,190.93251037597656,77.28743743896484,140.45021057128906,158.46617126464844,65.5011978149414,101.2816390991211,159.99000549316406
2024-06-05,521.9669189453125,458.49462890625,200.57403564453125,85.99663543701172,99.17864990234375,217.82000732421875,27.399999618530273,71.88999938964844,194.36676025390625,418.3536071777344,122.3709487915039,175.0,44.150001525878906,251.39999389648438,42.156219482421875,320.7130432128906,444.2604675292969,40.05796813964844,189.11099243164062,77.19508361816406,138.71121215820312,157.55528259277344,65.98311614990234,99.4879150390625,166.1699981689453
2024-06-06,521.9571533203125,458.33636474609375,199.13621520996094,85.86766052246094,99.11434173583984,219.42999267578125,28.530000686645508,73.26000213623047,192.9874267578125,418.8568115234375,120.92976379394531,177.94000244140625,44.7599983215332,257.0799865722656,42.37666320800781,319.5837707519531,447.4976501464844,40.03857421875,188.77548217773438,77.34284210205078,139.13882446289062,159.8514862060547,66.04212188720703,99.20366668701172,166.77999877929688
2024-06-07,521.3225708007812,457.9307861328125,196.79849243164062,84.2923583984375,98.22358703613281,211.60000610351562,26.670000076293945,73.0199966430664,195.37893676757812,418.1957702636719,120.81981658935547,177.47999572753906,43.79999923706055,244.16000366210938,42.20780944824219,320.216552734375,448.93963623046875,40.22281265258789,191.6898956298828,76.61328125,139.76602172851562,158.5136260986328,64.79307556152344,99.5271224975586,167.8699951171875
2024-06-10,522.933349609375,459.780517578125,197.47337341308594,83.73040771484375,98.02156066894531,213.5399932861328,27.1200008392334,75.45999908447266,191.6378631591797,422.162109375,121.72130584716797,173.7899932861328,44.150001525878906,249.80999755859375,42.52675247192383,320.8687744140625,446.3899230957031,40.06766891479492,191.3639373779297,76.87186431884766,139.81353759765625,158.78878784179688,65.85525512695312,100.70333862304688,160.33999633789062
2024-06-11,524.1927490234375,462.93585205078125,196.798583984375,84.59637451171875,98.44398498535156,214.14999389648438,26.709999084472656,75.51000213623047,205.5601806640625,426.907958984375,120.85173797607422,170.66000366210938,44.15999984741211,244.1999969482422,42.442317962646484,318.6297607421875,441.93994140625,39.611907958984375,186.33082580566406,76.59481811523438,139.46194458007812,158.91212463378906,65.62906646728516,98.87040710449219,158.9600067138672
2024-06-12,528.4979248046875,468.999267578125,199.8196258544922,85.23200225830078,99.050048828125,214.72000122070312,27.030000686645508,75.9800033569336,211.43475341796875,435.1761169433594,125.13966369628906,177.2899932861328,45.08000183105469,254.9600067138672,41.987361907958984,320.01214599609375,438.4162902832031,39.573123931884766,183.6177215576172,77.27821350097656,138.17906188964844,156.7297821044922,65.21597290039062,98.80178833007812,160.24000549316406
2024-06-13,529.5620727539062,471.54132080078125,198.07366943359375,86.48490142822266,99.51844024658203,212.97000122070312,26.43000030517578,75.73999786376953,212.59576416015625,435.6891784667969,129.5475311279297,182.47000122070312,44.380001068115234,247.63999938964844,41.60276794433594,317.7049255371094,437.8911437988281,39.544029235839844,185.6597442626953,77.59219360351562,138.21707153320312,157.89686584472656,65.59954071044922,98.10586547851562,159.89999389648438
2024-06-14,529.8841552734375,473.9844970703125,194.92514038085938,87.21266174316406,99.60107421875,215.72999572753906,27.010000228881836,76.08000183105469,210.85922241210938,436.6659851074219,131.8164520263672,178.00999450683594,43.869998931884766,244.5,41.293209075927734,312.9446716308594,437.6810302734375,39.41797637939453,185.77476501464844,77.57372283935547,138.3026123046875,158.2574005126953,65.91426086425781,97.98824310302734,159.6300048828125
2024-06-17,534.1015625,479.79071044921875,196.56317138671875,86.34671020507812,99.1327133178711,214.61000061035156,26.920000076293945,77.79000091552734,215.0071258544922,442.388671875,130.91688537597656,187.44000244140625,44.130001068115234,245.10000610351562,41.40108108520508,313.8500061035156,438.3208312988281,39.767059326171875,186.92520141601562,77.26896667480469,138.69219970703125,158.9311065673828,66.30766296386719,99.50751495361328,158.39999389648438
2024-06-18,535.4586181640625,479.9391174316406,196.90647888183594,87.13895416259766,99.5918960571289,215.47000122070312,26.959999084472656,78.66999816894531,212.64540100097656,440.3857421875,135.51466369628906,184.86000061035156,43.68000030517578,235.9499969482422,41.57461929321289,316.5173034667969,439.26617431640625,40.01918029785156,188.86175537109375,77.57372283935547,138.40716552734375,159.93685913085938,66.48469543457031,99.4879150390625,154.6300048828125
2024-06-20,534.0039672851562,476.23974609375,196.07273864746094,86.55858612060547,99.26128387451172,218.16000366210938,28.0,79.41000366210938,208.07077026367188,439.7543029785156,130.71697998046875,181.57000732421875,43.369998931884766,235.02999877929688,42.33913803100586,320.40155029296875,445.3204345703125,40.232513427734375,190.4627685546875,77.3520736694336,140.4311981201172,159.0924072265625,66.88793182373047,99.82117462158203,161.77999877929688
2024-06-21,533.2880859375,474.9637756347656,196.51416015625,86.55858612060547,99.28884887695312,214.77999877929688,26.979999542236328,78.6500015258789,205.8975830078125,443.77978515625,126.50899505615234,183.00999450683594,43.31999969482422,225.86000061035156,42.095245361328125,319.145751953125,446.5235900878906,40.07736587524414,188.19068908691406,77.5460205078125,141.3529815673828,159.6522216796875,66.78958892822266,100.2426528930664,161.22999572753906
2024-06-24,531.554443359375,469.55645751953125,197.36746215820312,86.90865325927734,99.38985443115234,215.6300048828125,27.0,79.69999694824219,206.54257202148438,441.6980285644531,118.0530776977539,182.5800018310547,43.2400016784668,212.30999755859375,43.15666580200195,321.24847412109375,450.2573547363281,40.489166259765625,190.66409301757812,78.14629364013672,141.7045440673828,159.83250427246094,67.76325225830078,99.95841217041016,160.25
2024-06-25,533.6014404296875,474.9261169433594,196.7200927734375,87.0560531616211,99.35314178466797,214.55999755859375,26.399999618530273,78.9000015258789,207.46546936035156,444.9342346191406,126.02922058105469,187.35000610351562,43.33000183105469,221.7100067138672,43.255950927734375,318.7174072265625,446.9724426269531,40.1873664855957,189.8875732421875,77.18585205078125,139.8705596923828,158.31436157226562,66.30766296386719,100.17403411865234,160.25
2024-06-26,534.2674560546875,475.90692138671875,196.2002410888672,85.81238555908203,98.81129455566406,212.5800018310547,26.309999465942383,78.75,211.61337280273438,446.1280822753906,126.33908081054688,196.3699951171875,43.58000183105469,214.5800018310547,42.8304328918457,318.065185546875,445.94110107421875,39.93425750732422,189.2740020751953,76.94575500488281,139.5189666748047,158.88365173339844,67.16332244873047,100.15443420410156,157.5399932861328
2024-06-27,535.1096801757812,477.1354064941406,198.19140625,86.15323638916016,99.004150390625,214.99000549316406,26.450000762939453,79.91999816894531,212.45684814453125,446.80889892578125,123.93023681640625,197.4199981689453,44.0099983215332,224.0,42.92972183227539,318.7757568359375,446.0748596191406,39.885581970214844,190.94210815429688,77.69378662109375,138.5496826171875,158.09613037109375,66.76008605957031,100.14463806152344,159.47000122070312
2024-06-28,533.00390625,474.65863037109375,199.00547790527344,84.55030059814453,98.37053680419922,215.00999450683594,26.56999969482422,79.58999633789062,209.00355529785156,440.98760986328125,123.48046875,197.8800048828125,43.95000076293945,222.22999572753906,43.09519958496094,324.2662048339844,446.04620361328125,40.021873474121094,193.90444946289062,78.31365966796875,138.89178466796875,156.4830780029297,66.59288787841797,97.32173156738281,162.2100067138672
2024-07-01,534.1010131835938,477.4425048828125,197.3380584716797,83.09105682373047,97.7862548828125,215.57000732421875,26.850000381469727,81.54000091552734,215.08653259277344,450.6371154785156,124.24010467529297,209.86000061035156,44.45000076293945,233.3699951171875,43.11884307861328,320.35284423828125,445.4159240722656,40.10948944091797,196.9626922607422,77.57504272460938,139.1578369140625,154.3956298828125,66.36668395996094,96.09651184082031,157.69000244140625
2024-07-02,537.6953125,482.4555358886719,198.0148468017578,83.73796844482422,98.41291046142578,215.55999755859375,26.969999313354492,81.11000061035156,218.5795135498047,453.1531066894531,122.61087799072266,231.25999450683594,44.81999969482422,227.50999450683594,43.08574676513672,319.0678405761719,444.70928955078125,40.576786041259766,200.20303344726562,77.9396743774414,138.76821899414062,155.5152587890625,66.94694519042969,96.04750061035156,164.30999755859375
2024-07-03,540.0947875976562,486.477783203125,197.9657745361328,84.83773040771484,99.14094543457031,217.99000549316406,27.84000015258789,81.2699966430664,219.84970092773438,454.62322998046875,128.21817016601562,246.38999938964844,45.61000061035156,224.94000244140625,43.27486801147461,321.8422546386719,445.0244140625,40.45022201538086,200.06883239746094,77.8648681640625,138.44515991210938,155.44886779785156,67.11414337158203,96.65519714355469,163.89999389648438
2024-07-05,543.209228515625,491.5502014160156,197.02418518066406,85.54006958007812,99.65701293945312,220.92999267578125,28.479999542236328,81.30999755859375,224.60292053222656,461.3226013183594,125.76936340332031,251.52000427246094,45.95000076293945,223.67999267578125,42.5987663269043,319.6422119140625,441.3288269042969,40.44049072265625,197.41781616210938,78.07992553710938,139.1958465576172,156.75823974609375,68.88444519042969,96.04750061035156,171.89999389648438
2024-07-08,543.8361206054688,492.71923828125,198.4071807861328,85.72489929199219,99.64779663085938,218.19000244140625,28.1299991607666,80.41999816894531,226.07154846191406,460.0202331542969,128.13819885253906,252.94000244140625,45.88999938964844,220.55999755859375,42.33873748779297,320.3333740234375,440.9468994140625,40.33340072631836,197.7841339111328,78.33236694335938,138.24557495117188,158.00123596191406,68.53038787841797,95.88009643554688,178.69000244140625
2024-07-09,544.364990234375,493.1452331542969,197.54403686523438,85.34599304199219,99.4634780883789,218.55999755859375,28.1200008392334,79.7699966430664,226.92495727539062,453.40960693359375,131.3166961669922,262.3299865722656,46.04999923706055,219.97000122070312,41.9652214050293,317.4129638671875,439.5526428222656,40.644935607910156,200.15557861328125,78.31365966796875,139.7375030517578,157.18524169921875,68.74675750732422,95.56500244140625,177.10000610351562
2024-07-10,549.7516479492188,498.2870178222656,199.47633361816406,85.614013671875,99.70309448242188,219.36000061035156,28.15999984741211,80.4800033569336,231.19195556640625,460.0301513671875,134.84500122070312,263.260009765625,45.95000076293945,219.55999755859375,42.2489013671875,319.7687683105469,440.2306823730469,40.80069351196289,200.31948852539062,78.89335632324219,141.9991455078125,158.26690673828125,69.24833679199219,95.48622131347656,183.9600067138672
2024-07-11,545.0114135742188,487.3594665527344,206.64634704589844,86.44574737548828,100.23760223388672,223.25,28.68000030517578,80.94000244140625,225.82350158691406,448.63421630859375,127.3386001586914,241.02999877929688,45.709999084472656,214.6300048828125,42.688602447509766,322.3484802246094,439.6290588378906,41.12196350097656,199.98207092285156,81.15601348876953,142.2557373046875,157.07135009765625,68.64839935302734,95.12187957763672,181.94000244140625
2024-07-12,548.448974609375,490.22265625,209.05926513671875,86.81542205810547,100.606201171875,223.11000061035156,28.1200008392334,80.25,228.7706756591797,447.4995422363281,129.17774963378906,248.22999572753906,46.790000915527344,218.02000427246094,42.79734420776367,326.690185546875,442.8280944824219,41.25825119018555,197.5624237060547,81.7730712890625,142.4268035888672,158.0866241455078,68.09764862060547,95.64376831054688,181.61000061035156
2024-07-15,549.9573364257812,491.5403137207031,213.03172302246094,85.81732940673828,100.05326843261719,223.8300018310547,28.030000686645508,80.12000274658203,232.60104370117188,447.904052734375,128.37811279296875,252.63999938964844,47.70000076293945,242.85000610351562,43.445068359375,336.6002197265625,442.9713134765625,41.86184310913086,202.4884796142578,82.32471466064453,141.81861877441406,156.16050720214844,68.46154022216797,95.38775634765625,179.8300018310547
2024-07-16,553.2186279296875,491.7285461425781,220.29986572265625,87.0279541015625,100.63384246826172,228.2899932861328,28.610000610351562,79.05999755859375,233.01783752441406,443.5232238769531,126.29910278320312,256.55999755859375,49.400001525878906,251.49000549316406,43.638919830322266,351.0174560546875,447.45941162109375,42.33887481689453,205.929931640625,83.33448028564453,143.50057983398438,158.4092559814453,68.83526611328125,96.96327209472656,177.5500030517578
2024-07-17,545.4619140625,477.29388427734375,217.9948272705078,87.04644012451172,100.679931640625,227.22999572753906,27.670000076293945,80.62000274658203,227.12344360351562,437.60333251953125,117.93313598632812,248.5,48.43000030517578,249.10000610351562,44.07388687133789,348.3111877441406,454.61187744140625,42.66014099121094,209.06297302246094,83.90482330322266,148.7936248779297,160.7718505859375,69.85810089111328,95.82101440429688,159.42999267578125
2024-07-18,541.27001953125,475.0350646972656,213.77716064453125,86.38106536865234,100.24681091308594,225.77999877929688,27.200000762939453,79.9000015258789,222.45948791503906,434.4953308105469,121.0316390991211,249.22999572753906,46.56999969482422,233.24000549316406,44.154258728027344,346.588134765625,454.5450134277344,42.144168853759766,202.42098999023438,83.16619873046875,147.69126892089844,159.82301330566406,69.65157318115234,95.3089828491211,155.77000427246094
2024-07-19,537.6757202148438,470.8245544433594,212.6884307861328,85.87276458740234,99.87818908691406,221.72999572753906,26.690000534057617,78.0,222.5885009765625,431.2788391113281,117.8731689453125,239.1999969482422,46.630001068115234,257.7900085449219,43.6720085144043,338.410888671875,453.51373291015625,41.715816497802734,202.2281951904297,83.01660919189453,146.9976043701172,160.32606506347656,69.58271789550781,94.2750473022461,151.5800018310547
2024-07-22,543.2191162109375,477.8387756347656,216.0723419189453,85.62325286865234,99.82288360595703,221.8000030517578,26.6299991607666,77.62000274658203,222.24119567871094,437.0310974121094,123.48046875,251.50999450683594,47.65999984741211,265.1499938964844,43.39779281616211,340.023681640625,453.19854736328125,41.949462890625,202.710205078125,83.87678527832031,146.56997680664062,160.60289001464844,69.21883392333984,92.6896743774414,155.8699951171875
2024-07-23,542.3670043945312,476.154541015625,218.36756896972656,85.50309753417969,99.74917602539062,222.5800018310547,26.68000030517578,76.62000274658203,223.2831268310547,438.9156188964844,122.53091430664062,246.3800048828125,47.7599983215332,257.6300048828125,42.70751190185547,336.40716552734375,478.69512939453125,42.027339935302734,202.75840759277344,83.81133270263672,144.7739715576172,159.04696655273438,69.48436737060547,89.5484848022461,154.0
2024-07-24,530.0755615234375,459.07476806640625,213.6790771484375,84.57896423339844,99.14094543457031,221.8000030517578,26.43000030517578,76.80999755859375,216.86277770996094,423.1783447265625,114.1949462890625,215.99000549316406,44.709999084472656,245.05999755859375,42.71223831176758,328.46051025390625,491.9781494140625,41.45296859741211,201.08103942871094,82.57716369628906,148.50851440429688,160.36424255371094,69.4352035522461,88.42593383789062,144.6300048828125
2024-07-25,527.313720703125,454.0122375488281,216.3470458984375,85.27206420898438,99.5372085571289,218.3300018310547,25.40999984741211,77.45999908447266,215.8208465576172,412.8184509277344,112.22589111328125,220.25,45.189998626708984,231.52000427246094,43.449798583984375,336.5341796875,497.898681640625,41.60873031616211,201.15814208984375,82.30602264404297,151.70144653320312,159.31423950195312,68.86476135253906,87.84496307373047,138.32000732421875
2024-07-26,533.2194213867188,458.6685485839844,219.9271240234375,85.93744659423828,100.09013366699219,220.6300048828125,25.479999542236328,76.11000061035156,216.28724670410156,419.5967712402344,113.00550842285156,219.8000030517578,45.779998779296875,242.92999267578125,43.586910247802734,342.5748596191406,501.1453857421875,42.26099395751953,204.5996551513672,83.74588775634766,152.65171813964844,161.4237823486328,68.62873840332031,88.55393981933594,139.99000549316406
2024-07-29,533.5328369140625,459.58990478515625,217.4847869873047,86.39955139160156,100.3021011352539,220.32000732421875,25.440000534057617,75.19000244140625,216.56509399414062,421.0373229980469,111.53621673583984,232.10000610351562,45.93000030517578,234.1999969482422,43.21339797973633,336.759033203125,503.8574523925781,42.20258331298828,203.2596893310547,84.17596435546875,150.67514038085938,162.20654296875,68.47137451171875,90.7301254272461,139.75
2024-07-30,530.8297729492188,453.2791442871094,218.30873107910156,86.73223114013672,100.3850326538086,222.52000427246094,25.829999923706055,74.45999908447266,217.12078857421875,417.2781982421875,103.68000793457031,222.6199951171875,44.959999084472656,224.4600067138672,43.884765625,334.0123596191406,513.42578125,42.68934631347656,207.44345092773438,84.83045959472656,153.30743408203125,154.3505859375,68.04846954345703,92.3548812866211,138.44000244140625
2024-07-31,539.4581909179688,466.69329833984375,219.5740203857422,87.61942291259766,100.96562194824219,226.5500030517578,26.389999389648438,77.73999786376953,220.37562561035156,412.76910400390625,116.96358489990234,232.07000732421875,45.529998779296875,224.36000061035156,44.06916427612305,338.391357421875,517.4937133789062,42.58225631713867,205.13951110839844,84.53126525878906,150.00045776367188,153.4533233642578,67.5075454711914,92.25640869140625,144.47999572753906
2024-08-01,531.8189697265625,455.3893127441406,212.4333953857422,88.37512969970703,101.3004150390625,225.77000427246094,26.030000686645508,76.29000091552734,216.6841583251953,411.545654296875,109.15736389160156,216.86000061035156,43.209999084472656,212.63999938964844,42.9013557434082,324.0424499511719,524.1209106445312,41.978660583496094,200.47373962402344,85.38208770751953,152.7657470703125,158.1592254638672,68.63856506347656,91.62620544433594,132.5399932861328
2024-08-02,521.9173583984375,444.5807189941406,204.92005920410156,91.1290512084961,102.29003143310547,225.33999633789062,26.040000915527344,73.38999938964844,218.1726531982422,403.0406494140625,107.21830749511719,207.6699981689453,41.209999084472656,204.44000244140625,41.79501724243164,313.6326904296875,524.0350341796875,40.94672775268555,191.9712371826172,85.33533477783203,155.9776611328125,162.3497314453125,67.33050537109375,88.1994400024414,132.5
2024-08-05,506.71710205078125,431.324951171875,198.3287353515625,91.6111831665039,102.03105926513672,222.47999572753906,24.860000610351562,73.22000122070312,207.66395568847656,389.8786315917969,100.4015884399414,198.8800048828125,39.59000015258789,189.47000122070312,40.87307357788086,309.6544494628906,520.7979125976562,39.75901794433594,187.88385009765625,82.89505767822266,153.23138427734375,160.42152404785156,66.47486114501953,86.43683624267578,134.82000732421875
2024-08-06,511.3888854980469,435.44635009765625,200.486572265625,89.56200408935547,101.36515808105469,220.6999969482422,24.639999389648438,72.44999694824219,205.6395721435547,394.2790832519531,104.19976806640625,200.63999938964844,40.20000076293945,194.1699981689453,41.123653411865234,319.0770568847656,517.1500244140625,40.40155029296875,193.1280059814453,84.53126525878906,151.0647735595703,160.45016479492188,66.62239074707031,88.59333038330078,130.17999267578125
2024-08-07,507.9707336425781,430.7305908203125,198.11293029785156,88.93148803710938,100.90272521972656,220.5500030517578,24.329999923706055,74.69000244140625,208.209716796875,393.1148681640625,98.86233520507812,191.75999450683594,39.470001220703125,178.91000366210938,41.28913116455078,318.451416015625,523.7867431640625,40.45022201538086,193.18585205078125,83.95158386230469,150.9982147216797,162.29244995117188,65.80608367919922,84.64468383789062,128.6699981689453
2024-08-08,519.7136840820312,443.9069519042969,202.9289093017578,88.38440704345703,100.94896697998047,224.00999450683594,25.010000228881836,75.36000061035156,211.6729278564453,397.3180236816406,104.9194107055664,198.83999633789062,41.290000915527344,192.32000732421875,42.177982330322266,328.57781982421875,526.7565307617188,41.102500915527344,196.71409606933594,84.77435302734375,152.25259399414062,163.10379028320312,66.54371643066406,84.64468383789062,136.32000732421875
2024-08-09,522.0054931640625,446.2252502441406,202.50717163085938,89.25601196289062,101.46690368652344,224.55999755859375,25.0,76.22000122070312,214.58042907714844,400.60357666015625,104.69951629638672,200.0,41.459999084472656,196.2899932861328,42.27253723144531,330.63043212890625,526.7183227539062,41.27772903442383,198.39149475097656,85.16703796386719,152.63270568847656,162.78878784179688,66.82892608642578,84.89086151123047,134.27000427246094
2024-08-12,522.2797241210938,447.1862487792969,200.68276977539062,89.5805435180664,101.67961120605469,228.41000366210938,25.489999771118164,78.62999725341797,216.1103973388672,401.3830261230469,108.96746826171875,197.49000549316406,40.91999816894531,191.74000549316406,42.480567932128906,328.4507751464844,531.80810546875,41.06354522705078,198.76742553710938,84.54060363769531,151.9295196533203,159.2283172607422,67.5665512084961,84.63483428955078,136.77000427246094
2024-08-13,530.8688354492188,458.2821960449219,203.9882354736328,90.2017822265625,102.39176177978516,228.05999755859375,25.420000076293945,77.63999938964844,219.82598876953125,408.4870300292969,116.08402252197266,207.8300018310547,42.59000015258789,197.94000244140625,42.06924057006836,331.1582336425781,534.2050170898438,41.40428161621094,200.45443725585938,85.27924346923828,150.51361083984375,159.6865234375,67.0059585571289,84.29019165039062,141.1300048828125
2024-08-14,532.543701171875,458.4308166503906,202.72291564941406,90.76740264892578,102.84493255615234,226.1999969482422,25.1299991607666,76.58999633789062,220.27304077148438,411.29901123046875,118.02310943603516,201.3800048828125,41.90999984741211,195.9600067138672,42.31509017944336,329.9755859375,537.8336791992188,41.9105224609375,202.67166137695312,85.5036392211914,150.59910583496094,161.1278839111328,67.52721405029297,84.97948455810547,140.75
2024-08-15,541.671630859375,470.0121765136719,207.9803009033203,90.03487396240234,102.5304946899414,226.91000366210938,25.860000610351562,77.41000366210938,223.25344848632812,416.162109375,122.80079650878906,214.13999938964844,43.91999816894531,197.1199951171875,42.82098388671875,337.8439636230469,535.0357666015625,42.2999382019043,203.93447875976562,85.43818664550781,151.1787872314453,160.28785705566406,71.97264099121094,87.43138122558594,147.36000061035156
2024-08-16,542.8861083984375,470.61651611328125,208.5295867919922,90.35015106201172,102.83570861816406,231.99000549316406,26.43000030517578,76.31999969482422,224.5747833251953,413.6317138671875,124.51995849609375,216.1199951171875,44.09000015258789,205.30999755859375,42.77370834350586,335.7326965332031,534.883056640625,42.6114616394043,206.2673797607422,85.39144134521484,151.4638671875,160.25924682617188,72.44408416748047,87.93357849121094,148.55999755859375
2024-08-19,548.0767822265625,476.79852294921875,211.07981872558594,90.76740264892578,103.07616424560547,231.61000061035156,26.829999923706055,74.37999725341797,224.41583251953125,416.6563415527344,129.9373321533203,222.72000122070312,45.09000015258789,204.4600067138672,43.062110900878906,336.8763427734375,533.2214965820312,42.84511184692383,207.69407653808594,86.10202026367188,151.6919403076172,160.76515197753906,72.71039581298828,89.43031311035156,155.27999877929688
2024-08-20,547.1856079101562,475.7979431152344,208.6178741455078,91.49064636230469,103.34436798095703,232.4600067138672,26.8700008392334,73.83000183105469,225.0317840576172,419.8885498046875,127.18867492675781,221.10000610351562,44.540000915527344,197.25,41.92740249633789,335.5567321777344,531.9036254882812,42.70881652832031,206.7975616455078,85.99918365478516,152.19558715820312,162.66470336914062,73.51915740966797,88.36685180664062,156.39999389648438
2024-08-21,549.0660400390625,478.01708984375,211.33486938476562,91.54627227783203,103.57556915283203,232.14999389648438,26.950000762939453,72.5999984741211,224.9224853515625,419.23614501953125,128.4380645751953,223.27000427246094,45.61000061035156,206.22999572753906,41.99831771850586,335.23419189453125,528.8001708984375,42.64066696166992,206.8746795654297,86.45732879638672,153.40240478515625,162.42605590820312,74.20957946777344,89.33185577392578,157.80999755859375
2024-08-22,544.7566528320312,470.43817138671875,209.47122192382812,90.63758850097656,103.15015411376953,229.3699951171875,26.389999389648438,73.58000183105469,223.06472778320312,410.74542236328125,123.68035888671875,210.66000366210938,44.25,198.42999267578125,42.1070556640625,334.637939453125,531.9227294921875,42.88404846191406,208.83160400390625,86.70975494384766,154.2766876220703,162.41653442382812,74.54492950439453,88.5440902709961,151.6999969482422
2024-08-23,550.5449829101562,475.54034423828125,216.16064453125,91.23102569580078,103.74207305908203,232.02000427246094,27.200000762939453,75.55000305175781,225.35963439941406,411.97113037109375,129.30763244628906,220.32000732421875,46.2400016784668,211.39999389648438,42.735877990722656,340.551513671875,529.9937744140625,43.253997802734375,210.4511260986328,88.61711120605469,155.96815490722656,161.48106384277344,74.66327667236328,89.17430114746094,154.97999572753906
2024-08-26,549.232421875,470.9236755371094,216.22930908203125,90.99921417236328,103.61258697509766,232.75999450683594,27.31999969482422,77.83000183105469,225.69741821289062,408.70928955078125,126.39906311035156,213.2100067138672,45.72999954223633,204.0,43.11884307861328,343.239501953125,532.9444580078125,43.390289306640625,211.28016662597656,88.57970428466797,156.42430114746094,162.60743713378906,74.98875427246094,90.3756332397461,149.99000549316406
2024-08-27,549.9866333007812,472.3304443359375,214.55206298828125,90.8415756225586,103.52935028076172,233.38999938964844,27.360000610351562,76.48999786376953,226.5418701171875,409.05523681640625,128.23817443847656,209.2100067138672,45.41999816894531,198.3000030517578,42.71697235107422,343.2003479003906,535.1502075195312,43.614200592041016,212.25379943847656,88.71060943603516,156.02215576171875,161.55743408203125,75.0873794555664,89.50909423828125,150.5
2024-08-28,546.7938232421875,466.970703125,213.10037231445312,90.7303237915039,103.3166275024414,231.75,26.690000534057617,75.4800033569336,225.0119171142578,405.8526916503906,125.54946899414062,205.75,44.27000045776367,190.1999969482422,42.442745208740234,340.34625244140625,538.5593872070312,43.721290588378906,213.32383728027344,88.36466979980469,156.95091247558594,161.37606811523438,75.03807830810547,88.12067413330078,146.36000061035156
2024-08-29,546.8427734375,466.2871398925781,214.62069702148438,90.43360900878906,103.14092254638672,232.9499969482422,26.809999465942383,76.7699966430664,228.29037475585938,408.34356689453125,117.5333251953125,206.27999877929688,44.68000030517578,188.27999877929688,42.995914459228516,343.7087097167969,541.300048828125,44.11070251464844,214.21075439453125,88.09352111816406,157.24771118164062,162.30198669433594,75.3734130859375,88.4357681274414,145.49000549316406
2024-08-30,552.0629272460938,471.8450012207031,215.8663787841797,89.46927642822266,102.85420227050781,231.2899932861328,26.350000381469727,74.33999633789062,227.5055389404297,412.317138671875,119.31246948242188,214.11000061035156,44.81999969482422,183.36000061035156,43.15666580200195,348.06805419921875,542.4937133789062,44.529327392578125,216.70750427246094,88.94435119628906,158.80844116210938,163.7433624267578,76.17233276367188,88.99705505371094,148.55999755859375
2024-09-03,540.7020263671875,457.51934814453125,209.26524353027344,90.93256378173828,103.16514587402344,230.2899932861328,25.579999923706055,71.08999633789062,221.31619262695312,404.7060852050781,107.94795227050781,210.60000610351562,42.97999954223633,169.1300048828125,42.08342742919922,332.5657653808594,544.6734619140625,44.19831466674805,212.3694610595703,88.89761352539062,160.0531768798828,166.58792114257812,76.1131362915039,87.76618194580078,136.94000244140625
2024-09-04,539.5952758789062,456.3304443359375,208.91212463378906,92.10466766357422,103.80564880371094,230.42999267578125,25.68000030517578,69.61000061035156,219.40872192382812,404.1723327636719,106.1588134765625,219.41000366210938,42.869998931884766,163.22000122070312,41.50188446044922,329.154541015625,551.9329833984375,44.24699783325195,211.4344024658203,89.1500473022461,160.24464416503906,167.90518188476562,76.18218231201172,87.88434600830078,140.8699951171875
2024-09-05,538.2828369140625,456.7564697265625,207.8723907470703,92.62564086914062,104.31617736816406,232.35000610351562,26.229999542236328,69.88999938964844,220.9287567138672,403.6682434082031,107.15833282470703,230.1699981689453,43.599998474121094,159.6999969482422,41.18038558959961,326.0364990234375,545.9891357421875,43.760231018066406,209.79562377929688,88.86021423339844,157.9754180908203,167.49472045898438,75.90601348876953,87.29353332519531,139.44000244140625
2024-09-06,529.2236328125,444.521240234375,203.91958618164062,92.6163330078125,104.26978302001953,230.6300048828125,25.479999542236328,68.93000030517578,219.37890625,397.05560302734375,102.78045654296875,210.72999572753906,41.59000015258789,147.35000610351562,40.6650390625,321.9311218261719,544.10693359375,43.117698669433594,204.81170654296875,88.77605438232422,157.39137268066406,167.60926818847656,75.59040832519531,86.59439086914062,134.35000610351562
2024-09-09,535.1488037109375,450.2376403808594,204.48849487304688,93.01634979248047,104.50183868408203,231.60000610351562,25.850000381469727,69.2699966430664,219.4683380126953,401.0291442871094,106.41869354248047,216.27000427246094,42.63999938964844,155.0500030517578,40.958168029785156,326.505615234375,553.6519165039062,43.760231018066406,209.005126953125,89.76713562011719,159.52655029296875,168.05789184570312,76.28079986572266,86.98826599121094,138.14999389648438
2024-09-10,537.4797973632812,454.39862060546875,204.3217315673828,93.66751861572266,104.78958129882812,232.6199951171875,25.940000534057617,66.95999908447266,218.67355346679688,409.4111328125,108.04789733886719,226.1699981689453,43.290000915527344,158.4600067138672,40.25370788574219,326.6229248046875,549.4459838867188,43.312408447265625,198.1601104736328,91.06674194335938,160.26382446289062,169.70928955078125,77.73068237304688,87.04734802246094,142.83999633789062
2024-09-11,542.9938354492188,464.2660827636719,204.92005920410156,93.59310150146484,104.83599090576172,232.25,26.1200008392334,67.8499984741211,221.20692443847656,418.1488952636719,116.8536605834961,228.1300048828125,44.22999954223633,157.14999389648438,39.88020324707031,327.4439697265625,544.4237670898438,43.107967376708984,199.76998901367188,90.88911437988281,157.81263732910156,166.01516723632812,77.7602767944336,86.96857452392578,149.86000061035156
2024-09-12,547.5675048828125,468.8233337402344,207.55853271484375,93.15587615966797,104.76173400878906,236.3300018310547,27.270000457763672,69.88999938964844,221.31619262695312,422.0631103515625,119.0927734375,229.80999755859375,44.97999954223633,162.88999938964844,40.239524841308594,331.920654296875,545.6818237304688,43.205322265625,199.16268920898438,91.27245330810547,157.6403045654297,165.58563232421875,78.56904602050781,87.93357849121094,150.77000427246094
2024-09-13,550.4273071289062,470.9236755371094,212.67861938476562,93.40704345703125,105.08663177490234,238.67999267578125,28.020000457763672,69.83999633789062,221.04794311523438,425.611572265625,119.05278015136719,230.2899932861328,45.7599983215332,163.0500030517578,40.466468811035156,337.52142333984375,547.2565307617188,43.33187484741211,196.96475219726562,92.22612762451172,158.48289489746094,166.16790771484375,79.49616241455078,89.1644515991211,152.30999755859375
2024-09-16,551.240234375,468.8431396484375,213.44366455078125,94.26290130615234,105.5507583618164,238.66000366210938,28.06999969482422,70.87999725341797,214.90829467773438,426.3529357910156,116.73370361328125,226.77999877929688,45.689998626708984,161.5,40.929805755615234,340.11163330078125,550.1469116210938,43.89653015136719,200.3773193359375,92.53467559814453,159.89036560058594,169.1842803955078,79.45671844482422,90.44456481933594,152.0800018310547
2024-09-17,551.4655151367188,469.0908508300781,215.209228515625,93.80706787109375,105.56001281738281,237.33999633789062,27.959999084472656,71.72000122070312,215.37521362304688,430.1188659667969,115.54417419433594,227.8699951171875,46.060001373291016,162.4499969482422,41.48297119140625,345.71240234375,544.4718627929688,44.13017654418945,201.71728515625,91.88951873779297,159.9669952392578,167.88609313964844,77.5235595703125,91.4391098022461,150.82000732421875
2024-09-18,549.8300170898438,467.05987548828125,215.2484588623047,92.64424133300781,105.12376403808594,235.50999450683594,27.239999771118164,70.66000366210938,219.24977111816406,425.8290100097656,113.3250503540039,227.1999969482422,46.18000030517578,162.63999938964844,41.5633544921875,347.1101379394531,543.0122680664062,43.99388122558594,200.05918884277344,91.77734375,159.0861053466797,166.01516723632812,77.94766998291016,92.14808654785156,148.2899932861328
2024-09-19,559.2124633789062,478.869140625,219.681884765625,92.3372573852539,105.2165756225586,239.1699981689453,28.09000015258789,72.75,227.37637329101562,433.6179504394531,117.82327270507812,243.9199981689453,47.41999816894531,168.24000549316406,42.05978775024414,364.8898620605469,542.714599609375,44.48064422607422,202.90301513671875,91.79603576660156,157.81263732910156,163.7433624267578,76.97122955322266,92.02008056640625,156.74000549316406
2024-09-20,558.2457885742188,477.9576110839844,217.32786560058594,91.98374938964844,105.30941009521484,242.2100067138672,28.40999984741211,72.91999816894531,226.71075439453125,430.2374267578125,115.95401763916016,238.25,46.900001525878906,170.08999633789062,41.9652214050293,360.50115966796875,549.186767578125,44.45144271850586,203.49102783203125,91.43138885498047,157.18072509765625,166.3015594482422,77.97725677490234,92.31549072265625,155.9499969482422
2024-09-23,559.6408081054688,479.224609375,216.53335571289062,91.78839874267578,105.160888671875,242.67999267578125,27.979999542236328,72.25,224.99205017089844,428.4978332519531,116.21391296386719,250.0,46.939998626708984,170.22000122070312,42.4833984375,362.79815673828125,557.4352416992188,44.397701263427734,203.8284454345703,92.33833312988281,156.2806854248047,165.87200927734375,79.22987365722656,91.54743194580078,156.75
2024-09-24,561.2420654296875,481.5361633300781,216.89630126953125,91.76980590820312,105.33724975585938,246.07000732421875,29.3799991607666,73.29000091552734,225.88616943359375,424.2080383300781,120.82209014892578,254.27000427246094,47.45000076293945,171.67999267578125,42.37852478027344,377.2252197265625,555.6300048828125,44.02641677856445,203.97303771972656,92.46922302246094,155.85939025878906,165.36607360839844,79.5652084350586,92.25640869140625,158.32000732421875
2024-09-25,560.004150390625,481.9826354980469,214.25076293945312,91.00697326660156,104.71532440185547,245.72999572753906,29.059999465942383,71.4800033569336,224.89268493652344,427.114013671875,123.4610366821289,257.0199890136719,46.86000061035156,167.0800018310547,41.5490608215332,369.7184143066406,554.9674072265625,43.762603759765625,202.62344360351562,91.85213470458984,153.77207946777344,164.4306182861328,80.28522491455078,92.4828872680664,162.02000427246094
2024-09-26,562.2244873046875,485.6037902832031,215.39244079589844,91.220947265625,104.71532440185547,246.97999572753906,29.260000228881836,69.01000213623047,226.0352020263672,426.32318115234375,123.99082946777344,254.22000122070312,47.27000045776367,179.92999267578125,40.733909606933594,382.14178466796875,554.4489135742188,43.987335205078125,202.2281951904297,91.02001190185547,154.52847290039062,165.33743286132812,78.82548522949219,93.74330139160156,167.49000549316406
2024-09-27,561.4091186523438,482.9052734375,216.8490447998047,91.69537353515625,105.13304901123047,245.02000427246094,28.860000610351562,70.2699966430664,226.3034210205078,423.0712890625,121.35187530517578,260.4599914550781,47.880001068115234,191.22999572753906,41.5633659362793,382.259033203125,559.2117309570312,44.114349365234375,202.92225646972656,91.13597106933594,154.53802490234375,165.66200256347656,78.68739318847656,94.5409164428711,164.35000610351562
2024-09-30,563.6588134765625,484.21490478515625,217.4001922607422,91.25812530517578,104.87313842773438,243.05999755859375,28.40999984741211,69.91999816894531,231.47943115234375,425.3249206542969,121.39186096191406,261.6300048828125,47.529998779296875,178.1699981689453,41.854156494140625,382.29815673828125,561.3242797851562,44.28044891357422,203.26931762695312,91.85254669189453,155.16998291015625,165.32791137695312,79.64411926269531,94.71815490722656,164.0800018310547
2024-10-01,558.6093139648438,477.4685363769531,214.4475860595703,91.9170150756836,105.37712860107422,245.61000061035156,28.579999923706055,72.11000061035156,224.73374938964844,415.8260803222656,116.95362854003906,258.0199890136719,46.18000030517578,165.00999450683594,42.807552337646484,383.5395202636719,581.777587890625,44.045963287353516,199.5868377685547,91.25855255126953,155.10296630859375,165.1751708984375,80.156982421875,92.61090087890625,159.75
2024-10-02,558.8450927734375,478.1431884765625,214.15231323242188,91.1424331665039,105.14422607421875,245.66000366210938,29.0,72.76000213623047,225.30001831054688,412.3072204589844,118.8028793334961,249.02000427246094,45.869998931884766,164.47000122070312,43.24611282348633,385.1620788574219,579.2233276367188,44.09481430053711,199.8278350830078,90.93798065185547,154.3178253173828,164.1060791015625,79.32850646972656,92.7093734741211,159.77999877929688
2024-10-03,557.8234252929688,477.7860107421875,212.71542358398438,90.28382110595703,104.4641342163086,245.49000549316406,29.229999542236328,75.7300033569336,224.19725036621094,411.7239990234375,122.80130004882812,240.66000366210938,45.38999938964844,163.10000610351562,44.00883483886719,382.26885986328125,581.7391357421875,43.86031723022461,197.84197998046875,90.10826873779297,153.67633056640625,162.38787841796875,79.32850646972656,92.19731903076172,162.85000610351562
2024-10-04,562.892578125,483.47076416015625,215.6876678466797,89.17324829101562,103.89585876464844,245.0,29.360000610351562,76.3499984741211,225.31988525390625,411.24957275390625,124.87047576904297,250.0800018310547,46.54999923706055,170.91000366210938,44.41879653930664,388.13348388671875,581.0765991210938,44.60288619995117,204.8641357421875,89.674560546875,153.47523498535156,161.20425415039062,79.83151245117188,93.69406127929688,170.89999389648438
2024-10-07,557.8037719726562,478.2920227050781,213.99485778808594,88.50130462646484,103.36481475830078,244.1699981689453,28.93000030517578,79.19999694824219,220.2432403564453,404.8049621582031,127.66936492919922,240.8300018310547,45.90999984741211,168.9199981689453,44.57610321044922,389.2673645019531,581.4703979492188,44.05573272705078,204.58285522460938,88.88256072998047,152.74754333496094,159.52423095703125,78.01670837402344,90.9762954711914,170.97000122070312
2024-10-08,563.0792236328125,485.4351501464844,214.14251708984375,88.6506118774414,103.56975555419922,242.3699951171875,28.010000228881836,75.79000091552734,224.29661560058594,409.9151916503906,132.83731079101562,244.5,46.63999938964844,167.69000244140625,43.41295623779297,379.2094421386719,583.8805541992188,44.30976104736328,204.4082489013672,89.06171417236328,152.90074157714844,160.5169677734375,78.61835479736328,91.09446716308594,172.8000030517578
2024-10-09,566.9793090820312,489.2547302246094,214.6149139404297,88.14665222167969,103.36481475830078,241.0500030517578,27.860000610351562,75.25,228.0419921875,412.6333312988281,132.597412109375,241.0500030517578,46.650001525878906,166.97000122070312,43.675148010253906,387.2537841796875,581.057373046875,44.72012710571289,206.99790954589844,89.15599060058594,153.8199462890625,161.57655334472656,79.29891204833984,92.16778564453125,171.02000427246094
2024-10-10,565.9871215820312,488.6991271972656,213.4240264892578,87.80135345458984,103.25302124023438,242.82000732421875,28.3799991607666,77.7699966430664,227.54527282714844,411.0320739746094,134.75656127929688,238.77000427246094,46.16999816894531,164.27000427246094,43.970699310302734,387.69366455078125,573.7402954101562,44.58333969116211,206.4353790283203,88.36399841308594,153.68588256835938,161.27105712890625,78.51972961425781,91.5671157836914,164.17999267578125
2024-10-11,569.3763427734375,489.46307373046875,217.7643585205078,87.44670867919922,103.23436737060547,245.47000122070312,28.799999237060547,77.48999786376953,226.06500244140625,411.506591796875,134.74656677246094,217.8000030517578,46.63999938964844,176.3800048828125,44.24241256713867,392.9522705078125,580.15478515625,45.44315719604492,215.60101318359375,89.36341094970703,154.59552001953125,163.31381225585938,79.00301361083984,92.6896743774414,167.88999938964844
2024-10-14,574.032958984375,493.5703430175781,219.3686065673828,87.51204681396484,103.24369049072266,245.07000732421875,28.540000915527344,75.93000030517578,229.79051208496094,414.2939453125,138.01527404785156,219.16000366210938,47.369998931884766,196.35000610351562,44.223350524902344,385.0643615722656,586.5885009765625,45.72650146484375,214.8153839111328,89.90084075927734,154.7295684814453,164.6692657470703,79.19042205810547,93.5168228149414,165.27000427246094
2024-10-15,569.5728149414062,486.9729309082031,219.5457763671875,88.57598114013672,103.74678802490234,245.9199981689453,28.709999084472656,72.76000213623047,232.32388305664062,413.8985290527344,131.54783630371094,219.57000732421875,47.290000915527344,196.33999633789062,42.79801559448242,379.23876953125,580.9517822265625,45.8242073059082,215.697998046875,90.9851303100586,157.12327575683594,165.68109130859375,80.53178405761719,92.7782974243164,156.63999938964844
2024-10-16,572.0484619140625,487.03240966796875,223.15777587890625,88.94925689697266,104.0728530883789,247.14999389648438,28.90999984741211,72.4000015258789,230.2674102783203,411.3088684082031,135.66619873046875,221.3300018310547,47.689998626708984,210.47999572753906,43.00299835205078,384.7417907714844,588.4705810546875,46.39090347290039,216.910400390625,91.98454284667969,157.2956085205078,164.54519653320312,80.10768127441406,95.26959228515625,156.1300048828125
2024-10-17,572.09765625,487.36968994140625,222.54757690429688,87.5400390625,103.29959106445312,248.6300048828125,28.889999389648438,72.62000274658203,230.6349639892578,411.9019470214844,136.87571716308594,220.88999938964844,47.040000915527344,204.1999969482422,43.207977294921875,385.5921325683594,585.3880615234375,46.517921447753906,217.6669158935547,91.25855255126953,157.47752380371094,164.44972229003906,79.78219604492188,95.06279754638672,156.25
2024-10-18,574.2981567382812,490.5643005371094,222.08499145507812,87.6053695678711,103.17848205566406,251.27000427246094,30.639999389648438,71.37999725341797,233.4663848876953,413.3253173828125,137.94529724121094,220.6999969482422,48.029998779296875,220.2100067138672,43.06496810913086,384.976318359375,587.4911499023438,46.52769088745117,218.5883331298828,91.93740844726562,158.0998992919922,164.45643615722656,80.19644165039062,95.79147338867188,155.97000122070312
2024-10-21,573.3551025390625,491.5068054199219,218.59109497070312,86.0748291015625,102.12572479248047,251.22000122070312,30.850000381469727,72.26000213623047,234.9367218017578,413.9381408691406,143.6530303955078,218.85000610351562,47.380001068115234,213.72000122070312,42.93625259399414,383.04388427734375,590.1798095703125,46.15641403198242,216.28965759277344,90.13655853271484,155.90725708007812,162.78575134277344,79.70329284667969,95.14157104492188,157.89999389648438
2024-10-22,573.0504760742188,492.0425109863281,217.7643585205078,86.15882110595703,102.11642456054688,253.92999267578125,31.739999771118164,73.9800033569336,234.32077026367188,422.5672302246094,143.53309631347656,217.97000122070312,47.150001525878906,210.72000122070312,43.0363655090332,381.0623779296875,554.0455932617188,46.068477630615234,217.37596130371094,90.26856231689453,156.5009002685547,162.93939208984375,80.89672088623047,95.25973510742188,154.08999633789062
2024-10-23,567.8143310546875,484.5025329589844,215.77627563476562,85.92550659179688,101.77172088623047,250.8699951171875,30.709999084472656,73.55000305175781,229.25404357910156,419.6908264160156,139.50466918945312,213.64999389648438,45.7599983215332,198.92999267578125,42.812320709228516,378.3843688964844,548.3992309570312,46.02939987182617,216.6873016357422,90.92855072021484,158.80844116210938,162.8241729736328,82.12959289550781,94.76737976074219,152.91000366210938
2024-10-24,569.0423583984375,488.4312744140625,216.24867248535156,86.47611236572266,102.07916259765625,252.8000030517578,30.690000534057617,73.05999755859375,229.0653076171875,419.8193359375,140.35433959960938,260.4800109863281,47.380001068115234,209.16000366210938,42.807552337646484,379.68902587890625,541.7831420898438,46.068477630615234,218.21005249023438,91.12654876708984,156.71153259277344,162.86257934570312,81.90275573730469,93.94024658203125,153.44000244140625
2024-10-25,568.845947265625,491.40765380859375,215.43179321289062,85.99080657958984,101.8369140625,253.32000732421875,30.6299991607666,74.2300033569336,229.89979553222656,423.19976806640625,141.48388671875,269.19000244140625,47.66999816894531,205.0399932861328,42.79324722290039,378.6197509765625,539.939453125,45.56039810180664,215.62039184570312,90.26856231689453,154.04017639160156,161.51834106445312,81.3800277709961,93.57589721679688,156.22999572753906
2024-10-28,570.6043701171875,491.4869384765625,218.94540405273438,85.75751495361328,101.75308227539062,253.3300018310547,30.729999542236328,70.43000030517578,231.8768310546875,421.6578063964844,140.4643096923828,262.510009765625,48.400001525878906,216.10000610351562,42.52153015136719,383.17138671875,533.1024780273438,46.127098083496094,218.7144317626953,90.55140686035156,154.7295684814453,162.55532836914062,81.6167221069336,94.72798919677734,159.9199981689453
2024-10-29,571.5277099609375,496.2093811035156,218.23678588867188,85.8881607055664,101.87420654296875,256.0899963378906,31.389999389648438,69.66000366210938,232.1450653076172,426.95587158203125,141.19400024414062,259.5199890136719,48.40999984741211,219.66000366210938,41.87321853637695,380.13043212890625,525.0651245117188,45.84375,216.1926727294922,89.90084075927734,153.2837371826172,160.51016235351562,80.58110046386719,94.65907287597656,166.25
2024-10-30,569.798828125,492.459228515625,217.9415283203125,86.14013671875,101.74378204345703,257.5,30.809999465942383,71.36000061035156,228.59835815429688,427.5291748046875,139.28475952148438,257.54998779296875,48.22999954223633,211.74000549316406,41.96856689453125,372.0179138183594,524.2393798828125,46.04893493652344,217.6572265625,90.29683685302734,153.78163146972656,159.54042053222656,80.27534484863281,93.6251449584961,148.60000610351562
2024-10-31,558.6289672851562,480.0281982421875,214.3196258544922,86.28012084960938,101.53880310058594,253.50999450683594,29.809999465942383,73.08000183105469,224.43568420410156,401.6518249511719,132.70738220214844,249.85000610351562,45.88999938964844,179.25,42.230743408203125,369.0358581542969,524.3450317382812,45.413841247558594,215.24215698242188,88.76942443847656,153.0635223388672,158.5994415283203,80.82768249511719,94.72798919677734,144.07000732421875
2024-11-01,560.9866943359375,483.57989501953125,215.52035522460938,85.06372833251953,100.98250579833984,252.47000122070312,29.540000915527344,72.0199966430664,221.4552764892578,405.6253662109375,135.34632873535156,248.97999572753906,46.63999938964844,182.8800048828125,41.96379470825195,372.4005126953125,523.6727294921875,45.57017517089844,216.2314453125,87.78885650634766,153.32205200195312,158.52264404296875,81.06439208984375,94.34396362304688,141.86000061035156
2024-11-04,559.7783203125,482.1711120605469,216.61282348632812,86.38408660888672,101.73047637939453,252.8300018310547,29.6299991607666,74.29000091552734,220.56112670898438,403.7374267578125,135.99607849121094,242.83999633789062,46.68000030517578,186.27000427246094,42.697914123535156,369.3497314453125,521.5122680664062,45.21842956542969,213.1665496826172,88.75056457519531,151.5124053955078,158.5034637451172,81.32083892822266,94.32427215576172,140.7100067138672
2024-11-05,566.5470581054688,488.3221435546875,220.68743896484375,86.84290313720703,102.21662902832031,253.39999389648438,29.75,74.7300033569336,221.9917449951172,406.7027282714844,139.8545379638672,251.44000244140625,48.189998626708984,193.9600067138672,42.98393249511719,376.06927490234375,525.0171508789062,45.63856887817383,214.82508850097656,89.92912292480469,151.61773681640625,159.15635681152344,82.53397369384766,95.15142059326172,141.66000366210938
2024-11-06,580.6346435546875,501.5865173339844,233.47219848632812,84.46443176269531,101.15081024169922,245.6999969482422,28.43000030517578,74.54000091552734,221.2665252685547,415.3219299316406,145.55227661132812,288.5299987792969,52.13999938964844,254.30999755859375,44.59994125366211,408.941162109375,529.8856811523438,48.413421630859375,239.6256561279297,88.01513671875,151.167724609375,154.6339874267578,82.29727935791016,97.37683868408203,145.10000610351562
2024-11-07,585.1241455078125,509.4836120605469,232.64549255371094,85.52256774902344,102.34751892089844,249.64999389648438,29.110000610351562,74.66000366210938,225.99545288085938,420.51123046875,148.82098388671875,296.9100036621094,52.689998626708984,255.5800018310547,44.39495849609375,400.4362487792969,529.9048461914062,47.631771087646484,229.2670440673828,89.07112884521484,150.06658935546875,156.8999786376953,82.70166015625,97.41622924804688,149.82000732421875
2024-11-08,587.6587524414062,510.0789794921875,234.3579864501953,86.60881042480469,102.70281982421875,247.9600067138672,28.479999542236328,73.12999725341797,225.72694396972656,417.6546630859375,147.5714874267578,321.2200012207031,54.06999969482422,270.739990234375,44.690513610839844,385.87884521484375,542.1192626953125,48.06167984008789,229.84898376464844,90.40055084228516,148.8601531982422,161.02867126464844,83.6682357788086,97.50484466552734,147.9499969482422
2024-11-11,588.2186279296875,509.7813415527344,237.8814239501953,86.18742370605469,102.50647735595703,242.13999938964844,27.969999313354492,70.94000244140625,223.01174926757812,413.17706298828125,145.20240783691406,350.0,57.849998474121094,324.239990234375,44.94316482543945,388.9884338378906,547.89990234375,48.74562454223633,232.08944702148438,89.94799041748047,148.4484405517578,159.4156036376953,83.05672454833984,99.31670379638672,147.35000610351562
2024-11-12,586.3914184570312,508.8586120605469,233.70843505859375,84.89517211914062,101.58088684082031,240.0500030517578,28.06999969482422,70.69000244140625,223.01174926757812,418.13897705078125,148.231201171875,328.489990234375,56.810001373291016,319.1300048828125,44.704811096191406,385.5257263183594,543.4636840820312,48.599063873291016,232.35133361816406,88.70343017578125,146.15048217773438,159.233154296875,83.8260498046875,99.4447021484375,143.6300048828125
2024-11-13,586.6763305664062,508.203857421875,231.39553833007812,84.08987426757812,101.19755554199219,237.6300048828125,27.610000610351562,70.7300033569336,223.89691162109375,420.2839050292969,146.21202087402344,330.239990234375,55.84000015258789,284.7200012207031,45.05280685424805,379.6988220214844,535.5607299804688,48.62837219238281,233.90321350097656,89.1937026977539,146.7249755859375,159.9436798095703,84.32906341552734,101.14823913574219,139.3000030517578
2024-11-14,582.9039306640625,504.6719970703125,228.27561950683594,84.57677459716797,101.16950988769531,237.00999450683594,27.809999465942383,71.29000091552734,226.98008728027344,421.9543762207031,146.70181274414062,311.17999267578125,53.849998474121094,278.8399963378906,45.22441482543945,379.9832763671875,517.565673828125,48.50135803222656,234.59182739257812,88.39228057861328,145.4132080078125,160.42376708984375,83.31317138671875,107.45030975341797,138.83999633789062
2024-11-15,575.437744140625,492.647705078125,224.8702850341797,84.35205841064453,101.21623992919922,236.58999633789062,27.56999969482422,69.75,223.77757263183594,410.20184326171875,141.92369079589844,320.7200012207031,53.459999084472656,305.8500061035156,45.157676696777344,376.7559509277344,513.5709228515625,48.7260856628418,237.92832946777344,88.4394302368164,147.45266723632812,162.78575134277344,83.09618377685547,113.3191146850586,134.89999389648438
2024-11-18,577.7955322265625,496.0704650878906,225.31317138671875,84.50188446044922,101.40324401855469,241.08999633789062,28.3799991607666,72.06999969482422,226.78115844726562,410.95306396484375,140.09442138671875,338.739990234375,55.11000061035156,325.4100036621094,45.75831604003906,377.1385192871094,509.8548583984375,48.87264633178711,237.65672302246094,89.08056640625,148.18992614746094,163.9475555419922,82.92851257324219,111.80267333984375,138.92999267578125
2024-11-19,579.9075927734375,499.4832763671875,226.986328125,84.93263244628906,101.61827087402344,243.25,28.5,72.30999755859375,227.03973388671875,412.9596252441406,146.95172119140625,346.0,55.91999816894531,324.57000732421875,45.467529296875,375.0491027832031,512.0634155273438,48.55021286010742,235.7751007080078,89.5142822265625,146.4951629638672,163.95713806152344,85.41400146484375,110.69981384277344,139.38999938964844
2024-11-20,580.1041870117188,499.1955871582031,227.28155517578125,84.66108703613281,101.37519073486328,244.6199951171875,28.100000381469727,72.0199966430664,227.75584411621094,410.6861572265625,145.83216857910156,342.0299987792969,55.279998779296875,320.010009765625,45.92515563964844,374.23486328125,513.4749145507812,48.40365219116211,233.5346221923828,89.40113067626953,146.60049438476562,164.0819854736328,85.9860610961914,112.51165771484375,137.60000610351562
2024-11-21,583.21826171875,500.9913024902344,230.7361297607422,84.59553527832031,101.25365447998047,246.66000366210938,28.040000915527344,73.19999694824219,227.27845764160156,408.913330078125,146.6118621826172,339.6400146484375,54.77000045776367,295.2300109863281,46.296993255615234,382.1708068847656,520.465576171875,49.019203186035156,237.39486694335938,90.06111145019531,148.88888549804688,165.8678741455078,87.17947387695312,112.9646224975586,137.49000549316406
2024-11-22,585.0259399414062,501.7948913574219,234.99774169921875,84.642333984375,101.3471450805664,249.83999633789062,28.469999313354492,74.25,228.62110900878906,413.00372314453125,141.8937225341797,352.55999755859375,56.209999084472656,304.6400146484375,46.36848449707031,389.9203796386719,520.6672973632812,49.56635665893555,241.07081604003906,90.73997497558594,148.5729217529297,169.25723266601562,89.20140838623047,113.8803939819336,138.35000610351562
2024-11-25,587.0103149414062,502.58856201171875,238.57037353515625,86.83354949951172,102.60929870605469,242.47999572753906,27.6299991607666,72.0999984741211,231.6048126220703,414.7765808105469,135.96609497070312,338.5899963378906,57.029998779296875,312.2200012207031,45.453224182128906,397.9249572753906,501.14532470703125,49.88878631591797,242.75845336914062,92.0033950805664,149.15699768066406,170.32302856445312,88.27428436279297,114.22502899169922,141.1300048828125
2024-11-26,590.0753784179688,505.28704833984375,236.8184814453125,86.4964599609375,102.34751892089844,242.9499969482422,27.799999237060547,71.61000061035156,233.78292846679688,423.8883972167969,136.86572265625,338.2300109863281,56.20000076293945,293.2900085449219,45.391258239746094,400.0634460449219,500.7228698730469,49.98649597167969,242.44808959960938,92.3711166381836,149.1376953125,172.16651916503906,90.05949401855469,113.68344116210938,137.72000122070312
2024-11-27,588.2874145507812,501.3087463378906,237.14328002929688,87.09575653076172,102.72150421142578,243.49000549316406,27.450000762939453,71.72000122070312,233.6536102294922,418.93634033203125,135.2863311767578,332.8900146484375,57.150001525878906,310.9800109863281,45.34358596801758,396.01214599609375,504.8519592285156,50.08420181274414,242.27349853515625,92.96510314941406,149.9870147705078,172.21453857421875,90.62168884277344,115.80055236816406,136.24000549316406
2024-11-29,591.9420166015625,505.71368408203125,238.04873657226562,87.99472045898438,103.35726928710938,245.58999633789062,27.920000076293945,71.61000061035156,236.04058837890625,419.4018249511719,138.19520568847656,345.1600036621094,57.97999954223633,296.20001220703125,45.539031982421875,398.3762512207031,508.36639404296875,50.1623649597168,242.20562744140625,92.55026245117188,149.61061096191406,172.11851501464844,91.23319244384766,115.67253875732422,137.17999267578125
2024-12-02,593.0029907226562,511.21978759765625,237.9306182861328,88.20612335205078,103.51956176757812,243.44000244140625,27.790000915527344,71.04000091552734,238.28829956054688,426.8497619628906,138.5750274658203,357.0899963378906,59.470001220703125,302.3999938964844,45.05756759643555,394.8448181152344,502.79107666015625,49.664066314697266,238.84002685546875,91.20198059082031,149.4079132080078,172.541015625,91.37127685546875,115.3672866821289,142.05999755859375
2024-12-03,593.2779541015625,512.7872924804688,236.23780822753906,87.44500732421875,103.15367126464844,243.92999267578125,28.280000686645508,73.04000091552734,241.33168029785156,427.0676574707031,140.20440673828125,351.4200134277344,58.9900016784668,309.3500061035156,45.05280685424805,391.65667724609375,499.56365966796875,49.292781829833984,237.4530487060547,90.73997497558594,147.0529327392578,168.43150329589844,92.22936248779297,114.66814422607422,141.97999572753906
2024-12-04,596.9619750976562,519.1268920898438,237.084228515625,88.38465118408203,103.65092468261719,244.6699981689453,28.530000686645508,71.87999725341797,241.68972778320312,433.2280578613281,145.08245849609375,357.92999267578125,60.83000183105469,330.94000244140625,43.9659309387207,391.90191650390625,500.04681396484375,49.107139587402344,236.07579040527344,90.49484252929688,145.22874450683594,168.1338348388672,93.15648651123047,115.19988250732422,143.99000549316406
2024-12-05,595.9795532226562,517.6883544921875,234.31861877441406,88.56320190429688,103.62275695800781,242.86000061035156,28.559999465942383,71.47000122070312,241.7195587158203,438.378173828125,145.0124969482422,369.489990234375,60.380001068115234,320.57000732421875,44.13753890991211,387.45819091796875,500.0274353027344,49.253692626953125,238.09320068359375,90.2779769897461,144.31187438964844,169.01719665527344,93.99485778808594,114.71737670898438,141.36000061035156
2024-12-06,597.1094360351562,522.3214721679688,235.15518188476562,88.69475555419922,103.85731506347656,242.9499969482422,28.25,70.23999786376953,241.52064514160156,439.3191223144531,142.3933563232422,389.2200012207031,62.900001525878906,343.6199951171875,43.38912582397461,387.50726318359375,495.7275695800781,49.24392318725586,239.91664123535156,90.14598083496094,144.1091766357422,166.89524841308594,94.38937377929688,114.94386291503906,138.58999633789062
2024-12-09,594.034423828125,518.2538452148438,233.97412109375,87.87725067138672,103.5946273803711,245.36000061035156,28.979999542236328,71.16999816894531,245.40940856933594,441.74560546875,138.7645263671875,389.7900085449219,61.310001373291016,310.5199890136719,43.31761932373047,391.65667724609375,492.8094177246094,48.56975555419922,236.47344970703125,90.40055084228516,144.38906860351562,163.98594665527344,92.54498291015625,112.85630798339844,130.8699951171875
2024-12-10,592.1875610351562,516.4879150390625,232.96041870117188,87.46378326416016,103.43512725830078,248.58999633789062,28.989999771118164,71.4000015258789,246.4238739013672,439.0814208984375,135.0257568359375,400.989990234375,60.59000015258789,302.4200134277344,43.02206802368164,380.9936828613281,495.64056396484375,48.55998611450195,235.5520477294922,89.08998107910156,144.0319366455078,165.41661071777344,93.25511932373047,112.97447204589844,127.73999786376953
2024-12-11,596.7655029296875,525.7343139648438,234.01351928710938,86.63689422607422,103.15367126464844,250.9600067138672,29.040000915527344,73.33000183105469,245.1508026123047,444.68719482421875,139.2643585205078,424.7699890136719,61.810001373291016,313.80999755859375,43.09357452392578,381.46453857421875,487.2339782714844,48.657691955566406,236.20188903808594,88.88256072998047,141.53216552734375,163.8323211669922,93.65951538085938,112.85630798339844,130.14999389648438
2024-12-12,593.690673828125,522.34130859375,230.97230529785156,85.58448791503906,102.57200622558594,247.27999877929688,28.200000762939453,73.20999908447266,246.6128387451172,445.251708984375,137.29501342773438,418.1000061035156,60.91999816894531,312.9599914550781,42.745582580566406,373.52862548828125,479.8323059082031,48.44273376464844,234.26205444335938,88.74114227294922,141.1461181640625,164.0435791015625,92.8014144897461,113.14186096191406,130.60000610351562
2024-12-13,593.5728149414062,526.3394775390625,229.3877716064453,84.7105941772461,101.99972534179688,244.2899932861328,27.75,74.20999908447266,246.7819061279297,442.983642578125,134.20602416992188,436.2300109863281,61.33000183105469,310.5799865722656,42.53106689453125,373.2637634277344,477.9674072265625,48.40365219116211,232.7198944091797,88.48656463623047,141.51284790039062,164.24517822265625,93.16519165039062,111.60572814941406,126.91000366210938
2024-12-16,596.1072998046875,533.9191284179688,230.7361297607422,84.96427917480469,102.13105773925781,244.8800048828125,27.799999237060547,73.69999694824219,249.67608642578125,447.2622375488281,131.95675659179688,463.0199890136719,62.939998626708984,315.30999755859375,41.596736907958984,371.7040100097656,475.068603515625,48.31571960449219,232.37074279785156,88.17543029785156,138.83937072753906,164.322021484375,93.77806091308594,110.88372039794922,126.69000244140625
2024-12-17,593.6513061523438,531.5677490234375,228.09458923339844,85.17101287841797,102.14044189453125,243.94000244140625,27.809999465942383,73.30000305175781,252.10284423828125,450.104736328125,130.3472900390625,479.8599853515625,62.97999954223633,311.6400146484375,41.28688049316406,368.6434326171875,474.06365966796875,47.97374725341797,231.1874542236328,87.75114440917969,141.3101806640625,163.54429626464844,94.32172393798828,111.78376007080078,125.0199966430664
2024-12-18,575.9584350585938,512.3905639648438,217.99632263183594,84.10602569580078,100.87407684326172,239.25999450683594,26.850000381469727,72.94000244140625,246.7023468017578,433.19830322265625,128.86778259277344,440.1300048828125,58.560001373291016,279.8599853515625,40.0665397644043,356.96026611328125,466.65234375,46.5374641418457,223.43788146972656,84.13059997558594,139.7080078125,162.34408569335938,92.47325897216797,110.13202667236328,121.41000366210938
2024-12-19,575.7816162109375,510.108642578125,217.0289306640625,82.8325424194336,100.32801818847656,239.60000610351562,26.520000457763672,72.61000061035156,248.43287658691406,432.8417663574219,130.63717651367188,436.1700134277344,58.16999816894531,273.9200134277344,39.71854019165039,353.50726318359375,463.48297119140625,46.70356369018555,225.949951171875,82.82946014404297,138.57876586914062,162.44972229003906,92.3249740600586,110.15181732177734,118.87999725341797
2024-12-20,582.697265625,514.5632934570312,219.06240844726562,83.30419921875,100.72345733642578,242.10000610351562,26.920000076293945,73.0999984741211,253.10736083984375,432.4158935546875,134.65586853027344,421.05999755859375,59.400001525878906,278.7099914550781,40.10943603515625,359.0693359375,472.5273132324219,47.39727783203125,230.45033264160156,84.22488403320312,139.43777465820312,161.36471557617188,91.1783218383789,110.8045883178711,119.20999908447266
2024-12-23,586.1865844726562,519.5764770507812,218.55897521972656,82.54010772705078,100.43157958984375,240.9600067138672,26.989999771118164,73.05999755859375,253.8831024169922,431.0788879394531,139.62425231933594,430.6000061035156,59.2400016784668,268.1499938964844,40.3449821472168,358.43170166015625,470.0826416015625,47.51110076904297,231.21653747558594,84.55426025390625,140.2098846435547,161.4127197265625,89.31007385253906,110.18148803710938,124.5999984741211
2024-12-24,592.7020874023438,526.621826171875,220.51348876953125,82.88912200927734,100.74227905273438,241.44000244140625,27.020000457763672,73.6500015258789,256.7972412109375,435.11968994140625,140.17408752441406,462.2799987792969,60.959999084472656,279.6199951171875,40.68627166748047,360.5701599121094,471.6673278808594,48.070404052734375,235.01858520507812,85.11592864990234,140.7696990966797,162.2096405029297,91.6132583618164,111.32878875732422,126.29000091552734
2024-12-26,592.7416381835938,526.2640380859375,222.7739715576172,82.84196472167969,100.83642578125,243.07000732421875,27.139999389648438,73.12999725341797,257.61273193359375,433.91143798828125,139.88417053222656,454.1300048828125,60.959999084472656,274.4100036621094,40.65262222290039,360.1287536621094,473.4549560546875,48.188148498535156,235.82359313964844,85.34439849853516,140.5090789794922,163.38104248046875,91.72200012207031,111.31890869140625,125.05999755859375
2024-12-27,586.5020141601562,519.2683715820312,219.52633666992188,82.16278839111328,100.4127426147461,241.39999389648438,26.760000228881836,73.8499984741211,254.20135498046875,426.4040832519531,136.96510314941406,431.6600036621094,59.27000045776367,265.7099914550781,40.6478157043457,357.9117736816406,472.47900390625,47.834903717041016,233.91290283203125,84.48763275146484,139.99755859375,162.77615356445312,90.60501098632812,110.32984924316406,125.19000244140625
2024-12-30,579.80908203125,512.3621215820312,217.83836364746094,82.82311248779297,100.84583282470703,240.6300048828125,26.43000030517578,74.81999969482422,250.82977294921875,420.7586975097656,137.44496154785156,417.4100036621094,57.61000061035156,255.55999755859375,40.64301300048828,356.0970458984375,467.06787109375,47.37372589111328,232.11856079101562,84.06876373291016,138.34710693359375,160.433349609375,89.52754211425781,109.58805084228516,122.44000244140625
2024-12-31,577.6998291015625,508.0097961425781,218.11477661132812,82.37975311279297,100.59163665771484,242.1300048828125,26.329999923706055,75.55000305175781,249.05946350097656,417.46063232421875,134.2460174560547,403.8399963378906,56.77000045776367,248.3000030517578,41.17658996582031,355.851806640625,469.5511779785156,47.422794342041016,232.49684143066406,84.80177307128906,139.58250427246094,160.9710693359375,89.31007385253906,110.13202667236328,120.79000091552734
2025-01-02,576.2803344726562,507.01605224609375,218.2924346923828,82.60614776611328,100.60104370117188,245.4199981689453,26.93000030517578,76.93000030517578,242.52517700195312,414.568603515625,138.26470947265625,379.2799987792969,56.88999938964844,257.2099914550781,41.657283782958984,352.918701171875,465.9856262207031,47.3050422668457,232.77810668945312,84.04972076416016,139.00341796875,159.36758422851562,88.96410369873047,109.60782623291016,120.62999725341797
2025-01-03,583.4857788085938,515.3134155273438,221.5400848388672,82.3420181274414,100.36567687988281,243.49000549316406,26.979999542236328,77.91999816894531,242.03782653808594,419.2929382324219,144.4226837158203,410.44000244140625,59.81999969482422,270.6499938964844,42.04664993286133,356.8621520996094,465.5700988769531,47.677913665771484,235.95941162109375,85.15400695800781,139.16749572753906,158.5514373779297,89.7351303100586,109.9441146850586,125.37000274658203
2025-01-06,586.8469848632812,521.2359008789062,221.62890625,81.97413635253906,100.1114730834961,243.19000244140625,27.239999771118164,77.30000305175781,243.66891479492188,423.7497863769531,149.38104248046875,411.04998779296875,61.150001525878906,287.760009765625,41.8543701171875,357.2643737792969,450.2837219238281,47.53072738647461,234.80897521972656,84.05924224853516,138.6559600830078,154.20191955566406,90.37764739990234,109.83531951904297,129.5500030517578
2025-01-07,580.2131958007812,511.93487548828125,219.8520965576172,81.04966735839844,99.65010833740234,244.55999755859375,27.329999923706055,78.16999816894531,240.89407348632812,418.322265625,140.09408569335938,394.3599853515625,58.900001525878906,264.3299865722656,42.27257537841797,356.0871887207031,448.31243896484375,47.422794342041016,237.07080078125,83.25956726074219,141.13644409179688,154.8740234375,89.76477813720703,110.17159271240234,127.33000183105469
2025-01-08,581.0609741210938,512.0242919921875,218.8551025390625,81.15345764160156,99.8101806640625,245.86000061035156,27.399999618530273,77.30000305175781,241.38140869140625,420.4912414550781,140.06410217285156,394.94000244140625,58.95000076293945,260.010009765625,42.31584167480469,354.1939697265625,453.0375671386719,47.57979202270508,237.0318145751953,83.4785385131836,137.31439208984375,155.6421661376953,90.74340057373047,108.5594253540039,121.83999633789062
2025-01-10,572.1896362304688,503.9952392578125,214.0379638671875,80.61573791503906,99.23587036132812,248.2100067138672,27.610000610351562,80.63999938964844,235.56317138671875,414.9350891113281,135.86549377441406,394.739990234375,57.470001220703125,258.7799987792969,42.4888916015625,344.3157043457031,452.2644958496094,46.4317512512207,233.8535614013672,81.44131469726562,137.11170959472656,152.24317932128906,91.92958068847656,107.4615707397461,116.04000091552734
2025-01-13,573.0767822265625,502.37548828125,214.45254516601562,80.58744812011719,98.9533920288086,245.74000549316406,26.959999084472656,82.2300033569336,233.12649536132812,413.19195556640625,133.18637084960938,403.30999755859375,56.70000076293945,251.1999969482422,43.382991790771484,355.5967102050781,466.864990234375,46.76536560058594,238.08473205566406,82.44087982177734,139.43777465820312,152.51205444335938,90.47649383544922,106.8978042602539,117.31999969482422
2025-01-14,573.8653564453125,501.8985290527344,216.89073181152344,80.45539093017578,99.0663833618164,247.02999877929688,27.200000762939453,81.66999816894531,232.01258850097656,411.6864929199219,131.71682739257812,396.3599853515625,56.40999984741211,255.3699951171875,43.849266052246094,364.4940185546875,468.1210632324219,47.344295501708984,241.262939453125,83.19293975830078,139.7080078125,153.37619018554688,89.7450180053711,106.93736267089844,116.08999633789062
2025-01-15,584.303955078125,513.4453125,221.15509033203125,81.84204864501953,100.25270080566406,248.8800048828125,27.959999084472656,84.33999633789062,236.57765197753906,422.2245178222656,136.1953887939453,428.2200012207031,58.66999816894531,274.92999267578125,44.498207092285156,367.75079345703125,467.6475830078125,48.55120086669922,246.0205535888672,83.66893005371094,139.9203338623047,153.28976440429688,90.2886734008789,106.99671173095703,119.95999908447266
2025-01-16,583.1802368164062,509.84814453125,221.59933471679688,82.10620880126953,100.45042419433594,250.60000610351562,28.040000915527344,82.94000244140625,227.0198516845703,420.5110778808594,133.52626037597656,413.82000732421875,58.7400016784668,281.6300048828125,44.820274353027344,373.302978515625,470.4401550292969,48.87500762939453,247.8923797607422,85.4015121459961,142.62278747558594,154.10589599609375,90.24915313720703,105.29552459716797,118.44000244140625
2025-01-17,589.035400390625,518.4535522460938,222.5568084716797,82.24768829345703,100.53514862060547,249.27000427246094,27.610000610351562,82.5199966430664,228.7305145263672,424.91845703125,137.66490173339844,426.5,59.61000061035156,295.4800109863281,45.166378021240234,378.6688232421875,473.783447265625,49.28712463378906,252.6597442626953,85.34439849853516,141.90858459472656,154.71080017089844,90.88178253173828,105.8493881225586,121.45999908447266
2025-01-21,594.4270629882812,521.4943237304688,226.8310546875,82.98346710205078,101.11888885498047,253.1300048828125,28.040000915527344,81.11000061035156,221.43040466308594,424.3935241699219,140.78387451171875,424.07000732421875,61.5,294.19000244140625,44.93564987182617,392.2064208984375,489.21484375,49.699241638183594,256.43267822265625,86.94371795654297,142.98956298828125,155.2772979736328,92.00865936279297,107.51101684570312,122.27999877929688
2025-01-22,597.7686767578125,528.1620483398438,225.3503875732422,82.5495376586914,100.79876708984375,254.42999267578125,28.049999237060547,80.43000030517578,222.61392211914062,441.9239196777344,147.0218505859375,415.1099853515625,62.060001373291016,295.8500061035156,44.11846160888672,391.46795654296875,482.4992370605469,49.4637451171875,256.2474060058594,85.4300765991211,140.2098846435547,158.17698669433594,92.15693664550781,107.61981964111328,123.75
2025-01-23,601.03125,529.2849731445312,226.3769989013672,81.90809631347656,100.65755462646484,254.07000732421875,27.770000457763672,79.20999908447266,222.44485473632812,442.4289855957031,147.17178344726562,412.3800048828125,62.689998626708984,296.010009765625,44.32034683227539,400.1222229003906,480.50872802734375,49.74830627441406,259.2794494628906,86.05838012695312,141.53216552734375,159.5308074951172,92.73025512695312,109.82542419433594,123.04000091552734
2025-01-24,599.2767333984375,526.2939453125,225.74522399902344,82.27597045898438,100.85527038574219,255.64999389648438,27.90999984741211,79.5999984741211,221.56964111328125,439.804443359375,142.57327270507812,406.5799865722656,62.33000183105469,298.0,43.89252471923828,401.3332214355469,480.1994934082031,49.895484924316406,258.197265625,86.35348510742188,141.70590209960938,158.54257202148438,93.66932678222656,110.93318176269531,122.83999633789062
2025-01-27,590.7997436523438,510.97100830078125,223.58343505859375,83.24758911132812,101.55198669433594,252.99000549316406,27.459999084472656,77.93000030517578,228.6111602783203,430.3955078125,118.38121032714844,397.1499938964844,60.70000076293945,277.989990234375,43.43587112426758,388.8786315917969,486.7025451660156,50.44497299194336,259.18194580078125,87.50537872314453,147.564453125,163.89430236816406,96.2789306640625,112.10025787353516,115.01000213623047
2025-01-28,595.8760375976562,518.5231323242188,223.83021545410156,83.19100952148438,101.41075897216797,255.17999267578125,27.6299991607666,78.86000061035156,236.96551513671875,442.9143371582031,128.94776916503906,398.0899963378906,61.93000030517578,281.82000732421875,43.022464752197266,384.2610778808594,442.0220642089844,50.35666275024414,260.4396057128906,86.44868469238281,145.1418914794922,160.542236328125,96.17020416259766,110.91339111328125,114.16999816894531
2025-01-29,593.204833984375,517.5493774414062,223.31690979003906,83.02120208740234,101.27894592285156,254.1999969482422,28.0,77.77999877929688,238.0595245361328,438.09100341796875,123.65948486328125,389.1000061035156,61.86000061035156,291.0,43.11860275268555,387.1556701660156,439.0362243652344,50.317413330078125,259.8935852050781,85.30632019042969,145.8850860595703,160.58087158203125,96.3777847290039,111.95191192626953,117.3499984741211
2025-01-30,596.3886108398438,519.7552490234375,225.58729553222656,83.33248901367188,101.50489807128906,258.04998779296875,28.719999313354492,77.75,236.29916381835938,411.0130310058594,124.60916900634766,400.2799987792969,63.5099983215332,301.29998779296875,43.33972930908203,369.18756103515625,444.1478271484375,50.798213958740234,261.50225830078125,86.39156341552734,147.54515075683594,161.7207794189453,97.5145492553711,112.18928527832031,118.86000061035156
2025-01-31,593.2147216796875,519.0000610351562,223.56369018554688,82.78536224365234,101.17537689208984,258.55999755859375,28.510000228881836,78.0199966430664,234.71778869628906,411.082275390625,120.03067016601562,404.6000061035156,62.869998931884766,291.3299865722656,42.12836837768555,365.7023010253906,447.3365478515625,50.503849029541016,260.5955810546875,86.20117950439453,146.85023498535156,160.34901428222656,97.03018188476562,111.82332611083984,115.94999694824219
2025-02-03,589.2225341796875,514.846435546875,220.94781494140625,83.45941162109375,101.3350830078125,259.94000244140625,28.670000076293945,77.81999969482422,226.77122497558594,406.98199462890625,116.62179565429688,383.67999267578125,61.779998779296875,284.4100036621094,42.39275360107422,355.9649963378906,440.0605163574219,50.29779052734375,260.1178894042969,86.02030181884766,146.57998657226562,163.02487182617188,98.39430236816406,112.75304412841797,114.2699966430664
2025-02-04,593.17529296875,521.1663208007812,224.0078887939453,83.71501159667969,101.53351593017578,262.5,29.219999313354492,77.51000213623047,231.53518676757812,408.4180908203125,118.61112976074219,392.2099914550781,63.119998931884766,280.3900146484375,43.28204345703125,356.3588562011719,438.37921142578125,50.1800422668457,261.219482421875,86.08694458007812,148.1435546875,162.4163055419922,99.61014556884766,112.06070709228516,119.5
2025-02-05,595.580322265625,523.5313720703125,226.4460906982422,85.09716033935547,102.24222564697266,264.1300048828125,29.350000381469727,76.08999633789062,231.2069854736328,409.3293151855469,124.78911590576172,378.1700134277344,63.810001373291016,275.1400146484375,43.373382568359375,353.3067626953125,434.6976623535156,50.70990753173828,263.64703369140625,87.29593658447266,149.3017578125,163.26638793945312,101.28068542480469,109.33089447021484,112.01000213623047
2025-02-06,597.6503295898438,526.2640380859375,225.70574951171875,85.0593032836914,102.05322265625,263.42999267578125,29.3799991607666,75.44999694824219,231.95291137695312,411.83502197265625,128.63784790039062,374.32000732421875,62.720001220703125,270.3699951171875,42.57542037963867,359.8047790527344,433.39324951171875,51.1318359375,269.9547424316406,87.514892578125,148.16287231445312,163.1408233642578,101.66619873046875,110.86392974853516,110.16000366210938
2025-02-07,592.1796875,519.6261596679688,223.0898895263672,84.5102310180664,101.60912322998047,263.8999938964844,29.030000686645508,75.86000061035156,226.39328002929688,405.8232116699219,129.79745483398438,361.6199951171875,62.7599983215332,274.489990234375,42.57060623168945,358.2590637207031,429.4024963378906,50.8472785949707,268.8823547363281,87.22930145263672,147.7864532470703,162.26171875,99.98577880859375,109.64739227294922,107.55999755859375
2025-02-10,596.2013549804688,525.916259765625,224.0967254638672,84.25463104248047,101.637451171875,268.3699951171875,29.200000762939453,77.4000015258789,226.66209411621094,408.2695617675781,133.52626037597656,350.7300109863281,62.720001220703125,280.2200012207031,43.507972717285156,357.6092224121094,433.10333251953125,50.44497299194336,264.2417297363281,87.19123077392578,148.86744689941406,161.83670043945312,101.73539733886719,108.08467864990234,110.4800033569336
2025-02-11,596.6548461914062,524.6641845703125,222.79373168945312,83.71501159667969,101.41067504882812,267.3900146484375,29.0,78.2699966430664,231.61053466796875,407.4970397949219,132.7565155029297,328.5,61.349998474121094,266.8999938964844,43.85887908935547,356.6345520019531,434.2048645019531,50.57253646850586,268.0926818847656,87.57201385498047,150.6916046142578,163.672119140625,101.29056549072266,107.8275146484375,111.0999984741211
2025-02-12,594.732666015625,524.9722290039062,220.74050903320312,82.5790023803711,100.86261749267578,267.6700134277344,29.34000015258789,76.31999969482422,235.84210205078125,405.1200256347656,131.09706115722656,336.510009765625,62.68000030517578,274.8999938964844,42.80134582519531,346.6019592285156,427.0640869140625,50.39591598510742,268.5411682128906,86.7628402709961,149.85189819335938,163.81703186035156,102.41744995117188,108.03522491455078,111.72000122070312
2025-02-13,601.0115356445312,532.5243530273438,223.22805786132812,83.95169067382812,101.64690399169922,270.30999755859375,29.459999084472656,76.38999938964844,240.4818878173828,406.60565185546875,135.2456817626953,355.94000244140625,64.77999877929688,298.1099853515625,43.123409271240234,348.2362976074219,420.0586242675781,50.729530334472656,269.38934326171875,87.62914276123047,151.77259826660156,165.2080841064453,103.84088897705078,108.39128112792969,111.80999755859375
2025-02-14,600.9820556640625,534.76025390625,223.0602569580078,84.3966293334961,102.04379272460938,266.2900085449219,29.309999465942383,75.81999969482422,243.53854370117188,404.5158386230469,138.80453491210938,355.8399963378906,67.0199966430664,274.30999755859375,43.29645919799805,347.8621520996094,408.9174499511719,50.82765579223633,269.6525573730469,87.22930145263672,150.7108917236328,157.35435485839844,102.84251403808594,109.17264556884766,113.0999984741211
2025-02-18,602.7464599609375,535.9724731445312,224.2843017578125,83.40260314941406,101.62801361083984,270.70001220703125,29.90999984741211,76.95999908447266,243.40911865234375,405.7142639160156,139.35435485839844,354.1099853515625,66.4800033569336,264.6300048828125,43.88772201538086,348.5316467285156,414.08709716796875,51.19070816040039,272.92828369140625,87.61962127685547,150.7887420654297,159.8080596923828,102.58550262451172,108.36161041259766,114.27999877929688
2025-02-19,604.1658935546875,536.1216430664062,223.5143280029297,83.50675201416016,101.68470764160156,270.8500061035156,29.809999465942383,77.44999694824219,243.807373046875,410.79510498046875,139.18438720703125,360.55999755859375,65.70999908447266,258.6700134277344,44.23382568359375,347.547119140625,418.3483581542969,51.21033477783203,272.245849609375,87.6862564086914,153.61013793945312,160.83204650878906,102.80296325683594,110.13202667236328,114.69000244140625
2025-02-20,601.6522827148438,533.845947265625,221.3722686767578,83.81916046142578,101.9303970336914,270.989990234375,29.950000762939453,77.76000213623047,244.76321411132812,412.9684753417969,140.06410217285156,354.3999938964844,63.97999954223633,256.5899963378906,44.63761520385742,343.756591796875,421.5756530761719,50.425350189208984,260.1080627441406,88.10511779785156,155.3516082763672,161.52755737304688,96.09111022949219,109.34078979492188,114.16999816894531
2025-02-21,591.361572265625,522.7662963867188,214.9954833984375,84.83209991455078,102.28946685791016,270.739990234375,29.59000015258789,75.3499984741211,244.48443603515625,405.108642578125,134.38595581054688,337.79998779296875,60.20000076293945,235.3800048828125,43.70986557006836,334.7873229980469,425.85626220703125,49.79736328125,257.6123352050781,87.23883056640625,157.90057373046875,164.44491577148438,93.6890869140625,107.4714584350586,110.83999633789062
2025-02-24,588.6705932617188,516.5953369140625,213.44566345214844,85.0782470703125,102.55404663085938,272.2099914550781,29.440000534057617,75.97000122070312,246.0277099609375,400.9306335449219,130.23733520507812,330.5299987792969,59.08000183105469,227.07000732421875,43.71947479248047,333.68463134765625,425.4214172363281,50.01323318481445,254.78506469726562,87.58154296875,159.30154418945312,164.74440002441406,92.59186553955078,109.9836654663086,108.11000061035156
2025-02-25,585.7431030273438,510.08660888671875,212.63623046875,86.54558563232422,103.33834838867188,268.6199951171875,28.829999923706055,74.12999725341797,245.96795654296875,394.876953125,126.58851623535156,302.79998779296875,56.0,212.49000549316406,43.08976364135742,337.07147216796875,433.3352355957031,50.003421783447266,250.94387817382812,88.65726470947266,161.5878448486328,166.78268432617188,96.56559753417969,109.32100677490234,103.95999908447266
2025-02-26,586.0387573242188,511.31884765625,212.9027557373047,87.05681610107422,103.55567169189453,269.0299987792969,28.940000534057617,73.8499984741211,239.31695556640625,396.6930847167969,131.23699951171875,290.79998779296875,56.459999084472656,212.9600067138672,42.844608306884766,337.28802490234375,426.6099548339844,49.895484924316406,252.29904174804688,88.28600311279297,158.65945434570312,165.47857666015625,95.09274291992188,110.60678100585938,104.73999786376953
2025-02-27,576.6843872070312,497.11883544921875,209.65512084960938,86.4414291381836,103.1209945678711,264.92999267578125,28.399999618530273,75.27999877929688,236.27024841308594,389.5477600097656,120.11064910888672,281.95001220703125,54.59000015258789,208.3699951171875,43.07534408569336,334.7478942871094,431.4026794433594,50.17023468017578,252.55250549316406,88.63822174072266,159.2918243408203,166.1258087158203,95.67595672607422,110.09247589111328,99.51000213623047
2025-02-28,585.6839599609375,504.96905517578125,211.88601684570312,87.5017318725586,103.57459259033203,263.2699890136719,28.309999465942383,75.22000122070312,240.79054260253906,393.973876953125,124.87908172607422,292.9800109863281,55.63999938964844,215.6199951171875,43.74351501464844,338.6369323730469,435.1807556152344,51.200523376464844,258.0120544433594,89.3902816772461,160.54685974121094,167.93226623535156,97.47500610351562,112.55523681640625,99.86000061035156
2025-03-03,575.4227294921875,493.9190368652344,206.09161376953125,87.91011047363281,103.90181732177734,266.739990234375,28.75,73.31999969482422,236.9970703125,385.5384521484375,114.02263641357422,284.6499938964844,53.09000015258789,205.75,42.21489715576172,326.9108581542969,439.9212951660156,50.76877975463867,254.0831298828125,89.80915069580078,162.74559020996094,169.62277221679688,96.46674346923828,111.55628204345703,98.2300033569336
2025-03-04,568.6115112304688,492.42852783203125,203.7620086669922,86.82747650146484,103.56034851074219,269.05999755859375,29.0,73.30999755859375,234.9061737060547,385.65753173828125,115.9520034790039,272.0400085449219,53.16999816894531,212.5500030517578,41.80630111694336,321.7026062011719,436.8843078613281,48.98294448852539,243.97323608398438,88.77149963378906,160.93600463867188,167.29466247558594,93.87690734863281,107.81763458251953,100.75
2025-03-05,574.7229614257812,498.84783935546875,205.78561401367188,86.13423156738281,103.22836303710938,269.6199951171875,29.770000457763672,71.41999816894531,234.7169952392578,397.9732666015625,117.2615737915039,279.1000061035156,54.70000076293945,222.4499969482422,41.19581604003906,333.26123046875,448.17578125,49.26749801635742,245.2211151123047,89.76155090332031,160.64413452148438,168.67608642578125,94.87528228759766,108.11434173583984,101.66999816894531
2025-03-06,564.52099609375,485.1248474121094,202.6366729736328,85.8493423461914,102.9058609008789,268.25,29.690000534057617,71.12999725341797,234.30877685546875,393.87469482421875,110.53378295898438,263.45001220703125,52.13999938964844,214.1699981689453,41.32079315185547,335.7423400878906,449.22705078125,48.45307922363281,240.35626220703125,87.4577865600586,161.33489990234375,168.72438049316406,93.55069732666016,104.27678680419922,98.8499984741211
2025-03-07,567.6849975585938,488.6922302246094,203.2980499267578,85.57392883300781,102.74461364746094,268.3900146484375,29.59000015258789,72.08999633789062,238.03256225585938,390.32183837890625,112.65309143066406,262.6700134277344,52.45000076293945,217.4499969482422,42.02742004394531,344.8887939453125,461.0539855957031,48.197959899902344,236.203125,87.98136138916016,162.17160034179688,169.9705352783203,90.664306640625,104.35591888427734,100.30999755859375
2025-03-10,552.5643920898438,469.7523193359375,198.1847686767578,86.46661376953125,103.09556579589844,266.0400085449219,29.110000610351562,70.88999938964844,226.4928436279297,377.2717590332031,106.94496154785156,222.14999389648438,47.86000061035156,179.22999572753906,42.339874267578125,339.8774108886719,466.42718505859375,47.11861038208008,226.3954620361328,87.13411712646484,163.15420532226562,170.27000427246094,86.8092041015625,101.9524917602539,96.62999725341797
2025-03-11,547.9710083007812,468.62939453125,198.16502380371094,85.8493423461914,102.4220962524414,269.1600036621094,29.959999084472656,71.44999694824219,219.8816680908203,377.5595703125,108.72438049316406,230.5800018310547,48.189998626708984,191.69000244140625,42.00338363647461,334.52142333984375,456.41082763671875,46.716304779052734,223.39268493652344,86.1155014038086,161.3640899658203,167.23670959472656,86.43357849121094,96.82915496826172,96.76000213623047
2025-03-12,550.8787841796875,473.9158935546875,198.51052856445312,85.33650970458984,102.11859130859375,270.3299865722656,30.219999313354492,72.80000305175781,216.0384063720703,380.3581237792969,115.71273803710938,248.08999633789062,49.61000061035156,191.72999572753906,42.1956672668457,332.90679931640625,449.22705078125,46.78499221801758,222.18380737304688,85.84895324707031,158.43568420410156,162.6481170654297,84.21934509277344,97.67974853515625,100.79000091552734
2025-03-13,543.5353393554688,465.389892578125,195.54913330078125,86.08674621582031,102.44109344482422,275.1300048828125,30.739999771118164,71.62000274658203,208.77008056640625,375.89227294921875,115.55277252197266,240.67999267578125,47.25,177.49000549316406,41.90724563598633,328.1612548828125,455.486083984375,46.529869079589844,219.5417938232422,84.15443420410156,158.57188415527344,162.8606719970703,83.52740478515625,95.81041717529297,98.11000061035156
2025-03-14,554.7625122070312,476.63861083984375,200.27745056152344,85.63091278076172,102.39364624023438,275.239990234375,30.709999084472656,72.27999877929688,212.5635528564453,385.6079406738281,121.6413345336914,249.97999572753906,49.189998626708984,183.1199951171875,43.1474494934082,334.39349365234375,453.77288818359375,47.60922622680664,226.60992431640625,85.83942413330078,158.39675903320312,162.26171875,84.36762237548828,97.5610580444336,100.97000122070312
2025-03-17,559.0404052734375,479.72900390625,202.80447387695312,86.05825805664062,102.60234069824219,276.7300109863281,30.809999465942383,72.70999908447266,213.0713348388672,385.74688720703125,119.50183868408203,238.00999450683594,49.97999954223633,188.9600067138672,43.834842681884766,337.3471984863281,455.17462158203125,48.168521881103516,228.0625457763672,87.30546569824219,158.42596435546875,163.9908905029297,86.45333862304688,98.27318572998047,104.58999633789062
2025-03-18,552.9981689453125,471.5508728027344,201.04348754882812,86.14372253417969,102.84896087646484,279.9599914550781,30.850000381469727,72.20999908447266,211.7670135498047,380.6062316894531,115.40280151367188,225.30999755859375,48.2400016784668,181.13999938964844,43.90694808959961,331.5087585449219,456.8001708984375,48.109649658203125,229.0764617919922,86.84851837158203,159.7977294921875,162.0105743408203,84.6048583984375,98.26329040527344,103.51000213623047
2025-03-19,559.0206909179688,477.8608703613281,204.16976928710938,86.59008026123047,103.45600128173828,281.1099853515625,30.75,72.41999816894531,214.30596923828125,384.8735656738281,117.4923095703125,235.86000061035156,50.04999923706055,189.75,44.62319564819336,333.38922119140625,458.0364074707031,48.63951110839844,233.1126251220703,86.95323181152344,158.57188415527344,162.8413543701172,85.33634948730469,99.1930160522461,106.2300033569336
2025-03-20,557.4042358398438,476.24114990234375,202.8737335205078,86.64704132080078,103.30425262451172,280.75,30.5,73.7300033569336,213.17091369628906,383.9010009765625,118.50206756591797,236.25999450683594,50.02000045776367,190.3800048828125,44.78662872314453,331.0558166503906,454.3277282714844,48.70819854736328,233.01513671875,86.8961181640625,158.60107421875,161.8560028076172,84.82233428955078,97.77864837646484,107.13999938964844
2025-03-21,557.5880737304688,477.8111877441406,201.61727905273438,86.13423156738281,103.1619644165039,278.489990234375,30.020000457763672,73.79000091552734,217.3228302001953,388.2874450683594,117.6722640991211,248.7100067138672,51.5,189.86000061035156,44.47417068481445,330.59307861328125,428.0068359375,48.53157424926758,235.56942749023438,85.93461608886719,159.1945343017578,161.02523803710938,85.22377014160156,98.3720932006836,106.44000244140625
2025-03-24,567.5736083984375,488.29644775390625,206.6332244873047,85.25104522705078,102.7161636352539,277.25,29.959999084472656,74.87999725341797,219.7721405029297,390.09356689453125,121.38140106201172,278.3900146484375,54.18000030517578,203.0399932861328,44.98090362548828,336.3921203613281,423.412353515625,49.387367248535156,241.83816528320312,87.25786590576172,158.86375427246094,160.02056884765625,86.72048950195312,99.08421325683594,113.8499984741211
2025-03-25,568.9379272460938,491.08294677734375,205.485595703125,85.24154663085938,102.82049560546875,278.4700012207031,30.579999923706055,74.81999969482422,222.77902221679688,392.1578063964844,120.66156768798828,288.1400146484375,54.13999938964844,204.22999572753906,45.16499710083008,337.32745361328125,430.3138122558594,49.66310501098633,244.83116149902344,86.27880096435547,156.6552734375,157.31573486328125,84.0145034790039,100.49857330322266,114.80999755859375
2025-03-26,562.1458129882812,482.04669189453125,203.39808654785156,84.68124389648438,102.40315246582031,278.239990234375,30.530000686645508,75.41999816894531,220.5686798095703,387.0072326660156,113.73320007324219,272.05999755859375,51.65999984741211,193.9499969482422,45.43144226074219,335.84075927734375,433.3313903808594,49.51538848876953,244.73365783691406,86.61540985107422,157.3363037109375,160.91897583007812,84.4605484008789,99.67765045166016,110.19000244140625
2025-03-27,560.6528930664062,479.29998779296875,202.4285430908203,84.43435668945312,102.27983856201172,281.9700012207031,31.31999969482422,75.4800033569336,222.8786163330078,387.612548828125,111.40375518798828,273.1300048828125,50.779998779296875,188.5800018310547,44.990596771240234,334.0587158203125,430.5182189941406,49.416908264160156,241.89663696289062,86.39421844482422,158.7080841064453,162.97659301757812,84.87683868408203,99.35125732421875,106.6500015258789
2025-03-28,549.3623046875,466.6810607910156,198.31288146972656,85.60240173339844,102.89637756347656,284.05999755859375,31.0,74.7699966430664,216.9544219970703,375.9220886230469,109.6441650390625,263.54998779296875,48.70000076293945,173.92999267578125,44.77743911743164,324.59716796875,429.74920654296875,48.46165466308594,236.7588348388672,86.27880096435547,159.27236938476562,162.31971740722656,84.40106964111328,96.9972915649414,103.22000122070312
2025-03-31,553.0501098632812,466.6611633300781,197.36314392089844,86.44761657714844,103.09556579589844,288.1400146484375,30.989999771118164,77.33000183105469,221.1660614013672,372.53802490234375,108.35446166992188,259.1600036621094,47.58000183105469,172.22999572753906,45.271575927734375,324.7054748535156,434.8304138183594,49.05253601074219,239.1473846435547,87.0770492553711,161.34461975097656,164.62847900390625,87.01785278320312,97.62039947509766,102.73999786376953
2025-04-01,554.6121215820312,470.4229736328125,197.3828887939453,87.19673919677734,103.46405792236328,287.57000732421875,30.6299991607666,77.08000183105469,222.22146606445312,379.28631591796875,110.1240463256836,268.4599914550781,47.79999923706055,174.52000427246094,45.538021087646484,325.4635925292969,436.7090759277344,48.99345016479492,237.5485076904297,87.11553192138672,149.0959014892578,164.7637176513672,88.0487060546875,96.61156463623047,102.77999877929688
2025-04-02,558.1219482421875,473.8563232421875,200.4993133544922,87.13954162597656,103.70210266113281,288.1600036621094,30.760000228881836,77.73999786376953,222.9184112548828,379.2367248535156,110.39398193359375,282.760009765625,49.150001525878906,182.9499969482422,45.60099792480469,329.49041748046875,440.8265686035156,49.397212982177734,239.6543426513672,87.64448547363281,151.14871215820312,163.73973083496094,88.97052001953125,96.80936431884766,102.95999908447266
2025-04-03,530.6172485351562,448.4891052246094,187.62803649902344,87.53983306884766,103.69258117675781,286.4200134277344,28.889999389648438,72.25,202.30825805664062,370.2752990722656,101.77601623535156,267.2799987792969,45.119998931884766,170.75999450683594,42.02093505859375,301.0368347167969,442.685791015625,46.96477508544922,222.95399475097656,84.6534423828125,155.48780822753906,166.5315399169922,86.49251556396484,87.86824798583984,93.80000305175781
2025-04-04,499.5533447265625,420.6339416503906,179.25823974609375,88.492919921875,103.57831573486328,279.7200012207031,27.079999923706055,67.91999816894531,187.56253051757812,357.10614013671875,94.28778076171875,239.42999267578125,41.939998626708984,160.5500030517578,38.15504837036133,283.62994384765625,420.6575927734375,43.5278434753418,206.26849365234375,80.97954559326172,149.08616638183594,158.1851348876953,82.45832061767578,82.6163330078125,85.76000213623047
2025-04-07,498.66357421875,421.6490478515625,177.63572692871094,85.82430267333984,101.5596923828125,273.7099914550781,27.139999389648438,65.9800033569336,180.6725616455078,355.14117431640625,97.61698913574219,233.2899932861328,42.279998779296875,157.27999877929688,37.907981872558594,275.7337951660156,419.3630065917969,43.41952133178711,210.34913635253906,78.85407257080078,146.53720092773438,154.78475952148438,83.0926742553711,82.38884735107422,83.63999938964844
2025-04-08,490.85308837890625,414.0557556152344,172.95616149902344,84.20408630371094,100.27426147460938,275.20001220703125,27.139999389648438,63.34000015258789,171.6717987060547,351.86627197265625,96.27731323242188,221.86000061035156,40.5099983215332,151.47000122070312,37.031131744384766,269.7083740234375,431.5694885253906,43.252098083496094,212.73275756835938,76.73822021484375,145.9340057373047,153.00729370117188,81.07061767578125,80.82613372802734,78.20999908447266
2025-04-09,542.4021606445312,463.75518798828125,187.65769958496094,84.69966888427734,101.95008850097656,285.3800048828125,28.059999465942383,67.58000183105469,197.98709106445312,387.5232849121094,114.30306243896484,272.20001220703125,47.25,177.08999633789062,39.8990592956543,296.3602600097656,449.9473571777344,46.51176834106445,229.86949157714844,81.316162109375,146.87770080566406,156.8037567138672,88.81192779541016,90.43981170654297,96.83999633789062
2025-04-10,518.6346435546875,444.03070068359375,179.77268981933594,82.36463928222656,100.21712493896484,292.3500061035156,28.280000686645508,65.31999969482422,189.59368896484375,378.45269775390625,107.5446548461914,252.39999389648438,44.529998779296875,169.6199951171875,37.29273223876953,284.6932373046875,451.36859130859375,45.21184158325195,222.7774200439453,79.4599838256836,144.65951538085938,158.00160217285156,89.81304168701172,84.29773712158203,88.69999694824219
2025-04-11,527.8885498046875,452.2110900878906,182.39443969726562,82.81260681152344,100.19807434082031,297.92999267578125,29.190000534057617,66.45999908447266,197.2901153564453,385.498779296875,110.90386199951172,252.30999755859375,45.88999938964844,175.5,38.21802520751953,288.9170227050781,462.2707214355469,45.96028137207031,231.6940155029297,80.43134307861328,147.61709594726562,161.23777770996094,91.9837875366211,83.96145629882812,93.4000015258789
2025-04-14,533.009765625,455.2762756347656,184.54129028320312,83.40349578857422,100.81698608398438,296.2300109863281,29.3799991607666,66.66000366210938,201.64114379882812,384.8636474609375,110.68391418457031,252.35000610351562,46.2599983215332,176.5800018310547,38.35367202758789,293.51483154296875,462.69903564453125,46.432987213134766,230.24224853515625,82.09518432617188,150.1758270263672,163.38230895996094,93.89681243896484,83.73397064208984,94.5
2025-04-15,531.5169677734375,455.7838439941406,184.7688446044922,83.69895935058594,101.35973358154297,297.7799987792969,29.40999984741211,66.4800033569336,201.2628173828125,382.7994689941406,112.1735610961914,254.11000061035156,46.54999923706055,175.57000732421875,38.29553985595703,288.89727783203125,457.0921936035156,46.55116271972656,228.6825714111328,82.3452377319336,149.45587158203125,162.7447509765625,93.14348602294922,84.08014678955078,95.29000091552734
2025-04-16,519.7023315429688,442.0403137207031,182.99794006347656,84.16595458984375,101.7882080078125,307.4700012207031,29.760000228881836,67.75,193.4269561767578,368.7867126464844,104.46538543701172,241.5500030517578,45.08000183105469,172.2100067138672,38.61042785644531,285.65814208984375,464.39276123046875,45.822410583496094,225.22972106933594,82.28752899169922,149.73802185058594,160.7354278564453,90.38794708251953,81.86463928222656,88.29000091552734
2025-04-17,520.44384765625,441.9607238769531,184.4918212890625,83.42256927490234,101.64539337158203,306.1199951171875,29.549999237060547,69.4800033569336,196.12521362304688,364.98583984375,101.4660873413086,241.3699951171875,45.119998931884766,175.02999877929688,39.4824333190918,289.7046203613281,451.73846435546875,45.940589904785156,227.534912109375,83.51856231689453,153.20152282714844,164.83132934570312,92.40010070800781,83.88232421875,87.5
2025-04-21,508.05584716796875,431.02362060546875,180.79171752929688,81.96435546875,100.5503921508789,315.5899963378906,29.790000915527344,68.62000274658203,192.32179260253906,356.3916320800781,96.88717651367188,227.5,44.439998626708984,175.0,38.4505615234375,281.6913757324219,446.1413879394531,44.95579528808594,224.62156677246094,81.77780151367188,152.66641235351562,161.115234375,91.59722137451172,83.08119201660156,85.55999755859375
2025-04-22,521.2744140625,442.3388977050781,185.47128295898438,82.42184448242188,100.7979507446289,311.1099853515625,29.5,69.37000274658203,198.87322998046875,364.0331115722656,98.86670684814453,237.97000122070312,46.119998931884766,190.0,39.429141998291016,288.0525207519531,449.7916564941406,46.44283676147461,231.0956573486328,83.36470031738281,153.4739227294922,163.18569946289062,94.0157470703125,85.14833068847656,86.26000213623047
2025-04-23,529.3517456054688,452.37030029296875,188.2216339111328,83.22240447998047,101.2454833984375,303.6499938964844,30.559999465942383,68.05000305175781,203.71212768554688,371.54559326171875,102.68579864501953,250.74000549316406,47.95000076293945,194.8000030517578,39.35647964477539,292.6032409667969,451.2225646972656,46.99431610107422,236.2847442626953,83.51856231689453,151.1681671142578,161.09579467773438,94.12478637695312,86.335205078125,90.38999938964844
2025-04-24,540.4940185546875,465.0987243652344,191.99102783203125,84.09925079345703,102.28335571289062,308.07000732421875,30.559999465942383,68.45999908447266,207.46575927734375,384.35748291015625,106.4049301147461,259.510009765625,49.9900016784668,203.8699951171875,39.98625564575195,303.57452392578125,454.3958435058594,47.51625442504883,239.97300720214844,83.82633972167969,150.73036193847656,155.06918334960938,94.9970474243164,89.02545928955078,94.47000122070312
2025-04-25,544.3992919921875,470.28363037109375,192.0503692626953,84.71873474121094,102.82609558105469,304.7300109863281,30.049999237060547,69.02999877929688,208.371826171875,388.87298583984375,110.98385620117188,284.95001220703125,51.0,209.63999938964844,39.91359329223633,303.1689453125,464.9378967285156,47.289756774902344,238.90380859375,83.68207550048828,150.38986206054688,156.5175018310547,94.25364685058594,89.2925033569336,96.6500015258789
2025-04-28,544.6068725585938,470.1343688964844,192.8616485595703,85.2524642944336,103.06414794921875,309.07000732421875,30.190000534057617,67.76000213623047,209.22808837890625,388.1882019042969,108.70439147949219,285.8800048828125,51.2400016784668,205.27000427246094,40.1945686340332,303.77239990234375,463.6238098144531,47.43747329711914,238.58009338378906,84.20143127441406,151.13897705078125,157.3242950439453,94.38249969482422,89.17382049560547,96.38999938964844
2025-04-29,548.0374755859375,473.23931884765625,193.99935913085938,85.96726989746094,103.30218505859375,306.05999755859375,29.829999923706055,65.8499984741211,210.29345703125,391.04632568359375,108.99431610107422,292.0299987792969,51.529998779296875,206.1300048828125,40.07830810546875,304.1087341308594,463.22467041015625,47.929866790771484,239.95338439941406,84.6534423828125,151.68380737304688,157.7228240966797,95.1952896118164,90.17276000976562,96.05999755859375
2025-04-30,548.2550659179688,473.1795959472656,192.78248596191406,85.27151489257812,102.81657409667969,303.7699890136719,29.600000381469727,63.560001373291016,211.5778350830078,392.2570495605469,108.89433288574219,282.1600036621094,50.84000015258789,202.88999938964844,38.997989654541016,305.95867919921875,465.0449523925781,48.018497467041016,239.95338439941406,84.95158386230469,152.07293701171875,158.02415466308594,96.39464569091797,89.95516967773438,97.3499984741211
2025-05-01,552.1405029296875,479.35968017578125,193.97959899902344,84.83914947509766,102.4552001953125,297.4599914550781,29.389999389648438,64.5199966430664,212.39431762695312,422.16802978515625,111.58370208740234,280.5199890136719,50.77000045776367,201.3000030517578,39.1433219909668,310.5985107421875,465.0157165527344,48.00865173339844,242.18008422851562,85.23049926757812,150.2731170654297,155.506591796875,96.5532455444336,89.81670379638672,96.6500015258789
2025-05-02,560.3365478515625,486.4752197265625,198.3425750732422,83.92082977294922,102.20663452148438,297.9800109863281,29.1200008392334,64.01000213623047,204.45889282226562,431.9729919433594,114.47303009033203,287.2099914550781,51.900001525878906,204.92999267578125,39.714969635009766,320.21441650390625,460.2265625,49.003292083740234,247.69285583496094,86.27880096435547,151.8881072998047,156.031494140625,97.8814468383789,91.47832489013672,98.80000305175781
2025-05-05,557.1233520507812,483.5892028808594,196.81900024414062,83.45211029052734,102.06324768066406,306.8800048828125,29.479999542236328,62.369998931884766,198.02691650390625,432.8562316894531,113.7931900024414,280.260009765625,50.689998626708984,199.39999389648438,38.997989654541016,319.6505126953125,459.01953125,48.68815994262695,247.74191284179688,86.0864486694336,150.7984619140625,154.38873291015625,98.45635223388672,91.10248565673828,100.58999633789062
2025-05-06,552.466796875,479.0909729003906,194.672119140625,83.72953033447266,102.26402282714844,315.4800109863281,30.219999313354492,64.5999984741211,197.6485595703125,430.0179443359375,113.51325988769531,275.3500061035156,48.779998779296875,196.88999938964844,39.00767517089844,317.454345703125,455.7586364746094,48.41241455078125,244.49505615234375,85.42284393310547,150.2828369140625,154.79698181152344,97.68321228027344,91.16182708740234,98.62000274658203
2025-05-07,554.7901000976562,480.9718933105469,195.31520080566406,84.08345031738281,102.47432708740234,310.75,29.489999771118164,63.5099983215332,195.39837646484375,430.0576477050781,117.03242492675781,276.2200012207031,49.59000015258789,196.55999755859375,39.022212982177734,316.8607482910156,458.785888671875,48.6980094909668,244.6323699951172,85.5190200805664,153.03611755371094,154.8358917236328,97.96075439453125,100.97332000732422,100.36000061035156
2025-05-08,558.6558227539062,485.9378662109375,199.0351104736328,83.14598846435547,101.95809173583984,304.6300048828125,29.459999084472656,65.5999984741211,196.63299560546875,434.8410339355469,117.34235382080078,284.82000732421875,51.470001220703125,206.5,39.53572082519531,320.7783508300781,461.9105529785156,49.10177230834961,248.6345672607422,85.18240356445312,151.44056701660156,154.21377563476562,96.57305908203125,103.97018432617188,101.69999694824219
2025-05-09,557.9440307617188,485.6194152832031,198.66905212402344,83.27035522460938,101.91985321044922,306.8399963378906,29.799999237060547,66.61000061035156,197.66847229003906,435.3967590332031,116.62252044677734,298.260009765625,51.349998474121094,199.32000732421875,39.9329719543457,322.1336669921875,460.9273986816406,49.10177230834961,248.25198364257812,85.74984741210938,150.03961181640625,153.25146484375,96.1010971069336,104.78121185302734,102.83999633789062
2025-05-12,576.382568359375,505.40362548828125,205.65377807617188,82.49552154541016,101.90071868896484,298.19000244140625,29.6299991607666,67.5999984741211,210.15049743652344,445.8467712402344,122.97103118896484,318.3800048828125,54.47999954223633,207.22000122070312,40.97453308105469,338.88238525390625,460.57696533203125,50.09640884399414,255.08901977539062,86.17300415039062,149.96177673339844,156.40084838867188,96.13090515136719,109.28144073486328,108.12000274658203
2025-05-13,580.18896484375,513.1063842773438,206.4056854248047,82.16072082519531,101.98677062988281,299.4599914550781,29.93000030517578,69.58999633789062,212.28399658203125,445.72772216796875,129.89938354492188,334.07000732421875,57.40999984741211,256.8999938964844,41.551021575927734,348.76544189453125,447.6014709472656,50.303226470947266,257.9925842285156,85.07660675048828,144.41629028320312,154.29151916503906,95.26647186279297,110.16170501708984,112.45999908447266
2025-05-14,580.930419921875,516.1814575195312,204.57540893554688,81.615478515625,101.47051239013672,293.1600036621094,29.25,68.7300033569336,211.68580627441406,449.4988098144531,135.30810546875,347.67999267578125,57.560001373291016,263.4100036621094,41.29911422729492,345.9162902832031,437.2347106933594,50.165348052978516,260.5724182128906,84.23988342285156,142.3926544189453,153.60137939453125,96.21039581298828,111.70464324951172,117.72000122070312
2025-05-15,583.7679443359375,516.7487182617188,205.91102600097656,82.3329086303711,102.19708251953125,297.8399963378906,29.610000610351562,67.58999633789062,210.80848693847656,450.5129089355469,134.79823303222656,342.82000732421875,56.72999954223633,244.44000244140625,41.4735107421875,346.0646667480469,452.770263671875,50.50017547607422,262.3870544433594,85.77869415283203,145.5545654296875,157.86865234375,95.73346710205078,110.99251556396484,114.98999786376953
2025-05-16,587.465576171875,518.997802734375,207.61268615722656,82.55292510986328,102.38827514648438,294.239990234375,29.299999237060547,68.0999984741211,210.6190643310547,451.6463623046875,135.36810302734375,349.9800109863281,58.369998931884766,266.4599914550781,41.41053771972656,349.7942810058594,455.86572265625,50.80546951293945,262.45574951171875,86.84624481201172,147.2279510498047,158.7143096923828,97.61137390136719,112.17938995361328,117.16999816894531
2025-05-19,588.1082153320312,519.4954223632812,206.7420654296875,82.31378936767578,102.39783477783203,298.0299987792969,29.420000076293945,68.51000213623047,208.14659118652344,456.2197570800781,135.53805541992188,342.0899963378906,57.400001525878906,263.989990234375,40.872798919677734,348.7951354980469,460.4796447753906,50.83501052856445,259.8268737792969,86.865478515625,148.35650634765625,160.16265869140625,97.49214172363281,111.42770385742188,114.73999786376953
2025-05-20,586.1307983398438,517.7637939453125,206.8508758544922,81.72069549560547,102.14927673339844,303.5799865722656,30.1299991607666,68.66000366210938,206.232421875,455.5238342285156,134.34832763671875,343.82000732421875,57.459999084472656,261.3800048828125,40.49492645263672,345.748046875,463.166259765625,50.55926513671875,260.61163330078125,86.35574340820312,149.49478149414062,161.00833129882812,97.1741943359375,111.13098907470703,113.51000213623047
2025-05-21,576.2540893554688,510.5686340332031,201.04348754882812,80.32408142089844,101.01165008544922,305.82000732421875,30.510000228881836,67.58999633789062,201.47689819335938,449.9561462402344,131.76895141601562,334.6199951171875,55.68000030517578,258.989990234375,39.74888229370117,338.84283447265625,457.7735900878906,49.525238037109375,256.06011962890625,84.05715942382812,149.0277862548828,160.80418395996094,95.81295776367188,109.25176239013672,112.05999755859375
2025-05-22,576.4815063476562,511.5239562988281,201.0335693359375,80.7449951171875,101.52787017822266,303.1099853515625,30.030000686645508,67.13999938964844,200.74911499023438,452.2329406738281,132.7987060546875,341.0400085449219,56.380001068115234,271.95001220703125,39.59385681152344,341.494140625,457.9390869140625,49.466148376464844,255.69720458984375,83.67244720458984,148.47325134277344,160.41539001464844,95.31615447998047,109.91443634033203,110.70999908447266
2025-05-23,572.5465698242188,506.78692626953125,200.400390625,80.87892150878906,101.60436248779297,309.75,30.450000762939453,67.98999786376953,194.67758178710938,447.5799560546875,131.25906372070312,339.3399963378906,56.06999969482422,263.1600036621094,39.719810485839844,339.71343994140625,456.41082763671875,49.288883209228516,255.7364044189453,83.75901794433594,148.79428100585938,161.22216796875,95.72352600097656,108.51986694335938,110.30999755859375
2025-05-27,584.4501342773438,518.7091674804688,205.485595703125,82.00768280029297,102.5221176147461,304.5,30.229999542236328,67.27999877929688,199.60260009765625,458.02923583984375,135.4680633544922,362.8900146484375,58.04999923706055,266.3999938964844,40.06377029418945,347.7464599609375,464.1688537597656,50.15550231933594,260.22906494140625,85.22087097167969,150.37408447265625,163.0690155029297,96.9555892944336,111.13098907470703,114.55999755859375
2025-05-28,581.06884765625,516.4102783203125,203.3189239501953,81.65373229980469,102.27357482910156,303.80999755859375,29.979999542236328,67.88999938964844,199.81195068359375,454.7184753417969,134.7782440185547,356.8999938964844,56.97999954223633,254.2899932861328,39.55510330200195,345.748046875,457.4815368652344,49.82067108154297,258.4634094238281,85.13432312011719,149.56947326660156,162.68023681640625,96.61776733398438,110.3001708984375,112.86000061035156
2025-05-29,583.362548828125,517.4254150390625,203.92242431640625,82.4094467163086,102.7324447631836,305.6099853515625,30.299999237060547,67.19000244140625,199.34336853027344,456.0308837890625,139.15721130371094,358.42999267578125,56.619998931884766,248.83999633789062,39.850616455078125,348.0234680175781,461.0928955078125,50.076717376708984,259.32659912109375,85.90371704101562,150.69789123535156,163.84666442871094,96.4786605834961,110.7947006225586,113.02999877929688
2025-05-30,582.7100830078125,516.609375,202.88363647460938,82.5337905883789,103.02880859375,303.6000061035156,30.0,67.1500015258789,200.24066162109375,457.7011413574219,135.09817504882812,346.4599914550781,56.369998931884766,246.6199951171875,39.49696731567383,344.3037414550781,469.5517883300781,50.18504333496094,258.9636535644531,85.90371704101562,152.2973175048828,165.13949584960938,98.08830261230469,111.80355072021484,110.7300033569336
2025-06-02,585.9924926757812,520.689697265625,203.51683044433594,81.76568603515625,102.73711395263672,311.6700134277344,31.59000015258789,69.55000305175781,201.08807373046875,459.3018798828125,137.34764099121094,342.69000244140625,57.130001068115234,246.72000122070312,40.01532745361328,340.9797058105469,469.2969665527344,50.204742431640625,259.6111145019531,86.01913452148438,152.4837188720703,163.08848571777344,99.13157653808594,111.71453094482422,114.62999725341797
2025-06-03,589.3341064453125,524.7598876953125,206.80142211914062,81.62166595458984,102.78509521484375,308.9100036621094,31.440000534057617,69.88999938964844,202.6533203125,460.29608154296875,141.1867218017578,344.2699890136719,57.939998626708984,258.9100036621094,40.49008560180664,345.6590576171875,470.6201477050781,50.303226470947266,261.19036865234375,85.84600830078125,151.52212524414062,162.1844940185547,99.34024047851562,112.357421875,117.30999755859375
2025-06-04,589.1759643554688,526.2228393554688,206.2176971435547,82.94664764404297,103.53352355957031,310.8999938964844,31.34000015258789,69.33999633789062,202.20468139648438,461.19085693359375,141.88656616210938,332.04998779296875,57.97999954223633,256.0,39.700435638427734,345.58978271484375,472.61956787109375,50.01763153076172,259.179443359375,86.0864486694336,150.3446502685547,161.30966186523438,98.71427154541016,112.24861907958984,118.58000183105469
2025-06-05,586.3285522460938,522.261962890625,206.30674743652344,83.00424194335938,103.2168960571289,309.3299865722656,32.45000076293945,69.93000030517578,200.0213165283203,464.9788513183594,139.95703125,284.70001220703125,56.36000061035156,244.1999969482422,39.661678314208984,345.2237854003906,468.5226745605469,49.8797607421875,256.9527893066406,86.01913452148438,150.77639770507812,158.2477264404297,97.33316040039062,111.29912567138672,115.69000244140625
2025-06-06,592.3495483398438,527.3672485351562,209.6408233642578,81.94808959960938,102.59318542480469,305.17999267578125,32.689998626708984,71.37999725341797,203.3013458251953,467.66326904296875,141.6865997314453,295.1400146484375,61.130001068115234,251.27000427246094,40.40773010253906,349.5667724609375,472.1098937988281,50.50017547607422,260.6606750488281,86.43268585205078,152.1206817626953,159.43360900878906,96.84630584716797,112.65414428710938,116.19000244140625
2025-06-09,592.8834228515625,528.1435546875,211.0852508544922,82.0345230102539,102.90023040771484,306.6199951171875,33.38999938964844,72.05000305175781,200.8388214111328,470.0196228027344,142.59640502929688,308.5799865722656,62.40999984741211,256.6300048828125,40.48523712158203,354.23626708984375,471.2669982910156,50.22443771362305,261.6513977050781,86.548095703125,152.31692504882812,158.01443481445312,96.82642364501953,114.3948974609375,121.7300033569336
2025-06-10,596.2449340820312,531.63671875,212.22299194335938,82.45697021484375,103.14971160888672,306.7099914550781,33.22999954223633,71.5999984741211,202.0551300048828,468.2001953125,143.92608642578125,326.0899963378906,62.939998626708984,254.94000244140625,41.207061767578125,354.73089599609375,467.4151611328125,50.28352737426758,263.4759216308594,87.28864288330078,153.51405334472656,158.28660583496094,96.697265625,117.43131256103516,123.23999786376953
2025-06-11,594.54443359375,529.8453369140625,211.35238647460938,82.70661163330078,103.47593688964844,308.3699951171875,32.95000076293945,74.81999969482422,198.1769256591797,469.8903503417969,142.80625915527344,326.42999267578125,63.529998779296875,250.67999267578125,41.80293273925781,359.2519836425781,447.5188903808594,50.22443771362305,263.0345153808594,86.81737518310547,152.3463592529297,157.5770263671875,95.1869888305664,118.2126693725586,121.13999938964844
2025-06-12,596.9072265625,531.0892944335938,210.51144409179688,83.69554901123047,104.05166625976562,312.20001220703125,33.060001373291016,75.05000305175781,198.5956573486328,476.1042785644531,144.9759063720703,319.1099853515625,62.02000045776367,241.0500030517578,41.94826889038086,357.09527587890625,459.9368896484375,50.22443771362305,263.1227722167969,87.24054718017578,153.72010803222656,158.61709594726562,94.22319030761719,117.3126220703125,118.5
2025-06-13,590.2338256835938,524.4215698242188,206.66290283203125,82.8890380859375,103.427978515625,316.2900085449219,32.970001220703125,80.22000122070312,195.85398864746094,472.2168273925781,141.94639587402344,325.30999755859375,62.189998626708984,242.7100067138672,42.679779052734375,353.2271423339844,476.77520751953125,49.20024871826172,259.8955383300781,86.39421844482422,154.15184020996094,155.79820251464844,93.835693359375,116.64994812011719,116.16000366210938
2025-06-16,595.8494873046875,531.7161865234375,209.0994415283203,82.05371856689453,103.24566650390625,311.7799987792969,33.029998779296875,78.58999633789062,197.81802368164062,476.3727111816406,144.66595458984375,329.1300048828125,64.93000030517578,261.57000732421875,42.55382537841797,358.5594177246094,457.7708740234375,49.7615852355957,265.2023010253906,86.46154022216797,152.30712890625,156.3814239501953,93.6866455078125,118.17311096191406,126.38999938964844
2025-06-17,590.7578125,526.5314331054688,206.89703369140625,83.05227661132812,103.60069274902344,311.94000244140625,33.7400016784668,82.30000305175781,195.0464630126953,475.279052734375,144.09603881835938,316.3500061035156,63.90999984741211,253.85000610351562,42.95107650756836,353.85040283203125,469.8066101074219,49.47599411010742,264.37835693359375,86.15377807617188,149.52041625976562,154.08741760253906,93.64690399169922,116.8378677368164,127.0999984741211
2025-06-18,590.6688232421875,526.4417724609375,207.98831176757812,83.19629669189453,103.67745208740234,310.260009765625,33.27000045776367,82.2699966430664,195.9835968017578,477.4663391113281,145.455810546875,322.04998779296875,66.7699966430664,295.2900085449219,42.67009353637695,355.94769287109375,459.2802429199219,49.456302642822266,268.733642578125,86.45191955566406,147.90138244628906,153.60137939453125,94.48152923583984,116.5708236694336,126.79000091552734
2025-06-20,589.2816162109375,524.292236328125,207.5518035888672,83.04264831542969,103.76380920410156,310.1300048828125,32.720001220703125,83.12000274658203,200.3902130126953,474.6427307128906,143.8260955810547,322.1600036621094,67.7300033569336,308.3800048828125,43.10609817504883,356.6600036621094,461.2012634277344,49.59416580200195,269.7538146972656,86.39421844482422,146.97901916503906,154.63174438476562,95.50494384765625,116.34334564208984,128.24000549316406
2025-06-23,595.1022338867188,529.6832275390625,210.09152221679688,83.31149291992188,104.02288818359375,311.0799865722656,32.959999084472656,76.41000366210938,200.888671875,483.1930847167969,144.1460418701172,348.67999267578125,68.8499984741211,307.5899963378906,42.01601791381836,362.30889892578125,463.06341552734375,50.21868896484375,272.96142578125,87.69258117675781,148.4803009033203,156.5272216796875,97.24373626708984,116.46202850341797,129.5800018310547
2025-06-24,601.6764526367188,537.783203125,212.77011108398438,83.9164047241211,104.51226043701172,306.19000244140625,32.61000061035156,73.0,199.6923065185547,487.279296875,147.87539672851562,340.4700012207031,70.30000305175781,344.82000732421875,41.46902084350586,369.02618408203125,451.0473327636719,50.96969985961914,275.8943786621094,87.92340087890625,149.333984375,155.87596130371094,97.37290954589844,117.85262298583984,138.42999267578125
2025-06-25,602.0136108398438,539.157958984375,210.28994750976562,84.02200317382812,104.38750457763672,307.1199951171875,33.0099983215332,73.30999755859375,200.948486328125,489.4268798828125,154.28436279296875,327.54998779296875,69.5,355.3699951171875,41.2883186340332,367.6015625,449.2733154296875,50.80171203613281,278.6409912109375,85.80754089355469,149.4222869873047,154.5248260498047,96.63764953613281,118.61744689941406,143.39999389648438
2025-06-26,606.7236938476562,544.1992797851562,213.70266723632812,84.44446563720703,104.77133178710938,306.7799987792969,33.34000015258789,73.58999633789062,200.3902130126953,494.57696533203125,154.99423217773438,325.7799987792969,71.02999877929688,375.07000732421875,41.87926483154297,377.79132080078125,448.79302978515625,51.177215576171875,283.24151611328125,85.7279052734375,149.1573486328125,154.19435119628906,95.40557861328125,120.64373779296875,143.67999267578125
2025-06-27,609.7380981445312,546.0623779296875,213.7720947265625,83.90679168701172,104.59860229492188,301.2200012207031,32.619998931884766,73.27999877929688,200.469970703125,493.07568359375,157.72378540039062,323.6300048828125,69.83999633789062,353.42999267578125,41.659488677978516,380.59100341796875,449.46929931640625,51.325435638427734,281.6327819824219,85.94156646728516,149.54986572265625,155.38995361328125,96.64757537841797,121.517822265625,143.80999755859375
2025-06-30,612.6533813476562,549.5992431640625,214.07965087890625,84.73251342773438,105.17431640625,304.8299865722656,32.810001373291016,73.11000061035156,204.5475311279297,494.5372009277344,157.96376037597656,317.6600036621094,70.29000091552734,350.489990234375,41.42018127441406,384.05352783203125,453.9288330078125,51.75035095214844,284.37939453125,86.49515533447266,149.8834686279297,154.8650360107422,97.15431213378906,123.17660522460938,141.89999389648438
2025-07-01,612.455078125,544.9664306640625,216.2820587158203,84.94261169433594,105.30145263671875,307.54998779296875,32.72999954223633,73.93000030517578,207.18951416015625,489.2081298828125,153.2745361328125,300.7099914550781,68.94000244140625,335.3299865722656,41.737632751464844,386.7344970703125,456.67315673828125,52.03691864013672,284.8698425292969,87.12643432617188,152.9939727783203,156.71192932128906,97.61137390136719,122.66009521484375,136.11000061035156
2025-07-02,615.2315063476562,548.7623291015625,219.27810668945312,84.40292358398438,105.28219604492188,309.25,33.2400016784668,75.58999633789062,211.7954864501953,488.2536926269531,157.22386169433594,315.6499938964844,70.58000183105469,354.45001220703125,42.45556640625,394.16412353515625,453.35052490234375,51.99739456176758,286.42950439453125,87.33039093017578,152.64073181152344,156.6924591064453,96.98540496826172,122.15352630615234,138.52000427246094
2025-07-03,620.0803833007812,554.1622924804688,221.31185913085938,83.81504821777344,105.03179168701172,307.1400146484375,33.5099983215332,75.19000244140625,212.90213012695312,495.95892333984375,159.3135223388672,315.3500061035156,71.08999633789062,355.79998779296875,42.50440216064453,393.6001892089844,453.3211364746094,52.56064987182617,291.75201416015625,87.42749786376953,153.08229064941406,156.33282470703125,97.73060607910156,123.16666412353516,137.91000366210938
2025-07-07,615.4595947265625,549.9878540039062,217.98841857910156,83.01515197753906,104.40579223632812,307.3699951171875,33.43000030517578,76.4800033569336,209.3130340576172,494.84539794921875,158.21371459960938,293.94000244140625,70.44000244140625,357.1000061035156,42.09415817260742,387.3182067871094,459.7310791015625,52.05668640136719,287.77984619140625,86.67967987060547,152.35617065429688,156.01205444335938,98.71427154541016,122.33231353759766,134.8000030517578
2025-07-08,615.1224365234375,550.2966918945312,219.4963836669922,82.90914154052734,104.10724639892578,304.1600036621094,33.290000915527344,76.95999908447266,209.3728485107422,493.751708984375,159.97340393066406,297.80999755859375,70.9000015258789,354.82000732421875,43.22721481323242,390.0684509277344,453.8014221191406,51.592247009277344,278.72174072265625,86.55342864990234,152.8664093017578,153.4750213623047,96.46873474121094,121.0013198852539,137.82000732421875
2025-07-09,618.8110961914062,554.1921997070312,221.87734985351562,83.77649688720703,104.70436096191406,305.5199890136719,33.0,76.93000030517578,210.4994354248047,500.6019592285156,162.85293579101562,295.8800048828125,72.37000274658203,373.8500061035156,43.00743865966797,397.8739318847656,453.85040283203125,51.779998779296875,279.0963134765625,86.62141418457031,153.3472137451172,153.11537170410156,96.19052124023438,119.79945373535156,138.41000366210938
2025-07-10,620.5563354492188,553.3952026367188,223.0182342529297,83.83431243896484,104.7236099243164,306.20001220703125,33.75,75.38999938964844,211.7655792236328,498.58367919921875,164.07273864746094,309.8699951171875,73.55999755859375,388.9599914550781,43.33466339111328,403.9580993652344,455.0755615234375,52.08633041381836,284.0541076660156,87.165283203125,154.73077392578125,154.05824279785156,94.25299835205078,120.7430648803711,144.16000366210938
2025-07-11,618.3748168945312,552.1497802734375,219.94281005859375,82.67787170410156,104.08799743652344,309.1400146484375,35.029998779296875,77.29000091552734,210.5193634033203,500.4130554199219,164.89259338378906,313.510009765625,72.29000091552734,387.05999755859375,43.5300178527832,401.57391357421875,458.2119140625,51.5428352355957,282.7431945800781,87.17500305175781,153.95559692382812,152.6585235595703,93.79595184326172,119.06442260742188,146.4199981689453
2025-07-14,619.5547485351562,554.1524047851562,221.42100524902344,82.50438690185547,104.05909729003906,308.010009765625,34.630001068115234,75.62000274658203,207.98707580566406,500.1147766113281,164.04273986816406,316.8999938964844,73.6500015258789,394.010009765625,43.05139923095703,401.4255065917969,464.1513977050781,51.928218841552734,284.5567932128906,87.73828887939453,153.87709045410156,149.46051025390625,95.16710662841797,119.16374969482422,146.24000549316406
2025-07-15,616.9072875976562,554.660400390625,217.0856475830078,81.92616271972656,103.68350219726562,306.7300109863281,34.2599983215332,75.26000213623047,208.4755859375,502.89862060546875,170.671630859375,310.7799987792969,72.58999633789062,388.0199890136719,42.43114471435547,400.3076477050781,460.7699890136719,51.038875579833984,282.4376525878906,86.44659423828125,152.258056640625,148.41070556640625,94.77960968017578,118.18040466308594,155.61000061035156
2025-07-16,618.9697265625,555.2283325195312,219.26820373535156,82.04179382324219,103.84721374511719,308.260009765625,34.40999984741211,75.19000244140625,209.52239990234375,502.69976806640625,171.34152221679688,321.6700134277344,75.25,398.20001220703125,42.06485366821289,408.45941162109375,462.0931396484375,51.39461135864258,281.7181396484375,87.26240539550781,161.68771362304688,149.4313507080078,94.54114532470703,119.01475524902344,160.0800018310547
2025-07-17,622.757568359375,559.7216186523438,222.1452178955078,82.02251434326172,104.09761810302734,307.5899963378906,34.650001525878906,76.16000366210938,209.38284301757812,508.7446594238281,172.97125244140625,319.4100036621094,76.23999786376953,410.75,42.323699951171875,413.5938415527344,459.8682861328125,51.888694763183594,285.73956298828125,87.165283203125,159.92149353027344,151.26849365234375,94.48152923583984,121.3886947631836,160.41000366210938
2025-07-18,622.301513671875,559.1836547851562,220.56781005859375,82.1478042602539,104.29023742675781,308.3900146484375,34.61000061035156,75.93000030517578,210.539306640625,507.10418701171875,172.38134765625,329.6499938964844,77.62999725341797,419.7799987792969,41.98182678222656,409.280517578125,454.7325134277344,51.91834259033203,287.08990478515625,87.34981536865234,160.6279754638672,151.7940673828125,94.44178771972656,120.60400390625,156.99000549316406
2025-07-21,623.4815063476562,562.0828857421875,219.67494201660156,82.88023376464844,104.69471740722656,313.1300048828125,35.349998474121094,75.58999633789062,211.83535766601562,507.1141052246094,171.35153198242188,328.489990234375,76.80999755859375,413.6300048828125,41.547157287597656,407.1656188964844,451.3707275390625,51.77011489868164,286.794189453125,87.70915985107422,161.2755889892578,151.72555541992188,95.05781555175781,120.02790069580078,157.0
2025-07-22,623.5707397460938,559.1737060546875,221.5003662109375,83.38136291503906,104.94511413574219,316.1000061035156,35.720001220703125,75.3499984741211,213.74954223632812,502.3517761230469,167.00225830078125,332.1099853515625,76.38999938964844,404.44000244140625,41.74251937866211,414.23516845703125,402.57098388671875,52.05668640136719,287.2475891113281,89.21452331542969,164.77859497070312,154.94541931152344,95.2366714477539,120.24642181396484,154.72000122070312
2025-07-23,628.8757934570312,561.7242431640625,224.88333129882812,82.91879272460938,104.78140258789062,312.17999267578125,35.689998626708984,75.27999877929688,213.5002899169922,502.94830322265625,170.75161743164062,332.55999755859375,77.33999633789062,397.80999755859375,42.39695739746094,424.5614929199219,411.0489501953125,52.471710205078125,292.5010986328125,89.38934326171875,165.92666625976562,154.90626525878906,95.0677490234375,122.1137924194336,158.64999389648438
2025-07-24,629.083984375,562.9197387695312,221.7781524658203,82.77420806884766,104.62730407714844,310.2699890136719,35.4900016784668,76.08999633789062,213.11148071289062,507.92938232421875,173.7111358642578,305.29998779296875,75.80000305175781,396.70001220703125,42.69976043701172,426.4778137207031,412.18585205078125,52.44206619262695,292.2940979003906,89.07855224609375,166.3780059814453,155.4249725341797,95.98186492919922,121.13043975830078,162.1199951171875
2025-07-25,631.7413940429688,564.2747192382812,222.60157775878906,83.29463958740234,104.9643783569336,307.3999938964844,34.65999984741211,74.8499984741211,213.2311248779297,510.7430725097656,173.47117614746094,316.05999755859375,76.79000091552734,391.6600036621094,42.53858947753906,430.6778869628906,412.7935485839844,52.80768966674805,294.3344421386719,89.08826446533203,165.14166259765625,154.92584228515625,96.84630584716797,120.65367126464844,166.47000122070312
2025-07-28,631.582763671875,566.0382690429688,222.34364318847656,82.75495147705078,104.75249481201172,305.4100036621094,34.63999938964844,77.16999816894531,213.40060424804688,509.5400085449219,176.7206268310547,325.5899963378906,76.83999633789062,379.489990234375,43.0220947265625,429.8736267089844,412.96014404296875,52.44206619262695,293.9992980957031,87.66059875488281,163.1007080078125,153.76121520996094,96.98540496826172,119.56106567382812,173.66000366210938
2025-07-29,629.9169311523438,565.1614990234375,220.9249725341797,84.15234375,105.44590759277344,306.25,34.65999984741211,79.80000305175781,210.6290283203125,509.609619140625,175.48081970214844,321.20001220703125,74.73999786376953,371.44000244140625,43.44210433959961,427.0040588378906,411.77423095703125,52.175262451171875,292.777099609375,89.06884765625,164.95523071289062,153.27186584472656,97.70079803466797,119.10415649414062,177.44000244140625
2025-07-30,629.1236572265625,565.9186401367188,219.80392456054688,83.71868896484375,105.0510482788086,300.9599914550781,33.5099983215332,81.04000091552734,208.415771484375,510.2757263183594,179.24021911621094,319.0400085449219,75.6500015258789,377.4800109863281,42.82185745239258,431.0452575683594,410.35302734375,52.076446533203125,295.3299255371094,87.80628204345703,164.1211700439453,149.62136840820312,96.96552276611328,118.73664093017578,179.50999450683594
2025-07-31,626.763671875,562.9197387695312,217.651123046875,83.76685333251953,105.07994079589844,302.9599914550781,33.31999969482422,79.58999633789062,206.9402618408203,530.418701171875,177.84043884277344,308.2699890136719,75.33000183105469,377.760009765625,42.59231185913086,434.9176330566406,412.6073303222656,51.75035095214844,291.9885559082031,86.5728530883789,161.6484832763672,147.2627410888672,97.35304260253906,118.30953216552734,176.30999755859375
2025-08-01,616.4907836914062,551.8309936523438,213.21653747558594,84.95774841308594,106.01212310791016,309.1099853515625,33.59000015258789,77.45999908447266,201.76600646972656,521.0829467773438,173.69113159179688,302.6300048828125,71.16000366210938,314.69000244140625,41.801124572753906,425.6537170410156,412.63671875,50.791831970214844,285.2171936035156,86.35918426513672,164.1898651123047,147.4389190673828,97.85977172851562,115.80646514892578,171.6999969482422
2025-08-04,625.8612670898438,562.0131225585938,217.98841857910156,85.1899185180664,106.19586944580078,310.9100036621094,33.97999954223633,76.11000061035156,202.7330780029297,532.5464477539062,179.9700927734375,309.260009765625,73.58999633789062,318.1700134277344,41.70832824707031,430.62823486328125,415.2732238769531,51.29579162597656,290.0369873046875,87.24298858642578,167.83023071289062,147.5465545654297,98.9527359008789,118.54791259765625,176.77999877929688
2025-08-05,622.688232421875,558.1973266601562,219.0995635986328,85.45112609863281,106.27322387695312,311.1600036621094,34.349998474121094,75.0199966430664,202.3043670654297,524.7019653320312,178.23037719726562,308.7200012207031,72.62999725341797,297.989990234375,41.76205062866211,431.1545104980469,419.722900390625,51.08828353881836,287.1884460449219,87.64117431640625,167.53587341308594,147.3018798828125,98.67452239990234,117.52484130859375,174.30999755859375
2025-08-06,627.457763671875,565.2212524414062,218.8118438720703,84.95774841308594,106.24421691894531,310.5,34.349998474121094,73.79000091552734,212.60302734375,521.908203125,179.3901824951172,319.9100036621094,74.16000366210938,303.5799865722656,41.37622833251953,424.6905822753906,426.20147705078125,51.335323333740234,287.1687316894531,86.96133422851562,167.388671875,149.60179138183594,102.69860076904297,114.39600372314453,163.1199951171875
2025-08-07,626.9321899414062,567.1340942382812,218.09754943847656,84.81262969970703,106.13784790039062,313.1199951171875,34.7599983215332,73.41999816894531,219.36245727539062,517.8319091796875,180.73997497558594,322.2699890136719,74.3499984741211,310.7900085449219,41.21506118774414,414.1656494140625,422.1830139160156,50.76218032836914,282.822021484375,87.21385192871094,168.31103515625,150.21836853027344,102.46014404296875,112.12139892578125,172.39999389648438
2025-08-08,631.82080078125,572.4244995117188,218.57376098632812,84.44502258300781,105.79938507080078,313.04998779296875,34.880001068115234,73.30000305175781,228.65419006347656,519.02490234375,182.66964721679688,329.6499938964844,74.76000213623047,310.5400085449219,41.478790283203125,413.56988525390625,417.1648254394531,51.236507415771484,284.615966796875,86.49515533447266,170.07728576660156,150.23794555664062,103.06624603271484,111.67442321777344,172.75999450683594
2025-08-11,630.5713500976562,570.730712890625,218.52413940429688,84.54175567626953,105.96378326416016,308.54998779296875,34.18000030517578,73.80000305175781,226.74781799316406,518.7564697265625,182.0297393798828,339.0299987792969,75.2300033569336,319.6199951171875,41.14668273925781,405.64642333984375,417.7823181152344,51.21674346923828,285.4044494628906,85.92214965820312,170.55807495117188,151.67660522460938,103.26496124267578,111.79361724853516,172.27999877929688
2025-08-12,637.2844848632812,577.9041137695312,225.01231384277344,84.1160888671875,106.06048583984375,308.2699890136719,34.40999984741211,72.94999694824219,229.21310424804688,526.183349609375,183.1295623779297,340.8399963378906,76.77999877929688,322.6199951171875,41.346923828125,409.7868957519531,422.9768981933594,51.83928680419922,288.6472473144531,86.40775299072266,169.53758239746094,151.7842559814453,102.95694732666016,112.95575714111328,174.9499969482422
2025-08-13,639.4659423828125,578.193115234375,229.38735961914062,84.81262969970703,106.62133026123047,309.2099914550781,35.0,72.45999908447266,232.88612365722656,517.5734252929688,181.55982971191406,339.3800048828125,77.91000366210938,327.010009765625,41.82554244995117,410.7698974609375,433.7679443359375,52.135738372802734,286.3605041503906,87.21385192871094,171.14682006835938,152.0974578857422,100.3437728881836,115.85613250732422,184.4199981689453
2025-08-14,639.5254516601562,577.7447509765625,226.4309844970703,84.18380737304688,106.25386810302734,307.25,34.5,73.73999786376953,232.33717346191406,519.46240234375,181.98974609375,335.5799865722656,77.05000305175781,324.8900146484375,41.78647232055664,414.54296875,428.6223449707031,52.382781982421875,289.9384460449219,86.59228515625,171.44117736816406,150.4630584716797,100.20466613769531,115.5283432006836,180.9499969482422
2025-08-15,638.0281372070312,575.2042236328125,225.32977294921875,83.58402252197266,106.11849212646484,307.42999267578125,34.5,72.80000305175781,231.1494140625,517.1657104492188,180.42001342773438,330.55999755859375,77.01000213623047,317.54998779296875,41.78647232055664,404.9017333984375,428.8575744628906,51.83928680419922,286.32110595703125,87.08758544921875,173.3251495361328,151.06982421875,99.59217834472656,114.61453247070312,177.50999450683594
2025-08-18,637.8892822265625,574.9750366210938,226.1531982421875,83.34217071533203,105.92510986328125,306.95001220703125,34.54999923706055,73.16999816894531,230.45074462890625,514.1134033203125,181.979736328125,335.1600036621094,77.11000061035156,320.7300109863281,41.53739547729492,409.7173767089844,431.8763427734375,51.87881088256836,287.34619140625,86.34947967529297,172.9424591064453,152.40084838867188,100.28932189941406,115.76673889160156,176.13999938964844
2025-08-19,634.4286499023438,567.1740112304688,224.4170684814453,83.82587432861328,106.08948516845703,305.2699890136719,33.869998931884766,72.30000305175781,230.1213836669922,506.8258056640625,175.61080932617188,329.30999755859375,74.02999877929688,302.07000732421875,41.55204772949219,413.1429443359375,432.3271789550781,51.977630615234375,286.4886779785156,87.83541870117188,174.46337890625,155.02371215820312,100.87691497802734,115.48860931396484,166.5500030517578
2025-08-20,632.742919921875,563.8065185546875,223.62339782714844,84.00967407226562,106.13784790039062,308.3599853515625,34.43000030517578,73.5199966430664,225.5800323486328,502.7992248535156,175.370849609375,323.8999938964844,73.77999877929688,304.3900146484375,41.8988037109375,417.611083984375,437.12969970703125,52.24443435668945,288.04595947265625,88.08792877197266,175.48385620117188,156.1100616455078,102.15170288085938,116.2534408569336,165.1999969482422
2025-08-21,630.2044677734375,561.1962280273438,224.17897033691406,83.59369659423828,105.731689453125,307.2900085449219,34.61000061035156,74.12999725341797,224.47213745117188,502.15185546875,174.95091247558594,320.1099853515625,73.51000213623047,300.2799987792969,42.18695068359375,414.9302062988281,438.3058776855469,52.076446533203125,287.28704833984375,87.8257064819336,175.57215881347656,155.34666442871094,97.56049346923828,115.42901611328125,163.7100067138672
2025-08-22,639.8823852539062,569.85400390625,232.96875,84.21284484863281,106.56331634521484,310.5799865722656,35.34000015258789,74.63999938964844,227.3267059326172,505.1295166015625,177.96043395996094,340.010009765625,76.5199966430664,319.8500061035156,43.04651641845703,432.5842590332031,437.32574462890625,52.936153411865234,291.9885559082031,89.52530670166016,175.92539978027344,155.28794860839844,96.43510437011719,118.06121063232422,167.75999450683594
2025-08-25,637.0662231445312,568.210205078125,230.518310546875,83.97097778320312,106.28289794921875,309.8299865722656,35.02000045776367,75.75,226.7278594970703,502.17181396484375,179.78012084960938,346.6000061035156,75.66000366210938,306.0,43.15884780883789,429.2381286621094,438.81549072265625,52.62982177734375,290.6678161621094,89.01056671142578,175.06192016601562,152.82167053222656,95.6781997680664,116.91893768310547,163.36000061035156
2025-08-26,639.733642578125,570.4915771484375,232.423095703125,83.92262268066406,106.3602523803711,312.0799865722656,35.02000045776367,74.05000305175781,228.87376403808594,499.96099853515625,181.7397918701172,351.6700134277344,76.2699966430664,308.4800109863281,43.09047317504883,428.20550537109375,446.4015808105469,53.034969329833984,294.28515625,88.77748107910156,174.44911193847656,152.6455078125,95.65829467773438,116.85934448242188,166.6199951171875
2025-08-27,641.1912841796875,571.368408203125,234.0699462890625,83.82587432861328,106.39893341064453,312.7099914550781,34.9900016784668,74.68000030517578,230.05152893066406,504.64154052734375,181.56983947753906,349.6000061035156,75.5199966430664,308.9700012207031,43.573970794677734,429.60552978515625,445.4312744140625,53.1436653137207,294.9849548339844,89.33106994628906,174.74563598632812,153.61441040039062,95.68817138671875,117.29637908935547,167.1300048828125
2025-08-28,643.4619750976562,574.9451293945312,234.3477325439453,84.37730407714844,106.56331634521484,315.0299987792969,35.52000045776367,75.23999786376953,232.11758422851562,507.529541015625,180.1400604248047,345.9800109863281,76.06999969482422,308.4700012207031,43.90607833862305,431.8296813964844,447.10723876953125,53.21283721923828,296.749267578125,89.09797668457031,173.42112731933594,152.3323211669922,95.71804809570312,116.84941101074219,168.5800018310547
2025-08-29,639.6245727539062,568.2898559570312,233.3060302734375,83.77749633789062,106.17652130126953,318.07000732421875,36.189998626708984,74.83999633789062,231.69837951660156,504.59173583984375,174.1510467529297,333.8699951171875,74.95999908447266,304.5400085449219,44.145381927490234,416.07208251953125,446.5682067871094,53.3511848449707,297.0942687988281,89.58357238769531,175.12124633789062,153.69268798828125,96.5844955444336,117.58443450927734,162.6300048828125
2025-09-02,634.884765625,563.527587890625,232.04611206054688,83.15406036376953,105.82136535644531,325.5899963378906,37.150001525878906,76.76000213623047,229.28298950195312,503.0282287597656,170.75161743164062,329.3599853515625,74.41000366210938,303.55999755859375,44.20887756347656,413.1032409667969,446.73602294921875,52.95591735839844,295.39892578125,88.0976333618164,176.00094604492188,154.62245178222656,97.4509506225586,117.47517395019531,162.32000732421875
2025-09-03,638.3256225585938,567.9610595703125,231.8179168701172,84.06688690185547,106.45211029052734,328.1400146484375,37.34000015258789,74.83000183105469,238.01634216308594,503.2572937011719,170.59165954589844,334.0899963378906,74.79000091552734,302.30999755859375,43.217445373535156,412.1798095703125,443.33984375,52.866981506347656,295.211669921875,88.14619445800781,175.94163513183594,154.79861450195312,99.03446960449219,116.59115600585938,162.1300048828125
2025-09-04,643.6602783203125,573.1019287109375,234.7147979736328,84.70780181884766,107.17989349365234,326.69000244140625,36.93000030517578,74.18000030517578,239.3238525390625,505.866455078125,171.63148498535156,338.5299987792969,75.0199966430664,306.79998779296875,43.50559997558594,417.24371337890625,451.0306091308594,53.42036056518555,299.4598083496094,88.8066177368164,176.69285583496094,155.796875,100.51838684082031,118.01154327392578,161.7899932861328
2025-09-05,641.796142578125,573.9288940429688,235.8854522705078,85.99933624267578,107.87859344482422,331.04998779296875,37.209999084472656,72.62999725341797,239.2340087890625,492.9501647949219,166.9922637939453,350.8399963378906,75.37000274658203,299.07000732421875,42.66557312011719,420.0834045410156,457.9908142089844,52.44206619262695,290.1553039550781,89.80695343017578,176.36666870117188,156.60919189453125,100.10010528564453,117.11759948730469,151.13999938964844
2025-09-08,643.3727416992188,576.728515625,236.36163330078125,87.1452407836914,108.25702667236328,334.82000732421875,37.5099983215332,73.04000091552734,237.42745971679688,496.13690185546875,168.2820281982422,346.3999938964844,76.12999725341797,302.20001220703125,42.567893981933594,419.78558349609375,453.2618103027344,52.481597900390625,288.7063903808594,89.28250122070312,176.0701446533203,155.62071228027344,101.86287689208984,118.04134368896484,151.41000366210938
2025-09-09,644.8601684570312,578.3624267578125,234.9727325439453,86.64997863769531,108.0629653930664,334.05999755859375,37.18000030517578,73.38999938964844,233.9041748046875,496.34600830078125,170.7316131591797,346.9700012207031,76.58999633789062,318.7799987792969,42.77301788330078,415.1287841796875,451.2379455566406,52.70887756347656,293.5754699707031,89.07855224609375,174.91368103027344,156.06112670898438,101.87284088134766,116.58123016357422,155.82000732421875
2025-09-10,646.724365234375,578.5517578125,234.55606079101562,87.1452407836914,108.38319396972656,335.260009765625,37.40999984741211,74.70999908447266,226.35855102539062,498.29791259765625,177.300537109375,347.7900085449219,75.55999755859375,315.3399963378906,43.52024841308594,419.9146423339844,457.961181640625,52.531005859375,296.22686767578125,88.93287658691406,173.75718688964844,153.99609375,100.00050354003906,115.0118408203125,159.5399932861328
2025-09-11,652.0988159179688,581.9192504882812,238.8914337158203,87.72787475585938,108.8877944946289,334.760009765625,37.790000915527344,73.0,229.59239196777344,498.9352722167969,177.1505584716797,368.80999755859375,78.30000305175781,323.95001220703125,43.5300178527832,428.3246765136719,464.73382568359375,53.390708923339844,301.1748352050781,90.55477142333984,176.4358673095703,155.2488250732422,102.23136901855469,116.29317474365234,155.6699981689453
2025-09-12,651.8805541992188,584.4896850585938,236.450927734375,87.34915924072266,108.69371795654297,335.4200134277344,38.34000015258789,73.30999755859375,233.62472534179688,507.7884521484375,177.80047607421875,395.94000244140625,78.56999969482422,323.0400085449219,43.27116775512695,428.4636535644531,465.3064270019531,53.163429260253906,302.5054626464844,90.13716125488281,176.00094604492188,154.5343780517578,103.06794738769531,115.18070220947266,158.57000732421875
2025-09-15,655.3511352539062,589.4910888671875,237.45291137695312,87.55308532714844,109.03336334228516,338.9100036621094,38.7599983215332,74.2300033569336,236.24969482421875,513.225830078125,177.73049926757812,410.0400085449219,79.72000122070312,327.0199890136719,43.124656677246094,432.85235595703125,467.2217102050781,53.04484939575195,304.4668884277344,89.99148559570312,175.34857177734375,153.4871826171875,103.26713562011719,114.84298706054688,161.16000366210938
2025-09-16,654.4487915039062,588.992919921875,237.06192016601562,87.73758697509766,108.9363021850586,339.5899963378906,38.599998474121094,75.66999816894531,237.6969451904297,506.9320068359375,174.86080932617188,421.6199951171875,81.02999877929688,327.9100036621094,43.847469329833984,437.5488586425781,468.278076171875,52.92627716064453,304.7527160644531,89.51558685302734,174.41946411132812,154.68118286132812,102.99822998046875,114.45561218261719,160.4600067138672
2025-09-17,653.6357421875,587.8173217773438,237.66880798339844,87.51423645019531,108.74222564697266,336.9700012207031,37.790000915527344,74.97000122070312,238.5353546142578,507.9079284667969,170.27130126953125,425.8599853515625,80.66999816894531,320.55999755859375,43.95003128051758,447.4681091308594,467.0933532714844,53.440120697021484,307.2760009765625,89.39905548095703,175.15089416503906,156.91258239746094,103.84475708007812,115.31975555419922,159.16000366210938
2025-09-18,656.6898803710938,593.11767578125,243.58839416503906,86.61112976074219,108.51905059814453,335.6199951171875,37.9900016784668,74.69000244140625,237.42745971679688,506.3444519042969,176.2206573486328,416.8500061035156,83.16000366210938,343.1300048828125,43.81328201293945,463.65264892578125,467.58697509765625,53.48952865600586,308.7347717285156,89.59329223632812,172.14605712890625,153.9667510986328,103.17749786376953,114.08808898925781,157.9199981689453
2025-09-19,659.9423217773438,597.1326904296875,241.73788452148438,86.44603729248047,108.43168640136719,339.17999267578125,39.040000915527344,73.5199966430664,245.032958984375,515.7852172851562,176.6505889892578,426.07000732421875,84.95999908447266,342.4599914550781,43.23209762573242,463.23565673828125,466.9156494140625,53.60810852050781,310.26251220703125,89.01056671142578,174.152587890625,152.71400451660156,101.91268157958984,112.9954833984375,157.38999938964844
2025-09-22,663.0645751953125,600.667724609375,243.14068603515625,86.13529968261719,108.18910217285156,345.04998779296875,40.040000915527344,73.44999694824219,255.5928192138672,512.3196411132812,183.58984375,434.2099914550781,84.69000244140625,331.95001220703125,43.182350158691406,468.75628662109375,474.2707824707031,53.53672409057617,307.9560852050781,89.02999114990234,172.1954803466797,149.8073272705078,102.40067291259766,111.80354309082031,159.7899932861328
2025-09-23,659.4551391601562,596.6779174804688,242.59349060058594,86.73735809326172,108.40259552001953,346.4599914550781,39.959999084472656,75.05000305175781,253.9459686279297,507.1212463378906,178.410400390625,425.8500061035156,83.58000183105469,320.07000732421875,43.926109313964844,467.9222106933594,480.47076416015625,53.29878234863281,308.25177001953125,89.51558685302734,174.53805541992188,149.24948120117188,102.10189819335938,111.49563598632812,160.89999389648438
2025-09-24,657.3569946289062,594.583251953125,240.36495971679688,86.40721893310547,107.96592712402344,343.32000732421875,39.81999969482422,76.38999938964844,251.8300018310547,508.0373840332031,176.9505615234375,442.7900085449219,83.45999908447266,321.7699890136719,44.497474670410156,466.4626159667969,480.0561218261719,53.15007400512695,308.92205810546875,88.63512420654297,174.64678955078125,149.1711883544922,102.31105041503906,112.6677017211914,160.8800048828125
2025-09-25,654.3242797851562,592.0198364257812,238.06675720214844,86.40721893310547,107.7718276977539,344.75,41.029998779296875,76.98999786376953,256.3813171386719,504.9303283691406,177.67050170898438,423.3900146484375,81.62999725341797,306.69000244140625,44.896446228027344,460.43560791015625,478.1704406738281,53.01127624511719,308.9516296386719,88.37039184570312,175.6747589111328,148.9069366455078,102.62974548339844,112.23065948486328,161.27000427246094
2025-09-26,658.072998046875,594.4535522460938,240.1062774658203,86.32951354980469,107.91741180419922,346.739990234375,41.86000061035156,77.0199966430664,254.97401428222656,509.3419494628906,178.17044067382812,440.3999938964844,83.0999984741211,312.5899963378906,45.3101921081543,462.4611511230469,481.23095703125,53.397926330566406,311.52410888671875,89.2430191040039,177.6318817138672,149.24948120117188,102.73929595947266,112.70743560791016,159.4600067138672
2025-09-29,659.9224243164062,597.20654296875,240.3848419189453,87.03839111328125,108.27645111083984,352.4599914550781,42.5,74.58999633789062,253.9459686279297,512.4689331054688,181.83004760742188,443.2099914550781,86.16999816894531,333.989990234375,44.47777557373047,468.26971435546875,485.713134765625,53.665611267089844,311.1594543457031,89.2724380493164,179.519775390625,150.2575225830078,102.65962219238281,114.00862884521484,161.36000061035156
2025-09-30,662.4082641601562,598.8424072265625,240.72311401367188,86.78594207763672,108.1697006225586,355.4700012207031,42.369998931884766,73.75,254.14559936523438,515.8051147460938,186.55950927734375,444.7200012207031,86.30000305175781,337.489990234375,44.00491714477539,473.7704772949219,492.85101318359375,53.407840728759766,310.9031677246094,89.63520812988281,183.27584838867188,150.37496948242188,102.63969421386719,113.73051452636719,161.7899932861328
2025-10-01,664.6654052734375,601.7150268554688,241.25039672851562,87.01004791259766,108.60408020019531,356.0299987792969,42.90999984741211,73.13999938964844,254.9640350341797,517.5578002929688,187.21945190429688,459.4599914550781,86.91999816894531,346.1700134277344,44.00491714477539,477.41448974609375,492.6437072753906,52.93195724487305,306.25091552734375,89.77247619628906,183.89854431152344,149.91497802734375,101.54418182373047,112.19092559814453,164.00999450683594
2025-10-02,665.4309692382812,604.188720703125,242.7725830078125,87.263427734375,108.77940368652344,354.7900085449219,42.529998779296875,71.54000091552734,256.6408386230469,513.6041870117188,188.8692626953125,436.0,89.22000122070312,372.07000732421875,43.561622619628906,487.095458984375,492.99908447265625,52.892303466796875,303.1362609863281,89.30184936523438,183.82936096191406,148.80908203125,101.28524017333984,111.38636779785156,169.72999572753906
2025-10-03,665.421142578125,601.645263671875,244.5733184814453,87.0977554321289,108.6430435180664,357.6400146484375,43.52000045776367,71.70999908447266,257.5291442871094,515.20751953125,187.5994110107422,429.8299865722656,88.31999969482422,380.0199890136719,43.79312515258789,494.3238830566406,498.0637512207031,53.259132385253906,305.5806884765625,89.63520812988281,186.45860290527344,149.02438354492188,101.65373992919922,111.71415710449219,164.6699981689453
2025-10-06,667.8074951171875,606.1636962890625,245.54830932617188,86.40589141845703,108.29242706298828,364.3800048828125,44.060001373291016,72.87000274658203,256.2016906738281,526.3811645507812,185.51962280273438,453.25,91.58999633789062,386.07000732421875,44.00984573364258,491.8713684082031,507.6895751953125,53.23929977416992,306.2244567871094,88.79199981689453,185.98416137695312,147.20401000976562,102.28116607666016,111.99227142333984,203.7100067138672
2025-10-07,665.3316040039062,602.9718627929688,242.911865234375,86.90287017822266,108.49696350097656,366.260009765625,43.38999938964844,73.19999694824219,255.99208068847656,521.8101196289062,185.01968383789062,433.0899963378906,89.11000061035156,375.7799987792969,44.078800201416016,483.2627868652344,504.5599670410156,53.30870056152344,304.7486877441406,88.46845245361328,186.70570373535156,149.2886199951172,102.81896209716797,111.77375030517578,211.50999450683594
2025-10-08,669.2990112304688,609.8842163085938,245.4587860107422,86.97107696533203,108.36058807373047,372.29998779296875,44.560001373291016,73.52999877929688,257.5690612792969,522.676513671875,189.0892333984375,438.69000244140625,92.52999877929688,387.2699890136719,43.82267761230469,498.5636291503906,507.472412109375,53.050926208496094,301.1236877441406,88.00762939453125,187.4964599609375,147.47805786132812,102.48035430908203,111.13805389404297,235.55999755859375
2025-10-09,667.3600463867188,609.1461181640625,243.8769073486328,86.90287017822266,108.14633178710938,365.42999267578125,44.709999084472656,72.51000213623047,253.55670166015625,520.2366943359375,192.54885864257812,435.5400085449219,91.66000366210938,387.0,43.226680755615234,496.8160705566406,501.2921142578125,52.8625602722168,302.6093444824219,87.52718353271484,188.87039184570312,147.3704071044922,101.3549575805664,110.24409484863281,232.88999938964844
2025-10-10,649.32275390625,588.0000610351562,236.5744171142578,88.30609130859375,108.44824981689453,369.1199951171875,45.43000030517578,69.38999938964844,244.80340576171875,508.84405517578125,183.139892578125,413.489990234375,86.5199966430664,357.010009765625,41.975589752197266,487.82025146484375,498.61663818359375,51.7125129699707,298.01373291015625,86.40943908691406,188.51455688476562,146.49937438964844,101.42467498779297,108.4561996459961,214.89999389648438
2025-10-13,659.2860107421875,600.4782104492188,243.1605987548828,88.25735473632812,108.81835174560547,378.0899963378906,47.2599983215332,70.27999877929688,247.18885803222656,511.9212646484375,188.29933166503906,435.8999938964844,87.7699966430664,356.989990234375,42.54695129394531,501.1849670410156,497.41217041015625,52.208221435546875,305.0260314941406,86.9585189819336,188.69247436523438,144.34628295898438,101.70352935791016,109.52893829345703,216.4199981689453
2025-10-14,658.4805908203125,596.4784545898438,246.63275146484375,88.53997802734375,109.17870330810547,380.7900085449219,46.79999923706055,69.0,247.29864501953125,511.4432067871094,180.01022338867188,429.239990234375,86.86000061035156,341.54998779296875,42.542030334472656,523.7340087890625,498.7449951171875,52.78324890136719,299.19232177734375,87.85073852539062,188.64305114746094,145.9806671142578,106.77277374267578,110.42288970947266,218.08999633789062
2025-10-15,661.4039306640625,600.6876831054688,249.05032348632812,88.34507751464844,109.17870330810547,387.3900146484375,48.33000183105469,68.98999786376953,248.8656463623047,511.3038330078125,179.8102569580078,435.1499938964844,89.30000305175781,336.29998779296875,42.51740264892578,530.2674560546875,493.0484924316406,52.78324890136719,302.767822265625,89.1253662109375,188.9593505859375,144.2777557373047,108.5853500366211,110.95925903320312,238.60000610351562
2025-10-16,656.8995971679688,598.46337890625,243.80726623535156,89.00770568847656,109.4903564453125,396.45001220703125,49.16999816894531,67.80999755859375,246.979248046875,509.4913330078125,181.7900390625,428.75,86.68000030517578,330.25,42.00514221191406,537.1286010742188,486.9669494628906,51.315940856933594,295.6861572265625,88.81161499023438,189.8983612060547,146.41128540039062,106.03579711914062,109.14155578613281,234.55999755859375
2025-10-17,660.62841796875,602.393310546875,242.1656951904297,88.87128448486328,109.2761001586914,388.989990234375,46.9900016784668,67.9800033569336,251.81002807617188,511.4532165527344,183.19989013671875,439.30999755859375,86.23999786376953,336.0199890136719,42.349937438964844,523.3468627929688,488.8427429199219,51.732337951660156,294.7155456542969,89.39009857177734,190.98565673828125,148.17291259765625,107.29065704345703,109.9262466430664,233.0800018310547
2025-10-20,667.499267578125,609.9839477539062,246.89141845703125,89.21234893798828,109.60724639892578,403.1499938964844,47.720001220703125,67.83000183105469,261.7411193847656,514.6498413085938,182.6199493408203,447.42999267578125,90.01000213623047,343.7799987792969,42.798160552978516,528.93310546875,499.455810546875,52.33710479736328,299.4696350097656,90.29212951660156,191.4798583984375,148.7209930419922,106.61343383789062,111.20758056640625,240.55999755859375
2025-10-21,667.4893188476562,609.8244018554688,245.7274169921875,89.6508560180664,109.62672424316406,377.239990234375,43.790000915527344,68.2699966430664,262.2701110839844,515.5162963867188,181.14010620117188,442.6000061035156,88.6500015258789,338.6199951171875,42.699649810791016,522.4307250976562,483.26470947265625,52.27762222290039,294.2500305175781,90.0372085571289,189.66114807128906,148.38821411132812,105.78681182861328,113.5318603515625,238.02999877929688
2025-10-22,664.0191040039062,603.9493408203125,242.09605407714844,89.70932006835938,109.73384857177734,377.2799987792969,43.880001068115234,70.62999725341797,257.9583435058594,518.3843383789062,180.2602081298828,438.9700012207031,85.3499984741211,320.3299865722656,43.24638366699219,511.7361755371094,480.934814453125,51.980194091796875,291.2984924316406,90.41959381103516,190.70889282226562,148.9558563232422,106.70306396484375,112.32005310058594,230.22999572753906
2025-10-23,667.9566650390625,609.0264282226562,245.16030883789062,89.09541320800781,109.59750366210938,378.7900085449219,44.18000030517578,73.29000091552734,259.0861511230469,518.404296875,182.13999938964844,448.9800109863281,87.93000030517578,322.760009765625,43.82267761230469,518.2982788085938,481.8331604003906,52.08925247192383,291.72442626953125,90.36076354980469,190.24432373046875,148.96566772460938,106.42420196533203,112.2703857421875,234.99000549316406
2025-10-24,673.4155883789062,615.52978515625,248.15492248535156,89.13439178466797,109.78253936767578,377.5199890136719,43.9900016784668,73.18000030517578,262.32000732421875,521.441650390625,186.23953247070312,433.7200012207031,89.33000183105469,354.4599914550781,43.37937545776367,520.5188598632812,479.2268371582031,52.654361724853516,297.5680236816406,90.62549591064453,188.1982421875,150.28330993652344,105.73701477050781,110.9294662475586,252.9199981689453
2025-10-27,681.3603515625,626.4918823242188,249.02047729492188,89.43647003173828,109.96761322021484,367.010009765625,42.400001525878906,73.12000274658203,268.2986145019531,529.3189697265625,191.46897888183594,452.4200134277344,90.25,361.42999267578125,43.482810974121094,524.8405151367188,480.70770263671875,52.872474670410156,301.2425231933594,90.88041687011719,188.0994110107422,149.54417419433594,104.04395294189453,111.58502197265625,259.6700134277344
2025-10-28,683.1700439453125,631.3095703125,247.6873321533203,89.67034912109375,109.97734069824219,364.3800048828125,42.70000076293945,71.38999938964844,268.4882507324219,539.8251953125,201.0079345703125,460.54998779296875,89.27999877929688,355.2200012207031,43.0296630859375,522.25146484375,479.58221435546875,52.53539276123047,302.4409484863281,89.09595489501953,184.7683868408203,149.1795196533203,102.7492446899414,110.89966583251953,258.010009765625
2025-10-29,683.4982299804688,634.15234375,245.57815551757812,88.76408386230469,109.35401153564453,363.0,43.22999954223633,71.80000305175781,269.1869201660156,539.3073120117188,207.01727294921875,461.510009765625,89.2300033569336,348.6099853515625,43.349822998046875,583.0133666992188,479.1478271484375,51.64311218261719,302.58953857421875,86.80162811279297,184.44219970703125,146.6171417236328,102.04214477539062,109.49913787841797,264.3299865722656
2025-10-30,675.9810180664062,624.45703125,243.5983428955078,88.24761962890625,108.76966094970703,370.1300048828125,44.34000015258789,71.70999908447266,270.8836669921875,523.582763671875,202.8677215576172,440.1000061035156,85.68000030517578,328.510009765625,43.093692779541016,580.6832885742188,483.4819030761719,51.78190994262695,306.48199462890625,87.21343231201172,186.86387634277344,147.41542053222656,101.8130874633789,111.08838653564453,254.83999633789062
2025-10-31,678.1983032226562,627.4694213867188,244.97128295898438,87.98452758789062,108.33138275146484,368.1199951171875,44.0099983215332,72.55999755859375,269.85565185546875,515.6656494140625,202.4677734375,456.55999755859375,88.9800033569336,343.7799987792969,43.40892791748047,574.8181762695312,485.6143798828125,51.92070770263672,308.1459045410156,87.4389419555664,186.68594360351562,148.19398498535156,100.76737213134766,111.86315155029297,256.1199951171875
2025-11-03,679.4711303710938,630.4716796875,244.18531799316406,87.76446533203125,108.04008483886719,368.7799987792969,43.7599983215332,72.73999786376953,268.53814697265625,514.888916015625,206.85728454589844,468.3699951171875,88.19000244140625,330.4200134277344,43.41385269165039,568.1764526367188,481.7245788574219,51.702598571777344,306.3928527832031,87.31148529052734,184.1061248779297,145.8780059814453,101.17568969726562,111.36650848388672,259.6499938964844
2025-11-04,671.4169921875,617.67431640625,239.9669952392578,87.96007537841797,108.18671417236328,362.32000732421875,42.7400016784668,71.93000030517578,269.5262756347656,512.2001342773438,198.66818237304688,444.260009765625,83.5,307.32000732421875,42.945926666259766,545.2637329101562,478.80230712890625,51.97027587890625,306.2937927246094,87.45854949951172,184.69918823242188,145.040283203125,101.85292053222656,110.72087860107422,250.0500030517578
2025-11-05,673.7437133789062,621.6941528320312,243.42919921875,87.00163269042969,107.86414337158203,366.510009765625,43.650001525878906,71.02999877929688,269.6260986328125,505.0597839355469,195.18858337402344,462.07000732421875,84.98999786376953,319.29998779296875,43.0592155456543,566.7425537109375,467.1131286621094,52.14873504638672,308.7005615234375,87.5369873046875,183.84913635253906,143.6802520751953,101.05618286132812,110.61161041259766,256.3299865722656
2025-11-06,666.514892578125,610.1136474609375,239.121337890625,87.78404235839844,108.43108367919922,366.07000732421875,43.54999923706055,70.87999725341797,269.25677490234375,495.04144287109375,188.05935668945312,445.9100036621094,80.91999816894531,295.2200012207031,43.477882385253906,567.369873046875,462.9468994140625,51.96036911010742,310.4239501953125,87.11538696289062,184.80792236328125,144.01535034179688,101.26532745361328,109.7474594116211,237.6999969482422
2025-11-07,667.1710815429688,608.1885375976562,240.37490844726562,87.59822082519531,108.21603393554688,368.30999755859375,43.91999816894531,71.26000213623047,267.9592590332031,494.7626037597656,188.1293487548828,429.5199890136719,80.75,309.1400146484375,44.103431701660156,560.7180786132812,452.5115051269531,52.32719039916992,311.20635986328125,88.46845245361328,184.4125518798828,144.85304260253906,102.1716079711914,109.99578094482422,233.5399932861328
2025-11-10,677.5818481445312,621.6442260742188,242.78253173828125,87.57866668701172,108.27467346191406,378.3800048828125,45.790000915527344,71.68000030517578,269.1781311035156,503.90460205078125,199.0281524658203,445.2300109863281,82.83999633789062,317.92999267578125,44.502403259277344,568.435302734375,446.34112548828125,52.51556396484375,313.8607482910156,88.41942596435547,186.2312774658203,143.3944549560547,102.00231170654297,111.4856948852539,243.97999572753906
2025-11-11,679.1329956054688,619.9884643554688,242.99147033691406,87.9796371459961,108.70477294921875,379.8699951171875,46.45000076293945,72.72000122070312,274.99267578125,506.573486328125,193.1387939453125,439.6199951171875,82.05000305175781,304.010009765625,45.0836181640625,565.5276489257812,451.247802734375,52.753501892089844,312.6028747558594,89.40970611572266,191.58859252929688,146.3904571533203,103.01815032958984,114.07815551757812,237.52000427246094
2025-11-12,679.5109252929688,619.4996948242188,242.39451599121094,88.13610076904297,108.59724426269531,385.989990234375,48.31999969482422,69.79000091552734,273.21435546875,509.0233154296875,193.7787322998047,430.6000061035156,81.36000061035156,304.0,44.453147888183594,570.5961303710938,451.21820068359375,53.209556579589844,317.34710693359375,88.74298095703125,192.14210510253906,145.86813354492188,103.01815032958984,115.8660659790039,258.8900146484375
2025-11-13,668.235107421875,606.8519897460938,235.57952880859375,87.41239166259766,108.05963897705078,382.8699951171875,47.41999816894531,69.8499984741211,272.6948547363281,501.205810546875,186.8394775390625,401.989990234375,77.08999633789062,283.1400146484375,44.566436767578125,551.2084350585938,450.0433654785156,52.52547836303711,306.5216064453125,87.65464782714844,192.99217224121094,145.81886291503906,102.121826171875,106.8868179321289,247.9600067138672
2025-11-14,668.1256713867188,607.310791015625,236.26600646972656,86.91363525390625,107.76639556884766,375.9599914550781,45.959999084472656,71.37999725341797,272.15533447265625,508.0672912597656,190.14910888671875,404.3500061035156,76.91999816894531,284.0,45.32497024536133,551.6864624023438,459.83697509765625,52.000022888183594,300.7076721191406,87.84093475341797,193.664306640625,145.53305053710938,102.06207275390625,105.08898162841797,246.80999755859375
2025-11-17,661.901123046875,602.1240234375,231.57012939453125,87.12879180908203,107.8348159790039,371.6499938964844,45.470001220703125,71.30000305175781,267.2099609375,505.388427734375,186.5795135498047,408.9200134277344,75.48999786376953,263.95001220703125,44.497474670410156,549.7147827148438,464.7831726074219,51.00860595703125,297.4986572265625,87.11538696289062,197.27210998535156,143.7098388671875,102.5301513671875,104.97972106933594,240.52000427246094
2025-11-18,656.3427734375,594.7926635742188,232.27651977539062,87.09944152832031,107.8836898803711,374.3500061035156,46.099998474121094,72.5,267.19000244140625,491.74517822265625,181.340087890625,401.25,74.97000122070312,261.7900085449219,44.852115631103516,544.5667114257812,468.6729736328125,50.92928695678711,296.5478515625,87.46835327148438,197.68724060058594,144.8629150390625,100.97650909423828,105.56575012207031,230.2899932861328
2025-11-19,658.8783569335938,598.3436279296875,232.2366943359375,86.92340087890625,107.89347076416016,374.9599914550781,46.45000076293945,70.87999725341797,268.3089294433594,485.102783203125,186.49952697753906,403.989990234375,74.38999938964844,257.2900085449219,44.27090072631836,550.7703247070312,463.9242858886719,51.11766052246094,300.3709411621094,86.78202819824219,200.168212890625,144.8629150390625,100.19969177246094,103.96656799316406,223.5500030517578
2025-11-20,648.8355712890625,584.1797485351562,227.9387969970703,87.26570129394531,108.04008483886719,374.8500061035156,45.779998779296875,70.1500015258789,266.0010986328125,477.3404846191406,180.6201629638672,395.2300109863281,71.75,238.16000366210938,43.76849365234375,543.81982421875,462.2952880859375,50.6715202331543,295.5277099609375,86.41924285888672,200.72174072265625,146.0455322265625,106.67318725585938,102.00981140136719,206.02000427246094
2025-11-21,655.2987670898438,588.568603515625,234.3956298828125,87.5297622680664,108.42130279541016,374.2699890136719,45.29999923706055,69.30000305175781,271.2361755371094,471.04486083984375,178.86036682128906,391.0899963378906,73.3499984741211,240.41000366210938,44.0443229675293,548.1016845703125,454.9105529785156,51.226715087890625,295.171142578125,87.82133483886719,201.54214477539062,148.73602294921875,104.8904800415039,103.57919311523438,203.77999877929688
2025-11-24,664.9437866210938,603.6201782226562,238.67364501953125,88.02853393554688,108.85138702392578,380.20001220703125,46.630001068115234,70.41999816894531,275.6620788574219,472.92059326171875,182.52996826171875,417.7799987792969,76.79000091552734,255.97000122070312,43.92118453979492,557.2328491210938,445.3143615722656,51.444828033447266,295.1513366699219,88.056640625,203.6672821044922,144.85304260253906,103.6356201171875,101.25492095947266,215.0500030517578
2025-11-25,671.1982421875,607.3407592773438,243.8769073486328,88.25345611572266,109.15441131591797,380.0799865722656,46.66999816894531,69.25,276.7110900878906,475.90374755859375,177.80047607421875,419.3999938964844,77.30000305175781,254.1199951171875,43.645355224609375,564.2132568359375,446.6471862792969,52.08925247192383,300.103515625,88.87044525146484,205.57713317871094,146.34120178222656,106.56362915039062,102.61570739746094,206.1300048828125
2025-11-26,675.8318481445312,612.70703125,246.0358123779297,88.6446533203125,109.5258560180664,383.1199951171875,48.400001525878906,70.04000091552734,277.29052734375,484.3943786621094,180.24020385742188,426.5799865722656,78.47000122070312,264.9700012207031,43.975364685058594,571.3031005859375,448.3748779296875,52.49573516845703,304.6991882324219,89.26263427734375,206.46241760253906,146.1046600341797,108.65506744384766,102.73490905761719,214.24000549316406
2025-11-28,679.5208129882812,617.67431640625,247.47840881347656,88.22412872314453,109.34013366699219,387.8800048828125,51.209999084472656,71.06999969482422,278.5893249511719,490.88958740234375,176.98056030273438,430.1700134277344,79.68000030517578,272.82000732421875,44.551658630371094,573.3245239257812,452.0277404785156,52.872474670410156,310.087158203125,89.55677032470703,205.8258056640625,146.01597595214844,110.05931854248047,103.7679214477539,217.52999877929688
2025-12-01,676.41845703125,615.599609375,244.36439514160156,87.1258544921875,108.75440979003906,389.75,52.52000045776367,71.05999755859375,282.8353576660156,485.6315612792969,179.90025329589844,430.1400146484375,77.52999877929688,259.8399963378906,44.98017883300781,565.6571044921875,436.8875427246094,52.436248779296875,305.9669494628906,88.52726745605469,204.254150390625,145.306396484375,111.07514953613281,106.05245971679688,219.75999450683594
2025-12-02,677.67138671875,620.4172973632812,243.9167022705078,87.16510772705078,108.82308959960938,387.239990234375,53.130001068115234,70.19999694824219,285.9224548339844,488.8841552734375,181.44007873535156,429.239990234375,78.22000122070312,263.260009765625,44.398963928222656,580.006103515625,439.5037536621094,52.38667678833008,304.9368896484375,88.2135238647461,204.333740234375,143.74925231933594,111.95156860351562,104.12550354003906,215.24000549316406
2025-12-03,680.0180053710938,621.9334716796875,248.35389709472656,87.41047668457031,109.06836700439453,386.8800048828125,53.06999969482422,70.66000366210938,283.8843688964844,476.64208984375,179.57028198242188,446.739990234375,80.75,276.9200134277344,45.23138427734375,588.9879760742188,444.4576416015625,53.0905876159668,309.1462707519531,88.43902587890625,204.2442169189453,144.5869598388672,113.94341278076172,105.02938079833984,217.60000610351562
2025-12-04,680.51513671875,621.35498046875,250.53271484375,86.93936157226562,108.87214660644531,387.1300048828125,51.7599983215332,71.38999938964844,280.4375915527344,479.7449951171875,183.37008666992188,454.5299987792969,82.6500015258789,274.04998779296875,45.42348098754883,596.6156616210938,445.99951171875,53.199642181396484,313.0783386230469,88.22332763671875,201.40928649902344,143.25648498535156,114.37165832519531,104.76119995117188,215.97999572753906
2025-12-05,681.8078002929688,623.8884887695312,249.4880828857422,86.53695678710938,108.76422119140625,386.44000244140625,52.95000076293945,71.91999816894531,278.5193786621094,482.0597229003906,182.40013122558594,455.0,81.91000366210938,269.7300109863281,45.23630905151367,600.6185913085938,449.829345703125,53.2194709777832,312.0284729003906,88.12527465820312,200.8621826171875,141.37411499023438,114.64055633544922,104.59234619140625,217.97000122070312
2025-12-08,679.7594604492188,622.6915283203125,249.58755493164062,86.25233459472656,108.53857421875,385.4200134277344,52.709999084472656,70.48999786376953,277.6302185058594,489.9018249511719,185.5399627685547,439.5799865722656,81.95999908447266,274.20001220703125,44.743751525878906,593.976806640625,462.94024658203125,53.02118682861328,312.1968078613281,87.4487533569336,200.5538330078125,136.33807373046875,113.09687042236328,106.90667724609375,221.11000061035156
2025-12-09,679.1727905273438,623.4595336914062,250.1049041748047,86.34066772460938,108.40121459960938,387.3999938964844,55.16999816894531,69.86000061035156,276.9208679199219,490.8995361328125,184.95999145507812,445.1700134277344,82.52999877929688,277.3599853515625,45.01958465576172,591.8458251953125,464.44232177734375,52.82290267944336,297.6373596191406,87.11538696289062,198.90261840820312,137.60940551757812,114.59075927734375,106.30077362060547,221.6199951171875
2025-12-10,683.6771850585938,626.0130615234375,253.50741577148438,86.67437744140625,108.90157318115234,389.04998779296875,56.06999969482422,70.54000091552734,278.5193786621094,477.4701843261719,183.77005004882812,451.45001220703125,83.16000366210938,275.0899963378906,45.49243927001953,612.7470092773438,465.48681640625,53.427669525146484,307.1455383300781,87.42913818359375,205.44781494140625,137.79666137695312,112.71842193603516,108.09861755371094,221.4199981689453
2025-12-11,685.26806640625,623.98828125,256.4821472167969,86.55660247802734,108.74459838867188,393.239990234375,57.619998931884766,69.25,277.77008056640625,482.3690185546875,180.92019653320312,446.8900146484375,82.05999755859375,269.0199890136719,45.27571487426758,622.9636840820312,472.39044189453125,54.399261474609375,314.3460693359375,87.8115234375,208.8994598388672,138.72305297851562,115.04888153076172,110.7109375,221.42999267578125
2025-12-12,677.9000854492188,612.0586547851562,252.55233764648438,85.72232818603516,108.08726501464844,395.44000244140625,56.099998474121094,68.80999755859375,278.0198669433594,477.4402770996094,175.01052856445312,458.9599914550781,80.38999938964844,267.4599914550781,44.83241271972656,595.3609619140625,477.7322692871094,54.47857666015625,315.4751892089844,87.70366668701172,210.46116638183594,140.77294921875,116.46098327636719,110.8499984741211,210.77999877929688
2025-12-15,676.8758544921875,608.9865112304688,250.6421356201172,85.7812271118164,108.2148208618164,395.79998779296875,58.11000061035156,67.88999938964844,273.8537292480469,473.73870849609375,176.28045654296875,475.30999755859375,79.20999908447266,250.4199981689453,44.51717758178711,587.2653198242188,481.88043212890625,54.51823425292969,316.9608154296875,87.97821044921875,213.03746032714844,143.02981567382812,116.5508041381836,110.48999786376953,207.5800018310547
2025-12-16,675.0264282226562,610.1934204101562,249.4562530517578,86.25233459472656,108.4600830078125,395.8900146484375,57.72999954223633,66.16999816894531,274.353271484375,475.3051452636719,177.71038818359375,489.8800048828125,80.13999938964844,252.61000061035156,43.15772247314453,586.4388427734375,474.5589904785156,54.171234130859375,312.5335693359375,87.33109283447266,208.19322204589844,143.10865783691406,115.18360900878906,111.62000274658203,209.1699981689453
2025-12-17,667.5986938476562,598.8822631835938,246.8009796142578,86.17382049560547,108.34236145019531,399.2900085449219,60.2599983215332,67.9800033569336,271.58587646484375,475.0357360839844,170.93075561523438,467.260009765625,77.69999694824219,244.19000244140625,44.11328125,559.5132446289062,472.3009033203125,54.16132354736328,311.9690246582031,87.65464782714844,209.2177734375,145.67103576660156,115.42312622070312,110.62999725341797,198.11000061035156
2025-12-18,672.6399536132812,607.5601196289062,248.26837158203125,86.58604431152344,108.75440979003906,398.57000732421875,59.31999969482422,67.19000244140625,271.935546875,482.87786865234375,174.1305694580078,483.3699951171875,78.69000244140625,239.1999969482422,43.47296142578125,563.4365234375,467.67529296875,54.07209396362305,310.0079345703125,87.1938247680664,207.2084503173828,143.4141845703125,114.59481811523438,111.87000274658203,201.05999755859375
2025-12-19,678.7363891601562,615.47998046875,250.34466552734375,86.26287078857422,108.47468566894531,399.0199890136719,60.93000030517578,68.02999877929688,273.4141845703125,484.8134460449219,180.98020935058594,481.20001220703125,80.30000305175781,245.1199951171875,43.47296142578125,573.7825927734375,471.6443786621094,54.3695182800293,314.17767333984375,86.86045837402344,205.27871704101562,142.36952209472656,114.12578582763672,111.23999786376953,213.42999267578125
2025-12-22,682.96484375,618.4302368164062,253.12973022460938,86.07565307617188,108.4549789428711,408.2300109863281,62.470001220703125,69.7300033569336,270.7166748046875,483.81573486328125,183.6800537109375,488.7300109863281,81.48999786376953,247.89999389648438,43.92301940917969,579.9464111328125,481.0348815917969,55.03709030151367,320.0014953613281,87.30669403076172,206.22369384765625,140.6251220703125,112.369384765625,112.37999725341797,214.9499969482422
2025-12-23,686.0863037109375,621.3265380859375,251.63238525390625,86.21359252929688,108.56332397460938,413.6400146484375,64.83999633789062,70.30000305175781,272.1053771972656,485.7413330078125,189.19976806640625,485.55999755859375,80.51000213623047,242.3000030517578,44.21113586425781,579.9563598632812,480.02020263671875,55.14652633666992,322.8143310546875,87.24732971191406,204.69183349609375,141.1080322265625,110.67286682128906,113.22000122070312,214.89999389648438
2025-12-24,688.4996948242188,623.144287109375,252.2612762451172,86.73580169677734,108.98686981201172,411.92999267578125,65.22000122070312,70.19999694824219,273.55401611328125,486.90863037109375,188.59979248046875,485.3999938964844,80.6500015258789,239.72999572753906,44.08198165893555,581.2907104492188,483.20343017578125,55.44499206542969,326.02337646484375,87.82119750976562,206.68125915527344,142.3990936279297,111.38141632080078,114.4800033569336,215.0399932861328
2025-12-26,688.4298706054688,623.1043090820312,250.9735565185547,86.45006561279297,108.97701263427734,416.739990234375,71.12000274658203,68.4800033569336,273.1444091796875,486.599365234375,190.51968383789062,475.19000244140625,79.69999694824219,236.89999389648438,43.9130859375,580.533935546875,480.4977111816406,55.33555221557617,324.7754211425781,87.92013549804688,206.5320587158203,142.6454620361328,111.51114654541016,113.55999755859375,214.99000549316406
2025-12-29,685.9765625,620.088134765625,249.43629455566406,86.77521514892578,109.12477111816406,398.6000061035156,66.01000213623047,69.61000061035156,273.50408935546875,485.9907531738281,188.20980834960938,459.6400146484375,78.61000061035156,233.77000427246094,44.33035659790039,576.1624755859375,486.30706787109375,55.03709030151367,320.6551818847656,88.09823608398438,206.46241760253906,142.47793579101562,112.29953002929688,114.19000244140625,215.61000061035156
2025-12-30,685.138916015625,618.64990234375,247.58956909179688,86.56830596923828,108.99671173095703,398.8900146484375,68.9800033569336,69.73999786376953,272.82470703125,486.3699035644531,187.52984619140625,454.42999267578125,77.87000274658203,231.60000610351562,44.66815185546875,574.9476318359375,485.441650390625,54.897804260253906,320.328369140625,88.27632904052734,205.81585693359375,141.9654541015625,111.69078063964844,114.79000091552734,215.33999633789062
2025-12-31,680.062744140625,613.536376953125,245.722900390625,85.87860107421875,108.5337905883789,396.30999755859375,64.41999816894531,69.16000366210938,271.6058349609375,482.5186767578125,186.4899139404297,449.7200012207031,76.91999816894531,226.13999938964844,44.41977310180664,570.44677734375,481.1343688964844,54.48990249633789,319.1398010253906,87.55404663085938,205.85565185546875,141.2361602783203,111.18183135986328,113.7699966430664,214.16000366210938
2026-01-02,681.309326171875,612.347900390625,248.33824157714844,85.7505111694336,108.50424194335938,398.2799987792969,65.75,68.95999908447266,270.75665283203125,471.8630065917969,188.83978271484375,438.07000732421875,78.30999755859375,236.52999877929688,45.35367202758789,595.8787231445312,494.464111328125,54.64908218383789,322.36865234375,87.58373260498047,206.2535400390625,139.73814392089844,112.52906036376953,111.8499984741211,223.47000122070312
2026-01-05,685.846923828125,617.2117309570312,252.28123474121094,86.17418670654297,108.8095703125,408.760009765625,69.08000183105469,70.22000122070312,267.0101623535156,471.773193359375,188.1098175048828,451.6700134277344,81.33999633789062,254.9199981689453,46.58562088012695,613.493896484375,508.8880920410156,55.84294891357422,330.8468322753906,87.7816162109375,203.22959899902344,138.33868408203125,112.47916412353516,114.06999969482422,221.0800018310547
2026-01-06,689.92578125,622.6348876953125,255.62527465820312,85.99683380126953,108.8095703125,413.17999267578125,73.70999908447266,68.51000213623047,262.1147155761719,477.4203186035156,187.22987365722656,432.9599914550781,81.86000061035156,250.55999755859375,45.34373474121094,620.454345703125,519.3031616210938,56.111568450927734,332.90625,88.42474365234375,203.70706176757812,137.88536071777344,114.10581970214844,114.56999969482422,214.35000610351562
2026-01-07,687.701904296875,623.2341918945312,255.02635192871094,86.49932861328125,108.88836669921875,409.2300109863281,70.95999908447266,67.79000091552734,260.08660888671875,482.3690185546875,189.09976196289062,431.4100036621094,81.13999938964844,245.92999267578125,44.8370475769043,593.9967651367188,494.26513671875,55.32560729980469,325.3250732421875,87.5639419555664,206.39279174804688,136.04241943359375,112.48914337158203,112.91000366210938,210.02000427246094
2026-01-08,687.632080078125,619.6885986328125,257.8113708496094,86.06580352783203,108.5830307006836,411.489990234375,69.70999908447266,70.54000091552734,258.7978515625,477.0212097167969,185.0299835205078,435.79998779296875,80.55000305175781,245.58999633789062,46.24782943725586,605.5576171875,515.7220458984375,55.6141242980957,328.11083984375,88.34558868408203,204.6619873046875,139.48190307617188,112.83842468261719,114.16999816894531,204.67999267578125
2026-01-09,692.1796264648438,625.86083984375,259.7679138183594,86.63728332519531,108.97701263427734,414.4700012207031,72.37999725341797,70.77999877929688,259.1275329589844,478.1885681152344,184.84999084472656,445.010009765625,80.29000091552734,240.77999877929688,46.36705017089844,615.0075073242188,540.07373046875,55.44499206542969,327.5138854980469,88.52368927001953,203.30918884277344,139.81698608398438,114.2954330444336,115.87999725341797,203.1699981689453
2026-01-12,693.2666625976562,626.3801879882812,261.03564453125,86.38109588623047,108.8489761352539,422.2300109863281,77.2300033569336,71.6500015258789,260.0067138671875,476.09332275390625,184.92999267578125,448.9599914550781,82.54000091552734,242.97999572753906,46.03919219970703,627.1060791015625,548.35009765625,55.00724411010742,322.8377990722656,88.64241027832031,208.6110076904297,141.38400268554688,117.7283935546875,112.81999969482422,207.69000244140625
2026-01-13,691.8804931640625,625.4513549804688,260.88592529296875,86.52889251708984,109.08535766601562,421.6300048828125,78.5999984741211,73.4800033569336,260.8059387207031,469.5981750488281,185.79994201660156,447.20001220703125,83.20999908447266,252.69000244140625,46.694908142089844,633.8375244140625,555.3731079101562,53.95266342163086,309.3169860839844,89.13712310791016,212.5202178955078,142.15269470214844,120.11349487304688,112.9800033569336,220.97000122070312
2026-01-14,688.479736328125,618.769775390625,262.72265625,87.03140258789062,109.36115264892578,425.94000244140625,84.55999755859375,72.61000061035156,259.71697998046875,458.3338928222656,183.1300811767578,439.20001220703125,83.19999694824219,255.86000061035156,47.74802780151367,636.048095703125,569.6976318359375,53.87307357788086,306.30242919921875,89.90888214111328,217.39430236816406,144.23216247558594,119.79415130615234,113.52999877929688,223.60000610351562
2026-01-15,690.3546142578125,620.9970092773438,265.0385437011719,87.01168823242188,109.22325897216797,423.3299865722656,83.31999969482422,71.12999725341797,257.9685974121094,455.6200866699219,187.03988647460938,438.57000732421875,81.93000030517578,239.27999877929688,47.30094909667969,644.4423828125,574.8604125976562,54.09194564819336,307.68536376953125,90.53221130371094,218.40892028808594,142.5370635986328,118.95586395263672,113.41000366210938,227.9199981689453
2026-01-16,689.7761840820312,620.4776611328125,265.2881164550781,86.50919342041016,108.90807342529297,421.2900085449219,81.0199966430664,71.6500015258789,255.29112243652344,458.8127746582031,186.21990966796875,437.5,81.68000030517578,241.14999389648438,47.380428314208984,644.1536254882812,579.3765869140625,54.16158676147461,310.8789978027344,91.64037322998047,217.50372314453125,142.43849182128906,119.45484161376953,111.19999694824219,231.8300018310547
2026-01-20,675.7345581054688,607.2942504882812,262.1137390136719,85.3760986328125,108.2481460571289,437.2300109863281,85.38999938964844,71.86000061035156,246.46937561035156,453.48492431640625,178.06036376953125,419.25,79.2300033569336,227.72999572753906,47.291011810302734,627.8047485351562,573.0399780273438,52.92793273925781,301.19854736328125,89.93856048583984,217.0561065673828,144.8727569580078,118.46687316894531,110.33999633789062,231.9199981689453
2026-01-21,683.5332641601562,615.50390625,267.3144836425781,86.0263900756836,108.89822387695312,443.6000061035156,83.95999908447266,73.33999633789062,247.41848754882812,443.0986328125,183.31008911132812,431.44000244140625,80.29000091552734,226.92999267578125,48.43354797363281,644.1536865234375,583.1566772460938,53.18659973144531,300.50213623046875,90.29475402832031,216.85716247558594,143.94635009765625,119.11553955078125,113.19000244140625,249.8000030517578
2026-01-22,687.103515625,619.978271484375,269.3109436035156,86.40080261230469,109.10505676269531,451.7900085449219,87.12999725341797,71.81999969482422,248.1178436279297,450.1126403808594,184.82998657226562,449.3599853515625,82.2300033569336,223.13999938964844,48.59251022338867,647.1778564453125,590.79638671875,53.534812927246094,302.0840148925781,89.4042739868164,217.33462524414062,147.76034545898438,117.58867645263672,113.20999908447266,253.72999572753906
2026-01-23,687.352783203125,621.935791015625,264.33978271484375,86.63728332519531,109.17400360107422,458.0,92.91000366210938,73.94999694824219,247.80812072753906,464.888916015625,187.6598358154297,449.05999755859375,80.69999694824219,216.9499969482422,48.87069320678711,625.4293212890625,587.7225952148438,52.7985954284668,296.2041015625,89.58236694335938,218.97589111328125,149.02780151367188,117.48888397216797,110.9800033569336,259.67999267578125
2026-01-26,690.84326171875,624.67236328125,263.5112609863281,87.05109405517578,109.26265716552734,464.70001220703125,98.33999633789062,73.4800033569336,255.17123413085938,469.20904541015625,186.4599151611328,435.20001220703125,79.91999816894531,213.47999572753906,48.90049743652344,634.7116088867188,578.610595703125,53.13685607910156,299.5072021484375,89.46363830566406,220.3187713623047,148.3727569580078,117.39906311035156,111.30999755859375,251.30999755859375
2026-01-27,693.5957641601562,630.335205078125,264.25994873046875,86.50919342041016,109.14446258544922,476.1000061035156,101.58999633789062,75.66000366210938,258.0285339355469,479.485595703125,188.50979614257812,430.8999938964844,79.7699966430664,210.8300018310547,49.34757614135742,637.6959228515625,591.8309936523438,52.72895431518555,298.7809143066406,89.43395233154297,223.25315856933594,147.23133850097656,116.70050048828125,110.61000061035156,252.02999877929688
2026-01-28,693.5259399414062,632.4225463867188,262.83245849609375,86.31212615966797,108.98686981201172,494.55999755859375,105.5999984741211,76.62000274658203,256.2002868652344,480.533203125,191.5096435546875,431.4599914550781,78.94000244140625,209.42999267578125,49.7251091003418,642.0576782226562,594.1387939453125,52.7190055847168,299.2385559082031,88.51378631591797,226.5158233642578,146.2388153076172,116.33125305175781,109.55999755859375,252.74000549316406
2026-01-29,692.1497192382812,628.6373291015625,262.90234375,86.33182525634766,109.01641845703125,495.8999938964844,105.56999969482422,79.13999938964844,258.0385437011719,432.5128173828125,192.49957275390625,416.55999755859375,77.63999938964844,199.17999267578125,50.18212127685547,663.9758911132812,619.2464599609375,53.27614212036133,304.8598327636719,89.75056457519531,226.0880889892578,148.77967834472656,117.16954040527344,111.58000183105469,252.17999267578125
2026-01-30,690.0853271484375,621.0868530273438,259.1889343261719,85.84902954101562,108.90807342529297,444.95001220703125,75.44000244140625,79.5199966430664,259.2374267578125,429.31011962890625,191.11965942382812,430.4100036621094,74.87000274658203,194.74000549316406,50.7186164855957,656.1109008789062,630.8950805664062,53.16670227050781,304.33251953125,89.8396224975586,226.0482940673828,150.63571166992188,118.89598846435547,112.80000305175781,236.72999572753906
2026-02-02,693.5159912109375,625.3515014648438,261.7144470214844,85.60375213623047,108.8072280883789,427.1300048828125,72.44000244140625,75.33000183105469,269.7575988769531,422.4058837890625,185.59996032714844,421.80999755859375,74.36000061035156,187.86000061035156,49.7251091003418,689.5971069335938,632.665771484375,53.753684997558594,306.5710754394531,88.90956115722656,229.52980041503906,152.0450897216797,123.80591583251953,104.44999694824219,246.27000427246094
2026-02-03,687.6520385742188,615.7435913085938,262.3133850097656,85.81145477294922,108.85665893554688,454.2900085449219,76.95999908447266,77.47000122070312,269.22808837890625,410.2735595703125,180.33023071289062,421.9599914550781,73.44000244140625,179.66000366210938,51.334590911865234,701.5543823242188,624.9663696289062,53.25624084472656,313.24688720703125,88.71167755126953,231.86737060546875,154.1591796875,127.44844055175781,104.22000122070312,242.11000061035156
2026-02-04,684.3211059570312,604.9871826171875,260.0574035644531,85.59385681152344,108.71825408935547,453.9700012207031,79.18000030517578,77.87999725341797,276.23150634765625,413.2467956542969,174.18057250976562,406.010009765625,69.98999786376953,168.6199951171875,52.487064361572266,690.5054321289062,599.6000366210938,53.684043884277344,315.654541015625,89.98802947998047,233.23011779785156,155.6975860595703,127.73784637451172,107.05000305175781,200.19000244140625
2026-02-05,675.7744750976562,596.2781982421875,255.375732421875,86.5235824584961,109.24221801757812,441.8800048828125,66.69000244140625,76.69000244140625,275.6520690917969,392.7735290527344,171.87069702148438,397.2099914550781,66.33000183105469,146.1199951171875,51.871089935302734,677.0210571289062,605.986328125,53.01747131347656,308.5807800292969,89.85940551757812,236.53256225585938,157.42459106445312,126.68002319335938,104.97000122070312,192.5
2026-02-06,688.739013671875,608.8822631835938,264.5494079589844,86.58292388916016,109.3015365600586,455.4599914550781,70.19000244140625,76.98999786376953,277.8599853515625,400.22650146484375,185.39996337890625,411.1099853515625,70.41000366210938,165.1199951171875,52.90433883666992,724.820068359375,620.3108520507812,53.98250961303711,320.7584533691406,91.27428436279297,238.72093200683594,157.9803924560547,130.9113311767578,108.69999694824219,208.44000244140625
2026-02-09,692.0599975585938,613.54638671875,266.4060974121094,86.56314086914062,109.3015365600586,467.0299987792969,76.04000091552734,78.0199966430664,274.6199951171875,412.65814208984375,190.0297088623047,417.32000732421875,72.44000244140625,167.25,53.291805267333984,740.7098388671875,634.9437255859375,53.664146423339844,320.4599914550781,91.66015625,237.37806701660156,156.15415954589844,128.75576782226562,107.12999725341797,216.0
2026-02-10,690.2349243164062,610.699951171875,265.6873779296875,87.56210327148438,109.55857849121094,462.3999938964844,73.41000366210938,78.02999877929688,273.67999267578125,412.328857421875,188.52978515625,425.2099914550781,72.26000213623047,162.50999450683594,53.23219680786133,740.9593505859375,626.259521484375,53.27614212036133,316.659423828125,92.88703918457031,237.08961486816406,157.8910675048828,126.44050598144531,109.95999908447266,213.57000732421875
2026-02-11,690.075439453125,612.337890625,264.47955322265625,87.09723663330078,109.43993377685547,467.6300048828125,76.55999755859375,78.88999938964844,275.5,403.4491271972656,190.0397186279297,428.2699890136719,70.87000274658203,153.1999969482422,54.62310791015625,773.52734375,625.404052734375,52.47028350830078,309.2374267578125,92.37254333496094,239.58633422851562,158.80419921875,128.5062713623047,108.12000274658203,213.5800018310547
2026-02-12,679.41455078125,599.8836059570312,259.07916259765625,88.25445556640625,109.95402526855469,451.3900146484375,67.7300033569336,76.37999725341797,261.7300109863281,400.9248962402344,186.9298858642578,417.07000732421875,68.44999694824219,141.08999633789062,53.629600524902344,756.8490600585938,634.0882568359375,51.42565155029297,301.09906005859375,92.26370239257812,243.25682067871094,160.00515747070312,133.3662872314453,102.37999725341797,205.94000244140625
2026-02-13,679.8931884765625,601.1619873046875,262.4930725097656,88.73908996582031,110.31981658935547,462.6199951171875,69.72000122070312,76.22000122070312,255.77999877929688,400.4060974121094,182.80010986328125,417.44000244140625,70.25,164.32000732421875,53.997196197509766,772.7288818359375,649.1588745117188,51.385860443115234,301.0094909667969,93.58952331542969,242.16262817382812,158.87368774414062,133.61578369140625,105.44999694824219,207.32000732421875
2026-02-17,680.9901733398438,600.542724609375,262.57293701171875,88.88745880126953,110.4285659790039,448.20001220703125,66.37000274658203,75.7300033569336,263.8800048828125,395.95623779296875,184.95999145507812,410.6300048828125,70.30000305175781,166.02000427246094,53.401092529296875,763.3068237304688,646.174560546875,51.93304443359375,305.5661926269531,94.48001098632812,242.04327392578125,158.35755920410156,128.5861053466797,105.44000244140625,203.0800018310547
2026-02-18,684.4208374023438,605.027099609375,263.521240234375,88.5511703491211,110.31981658935547,458.2799987792969,70.08999633789062,79.4000015258789,264.3500061035156,398.69000244140625,187.96981811523438,411.32000732421875,71.38999938964844,164.0500030517578,54.42440414428711,750.5410766601562,646.4033813476562,52.32105255126953,307.2077941894531,93.37185668945312,243.6945037841797,155.6876678466797,126.36067199707031,107.0999984741211,200.1199951171875
2026-02-19,682.61572265625,602.7100219726562,264.1301574707031,88.64019012451172,110.40878295898438,459.55999755859375,71.01000213623047,81.19000244140625,260.5799865722656,398.4599914550781,187.88983154296875,411.7099914550781,72.23999786376953,165.94000244140625,54.82181167602539,759.0848999023438,663.0158081054688,51.88330078125,306.48150634765625,93.1739730834961,245.60433959960938,157.3749542236328,124.6142578125,106.0,203.3699951171875
2026-02-20,687.5523071289062,608.0433349609375,264.14013671875,88.43248748779297,110.31981658935547,468.6199951171875,76.62000274658203,80.8499984741211,264.5799865722656,397.2300109863281,189.8097381591797,411.82000732421875,71.48999786376953,171.35000610351562,54.52375793457031,758.2963256835938,654.80908203125,52.22156524658203,309.20758056640625,93.87645721435547,241.2077178955078,159.578369140625,122.73810577392578,105.58000183105469,200.14999389648438
2026-02-23,680.531494140625,600.652587890625,260.0274353027344,88.75887298583984,110.43844604492188,481.2799987792969,80.56999969482422,80.9000015258789,266.17999267578125,384.4700012207031,191.53964233398438,399.8299865722656,70.0,160.24000549316406,54.79200744628906,755.0325317382812,657.1566772460938,50.47056198120117,296.1543884277344,93.88636016845703,244.5399932861328,163.93556213378906,125.55233001708984,104.41000366210938,196.60000610351562
2026-02-24,685.4779052734375,607.1044921875,262.8623962402344,88.91712188720703,110.40878295898438,474.6099853515625,79.08000183105469,80.76000213623047,272.1400146484375,389.0,192.83956909179688,409.3800048828125,72.06999969482422,162.02999877929688,54.74232864379883,766.7702026367188,660.9467163085938,50.71928405761719,295.7862243652344,94.12381744384766,246.27999877929688,164.04473876953125,126.49040985107422,106.05000305175781,213.83999633789062
2026-02-25,691.26220703125,615.9033813476562,264.11016845703125,88.92701721191406,110.3791275024414,473.4200134277344,80.04000091552734,79.7300033569336,274.2300109863281,400.6000061035156,195.54940795898438,417.3999938964844,73.54000091552734,183.94000244140625,54.51382064819336,765.1532592773438,644.10546875,51.604732513427734,301.75567626953125,93.86656951904297,245.1699981689453,162.16885375976562,125.4924545288086,105.05000305175781,210.86000061035156
2026-02-26,687.422607421875,608.4727783203125,265.5176696777344,89.28307342529297,110.4483413696289,477.4800109863281,80.44999694824219,79.7699966430664,272.95001220703125,401.7200012207031,184.87998962402344,408.5799865722656,74.61000061035156,181.05999755859375,54.69265365600586,751.499267578125,638.2662353515625,52.231510162353516,304.5712890625,94.50968933105469,243.47000122070312,162.5261688232422,124.16517639160156,105.55000305175781,203.67999267578125
2026-02-27,684.1216430664062,606.5252075195312,260.9458312988281,89.82706451416016,110.40878295898438,483.75,84.98999786376953,81.94999694824219,264.17999267578125,392.739990234375,177.180419921875,402.510009765625,72.91000366210938,175.85000610351562,55.557003021240234,741.4185180664062,654.6300048828125,51.16698455810547,298.7709655761719,94.67790222167969,248.42999267578125,165.95037841796875,127.68794250488281,106.04000091552734,200.2100067138672
2026-03-02,684.5106201171875,607.32421875,263.341552734375,88.92501068115234,110.0347900390625,490.0,81.56999969482422,87.19000244140625,264.7200012207031,398.54998779296875,182.47012329101562,403.32000732421875,74.22000122070312,185.24000549316406,56.66973876953125,750.8904418945312,676.7000122070312,51.03764724731445,296.044921875,94.91535949707031,248.55999755859375,162.2879638671875,126.83969116210938,104.33000183105469,198.6199951171875
2026-03-03,678.4771118164062,600.8224487304688,258.7796630859375,88.74639129638672,109.98519897460938,468.1400146484375,74.68000030517578,90.19999694824219,263.75,403.92999267578125,180.04025268554688,392.42999267578125,72.26000213623047,182.36000061035156,56.15311050415039,720.8077392578125,667.8200073242188,50.9481086730957,298.7311706542969,94.41075134277344,246.75,158.5262908935547,127.64803314208984,103.30000305175781,190.9499969482422
2026-03-04,683.2639770507812,609.9808959960938,261.2951965332031,88.4685287475586,110.08439636230469,471.79998779296875,75.33999633789062,91.55999755859375,262.5199890136719,405.20001220703125,183.03009033203125,405.94000244140625,74.93000030517578,208.92999267578125,55.825252532958984,730.5791015625,664.47998046875,51.23662567138672,297.8656311035156,94.52947998046875,245.3000030517578,157.11691284179688,127.54823303222656,103.04000091552734,202.07000732421875
2026-03-05,679.4544067382812,608.1431274414062,256.3040771484375,88.11128234863281,109.64790344238281,466.1300048828125,74.2699966430664,96.30999755859375,260.2900085449219,410.67999267578125,183.330078125,405.54998779296875,73.98999786376953,205.7100067138672,56.11336898803711,704.7383422851562,655.0,50.9680061340332,292.0553283691406,93.57963562011719,239.6300048828125,152.83912658691406,123.05744934082031,102.41000366210938,199.4499969482422
2026-03-06,670.5487060546875,598.9946899414062,250.4445037841797,87.78380584716797,109.28086853027344,473.510009765625,75.94000244140625,108.7699966430664,257.4599914550781,408.9599914550781,177.8103790283203,396.7300109863281,72.4000015258789,197.22000122070312,56.20278549194336,679.606201171875,671.77001953125,50.31138229370117,288.0060729980469,92.56053161621094,240.39999389648438,152.4818115234375,123.54644775390625,101.54000091552734,192.42999267578125
2026-03-09,676.4227294921875,606.99462890625,253.16964721679688,88.54792022705078,109.93559265136719,472.5299987792969,78.26000213623047,104.33000183105469,259.8800048828125,409.4100036621094,182.64010620117188,398.67999267578125,74.29000091552734,199.7899932861328,55.954410552978516,703.480712890625,664.1500244140625,50.072608947753906,288.44384765625,92.768310546875,242.58999633789062,154.05992126464844,124.08534240722656,101.66000366210938,202.67999267578125
2026-03-10,675.3356323242188,607.004638671875,252.9101104736328,87.60517883300781,109.18165588378906,477.8599853515625,80.08999633789062,105.86000061035156,260.8299865722656,405.760009765625,184.760009765625,399.239990234375,72.88999938964844,196.52000427246094,55.23908233642578,715.3181762695312,651.219970703125,49.80398941040039,287.2598876953125,92.62979125976562,243.7100067138672,154.84400939941406,124.8637466430664,101.31999969482422,203.22999572753906
2026-03-11,674.4879760742188,606.9247436523438,252.40103149414062,86.4738998413086,108.2888412475586,476.239990234375,77.91000366210938,108.05000305175781,260.80999755859375,404.8800048828125,186.02999877929688,407.82000732421875,73.06999969482422,198.6300048828125,56.61012649536133,706.2454833984375,649.469970703125,49.38613510131836,286.0560302734375,91.67005157470703,242.99000549316406,152.17413330078125,123.2370834350586,100.88999938964844,204.8300018310547
2026-03-12,664.2459106445312,596.5078735351562,246.97068786621094,86.30519104003906,107.70354461669922,466.8800048828125,76.4800033569336,118.38999938964844,255.75999450683594,401.8599853515625,183.13999938964844,395.010009765625,70.63999938964844,193.22999572753906,57.13668441772461,699.3585815429688,652.8300170898438,48.58028030395508,281.44964599609375,91.03681945800781,242.0399932861328,149.3751983642578,125.07331848144531,99.43000030517578,197.74000549316406
2026-03-13,660.4862060546875,592.9722900390625,246.15213012695312,85.87848663330078,107.3067398071289,460.8399963378906,72.69000244140625,119.88999938964844,250.1199951171875,395.54998779296875,180.25,391.20001220703125,70.25,195.52999877929688,57.3254508972168,692.6712646484375,646.0,48.63997268676758,281.996826171875,91.18523406982422,241.52000427246094,149.52407836914062,126.26087188720703,99.29000091552734,193.38999938964844
2026-03-16,667.2078857421875,599.6239013671875,248.47799682617188,86.5433578491211,107.82259368896484,460.42999267578125,73.22000122070312,115.02999877929688,252.82000732421875,399.95001220703125,183.22000122070312,395.55999755859375,72.05000305175781,203.32000732421875,57.52415466308594,698.4503173828125,645.2000122070312,49.047874450683594,284.7029724121094,91.94709014892578,243.19000244140625,150.98309326171875,125.73196411132812,98.66000366210938,196.5800018310547
2026-03-17,668.9630126953125,602.5502319335938,250.0500030517578,86.78152465820312,108.42772674560547,459.2699890136719,71.66000366210938,118.83999633789062,254.22999572753906,399.4100036621094,181.92999267578125,399.2699890136719,73.05999755859375,210.22999572753906,58.130191802978516,700.6660766601562,636.3300170898438,49.306549072265625,285.42926025390625,92.35274505615234,238.11000061035156,150.34786987304688,124.8238296508789,100.30000305175781,196.30999755859375
2026-03-18,659.6285400390625,594.15087890625,246.02000427246094,86.2952651977539,107.8424301147461,444.739990234375,68.69999694824219,121.66999816894531,249.94000244140625,391.7900085449219,180.39999389648438,392.7799987792969,71.41000366210938,202.2899932861328,58.05071258544922,692.302001953125,642.280029296875,48.719566345214844,286.27490234375,90.98735046386719,237.27999877929688,145.613525390625,121.73017883300781,99.41999816894531,199.4600067138672
2026-03-19,658.0029907226562,592.273193359375,247.6300048828125,86.82122039794922,108.318603515625,426.4100036621094,65.68000030517578,117.36000061035156,248.9600067138672,389.0199890136719,178.55999755859375,380.29998779296875,71.06999969482422,202.91000366210938,58.97467803955078,687.3414306640625,637.510009765625,48.739463806152344,286.5037536621094,90.62125396728516,237.60000610351562,143.7574920654297,120.84199523925781,99.19999694824219,205.27000427246094
2026-03-20,648.5700073242188,581.3269653320312,242.22000122070312,85.17391204833984,106.98929595947266,413.3800048828125,61.52000045776367,121.43000030517578,247.99000549316406,381.8699951171875,172.6999969482422,367.9599914550781,69.1500015258789,197.5,58.92500305175781,679.586181640625,627.4299926757812,48.829002380371094,285.1009216308594,87.8113021850586,235.3699951171875,143.20169067382812,119.0199966430664,99.51000213623047,201.3300018310547
2026-03-23,655.3800048828125,588.0,247.4499969482422,85.72962951660156,107.6936264038086,404.0400085449219,62.470001220703125,110.55999755859375,251.49000549316406,383.0,175.63999938964844,380.8500061035156,70.91999816894531,200.6199951171875,59.630001068115234,700.3666381835938,616.25,49.27000045776367,288.4338684082031,88.49400329589844,235.4199981689453,142.9138641357422,120.72000122070312,97.94999694824219,202.67999267578125
2026-03-24,653.1799926757812,583.97998046875,248.77999877929688,85.35253143310547,107.47537994384766,404.1300048828125,62.95000076293945,114.54000091552734,251.63999938964844,372.739990234375,175.1999969482422,383.0299987792969,69.0,181.0399932861328,60.84000015258789,715.2682495117188,610.1699829101562,49.279998779296875,290.91119384765625,87.91000366210938,235.27000427246094,142.09005737304688,122.05000305175781,96.38999938964844,205.3699951171875
2026-03-25,656.8200073242188,587.8200073242188,251.82000732421875,86.17618560791016,107.86227416992188,416.2900085449219,65.20999908447266,113.38999938964844,252.6199951171875,371.0400085449219,178.67999267578125,385.95001220703125,69.9000015258789,181.10000610351562,60.56999969482422,717.6736450195312,624.2000122070312,49.34000015258789,293.91583251953125,87.83999633789062,239.92999267578125,142.84437561035156,123.05999755859375,95.94999694824219,220.27000427246094
2026-03-26,645.0900268554688,573.7899780273438,247.44000244140625,85.45176696777344,107.01905822753906,400.6400146484375,60.77000045776367,117.26000213623047,252.88999938964844,365.9700012207031,171.24000549316406,372.1099853515625,67.38999938964844,173.3800048828125,61.52000045776367,701.8538208007812,627.3300170898438,49.04999923706055,290.1749572753906,87.72000122070312,239.24000549316406,141.3555908203125,122.18000030517578,94.75,203.77000427246094
2026-03-27,634.0900268554688,562.5800170898438,243.10000610351562,84.98535919189453,106.7611312866211,414.70001220703125,63.439998626708984,124.19999694824219,248.8000030517578,356.7699890136719,167.52000427246094,361.8299865722656,64.62999725341797,161.13999938964844,62.560001373291016,694.07861328125,615.8400268554688,47.810001373291016,281.3998718261719,87.0,240.4499969482422,141.6434326171875,122.88999938964844,92.41999816894531,201.99000549316406
2026-03-30,631.969970703125,558.280029296875,239.61000061035156,86.11664581298828,107.44561767578125,414.5799865722656,63.52000045776367,129.8300018310547,246.6300048828125,358.9599914550781,165.1699981689453,355.2799987792969,63.52000045776367,160.7899932861328,61.959999084472656,666.1617431640625,598.5700073242188,48.36000061035156,282.32513427734375,87.33000183105469,242.49000549316406,143.63839721679688,123.5,94.31999969482422,196.0399932861328
2026-03-31,650.3400268554688,577.1799926757812,248.0,86.02733612060547,108.12019348144531,430.2900085449219,68.13999938964844,127.25,253.7899932861328,370.1700134277344,174.39999389648438,371.75,67.58999633789062,174.61000061035156,61.2599983215332,707.1138305664062,604.3900146484375,49.369998931884766,292.6622314453125,88.69999694824219,244.44000244140625,143.36048889160156,124.27999877929688,96.37999725341797,203.42999267578125
2026-04-01,655.239990234375,584.3099975585938,249.55999755859375,85.9426498413086,108.23574829101562,437.82000732421875,68.13999938964844,124.08999633789062,255.6300048828125,369.3699951171875,175.75,381.260009765625,68.4000015258789,172.99000549316406,58.970001220703125,728.9322509765625,617.6400146484375,49.439998626708984,293.87603759765625,89.0199966430664,244.1199951171875,143.0131072998047,124.73999786376953,96.55999755859375,210.2100067138672
2026-04-02,655.8300170898438,584.97998046875,251.2899932861328,86.47069549560547,108.6939468383789,429.4100036621094,65.79000091552734,137.9199981689453,255.9199981689453,373.4599914550781,177.38999938964844,360.5899963378906,68.55999755859375,171.4600067138672,59.25,715.8571166992188,622.7899780273438,49.529998779296875,293.1000061035156,90.2300033569336,243.0399932861328,142.05035400390625,125.79000091552734,96.61000061035156,217.5
2026-04-06,658.9299926757812,588.5,252.36000061035156,86.33121490478516,108.52460479736328,427.6499938964844,66.08999633789062,138.94000244140625,258.8599853515625,372.8800048828125,177.63999938964844,352.82000732421875,68.80000305175781,174.7899932861328,59.68000030517578,719.8695068359375,637.9000244140625,49.880001068115234,295.45001220703125,90.36000061035156,240.97000122070312,141.70297241210938,126.79000091552734,96.27999877929688,220.17999267578125
2026-04-07,659.219970703125,588.5900268554688,252.91000366210938,86.32125091552734,108.6441421508789,431.80999755859375,65.94000244140625,138.0800018310547,253.5,372.2900085449219,178.10000610351562,346.6499938964844,68.76000213623047,175.17999267578125,60.15999984741211,723.0634155273438,627.7000122070312,49.880001068115234,297.3999938964844,90.48999786376953,238.41000366210938,140.24395751953125,122.48999786376953,95.77999877929688,221.52999877929688
2026-04-08,676.010009765625,606.0900268554688,260.4700012207031,86.6002197265625,109.0625,434.5299987792969,67.47000122070312,124.58000183105469,258.8999938964844,374.3299865722656,182.0800018310547,343.25,70.36000061035156,175.08999633789062,58.04999923706055,770.1138916015625,628.5,51.20000076293945,307.9700012207031,92.12000274658203,241.3000030517578,143.81704711914062,127.26000213623047,99.18000030517578,231.82000732421875
2026-04-09,679.9099731445312,610.1900024414062,261.9599914550781,86.38102722167969,109.0625,437.9100036621094,68.38999938964844,126.95999908447266,260.489990234375,373.07000732421875,183.91000366210938,345.6199951171875,68.91999816894531,169.02000427246094,57.33000183105469,785.5744018554688,623.8699951171875,51.33000183105469,310.3299865722656,92.77999877929688,241.30999755859375,145.56390380859375,129.1300048828125,99.79000091552734,236.63999938964844
2026-04-10,679.4600219726562,611.0700073242188,261.29998779296875,86.17179870605469,108.77362823486328,437.1300048828125,69.08000183105469,124.81999969482422,260.4800109863281,370.8699951171875,188.6300048828125,348.95001220703125,69.29000091552734,167.85000610351562,56.939998626708984,789.1575927734375,613.719970703125,50.77000045776367,309.8699951171875,92.9800033569336,238.4600067138672,144.0751190185547,126.7699966430664,99.16999816894531,245.0399932861328
2026-04-13,686.0999755859375,617.3900146484375,265.07000732421875,86.43084716796875,109.1919937133789,435.3599853515625,68.27999877929688,128.47000122070312,259.20001220703125,384.3699951171875,189.30999755859375,352.4200134277344,71.95999908447266,174.52999877929688,57.11000061035156,790.2255249023438,619.6900024414062,51.65999984741211,313.67999267578125,93.33000183105469,237.9600067138672,142.5069122314453,124.56999969482422,101.18000030517578,246.8300018310547
2026-04-14,694.4600219726562,628.5999755859375,268.7200012207031,86.88915252685547,109.55059051513672,445.0899963378906,72.04000091552734,123.8499984741211,258.8299865722656,393.1099853515625,196.50999450683594,364.20001220703125,74.83000183105469,184.41000366210938,55.95000076293945,792.7407836914062,611.5800170898438,51.779998779296875,311.1199951171875,94.22000122070312,240.10000610351562,143.3009490966797,125.05000305175781,102.58999633789062,255.07000732421875
2026-04-15,699.9400024414062,637.4000244140625,269.3900146484375,86.51055145263672,109.5107421875,440.4599914550781,71.83999633789062,122.58999633789062,266.42999267578125,411.2200012207031,198.8699951171875,391.95001220703125,77.47000122070312,195.89999389648438,55.7599983215332,768.7064819335938,611.0999755859375,52.16999816894531,305.92999267578125,94.29000091552734,238.6699981689453,142.30841064453125,124.76000213623047,103.04000091552734,258.1199951171875
2026-04-16,701.6599731445312,640.469970703125,269.95001220703125,85.96257019042969,109.00273132324219,440.0799865722656,71.23999786376953,125.83999633789062,263.3999938964844,420.260009765625,198.35000610351562,388.8999938964844,77.33999633789062,199.8300018310547,56.58000183105469,771.1917724609375,607.489990234375,52.029998779296875,309.95001220703125,95.16000366210938,234.5399932861328,142.04043579101562,124.81999969482422,103.9000015258789,278.260009765625
2026-04-17,710.1400146484375,648.8499755859375,275.7799987792969,86.74966430664062,109.6103515625,445.92999267578125,73.62999725341797,116.04000091552734,270.2300109863281,422.7900085449219,201.67999267578125,400.6199951171875,79.2300033569336,206.3300018310547,55.02000045776367,793.1400146484375,592.1900024414062,52.43000030517578,310.2900085449219,96.68000030517578,234.17999267578125,145.83187866210938,127.5,106.29000091552734,278.3900146484375
2026-04-20,708.719970703125,646.7899780273438,277.3500061035156,86.72974395751953,109.60038757324219,442.0899963378906,72.1500015258789,121.31999969482422,273.04998779296875,418.07000732421875,202.05999755859375,392.5,79.31999969482422,211.6300048828125,55.06999969482422,798.4000244140625,581.280029296875,52.630001068115234,316.989990234375,97.02999877929688,230.69000244140625,143.41012573242188,127.91999816894531,106.30000305175781,274.95001220703125
2026-04-21,704.0800170898438,644.3300170898438,274.510009765625,86.25150299072266,109.1820297241211,429.57000732421875,68.48999786376953,128.25,266.1700134277344,424.1600036621094,199.8800048828125,386.4200134277344,77.37999725341797,195.9499969482422,55.869998931884766,800.4500122070312,571.9500122070312,52.29999923706055,313.0,95.30999755859375,226.16000366210938,141.25634765625,129.60000610351562,104.29000091552734,284.489990234375
2026-04-22,711.2100219726562,655.1099853515625,276.4800109863281,86.4208755493164,109.3912124633789,435.260009765625,70.37000274658203,129.39999389648438,273.1700134277344,432.9200134277344,202.5,387.510009765625,79.30000305175781,206.24000549316406,56.540000915527344,808.8699951171875,555.4299926757812,52.209999084472656,313.0199890136719,94.5199966430664,226.10000610351562,141.78237915039062,129.97999572753906,104.81999969482422,303.4599914550781
2026-04-23,708.4500122070312,651.4199829101562,275.5199890136719,86.23158264160156,109.09237670898438,431.0400085449219,68.37999725341797,134.72000122070312,273.42999267578125,415.75,199.63999938964844,373.7200012207031,76.5,197.92999267578125,56.97999954223633,835.239990234375,529.7899780273438,51.79999923706055,311.69000244140625,95.48999786376953,230.64999389648438,144.62100219726562,132.02999877929688,103.6500015258789,305.3299865722656
2026-04-24,713.9400024414062,663.8800048828125,276.6499938964844,86.3909912109375,109.17206573486328,433.25,68.79000091552734,132.39999389648438,271.05999755859375,424.6199951171875,208.27000427246094,376.29998779296875,76.5,199.77000427246094,56.869998931884766,830.7899780273438,513.4500122070312,51.41999816894531,308.2799987792969,95.30000305175781,227.5,148.17999267578125,129.9199981689453,102.5999984741211,347.80999755859375
2026-04-27,715.1699829101562,664.22998046875,277.1400146484375,85.96257019042969,108.86328125,429.8900146484375,68.33000183105469,134.72000122070312,267.6099853515625,424.82000732421875,216.61000061035156,378.6700134277344,76.55000305175781,196.67999267578125,56.77000045776367,828.7899780273438,513.3499755859375,51.810001373291016,311.6300048828125,94.77999877929688,225.33999633789062,148.39999389648438,127.58999633789062,102.3499984741211,334.6300048828125
2026-04-28,711.6900024414062,657.5499877929688,273.9100036621094,86.05224609375,108.9130859375,421.9100036621094,66.19999694824219,139.60000610351562,270.7099914550781,429.25,213.1699981689453,376.0199890136719,75.44999694824219,194.10000610351562,57.709999084472656,817.8699951171875,512.2899780273438,51.849998474121094,311.45001220703125,95.6500015258789,227.7899932861328,149.1699981689453,127.58999633789062,101.47000122070312,323.2099914550781
2026-04-29,711.5800170898438,661.5700073242188,272.0799865722656,85.38470458984375,108.30547332763672,417.4100036621094,64.83999633789062,150.6300048828125,270.1700134277344,424.4599914550781,209.25,372.79998779296875,73.52999877929688,181.72999572753906,59.029998779296875,810.0499877929688,509.80999755859375,51.91999816894531,309.25,94.9000015258789,227.35000610351562,146.4600067138672,128.00999450683594,101.30000305175781,337.1099853515625
2026-04-30,718.6599731445312,667.739990234375,277.9700012207031,85.30500030517578,108.42499542236328,423.6600036621094,66.66000366210938,147.08999633789062,271.3500061035156,407.7799987792969,199.57000732421875,381.6300048828125,75.83999633789062,187.77000427246094,59.650001525878906,890.1099853515625,517.969970703125,52.130001068115234,313.2300109863281,96.33000183105469,229.85000610351562,147.08999633789062,131.92999267578125,103.75,354.489990234375
2026-05-01,720.6500244140625,674.1500244140625,279.2799987792969,85.61000061035156,108.5999984741211,423.17999267578125,68.29000091552734,142.8000030517578,280.1400146484375,414.44000244140625,198.4499969482422,390.82000732421875,76.91999816894531,191.25,58.849998474121094,889.6699829101562,512.77001953125,51.91999816894531,312.4700012207031,96.05999755859375,227.19000244140625,147.25999450683594,131.60000610351562,103.08000183105469,360.5400085449219
